Copyright 1986-2022 Xilinx, Inc. All Rights Reserved. Copyright 2022-2025 Advanced Micro Devices, Inc. All Rights Reserved.
--------------------------------------------------------------------------------------------------------------------------------------------------------------------------------------
| Tool Version : Vivado v.2025.1 (win64) Build 6140274 Thu May 22 00:12:29 MDT 2025
| Date         : Fri Sep  4 07:12:08 2026
| Host         : Samsung_Book_3 running 64-bit major release  (build 9200)
| Command      : report_methodology -file design_1_wrapper_methodology_drc_routed.rpt -pb design_1_wrapper_methodology_drc_routed.pb -rpx design_1_wrapper_methodology_drc_routed.rpx
| Design       : design_1_wrapper
| Device       : xc7a100tcsg324-1
| Speed File   : -1
| Design State : Fully Routed
--------------------------------------------------------------------------------------------------------------------------------------------------------------------------------------

Report Methodology

Table of Contents
-----------------
1. REPORT SUMMARY
2. REPORT DETAILS

1. REPORT SUMMARY
-----------------
            Netlist: netlist
          Floorplan: design_1
      Design limits: <entire design considered>
             Max checks: <unlimited>
             Checks found: 283
+-----------+------------------+----------------------------------------------------+--------+
| Rule      | Severity         | Description                                        | Checks |
+-----------+------------------+----------------------------------------------------+--------+
| TIMING-4  | Critical Warning | Invalid primary clock redefinition on a clock tree | 1      |
| TIMING-6  | Critical Warning | No common primary clock between related clocks     | 2      |
| TIMING-7  | Critical Warning | No common node between related clocks              | 2      |
| TIMING-27 | Critical Warning | Invalid primary clock on hierarchical pin          | 1      |
| DPIR-1    | Warning          | Asynchronous driver check                          | 184    |
| HPDR-1    | Warning          | Port pin direction inconsistency                   | 1      |
| HPDR-2    | Warning          | Port pin INOUT inconsistency                       | 2      |
| LUTAR-1   | Warning          | LUT drives async reset alert                       | 6      |
| TIMING-16 | Warning          | Large setup violation                              | 53     |
| TIMING-18 | Warning          | Missing input or output delay                      | 27     |
| XDCB-5    | Warning          | Runtime inefficient way to find pin objects        | 4      |
+-----------+------------------+----------------------------------------------------+--------+

2. REPORT DETAILS
-----------------
TIMING-4#1 Critical Warning
Invalid primary clock redefinition on a clock tree  
Invalid clock redefinition on a clock tree. The primary clock design_1_i/clk_wiz_0/inst/clk_in1 is defined downstream of clock sys_clk_pin and overrides its insertion delay and/or waveform definition
Related violations: <none>

TIMING-6#1 Critical Warning
No common primary clock between related clocks  
The clocks clk_out1_design_1_clk_wiz_0_0 and sys_clk_pin are related (timed together) but they have no common primary clock. The design could fail in hardware. To find a timing path between these clocks, run the following command: report_timing -from [get_clocks clk_out1_design_1_clk_wiz_0_0] -to [get_clocks sys_clk_pin]
Related violations: <none>

TIMING-6#2 Critical Warning
No common primary clock between related clocks  
The clocks sys_clk_pin and clk_out2_design_1_clk_wiz_0_0 are related (timed together) but they have no common primary clock. The design could fail in hardware. To find a timing path between these clocks, run the following command: report_timing -from [get_clocks sys_clk_pin] -to [get_clocks clk_out2_design_1_clk_wiz_0_0]
Related violations: <none>

TIMING-7#1 Critical Warning
No common node between related clocks  
The clocks clk_out1_design_1_clk_wiz_0_0 and sys_clk_pin are related (timed together) but they have no common node. The design could fail in hardware. To find a timing path between these clocks, run the following command: report_timing -from [get_clocks clk_out1_design_1_clk_wiz_0_0] -to [get_clocks sys_clk_pin]
Related violations: <none>

TIMING-7#2 Critical Warning
No common node between related clocks  
The clocks sys_clk_pin and clk_out2_design_1_clk_wiz_0_0 are related (timed together) but they have no common node. The design could fail in hardware. To find a timing path between these clocks, run the following command: report_timing -from [get_clocks sys_clk_pin] -to [get_clocks clk_out2_design_1_clk_wiz_0_0]
Related violations: <none>

TIMING-27#1 Critical Warning
Invalid primary clock on hierarchical pin  
A primary clock design_1_i/clk_wiz_0/inst/clk_in1 is created on an inappropriate internal pin design_1_i/clk_wiz_0/inst/clk_in1. It is not recommended to create a primary clock on a hierarchical pin when its driver pin has a fanout connected to multiple clock pins
Related violations: <none>

DPIR-1#1 Warning
Asynchronous driver check  
DSP design_1_i/top_system_0/U0/inst_audio_player/sd_reader_inst/read_sector_no0 input pin design_1_i/top_system_0/U0/inst_audio_player/sd_reader_inst/read_sector_no0/A[0] is connected to registers with an asynchronous reset. This is preventing the possibility of merging these registers in to the DSP Block since the DSP block registers only possess synchronous reset capability.  It is suggested to recode or change these registers to remove the reset or use a synchronous reset to get the best optimization for performance, power and area.
Related violations: <none>

DPIR-1#2 Warning
Asynchronous driver check  
DSP design_1_i/top_system_0/U0/inst_audio_player/sd_reader_inst/read_sector_no0 input pin design_1_i/top_system_0/U0/inst_audio_player/sd_reader_inst/read_sector_no0/A[10] is connected to registers with an asynchronous reset. This is preventing the possibility of merging these registers in to the DSP Block since the DSP block registers only possess synchronous reset capability.  It is suggested to recode or change these registers to remove the reset or use a synchronous reset to get the best optimization for performance, power and area.
Related violations: <none>

DPIR-1#3 Warning
Asynchronous driver check  
DSP design_1_i/top_system_0/U0/inst_audio_player/sd_reader_inst/read_sector_no0 input pin design_1_i/top_system_0/U0/inst_audio_player/sd_reader_inst/read_sector_no0/A[11] is connected to registers with an asynchronous reset. This is preventing the possibility of merging these registers in to the DSP Block since the DSP block registers only possess synchronous reset capability.  It is suggested to recode or change these registers to remove the reset or use a synchronous reset to get the best optimization for performance, power and area.
Related violations: <none>

DPIR-1#4 Warning
Asynchronous driver check  
DSP design_1_i/top_system_0/U0/inst_audio_player/sd_reader_inst/read_sector_no0 input pin design_1_i/top_system_0/U0/inst_audio_player/sd_reader_inst/read_sector_no0/A[12] is connected to registers with an asynchronous reset. This is preventing the possibility of merging these registers in to the DSP Block since the DSP block registers only possess synchronous reset capability.  It is suggested to recode or change these registers to remove the reset or use a synchronous reset to get the best optimization for performance, power and area.
Related violations: <none>

DPIR-1#5 Warning
Asynchronous driver check  
DSP design_1_i/top_system_0/U0/inst_audio_player/sd_reader_inst/read_sector_no0 input pin design_1_i/top_system_0/U0/inst_audio_player/sd_reader_inst/read_sector_no0/A[13] is connected to registers with an asynchronous reset. This is preventing the possibility of merging these registers in to the DSP Block since the DSP block registers only possess synchronous reset capability.  It is suggested to recode or change these registers to remove the reset or use a synchronous reset to get the best optimization for performance, power and area.
Related violations: <none>

DPIR-1#6 Warning
Asynchronous driver check  
DSP design_1_i/top_system_0/U0/inst_audio_player/sd_reader_inst/read_sector_no0 input pin design_1_i/top_system_0/U0/inst_audio_player/sd_reader_inst/read_sector_no0/A[14] is connected to registers with an asynchronous reset. This is preventing the possibility of merging these registers in to the DSP Block since the DSP block registers only possess synchronous reset capability.  It is suggested to recode or change these registers to remove the reset or use a synchronous reset to get the best optimization for performance, power and area.
Related violations: <none>

DPIR-1#7 Warning
Asynchronous driver check  
DSP design_1_i/top_system_0/U0/inst_audio_player/sd_reader_inst/read_sector_no0 input pin design_1_i/top_system_0/U0/inst_audio_player/sd_reader_inst/read_sector_no0/A[15] is connected to registers with an asynchronous reset. This is preventing the possibility of merging these registers in to the DSP Block since the DSP block registers only possess synchronous reset capability.  It is suggested to recode or change these registers to remove the reset or use a synchronous reset to get the best optimization for performance, power and area.
Related violations: <none>

DPIR-1#8 Warning
Asynchronous driver check  
DSP design_1_i/top_system_0/U0/inst_audio_player/sd_reader_inst/read_sector_no0 input pin design_1_i/top_system_0/U0/inst_audio_player/sd_reader_inst/read_sector_no0/A[1] is connected to registers with an asynchronous reset. This is preventing the possibility of merging these registers in to the DSP Block since the DSP block registers only possess synchronous reset capability.  It is suggested to recode or change these registers to remove the reset or use a synchronous reset to get the best optimization for performance, power and area.
Related violations: <none>

DPIR-1#9 Warning
Asynchronous driver check  
DSP design_1_i/top_system_0/U0/inst_audio_player/sd_reader_inst/read_sector_no0 input pin design_1_i/top_system_0/U0/inst_audio_player/sd_reader_inst/read_sector_no0/A[2] is connected to registers with an asynchronous reset. This is preventing the possibility of merging these registers in to the DSP Block since the DSP block registers only possess synchronous reset capability.  It is suggested to recode or change these registers to remove the reset or use a synchronous reset to get the best optimization for performance, power and area.
Related violations: <none>

DPIR-1#10 Warning
Asynchronous driver check  
DSP design_1_i/top_system_0/U0/inst_audio_player/sd_reader_inst/read_sector_no0 input pin design_1_i/top_system_0/U0/inst_audio_player/sd_reader_inst/read_sector_no0/A[3] is connected to registers with an asynchronous reset. This is preventing the possibility of merging these registers in to the DSP Block since the DSP block registers only possess synchronous reset capability.  It is suggested to recode or change these registers to remove the reset or use a synchronous reset to get the best optimization for performance, power and area.
Related violations: <none>

DPIR-1#11 Warning
Asynchronous driver check  
DSP design_1_i/top_system_0/U0/inst_audio_player/sd_reader_inst/read_sector_no0 input pin design_1_i/top_system_0/U0/inst_audio_player/sd_reader_inst/read_sector_no0/A[4] is connected to registers with an asynchronous reset. This is preventing the possibility of merging these registers in to the DSP Block since the DSP block registers only possess synchronous reset capability.  It is suggested to recode or change these registers to remove the reset or use a synchronous reset to get the best optimization for performance, power and area.
Related violations: <none>

DPIR-1#12 Warning
Asynchronous driver check  
DSP design_1_i/top_system_0/U0/inst_audio_player/sd_reader_inst/read_sector_no0 input pin design_1_i/top_system_0/U0/inst_audio_player/sd_reader_inst/read_sector_no0/A[5] is connected to registers with an asynchronous reset. This is preventing the possibility of merging these registers in to the DSP Block since the DSP block registers only possess synchronous reset capability.  It is suggested to recode or change these registers to remove the reset or use a synchronous reset to get the best optimization for performance, power and area.
Related violations: <none>

DPIR-1#13 Warning
Asynchronous driver check  
DSP design_1_i/top_system_0/U0/inst_audio_player/sd_reader_inst/read_sector_no0 input pin design_1_i/top_system_0/U0/inst_audio_player/sd_reader_inst/read_sector_no0/A[6] is connected to registers with an asynchronous reset. This is preventing the possibility of merging these registers in to the DSP Block since the DSP block registers only possess synchronous reset capability.  It is suggested to recode or change these registers to remove the reset or use a synchronous reset to get the best optimization for performance, power and area.
Related violations: <none>

DPIR-1#14 Warning
Asynchronous driver check  
DSP design_1_i/top_system_0/U0/inst_audio_player/sd_reader_inst/read_sector_no0 input pin design_1_i/top_system_0/U0/inst_audio_player/sd_reader_inst/read_sector_no0/A[7] is connected to registers with an asynchronous reset. This is preventing the possibility of merging these registers in to the DSP Block since the DSP block registers only possess synchronous reset capability.  It is suggested to recode or change these registers to remove the reset or use a synchronous reset to get the best optimization for performance, power and area.
Related violations: <none>

DPIR-1#15 Warning
Asynchronous driver check  
DSP design_1_i/top_system_0/U0/inst_audio_player/sd_reader_inst/read_sector_no0 input pin design_1_i/top_system_0/U0/inst_audio_player/sd_reader_inst/read_sector_no0/A[8] is connected to registers with an asynchronous reset. This is preventing the possibility of merging these registers in to the DSP Block since the DSP block registers only possess synchronous reset capability.  It is suggested to recode or change these registers to remove the reset or use a synchronous reset to get the best optimization for performance, power and area.
Related violations: <none>

DPIR-1#16 Warning
Asynchronous driver check  
DSP design_1_i/top_system_0/U0/inst_audio_player/sd_reader_inst/read_sector_no0 input pin design_1_i/top_system_0/U0/inst_audio_player/sd_reader_inst/read_sector_no0/A[9] is connected to registers with an asynchronous reset. This is preventing the possibility of merging these registers in to the DSP Block since the DSP block registers only possess synchronous reset capability.  It is suggested to recode or change these registers to remove the reset or use a synchronous reset to get the best optimization for performance, power and area.
Related violations: <none>

DPIR-1#17 Warning
Asynchronous driver check  
DSP design_1_i/top_system_0/U0/inst_audio_player/sd_reader_inst/read_sector_no0 input pin design_1_i/top_system_0/U0/inst_audio_player/sd_reader_inst/read_sector_no0/B[0] is connected to registers with an asynchronous reset. This is preventing the possibility of merging these registers in to the DSP Block since the DSP block registers only possess synchronous reset capability.  It is suggested to recode or change these registers to remove the reset or use a synchronous reset to get the best optimization for performance, power and area.
Related violations: <none>

DPIR-1#18 Warning
Asynchronous driver check  
DSP design_1_i/top_system_0/U0/inst_audio_player/sd_reader_inst/read_sector_no0 input pin design_1_i/top_system_0/U0/inst_audio_player/sd_reader_inst/read_sector_no0/B[1] is connected to registers with an asynchronous reset. This is preventing the possibility of merging these registers in to the DSP Block since the DSP block registers only possess synchronous reset capability.  It is suggested to recode or change these registers to remove the reset or use a synchronous reset to get the best optimization for performance, power and area.
Related violations: <none>

DPIR-1#19 Warning
Asynchronous driver check  
DSP design_1_i/top_system_0/U0/inst_audio_player/sd_reader_inst/read_sector_no0 input pin design_1_i/top_system_0/U0/inst_audio_player/sd_reader_inst/read_sector_no0/B[2] is connected to registers with an asynchronous reset. This is preventing the possibility of merging these registers in to the DSP Block since the DSP block registers only possess synchronous reset capability.  It is suggested to recode or change these registers to remove the reset or use a synchronous reset to get the best optimization for performance, power and area.
Related violations: <none>

DPIR-1#20 Warning
Asynchronous driver check  
DSP design_1_i/top_system_0/U0/inst_audio_player/sd_reader_inst/read_sector_no0 input pin design_1_i/top_system_0/U0/inst_audio_player/sd_reader_inst/read_sector_no0/B[3] is connected to registers with an asynchronous reset. This is preventing the possibility of merging these registers in to the DSP Block since the DSP block registers only possess synchronous reset capability.  It is suggested to recode or change these registers to remove the reset or use a synchronous reset to get the best optimization for performance, power and area.
Related violations: <none>

DPIR-1#21 Warning
Asynchronous driver check  
DSP design_1_i/top_system_0/U0/inst_audio_player/sd_reader_inst/read_sector_no0 input pin design_1_i/top_system_0/U0/inst_audio_player/sd_reader_inst/read_sector_no0/B[4] is connected to registers with an asynchronous reset. This is preventing the possibility of merging these registers in to the DSP Block since the DSP block registers only possess synchronous reset capability.  It is suggested to recode or change these registers to remove the reset or use a synchronous reset to get the best optimization for performance, power and area.
Related violations: <none>

DPIR-1#22 Warning
Asynchronous driver check  
DSP design_1_i/top_system_0/U0/inst_audio_player/sd_reader_inst/read_sector_no0 input pin design_1_i/top_system_0/U0/inst_audio_player/sd_reader_inst/read_sector_no0/B[5] is connected to registers with an asynchronous reset. This is preventing the possibility of merging these registers in to the DSP Block since the DSP block registers only possess synchronous reset capability.  It is suggested to recode or change these registers to remove the reset or use a synchronous reset to get the best optimization for performance, power and area.
Related violations: <none>

DPIR-1#23 Warning
Asynchronous driver check  
DSP design_1_i/top_system_0/U0/inst_audio_player/sd_reader_inst/read_sector_no0 input pin design_1_i/top_system_0/U0/inst_audio_player/sd_reader_inst/read_sector_no0/B[6] is connected to registers with an asynchronous reset. This is preventing the possibility of merging these registers in to the DSP Block since the DSP block registers only possess synchronous reset capability.  It is suggested to recode or change these registers to remove the reset or use a synchronous reset to get the best optimization for performance, power and area.
Related violations: <none>

DPIR-1#24 Warning
Asynchronous driver check  
DSP design_1_i/top_system_0/U0/inst_audio_player/sd_reader_inst/read_sector_no0 input pin design_1_i/top_system_0/U0/inst_audio_player/sd_reader_inst/read_sector_no0/B[7] is connected to registers with an asynchronous reset. This is preventing the possibility of merging these registers in to the DSP Block since the DSP block registers only possess synchronous reset capability.  It is suggested to recode or change these registers to remove the reset or use a synchronous reset to get the best optimization for performance, power and area.
Related violations: <none>

DPIR-1#25 Warning
Asynchronous driver check  
DSP design_1_i/top_system_0/U0/inst_audio_player/sd_reader_inst/read_sector_no0 input pin design_1_i/top_system_0/U0/inst_audio_player/sd_reader_inst/read_sector_no0/C[0] is connected to registers with an asynchronous reset. This is preventing the possibility of merging these registers in to the DSP Block since the DSP block registers only possess synchronous reset capability.  It is suggested to recode or change these registers to remove the reset or use a synchronous reset to get the best optimization for performance, power and area.
Related violations: <none>

DPIR-1#26 Warning
Asynchronous driver check  
DSP design_1_i/top_system_0/U0/inst_audio_player/sd_reader_inst/read_sector_no0 input pin design_1_i/top_system_0/U0/inst_audio_player/sd_reader_inst/read_sector_no0/C[10] is connected to registers with an asynchronous reset. This is preventing the possibility of merging these registers in to the DSP Block since the DSP block registers only possess synchronous reset capability.  It is suggested to recode or change these registers to remove the reset or use a synchronous reset to get the best optimization for performance, power and area.
Related violations: <none>

DPIR-1#27 Warning
Asynchronous driver check  
DSP design_1_i/top_system_0/U0/inst_audio_player/sd_reader_inst/read_sector_no0 input pin design_1_i/top_system_0/U0/inst_audio_player/sd_reader_inst/read_sector_no0/C[11] is connected to registers with an asynchronous reset. This is preventing the possibility of merging these registers in to the DSP Block since the DSP block registers only possess synchronous reset capability.  It is suggested to recode or change these registers to remove the reset or use a synchronous reset to get the best optimization for performance, power and area.
Related violations: <none>

DPIR-1#28 Warning
Asynchronous driver check  
DSP design_1_i/top_system_0/U0/inst_audio_player/sd_reader_inst/read_sector_no0 input pin design_1_i/top_system_0/U0/inst_audio_player/sd_reader_inst/read_sector_no0/C[12] is connected to registers with an asynchronous reset. This is preventing the possibility of merging these registers in to the DSP Block since the DSP block registers only possess synchronous reset capability.  It is suggested to recode or change these registers to remove the reset or use a synchronous reset to get the best optimization for performance, power and area.
Related violations: <none>

DPIR-1#29 Warning
Asynchronous driver check  
DSP design_1_i/top_system_0/U0/inst_audio_player/sd_reader_inst/read_sector_no0 input pin design_1_i/top_system_0/U0/inst_audio_player/sd_reader_inst/read_sector_no0/C[13] is connected to registers with an asynchronous reset. This is preventing the possibility of merging these registers in to the DSP Block since the DSP block registers only possess synchronous reset capability.  It is suggested to recode or change these registers to remove the reset or use a synchronous reset to get the best optimization for performance, power and area.
Related violations: <none>

DPIR-1#30 Warning
Asynchronous driver check  
DSP design_1_i/top_system_0/U0/inst_audio_player/sd_reader_inst/read_sector_no0 input pin design_1_i/top_system_0/U0/inst_audio_player/sd_reader_inst/read_sector_no0/C[14] is connected to registers with an asynchronous reset. This is preventing the possibility of merging these registers in to the DSP Block since the DSP block registers only possess synchronous reset capability.  It is suggested to recode or change these registers to remove the reset or use a synchronous reset to get the best optimization for performance, power and area.
Related violations: <none>

DPIR-1#31 Warning
Asynchronous driver check  
DSP design_1_i/top_system_0/U0/inst_audio_player/sd_reader_inst/read_sector_no0 input pin design_1_i/top_system_0/U0/inst_audio_player/sd_reader_inst/read_sector_no0/C[15] is connected to registers with an asynchronous reset. This is preventing the possibility of merging these registers in to the DSP Block since the DSP block registers only possess synchronous reset capability.  It is suggested to recode or change these registers to remove the reset or use a synchronous reset to get the best optimization for performance, power and area.
Related violations: <none>

DPIR-1#32 Warning
Asynchronous driver check  
DSP design_1_i/top_system_0/U0/inst_audio_player/sd_reader_inst/read_sector_no0 input pin design_1_i/top_system_0/U0/inst_audio_player/sd_reader_inst/read_sector_no0/C[16] is connected to registers with an asynchronous reset. This is preventing the possibility of merging these registers in to the DSP Block since the DSP block registers only possess synchronous reset capability.  It is suggested to recode or change these registers to remove the reset or use a synchronous reset to get the best optimization for performance, power and area.
Related violations: <none>

DPIR-1#33 Warning
Asynchronous driver check  
DSP design_1_i/top_system_0/U0/inst_audio_player/sd_reader_inst/read_sector_no0 input pin design_1_i/top_system_0/U0/inst_audio_player/sd_reader_inst/read_sector_no0/C[17] is connected to registers with an asynchronous reset. This is preventing the possibility of merging these registers in to the DSP Block since the DSP block registers only possess synchronous reset capability.  It is suggested to recode or change these registers to remove the reset or use a synchronous reset to get the best optimization for performance, power and area.
Related violations: <none>

DPIR-1#34 Warning
Asynchronous driver check  
DSP design_1_i/top_system_0/U0/inst_audio_player/sd_reader_inst/read_sector_no0 input pin design_1_i/top_system_0/U0/inst_audio_player/sd_reader_inst/read_sector_no0/C[18] is connected to registers with an asynchronous reset. This is preventing the possibility of merging these registers in to the DSP Block since the DSP block registers only possess synchronous reset capability.  It is suggested to recode or change these registers to remove the reset or use a synchronous reset to get the best optimization for performance, power and area.
Related violations: <none>

DPIR-1#35 Warning
Asynchronous driver check  
DSP design_1_i/top_system_0/U0/inst_audio_player/sd_reader_inst/read_sector_no0 input pin design_1_i/top_system_0/U0/inst_audio_player/sd_reader_inst/read_sector_no0/C[19] is connected to registers with an asynchronous reset. This is preventing the possibility of merging these registers in to the DSP Block since the DSP block registers only possess synchronous reset capability.  It is suggested to recode or change these registers to remove the reset or use a synchronous reset to get the best optimization for performance, power and area.
Related violations: <none>

DPIR-1#36 Warning
Asynchronous driver check  
DSP design_1_i/top_system_0/U0/inst_audio_player/sd_reader_inst/read_sector_no0 input pin design_1_i/top_system_0/U0/inst_audio_player/sd_reader_inst/read_sector_no0/C[1] is connected to registers with an asynchronous reset. This is preventing the possibility of merging these registers in to the DSP Block since the DSP block registers only possess synchronous reset capability.  It is suggested to recode or change these registers to remove the reset or use a synchronous reset to get the best optimization for performance, power and area.
Related violations: <none>

DPIR-1#37 Warning
Asynchronous driver check  
DSP design_1_i/top_system_0/U0/inst_audio_player/sd_reader_inst/read_sector_no0 input pin design_1_i/top_system_0/U0/inst_audio_player/sd_reader_inst/read_sector_no0/C[20] is connected to registers with an asynchronous reset. This is preventing the possibility of merging these registers in to the DSP Block since the DSP block registers only possess synchronous reset capability.  It is suggested to recode or change these registers to remove the reset or use a synchronous reset to get the best optimization for performance, power and area.
Related violations: <none>

DPIR-1#38 Warning
Asynchronous driver check  
DSP design_1_i/top_system_0/U0/inst_audio_player/sd_reader_inst/read_sector_no0 input pin design_1_i/top_system_0/U0/inst_audio_player/sd_reader_inst/read_sector_no0/C[21] is connected to registers with an asynchronous reset. This is preventing the possibility of merging these registers in to the DSP Block since the DSP block registers only possess synchronous reset capability.  It is suggested to recode or change these registers to remove the reset or use a synchronous reset to get the best optimization for performance, power and area.
Related violations: <none>

DPIR-1#39 Warning
Asynchronous driver check  
DSP design_1_i/top_system_0/U0/inst_audio_player/sd_reader_inst/read_sector_no0 input pin design_1_i/top_system_0/U0/inst_audio_player/sd_reader_inst/read_sector_no0/C[22] is connected to registers with an asynchronous reset. This is preventing the possibility of merging these registers in to the DSP Block since the DSP block registers only possess synchronous reset capability.  It is suggested to recode or change these registers to remove the reset or use a synchronous reset to get the best optimization for performance, power and area.
Related violations: <none>

DPIR-1#40 Warning
Asynchronous driver check  
DSP design_1_i/top_system_0/U0/inst_audio_player/sd_reader_inst/read_sector_no0 input pin design_1_i/top_system_0/U0/inst_audio_player/sd_reader_inst/read_sector_no0/C[23] is connected to registers with an asynchronous reset. This is preventing the possibility of merging these registers in to the DSP Block since the DSP block registers only possess synchronous reset capability.  It is suggested to recode or change these registers to remove the reset or use a synchronous reset to get the best optimization for performance, power and area.
Related violations: <none>

DPIR-1#41 Warning
Asynchronous driver check  
DSP design_1_i/top_system_0/U0/inst_audio_player/sd_reader_inst/read_sector_no0 input pin design_1_i/top_system_0/U0/inst_audio_player/sd_reader_inst/read_sector_no0/C[24] is connected to registers with an asynchronous reset. This is preventing the possibility of merging these registers in to the DSP Block since the DSP block registers only possess synchronous reset capability.  It is suggested to recode or change these registers to remove the reset or use a synchronous reset to get the best optimization for performance, power and area.
Related violations: <none>

DPIR-1#42 Warning
Asynchronous driver check  
DSP design_1_i/top_system_0/U0/inst_audio_player/sd_reader_inst/read_sector_no0 input pin design_1_i/top_system_0/U0/inst_audio_player/sd_reader_inst/read_sector_no0/C[25] is connected to registers with an asynchronous reset. This is preventing the possibility of merging these registers in to the DSP Block since the DSP block registers only possess synchronous reset capability.  It is suggested to recode or change these registers to remove the reset or use a synchronous reset to get the best optimization for performance, power and area.
Related violations: <none>

DPIR-1#43 Warning
Asynchronous driver check  
DSP design_1_i/top_system_0/U0/inst_audio_player/sd_reader_inst/read_sector_no0 input pin design_1_i/top_system_0/U0/inst_audio_player/sd_reader_inst/read_sector_no0/C[26] is connected to registers with an asynchronous reset. This is preventing the possibility of merging these registers in to the DSP Block since the DSP block registers only possess synchronous reset capability.  It is suggested to recode or change these registers to remove the reset or use a synchronous reset to get the best optimization for performance, power and area.
Related violations: <none>

DPIR-1#44 Warning
Asynchronous driver check  
DSP design_1_i/top_system_0/U0/inst_audio_player/sd_reader_inst/read_sector_no0 input pin design_1_i/top_system_0/U0/inst_audio_player/sd_reader_inst/read_sector_no0/C[27] is connected to registers with an asynchronous reset. This is preventing the possibility of merging these registers in to the DSP Block since the DSP block registers only possess synchronous reset capability.  It is suggested to recode or change these registers to remove the reset or use a synchronous reset to get the best optimization for performance, power and area.
Related violations: <none>

DPIR-1#45 Warning
Asynchronous driver check  
DSP design_1_i/top_system_0/U0/inst_audio_player/sd_reader_inst/read_sector_no0 input pin design_1_i/top_system_0/U0/inst_audio_player/sd_reader_inst/read_sector_no0/C[28] is connected to registers with an asynchronous reset. This is preventing the possibility of merging these registers in to the DSP Block since the DSP block registers only possess synchronous reset capability.  It is suggested to recode or change these registers to remove the reset or use a synchronous reset to get the best optimization for performance, power and area.
Related violations: <none>

DPIR-1#46 Warning
Asynchronous driver check  
DSP design_1_i/top_system_0/U0/inst_audio_player/sd_reader_inst/read_sector_no0 input pin design_1_i/top_system_0/U0/inst_audio_player/sd_reader_inst/read_sector_no0/C[29] is connected to registers with an asynchronous reset. This is preventing the possibility of merging these registers in to the DSP Block since the DSP block registers only possess synchronous reset capability.  It is suggested to recode or change these registers to remove the reset or use a synchronous reset to get the best optimization for performance, power and area.
Related violations: <none>

DPIR-1#47 Warning
Asynchronous driver check  
DSP design_1_i/top_system_0/U0/inst_audio_player/sd_reader_inst/read_sector_no0 input pin design_1_i/top_system_0/U0/inst_audio_player/sd_reader_inst/read_sector_no0/C[2] is connected to registers with an asynchronous reset. This is preventing the possibility of merging these registers in to the DSP Block since the DSP block registers only possess synchronous reset capability.  It is suggested to recode or change these registers to remove the reset or use a synchronous reset to get the best optimization for performance, power and area.
Related violations: <none>

DPIR-1#48 Warning
Asynchronous driver check  
DSP design_1_i/top_system_0/U0/inst_audio_player/sd_reader_inst/read_sector_no0 input pin design_1_i/top_system_0/U0/inst_audio_player/sd_reader_inst/read_sector_no0/C[30] is connected to registers with an asynchronous reset. This is preventing the possibility of merging these registers in to the DSP Block since the DSP block registers only possess synchronous reset capability.  It is suggested to recode or change these registers to remove the reset or use a synchronous reset to get the best optimization for performance, power and area.
Related violations: <none>

DPIR-1#49 Warning
Asynchronous driver check  
DSP design_1_i/top_system_0/U0/inst_audio_player/sd_reader_inst/read_sector_no0 input pin design_1_i/top_system_0/U0/inst_audio_player/sd_reader_inst/read_sector_no0/C[31] is connected to registers with an asynchronous reset. This is preventing the possibility of merging these registers in to the DSP Block since the DSP block registers only possess synchronous reset capability.  It is suggested to recode or change these registers to remove the reset or use a synchronous reset to get the best optimization for performance, power and area.
Related violations: <none>

DPIR-1#50 Warning
Asynchronous driver check  
DSP design_1_i/top_system_0/U0/inst_audio_player/sd_reader_inst/read_sector_no0 input pin design_1_i/top_system_0/U0/inst_audio_player/sd_reader_inst/read_sector_no0/C[3] is connected to registers with an asynchronous reset. This is preventing the possibility of merging these registers in to the DSP Block since the DSP block registers only possess synchronous reset capability.  It is suggested to recode or change these registers to remove the reset or use a synchronous reset to get the best optimization for performance, power and area.
Related violations: <none>

DPIR-1#51 Warning
Asynchronous driver check  
DSP design_1_i/top_system_0/U0/inst_audio_player/sd_reader_inst/read_sector_no0 input pin design_1_i/top_system_0/U0/inst_audio_player/sd_reader_inst/read_sector_no0/C[4] is connected to registers with an asynchronous reset. This is preventing the possibility of merging these registers in to the DSP Block since the DSP block registers only possess synchronous reset capability.  It is suggested to recode or change these registers to remove the reset or use a synchronous reset to get the best optimization for performance, power and area.
Related violations: <none>

DPIR-1#52 Warning
Asynchronous driver check  
DSP design_1_i/top_system_0/U0/inst_audio_player/sd_reader_inst/read_sector_no0 input pin design_1_i/top_system_0/U0/inst_audio_player/sd_reader_inst/read_sector_no0/C[5] is connected to registers with an asynchronous reset. This is preventing the possibility of merging these registers in to the DSP Block since the DSP block registers only possess synchronous reset capability.  It is suggested to recode or change these registers to remove the reset or use a synchronous reset to get the best optimization for performance, power and area.
Related violations: <none>

DPIR-1#53 Warning
Asynchronous driver check  
DSP design_1_i/top_system_0/U0/inst_audio_player/sd_reader_inst/read_sector_no0 input pin design_1_i/top_system_0/U0/inst_audio_player/sd_reader_inst/read_sector_no0/C[6] is connected to registers with an asynchronous reset. This is preventing the possibility of merging these registers in to the DSP Block since the DSP block registers only possess synchronous reset capability.  It is suggested to recode or change these registers to remove the reset or use a synchronous reset to get the best optimization for performance, power and area.
Related violations: <none>

DPIR-1#54 Warning
Asynchronous driver check  
DSP design_1_i/top_system_0/U0/inst_audio_player/sd_reader_inst/read_sector_no0 input pin design_1_i/top_system_0/U0/inst_audio_player/sd_reader_inst/read_sector_no0/C[7] is connected to registers with an asynchronous reset. This is preventing the possibility of merging these registers in to the DSP Block since the DSP block registers only possess synchronous reset capability.  It is suggested to recode or change these registers to remove the reset or use a synchronous reset to get the best optimization for performance, power and area.
Related violations: <none>

DPIR-1#55 Warning
Asynchronous driver check  
DSP design_1_i/top_system_0/U0/inst_audio_player/sd_reader_inst/read_sector_no0 input pin design_1_i/top_system_0/U0/inst_audio_player/sd_reader_inst/read_sector_no0/C[8] is connected to registers with an asynchronous reset. This is preventing the possibility of merging these registers in to the DSP Block since the DSP block registers only possess synchronous reset capability.  It is suggested to recode or change these registers to remove the reset or use a synchronous reset to get the best optimization for performance, power and area.
Related violations: <none>

DPIR-1#56 Warning
Asynchronous driver check  
DSP design_1_i/top_system_0/U0/inst_audio_player/sd_reader_inst/read_sector_no0 input pin design_1_i/top_system_0/U0/inst_audio_player/sd_reader_inst/read_sector_no0/C[9] is connected to registers with an asynchronous reset. This is preventing the possibility of merging these registers in to the DSP Block since the DSP block registers only possess synchronous reset capability.  It is suggested to recode or change these registers to remove the reset or use a synchronous reset to get the best optimization for performance, power and area.
Related violations: <none>

DPIR-1#57 Warning
Asynchronous driver check  
DSP design_1_i/top_system_0/U0/inst_audio_player/sd_reader_inst/read_sector_no1__3 input pin design_1_i/top_system_0/U0/inst_audio_player/sd_reader_inst/read_sector_no1__3/A[0] is connected to registers with an asynchronous reset. This is preventing the possibility of merging these registers in to the DSP Block since the DSP block registers only possess synchronous reset capability.  It is suggested to recode or change these registers to remove the reset or use a synchronous reset to get the best optimization for performance, power and area.
Related violations: <none>

DPIR-1#58 Warning
Asynchronous driver check  
DSP design_1_i/top_system_0/U0/inst_audio_player/sd_reader_inst/read_sector_no1__3 input pin design_1_i/top_system_0/U0/inst_audio_player/sd_reader_inst/read_sector_no1__3/A[10] is connected to registers with an asynchronous reset. This is preventing the possibility of merging these registers in to the DSP Block since the DSP block registers only possess synchronous reset capability.  It is suggested to recode or change these registers to remove the reset or use a synchronous reset to get the best optimization for performance, power and area.
Related violations: <none>

DPIR-1#59 Warning
Asynchronous driver check  
DSP design_1_i/top_system_0/U0/inst_audio_player/sd_reader_inst/read_sector_no1__3 input pin design_1_i/top_system_0/U0/inst_audio_player/sd_reader_inst/read_sector_no1__3/A[11] is connected to registers with an asynchronous reset. This is preventing the possibility of merging these registers in to the DSP Block since the DSP block registers only possess synchronous reset capability.  It is suggested to recode or change these registers to remove the reset or use a synchronous reset to get the best optimization for performance, power and area.
Related violations: <none>

DPIR-1#60 Warning
Asynchronous driver check  
DSP design_1_i/top_system_0/U0/inst_audio_player/sd_reader_inst/read_sector_no1__3 input pin design_1_i/top_system_0/U0/inst_audio_player/sd_reader_inst/read_sector_no1__3/A[12] is connected to registers with an asynchronous reset. This is preventing the possibility of merging these registers in to the DSP Block since the DSP block registers only possess synchronous reset capability.  It is suggested to recode or change these registers to remove the reset or use a synchronous reset to get the best optimization for performance, power and area.
Related violations: <none>

DPIR-1#61 Warning
Asynchronous driver check  
DSP design_1_i/top_system_0/U0/inst_audio_player/sd_reader_inst/read_sector_no1__3 input pin design_1_i/top_system_0/U0/inst_audio_player/sd_reader_inst/read_sector_no1__3/A[13] is connected to registers with an asynchronous reset. This is preventing the possibility of merging these registers in to the DSP Block since the DSP block registers only possess synchronous reset capability.  It is suggested to recode or change these registers to remove the reset or use a synchronous reset to get the best optimization for performance, power and area.
Related violations: <none>

DPIR-1#62 Warning
Asynchronous driver check  
DSP design_1_i/top_system_0/U0/inst_audio_player/sd_reader_inst/read_sector_no1__3 input pin design_1_i/top_system_0/U0/inst_audio_player/sd_reader_inst/read_sector_no1__3/A[14] is connected to registers with an asynchronous reset. This is preventing the possibility of merging these registers in to the DSP Block since the DSP block registers only possess synchronous reset capability.  It is suggested to recode or change these registers to remove the reset or use a synchronous reset to get the best optimization for performance, power and area.
Related violations: <none>

DPIR-1#63 Warning
Asynchronous driver check  
DSP design_1_i/top_system_0/U0/inst_audio_player/sd_reader_inst/read_sector_no1__3 input pin design_1_i/top_system_0/U0/inst_audio_player/sd_reader_inst/read_sector_no1__3/A[15] is connected to registers with an asynchronous reset. This is preventing the possibility of merging these registers in to the DSP Block since the DSP block registers only possess synchronous reset capability.  It is suggested to recode or change these registers to remove the reset or use a synchronous reset to get the best optimization for performance, power and area.
Related violations: <none>

DPIR-1#64 Warning
Asynchronous driver check  
DSP design_1_i/top_system_0/U0/inst_audio_player/sd_reader_inst/read_sector_no1__3 input pin design_1_i/top_system_0/U0/inst_audio_player/sd_reader_inst/read_sector_no1__3/A[1] is connected to registers with an asynchronous reset. This is preventing the possibility of merging these registers in to the DSP Block since the DSP block registers only possess synchronous reset capability.  It is suggested to recode or change these registers to remove the reset or use a synchronous reset to get the best optimization for performance, power and area.
Related violations: <none>

DPIR-1#65 Warning
Asynchronous driver check  
DSP design_1_i/top_system_0/U0/inst_audio_player/sd_reader_inst/read_sector_no1__3 input pin design_1_i/top_system_0/U0/inst_audio_player/sd_reader_inst/read_sector_no1__3/A[2] is connected to registers with an asynchronous reset. This is preventing the possibility of merging these registers in to the DSP Block since the DSP block registers only possess synchronous reset capability.  It is suggested to recode or change these registers to remove the reset or use a synchronous reset to get the best optimization for performance, power and area.
Related violations: <none>

DPIR-1#66 Warning
Asynchronous driver check  
DSP design_1_i/top_system_0/U0/inst_audio_player/sd_reader_inst/read_sector_no1__3 input pin design_1_i/top_system_0/U0/inst_audio_player/sd_reader_inst/read_sector_no1__3/A[3] is connected to registers with an asynchronous reset. This is preventing the possibility of merging these registers in to the DSP Block since the DSP block registers only possess synchronous reset capability.  It is suggested to recode or change these registers to remove the reset or use a synchronous reset to get the best optimization for performance, power and area.
Related violations: <none>

DPIR-1#67 Warning
Asynchronous driver check  
DSP design_1_i/top_system_0/U0/inst_audio_player/sd_reader_inst/read_sector_no1__3 input pin design_1_i/top_system_0/U0/inst_audio_player/sd_reader_inst/read_sector_no1__3/A[4] is connected to registers with an asynchronous reset. This is preventing the possibility of merging these registers in to the DSP Block since the DSP block registers only possess synchronous reset capability.  It is suggested to recode or change these registers to remove the reset or use a synchronous reset to get the best optimization for performance, power and area.
Related violations: <none>

DPIR-1#68 Warning
Asynchronous driver check  
DSP design_1_i/top_system_0/U0/inst_audio_player/sd_reader_inst/read_sector_no1__3 input pin design_1_i/top_system_0/U0/inst_audio_player/sd_reader_inst/read_sector_no1__3/A[5] is connected to registers with an asynchronous reset. This is preventing the possibility of merging these registers in to the DSP Block since the DSP block registers only possess synchronous reset capability.  It is suggested to recode or change these registers to remove the reset or use a synchronous reset to get the best optimization for performance, power and area.
Related violations: <none>

DPIR-1#69 Warning
Asynchronous driver check  
DSP design_1_i/top_system_0/U0/inst_audio_player/sd_reader_inst/read_sector_no1__3 input pin design_1_i/top_system_0/U0/inst_audio_player/sd_reader_inst/read_sector_no1__3/A[6] is connected to registers with an asynchronous reset. This is preventing the possibility of merging these registers in to the DSP Block since the DSP block registers only possess synchronous reset capability.  It is suggested to recode or change these registers to remove the reset or use a synchronous reset to get the best optimization for performance, power and area.
Related violations: <none>

DPIR-1#70 Warning
Asynchronous driver check  
DSP design_1_i/top_system_0/U0/inst_audio_player/sd_reader_inst/read_sector_no1__3 input pin design_1_i/top_system_0/U0/inst_audio_player/sd_reader_inst/read_sector_no1__3/A[7] is connected to registers with an asynchronous reset. This is preventing the possibility of merging these registers in to the DSP Block since the DSP block registers only possess synchronous reset capability.  It is suggested to recode or change these registers to remove the reset or use a synchronous reset to get the best optimization for performance, power and area.
Related violations: <none>

DPIR-1#71 Warning
Asynchronous driver check  
DSP design_1_i/top_system_0/U0/inst_audio_player/sd_reader_inst/read_sector_no1__3 input pin design_1_i/top_system_0/U0/inst_audio_player/sd_reader_inst/read_sector_no1__3/A[8] is connected to registers with an asynchronous reset. This is preventing the possibility of merging these registers in to the DSP Block since the DSP block registers only possess synchronous reset capability.  It is suggested to recode or change these registers to remove the reset or use a synchronous reset to get the best optimization for performance, power and area.
Related violations: <none>

DPIR-1#72 Warning
Asynchronous driver check  
DSP design_1_i/top_system_0/U0/inst_audio_player/sd_reader_inst/read_sector_no1__3 input pin design_1_i/top_system_0/U0/inst_audio_player/sd_reader_inst/read_sector_no1__3/A[9] is connected to registers with an asynchronous reset. This is preventing the possibility of merging these registers in to the DSP Block since the DSP block registers only possess synchronous reset capability.  It is suggested to recode or change these registers to remove the reset or use a synchronous reset to get the best optimization for performance, power and area.
Related violations: <none>

DPIR-1#73 Warning
Asynchronous driver check  
DSP design_1_i/top_system_0/U0/inst_audio_player/sd_reader_inst/read_sector_no1__3 input pin design_1_i/top_system_0/U0/inst_audio_player/sd_reader_inst/read_sector_no1__3/B[0] is connected to registers with an asynchronous reset. This is preventing the possibility of merging these registers in to the DSP Block since the DSP block registers only possess synchronous reset capability.  It is suggested to recode or change these registers to remove the reset or use a synchronous reset to get the best optimization for performance, power and area.
Related violations: <none>

DPIR-1#74 Warning
Asynchronous driver check  
DSP design_1_i/top_system_0/U0/inst_audio_player/sd_reader_inst/read_sector_no1__3 input pin design_1_i/top_system_0/U0/inst_audio_player/sd_reader_inst/read_sector_no1__3/B[1] is connected to registers with an asynchronous reset. This is preventing the possibility of merging these registers in to the DSP Block since the DSP block registers only possess synchronous reset capability.  It is suggested to recode or change these registers to remove the reset or use a synchronous reset to get the best optimization for performance, power and area.
Related violations: <none>

DPIR-1#75 Warning
Asynchronous driver check  
DSP design_1_i/top_system_0/U0/inst_audio_player/sd_reader_inst/read_sector_no1__3 input pin design_1_i/top_system_0/U0/inst_audio_player/sd_reader_inst/read_sector_no1__3/B[2] is connected to registers with an asynchronous reset. This is preventing the possibility of merging these registers in to the DSP Block since the DSP block registers only possess synchronous reset capability.  It is suggested to recode or change these registers to remove the reset or use a synchronous reset to get the best optimization for performance, power and area.
Related violations: <none>

DPIR-1#76 Warning
Asynchronous driver check  
DSP design_1_i/top_system_0/U0/inst_audio_player/sd_reader_inst/read_sector_no1__3 input pin design_1_i/top_system_0/U0/inst_audio_player/sd_reader_inst/read_sector_no1__3/B[3] is connected to registers with an asynchronous reset. This is preventing the possibility of merging these registers in to the DSP Block since the DSP block registers only possess synchronous reset capability.  It is suggested to recode or change these registers to remove the reset or use a synchronous reset to get the best optimization for performance, power and area.
Related violations: <none>

DPIR-1#77 Warning
Asynchronous driver check  
DSP design_1_i/top_system_0/U0/inst_audio_player/sd_reader_inst/read_sector_no1__3 input pin design_1_i/top_system_0/U0/inst_audio_player/sd_reader_inst/read_sector_no1__3/B[4] is connected to registers with an asynchronous reset. This is preventing the possibility of merging these registers in to the DSP Block since the DSP block registers only possess synchronous reset capability.  It is suggested to recode or change these registers to remove the reset or use a synchronous reset to get the best optimization for performance, power and area.
Related violations: <none>

DPIR-1#78 Warning
Asynchronous driver check  
DSP design_1_i/top_system_0/U0/inst_audio_player/sd_reader_inst/read_sector_no1__3 input pin design_1_i/top_system_0/U0/inst_audio_player/sd_reader_inst/read_sector_no1__3/B[5] is connected to registers with an asynchronous reset. This is preventing the possibility of merging these registers in to the DSP Block since the DSP block registers only possess synchronous reset capability.  It is suggested to recode or change these registers to remove the reset or use a synchronous reset to get the best optimization for performance, power and area.
Related violations: <none>

DPIR-1#79 Warning
Asynchronous driver check  
DSP design_1_i/top_system_0/U0/inst_audio_player/sd_reader_inst/read_sector_no1__3 input pin design_1_i/top_system_0/U0/inst_audio_player/sd_reader_inst/read_sector_no1__3/B[6] is connected to registers with an asynchronous reset. This is preventing the possibility of merging these registers in to the DSP Block since the DSP block registers only possess synchronous reset capability.  It is suggested to recode or change these registers to remove the reset or use a synchronous reset to get the best optimization for performance, power and area.
Related violations: <none>

DPIR-1#80 Warning
Asynchronous driver check  
DSP design_1_i/top_system_0/U0/inst_audio_player/sd_reader_inst/read_sector_no1__3 input pin design_1_i/top_system_0/U0/inst_audio_player/sd_reader_inst/read_sector_no1__3/B[7] is connected to registers with an asynchronous reset. This is preventing the possibility of merging these registers in to the DSP Block since the DSP block registers only possess synchronous reset capability.  It is suggested to recode or change these registers to remove the reset or use a synchronous reset to get the best optimization for performance, power and area.
Related violations: <none>

DPIR-1#81 Warning
Asynchronous driver check  
DSP design_1_i/top_system_0/U0/inst_audio_player/sd_reader_inst/read_sector_no1__4 input pin design_1_i/top_system_0/U0/inst_audio_player/sd_reader_inst/read_sector_no1__4/B[0] is connected to registers with an asynchronous reset. This is preventing the possibility of merging these registers in to the DSP Block since the DSP block registers only possess synchronous reset capability.  It is suggested to recode or change these registers to remove the reset or use a synchronous reset to get the best optimization for performance, power and area.
Related violations: <none>

DPIR-1#82 Warning
Asynchronous driver check  
DSP design_1_i/top_system_0/U0/inst_audio_player/sd_reader_inst/read_sector_no1__4 input pin design_1_i/top_system_0/U0/inst_audio_player/sd_reader_inst/read_sector_no1__4/B[1] is connected to registers with an asynchronous reset. This is preventing the possibility of merging these registers in to the DSP Block since the DSP block registers only possess synchronous reset capability.  It is suggested to recode or change these registers to remove the reset or use a synchronous reset to get the best optimization for performance, power and area.
Related violations: <none>

DPIR-1#83 Warning
Asynchronous driver check  
DSP design_1_i/top_system_0/U0/inst_audio_player/sd_reader_inst/read_sector_no1__4 input pin design_1_i/top_system_0/U0/inst_audio_player/sd_reader_inst/read_sector_no1__4/B[2] is connected to registers with an asynchronous reset. This is preventing the possibility of merging these registers in to the DSP Block since the DSP block registers only possess synchronous reset capability.  It is suggested to recode or change these registers to remove the reset or use a synchronous reset to get the best optimization for performance, power and area.
Related violations: <none>

DPIR-1#84 Warning
Asynchronous driver check  
DSP design_1_i/top_system_0/U0/inst_audio_player/sd_reader_inst/read_sector_no1__4 input pin design_1_i/top_system_0/U0/inst_audio_player/sd_reader_inst/read_sector_no1__4/B[3] is connected to registers with an asynchronous reset. This is preventing the possibility of merging these registers in to the DSP Block since the DSP block registers only possess synchronous reset capability.  It is suggested to recode or change these registers to remove the reset or use a synchronous reset to get the best optimization for performance, power and area.
Related violations: <none>

DPIR-1#85 Warning
Asynchronous driver check  
DSP design_1_i/top_system_0/U0/inst_audio_player/sd_reader_inst/read_sector_no1__4 input pin design_1_i/top_system_0/U0/inst_audio_player/sd_reader_inst/read_sector_no1__4/B[4] is connected to registers with an asynchronous reset. This is preventing the possibility of merging these registers in to the DSP Block since the DSP block registers only possess synchronous reset capability.  It is suggested to recode or change these registers to remove the reset or use a synchronous reset to get the best optimization for performance, power and area.
Related violations: <none>

DPIR-1#86 Warning
Asynchronous driver check  
DSP design_1_i/top_system_0/U0/inst_audio_player/sd_reader_inst/read_sector_no1__4 input pin design_1_i/top_system_0/U0/inst_audio_player/sd_reader_inst/read_sector_no1__4/B[5] is connected to registers with an asynchronous reset. This is preventing the possibility of merging these registers in to the DSP Block since the DSP block registers only possess synchronous reset capability.  It is suggested to recode or change these registers to remove the reset or use a synchronous reset to get the best optimization for performance, power and area.
Related violations: <none>

DPIR-1#87 Warning
Asynchronous driver check  
DSP design_1_i/top_system_0/U0/inst_audio_player/sd_reader_inst/read_sector_no1__4 input pin design_1_i/top_system_0/U0/inst_audio_player/sd_reader_inst/read_sector_no1__4/B[6] is connected to registers with an asynchronous reset. This is preventing the possibility of merging these registers in to the DSP Block since the DSP block registers only possess synchronous reset capability.  It is suggested to recode or change these registers to remove the reset or use a synchronous reset to get the best optimization for performance, power and area.
Related violations: <none>

DPIR-1#88 Warning
Asynchronous driver check  
DSP design_1_i/top_system_0/U0/inst_audio_player/sd_reader_inst/read_sector_no1__4 input pin design_1_i/top_system_0/U0/inst_audio_player/sd_reader_inst/read_sector_no1__4/B[7] is connected to registers with an asynchronous reset. This is preventing the possibility of merging these registers in to the DSP Block since the DSP block registers only possess synchronous reset capability.  It is suggested to recode or change these registers to remove the reset or use a synchronous reset to get the best optimization for performance, power and area.
Related violations: <none>

DPIR-1#89 Warning
Asynchronous driver check  
DSP design_1_i/top_system_0/U0/inst_audio_player/sd_reader_inst/read_sector_no1__5 input pin design_1_i/top_system_0/U0/inst_audio_player/sd_reader_inst/read_sector_no1__5/A[0] is connected to registers with an asynchronous reset. This is preventing the possibility of merging these registers in to the DSP Block since the DSP block registers only possess synchronous reset capability.  It is suggested to recode or change these registers to remove the reset or use a synchronous reset to get the best optimization for performance, power and area.
Related violations: <none>

DPIR-1#90 Warning
Asynchronous driver check  
DSP design_1_i/top_system_0/U0/inst_audio_player/sd_reader_inst/read_sector_no1__5 input pin design_1_i/top_system_0/U0/inst_audio_player/sd_reader_inst/read_sector_no1__5/A[10] is connected to registers with an asynchronous reset. This is preventing the possibility of merging these registers in to the DSP Block since the DSP block registers only possess synchronous reset capability.  It is suggested to recode or change these registers to remove the reset or use a synchronous reset to get the best optimization for performance, power and area.
Related violations: <none>

DPIR-1#91 Warning
Asynchronous driver check  
DSP design_1_i/top_system_0/U0/inst_audio_player/sd_reader_inst/read_sector_no1__5 input pin design_1_i/top_system_0/U0/inst_audio_player/sd_reader_inst/read_sector_no1__5/A[11] is connected to registers with an asynchronous reset. This is preventing the possibility of merging these registers in to the DSP Block since the DSP block registers only possess synchronous reset capability.  It is suggested to recode or change these registers to remove the reset or use a synchronous reset to get the best optimization for performance, power and area.
Related violations: <none>

DPIR-1#92 Warning
Asynchronous driver check  
DSP design_1_i/top_system_0/U0/inst_audio_player/sd_reader_inst/read_sector_no1__5 input pin design_1_i/top_system_0/U0/inst_audio_player/sd_reader_inst/read_sector_no1__5/A[12] is connected to registers with an asynchronous reset. This is preventing the possibility of merging these registers in to the DSP Block since the DSP block registers only possess synchronous reset capability.  It is suggested to recode or change these registers to remove the reset or use a synchronous reset to get the best optimization for performance, power and area.
Related violations: <none>

DPIR-1#93 Warning
Asynchronous driver check  
DSP design_1_i/top_system_0/U0/inst_audio_player/sd_reader_inst/read_sector_no1__5 input pin design_1_i/top_system_0/U0/inst_audio_player/sd_reader_inst/read_sector_no1__5/A[13] is connected to registers with an asynchronous reset. This is preventing the possibility of merging these registers in to the DSP Block since the DSP block registers only possess synchronous reset capability.  It is suggested to recode or change these registers to remove the reset or use a synchronous reset to get the best optimization for performance, power and area.
Related violations: <none>

DPIR-1#94 Warning
Asynchronous driver check  
DSP design_1_i/top_system_0/U0/inst_audio_player/sd_reader_inst/read_sector_no1__5 input pin design_1_i/top_system_0/U0/inst_audio_player/sd_reader_inst/read_sector_no1__5/A[14] is connected to registers with an asynchronous reset. This is preventing the possibility of merging these registers in to the DSP Block since the DSP block registers only possess synchronous reset capability.  It is suggested to recode or change these registers to remove the reset or use a synchronous reset to get the best optimization for performance, power and area.
Related violations: <none>

DPIR-1#95 Warning
Asynchronous driver check  
DSP design_1_i/top_system_0/U0/inst_audio_player/sd_reader_inst/read_sector_no1__5 input pin design_1_i/top_system_0/U0/inst_audio_player/sd_reader_inst/read_sector_no1__5/A[15] is connected to registers with an asynchronous reset. This is preventing the possibility of merging these registers in to the DSP Block since the DSP block registers only possess synchronous reset capability.  It is suggested to recode or change these registers to remove the reset or use a synchronous reset to get the best optimization for performance, power and area.
Related violations: <none>

DPIR-1#96 Warning
Asynchronous driver check  
DSP design_1_i/top_system_0/U0/inst_audio_player/sd_reader_inst/read_sector_no1__5 input pin design_1_i/top_system_0/U0/inst_audio_player/sd_reader_inst/read_sector_no1__5/A[16] is connected to registers with an asynchronous reset. This is preventing the possibility of merging these registers in to the DSP Block since the DSP block registers only possess synchronous reset capability.  It is suggested to recode or change these registers to remove the reset or use a synchronous reset to get the best optimization for performance, power and area.
Related violations: <none>

DPIR-1#97 Warning
Asynchronous driver check  
DSP design_1_i/top_system_0/U0/inst_audio_player/sd_reader_inst/read_sector_no1__5 input pin design_1_i/top_system_0/U0/inst_audio_player/sd_reader_inst/read_sector_no1__5/A[1] is connected to registers with an asynchronous reset. This is preventing the possibility of merging these registers in to the DSP Block since the DSP block registers only possess synchronous reset capability.  It is suggested to recode or change these registers to remove the reset or use a synchronous reset to get the best optimization for performance, power and area.
Related violations: <none>

DPIR-1#98 Warning
Asynchronous driver check  
DSP design_1_i/top_system_0/U0/inst_audio_player/sd_reader_inst/read_sector_no1__5 input pin design_1_i/top_system_0/U0/inst_audio_player/sd_reader_inst/read_sector_no1__5/A[2] is connected to registers with an asynchronous reset. This is preventing the possibility of merging these registers in to the DSP Block since the DSP block registers only possess synchronous reset capability.  It is suggested to recode or change these registers to remove the reset or use a synchronous reset to get the best optimization for performance, power and area.
Related violations: <none>

DPIR-1#99 Warning
Asynchronous driver check  
DSP design_1_i/top_system_0/U0/inst_audio_player/sd_reader_inst/read_sector_no1__5 input pin design_1_i/top_system_0/U0/inst_audio_player/sd_reader_inst/read_sector_no1__5/A[3] is connected to registers with an asynchronous reset. This is preventing the possibility of merging these registers in to the DSP Block since the DSP block registers only possess synchronous reset capability.  It is suggested to recode or change these registers to remove the reset or use a synchronous reset to get the best optimization for performance, power and area.
Related violations: <none>

DPIR-1#100 Warning
Asynchronous driver check  
DSP design_1_i/top_system_0/U0/inst_audio_player/sd_reader_inst/read_sector_no1__5 input pin design_1_i/top_system_0/U0/inst_audio_player/sd_reader_inst/read_sector_no1__5/A[4] is connected to registers with an asynchronous reset. This is preventing the possibility of merging these registers in to the DSP Block since the DSP block registers only possess synchronous reset capability.  It is suggested to recode or change these registers to remove the reset or use a synchronous reset to get the best optimization for performance, power and area.
Related violations: <none>

DPIR-1#101 Warning
Asynchronous driver check  
DSP design_1_i/top_system_0/U0/inst_audio_player/sd_reader_inst/read_sector_no1__5 input pin design_1_i/top_system_0/U0/inst_audio_player/sd_reader_inst/read_sector_no1__5/A[5] is connected to registers with an asynchronous reset. This is preventing the possibility of merging these registers in to the DSP Block since the DSP block registers only possess synchronous reset capability.  It is suggested to recode or change these registers to remove the reset or use a synchronous reset to get the best optimization for performance, power and area.
Related violations: <none>

DPIR-1#102 Warning
Asynchronous driver check  
DSP design_1_i/top_system_0/U0/inst_audio_player/sd_reader_inst/read_sector_no1__5 input pin design_1_i/top_system_0/U0/inst_audio_player/sd_reader_inst/read_sector_no1__5/A[6] is connected to registers with an asynchronous reset. This is preventing the possibility of merging these registers in to the DSP Block since the DSP block registers only possess synchronous reset capability.  It is suggested to recode or change these registers to remove the reset or use a synchronous reset to get the best optimization for performance, power and area.
Related violations: <none>

DPIR-1#103 Warning
Asynchronous driver check  
DSP design_1_i/top_system_0/U0/inst_audio_player/sd_reader_inst/read_sector_no1__5 input pin design_1_i/top_system_0/U0/inst_audio_player/sd_reader_inst/read_sector_no1__5/A[7] is connected to registers with an asynchronous reset. This is preventing the possibility of merging these registers in to the DSP Block since the DSP block registers only possess synchronous reset capability.  It is suggested to recode or change these registers to remove the reset or use a synchronous reset to get the best optimization for performance, power and area.
Related violations: <none>

DPIR-1#104 Warning
Asynchronous driver check  
DSP design_1_i/top_system_0/U0/inst_audio_player/sd_reader_inst/read_sector_no1__5 input pin design_1_i/top_system_0/U0/inst_audio_player/sd_reader_inst/read_sector_no1__5/A[8] is connected to registers with an asynchronous reset. This is preventing the possibility of merging these registers in to the DSP Block since the DSP block registers only possess synchronous reset capability.  It is suggested to recode or change these registers to remove the reset or use a synchronous reset to get the best optimization for performance, power and area.
Related violations: <none>

DPIR-1#105 Warning
Asynchronous driver check  
DSP design_1_i/top_system_0/U0/inst_audio_player/sd_reader_inst/read_sector_no1__5 input pin design_1_i/top_system_0/U0/inst_audio_player/sd_reader_inst/read_sector_no1__5/A[9] is connected to registers with an asynchronous reset. This is preventing the possibility of merging these registers in to the DSP Block since the DSP block registers only possess synchronous reset capability.  It is suggested to recode or change these registers to remove the reset or use a synchronous reset to get the best optimization for performance, power and area.
Related violations: <none>

DPIR-1#106 Warning
Asynchronous driver check  
DSP design_1_i/top_system_0/U0/inst_audio_player/sd_reader_inst/read_sector_no1__5 input pin design_1_i/top_system_0/U0/inst_audio_player/sd_reader_inst/read_sector_no1__5/B[0] is connected to registers with an asynchronous reset. This is preventing the possibility of merging these registers in to the DSP Block since the DSP block registers only possess synchronous reset capability.  It is suggested to recode or change these registers to remove the reset or use a synchronous reset to get the best optimization for performance, power and area.
Related violations: <none>

DPIR-1#107 Warning
Asynchronous driver check  
DSP design_1_i/top_system_0/U0/inst_audio_player/sd_reader_inst/read_sector_no1__5 input pin design_1_i/top_system_0/U0/inst_audio_player/sd_reader_inst/read_sector_no1__5/B[1] is connected to registers with an asynchronous reset. This is preventing the possibility of merging these registers in to the DSP Block since the DSP block registers only possess synchronous reset capability.  It is suggested to recode or change these registers to remove the reset or use a synchronous reset to get the best optimization for performance, power and area.
Related violations: <none>

DPIR-1#108 Warning
Asynchronous driver check  
DSP design_1_i/top_system_0/U0/inst_audio_player/sd_reader_inst/read_sector_no1__5 input pin design_1_i/top_system_0/U0/inst_audio_player/sd_reader_inst/read_sector_no1__5/B[2] is connected to registers with an asynchronous reset. This is preventing the possibility of merging these registers in to the DSP Block since the DSP block registers only possess synchronous reset capability.  It is suggested to recode or change these registers to remove the reset or use a synchronous reset to get the best optimization for performance, power and area.
Related violations: <none>

DPIR-1#109 Warning
Asynchronous driver check  
DSP design_1_i/top_system_0/U0/inst_audio_player/sd_reader_inst/read_sector_no1__5 input pin design_1_i/top_system_0/U0/inst_audio_player/sd_reader_inst/read_sector_no1__5/B[3] is connected to registers with an asynchronous reset. This is preventing the possibility of merging these registers in to the DSP Block since the DSP block registers only possess synchronous reset capability.  It is suggested to recode or change these registers to remove the reset or use a synchronous reset to get the best optimization for performance, power and area.
Related violations: <none>

DPIR-1#110 Warning
Asynchronous driver check  
DSP design_1_i/top_system_0/U0/inst_audio_player/sd_reader_inst/read_sector_no1__5 input pin design_1_i/top_system_0/U0/inst_audio_player/sd_reader_inst/read_sector_no1__5/B[4] is connected to registers with an asynchronous reset. This is preventing the possibility of merging these registers in to the DSP Block since the DSP block registers only possess synchronous reset capability.  It is suggested to recode or change these registers to remove the reset or use a synchronous reset to get the best optimization for performance, power and area.
Related violations: <none>

DPIR-1#111 Warning
Asynchronous driver check  
DSP design_1_i/top_system_0/U0/inst_audio_player/sd_reader_inst/read_sector_no1__5 input pin design_1_i/top_system_0/U0/inst_audio_player/sd_reader_inst/read_sector_no1__5/B[5] is connected to registers with an asynchronous reset. This is preventing the possibility of merging these registers in to the DSP Block since the DSP block registers only possess synchronous reset capability.  It is suggested to recode or change these registers to remove the reset or use a synchronous reset to get the best optimization for performance, power and area.
Related violations: <none>

DPIR-1#112 Warning
Asynchronous driver check  
DSP design_1_i/top_system_0/U0/inst_audio_player/sd_reader_inst/read_sector_no1__5 input pin design_1_i/top_system_0/U0/inst_audio_player/sd_reader_inst/read_sector_no1__5/B[6] is connected to registers with an asynchronous reset. This is preventing the possibility of merging these registers in to the DSP Block since the DSP block registers only possess synchronous reset capability.  It is suggested to recode or change these registers to remove the reset or use a synchronous reset to get the best optimization for performance, power and area.
Related violations: <none>

DPIR-1#113 Warning
Asynchronous driver check  
DSP design_1_i/top_system_0/U0/inst_audio_player/sd_reader_inst/read_sector_no1__5 input pin design_1_i/top_system_0/U0/inst_audio_player/sd_reader_inst/read_sector_no1__5/B[7] is connected to registers with an asynchronous reset. This is preventing the possibility of merging these registers in to the DSP Block since the DSP block registers only possess synchronous reset capability.  It is suggested to recode or change these registers to remove the reset or use a synchronous reset to get the best optimization for performance, power and area.
Related violations: <none>

DPIR-1#114 Warning
Asynchronous driver check  
DSP design_1_i/top_system_0/U0/inst_audio_player/sd_reader_inst/read_sector_no1__6 input pin design_1_i/top_system_0/U0/inst_audio_player/sd_reader_inst/read_sector_no1__6/A[0] is connected to registers with an asynchronous reset. This is preventing the possibility of merging these registers in to the DSP Block since the DSP block registers only possess synchronous reset capability.  It is suggested to recode or change these registers to remove the reset or use a synchronous reset to get the best optimization for performance, power and area.
Related violations: <none>

DPIR-1#115 Warning
Asynchronous driver check  
DSP design_1_i/top_system_0/U0/inst_audio_player/sd_reader_inst/read_sector_no1__6 input pin design_1_i/top_system_0/U0/inst_audio_player/sd_reader_inst/read_sector_no1__6/A[10] is connected to registers with an asynchronous reset. This is preventing the possibility of merging these registers in to the DSP Block since the DSP block registers only possess synchronous reset capability.  It is suggested to recode or change these registers to remove the reset or use a synchronous reset to get the best optimization for performance, power and area.
Related violations: <none>

DPIR-1#116 Warning
Asynchronous driver check  
DSP design_1_i/top_system_0/U0/inst_audio_player/sd_reader_inst/read_sector_no1__6 input pin design_1_i/top_system_0/U0/inst_audio_player/sd_reader_inst/read_sector_no1__6/A[11] is connected to registers with an asynchronous reset. This is preventing the possibility of merging these registers in to the DSP Block since the DSP block registers only possess synchronous reset capability.  It is suggested to recode or change these registers to remove the reset or use a synchronous reset to get the best optimization for performance, power and area.
Related violations: <none>

DPIR-1#117 Warning
Asynchronous driver check  
DSP design_1_i/top_system_0/U0/inst_audio_player/sd_reader_inst/read_sector_no1__6 input pin design_1_i/top_system_0/U0/inst_audio_player/sd_reader_inst/read_sector_no1__6/A[12] is connected to registers with an asynchronous reset. This is preventing the possibility of merging these registers in to the DSP Block since the DSP block registers only possess synchronous reset capability.  It is suggested to recode or change these registers to remove the reset or use a synchronous reset to get the best optimization for performance, power and area.
Related violations: <none>

DPIR-1#118 Warning
Asynchronous driver check  
DSP design_1_i/top_system_0/U0/inst_audio_player/sd_reader_inst/read_sector_no1__6 input pin design_1_i/top_system_0/U0/inst_audio_player/sd_reader_inst/read_sector_no1__6/A[13] is connected to registers with an asynchronous reset. This is preventing the possibility of merging these registers in to the DSP Block since the DSP block registers only possess synchronous reset capability.  It is suggested to recode or change these registers to remove the reset or use a synchronous reset to get the best optimization for performance, power and area.
Related violations: <none>

DPIR-1#119 Warning
Asynchronous driver check  
DSP design_1_i/top_system_0/U0/inst_audio_player/sd_reader_inst/read_sector_no1__6 input pin design_1_i/top_system_0/U0/inst_audio_player/sd_reader_inst/read_sector_no1__6/A[14] is connected to registers with an asynchronous reset. This is preventing the possibility of merging these registers in to the DSP Block since the DSP block registers only possess synchronous reset capability.  It is suggested to recode or change these registers to remove the reset or use a synchronous reset to get the best optimization for performance, power and area.
Related violations: <none>

DPIR-1#120 Warning
Asynchronous driver check  
DSP design_1_i/top_system_0/U0/inst_audio_player/sd_reader_inst/read_sector_no1__6 input pin design_1_i/top_system_0/U0/inst_audio_player/sd_reader_inst/read_sector_no1__6/A[1] is connected to registers with an asynchronous reset. This is preventing the possibility of merging these registers in to the DSP Block since the DSP block registers only possess synchronous reset capability.  It is suggested to recode or change these registers to remove the reset or use a synchronous reset to get the best optimization for performance, power and area.
Related violations: <none>

DPIR-1#121 Warning
Asynchronous driver check  
DSP design_1_i/top_system_0/U0/inst_audio_player/sd_reader_inst/read_sector_no1__6 input pin design_1_i/top_system_0/U0/inst_audio_player/sd_reader_inst/read_sector_no1__6/A[2] is connected to registers with an asynchronous reset. This is preventing the possibility of merging these registers in to the DSP Block since the DSP block registers only possess synchronous reset capability.  It is suggested to recode or change these registers to remove the reset or use a synchronous reset to get the best optimization for performance, power and area.
Related violations: <none>

DPIR-1#122 Warning
Asynchronous driver check  
DSP design_1_i/top_system_0/U0/inst_audio_player/sd_reader_inst/read_sector_no1__6 input pin design_1_i/top_system_0/U0/inst_audio_player/sd_reader_inst/read_sector_no1__6/A[3] is connected to registers with an asynchronous reset. This is preventing the possibility of merging these registers in to the DSP Block since the DSP block registers only possess synchronous reset capability.  It is suggested to recode or change these registers to remove the reset or use a synchronous reset to get the best optimization for performance, power and area.
Related violations: <none>

DPIR-1#123 Warning
Asynchronous driver check  
DSP design_1_i/top_system_0/U0/inst_audio_player/sd_reader_inst/read_sector_no1__6 input pin design_1_i/top_system_0/U0/inst_audio_player/sd_reader_inst/read_sector_no1__6/A[4] is connected to registers with an asynchronous reset. This is preventing the possibility of merging these registers in to the DSP Block since the DSP block registers only possess synchronous reset capability.  It is suggested to recode or change these registers to remove the reset or use a synchronous reset to get the best optimization for performance, power and area.
Related violations: <none>

DPIR-1#124 Warning
Asynchronous driver check  
DSP design_1_i/top_system_0/U0/inst_audio_player/sd_reader_inst/read_sector_no1__6 input pin design_1_i/top_system_0/U0/inst_audio_player/sd_reader_inst/read_sector_no1__6/A[5] is connected to registers with an asynchronous reset. This is preventing the possibility of merging these registers in to the DSP Block since the DSP block registers only possess synchronous reset capability.  It is suggested to recode or change these registers to remove the reset or use a synchronous reset to get the best optimization for performance, power and area.
Related violations: <none>

DPIR-1#125 Warning
Asynchronous driver check  
DSP design_1_i/top_system_0/U0/inst_audio_player/sd_reader_inst/read_sector_no1__6 input pin design_1_i/top_system_0/U0/inst_audio_player/sd_reader_inst/read_sector_no1__6/A[6] is connected to registers with an asynchronous reset. This is preventing the possibility of merging these registers in to the DSP Block since the DSP block registers only possess synchronous reset capability.  It is suggested to recode or change these registers to remove the reset or use a synchronous reset to get the best optimization for performance, power and area.
Related violations: <none>

DPIR-1#126 Warning
Asynchronous driver check  
DSP design_1_i/top_system_0/U0/inst_audio_player/sd_reader_inst/read_sector_no1__6 input pin design_1_i/top_system_0/U0/inst_audio_player/sd_reader_inst/read_sector_no1__6/A[7] is connected to registers with an asynchronous reset. This is preventing the possibility of merging these registers in to the DSP Block since the DSP block registers only possess synchronous reset capability.  It is suggested to recode or change these registers to remove the reset or use a synchronous reset to get the best optimization for performance, power and area.
Related violations: <none>

DPIR-1#127 Warning
Asynchronous driver check  
DSP design_1_i/top_system_0/U0/inst_audio_player/sd_reader_inst/read_sector_no1__6 input pin design_1_i/top_system_0/U0/inst_audio_player/sd_reader_inst/read_sector_no1__6/A[8] is connected to registers with an asynchronous reset. This is preventing the possibility of merging these registers in to the DSP Block since the DSP block registers only possess synchronous reset capability.  It is suggested to recode or change these registers to remove the reset or use a synchronous reset to get the best optimization for performance, power and area.
Related violations: <none>

DPIR-1#128 Warning
Asynchronous driver check  
DSP design_1_i/top_system_0/U0/inst_audio_player/sd_reader_inst/read_sector_no1__6 input pin design_1_i/top_system_0/U0/inst_audio_player/sd_reader_inst/read_sector_no1__6/A[9] is connected to registers with an asynchronous reset. This is preventing the possibility of merging these registers in to the DSP Block since the DSP block registers only possess synchronous reset capability.  It is suggested to recode or change these registers to remove the reset or use a synchronous reset to get the best optimization for performance, power and area.
Related violations: <none>

DPIR-1#129 Warning
Asynchronous driver check  
DSP design_1_i/top_system_0/U0/inst_audio_player/sd_reader_inst/read_sector_no1__6 input pin design_1_i/top_system_0/U0/inst_audio_player/sd_reader_inst/read_sector_no1__6/B[0] is connected to registers with an asynchronous reset. This is preventing the possibility of merging these registers in to the DSP Block since the DSP block registers only possess synchronous reset capability.  It is suggested to recode or change these registers to remove the reset or use a synchronous reset to get the best optimization for performance, power and area.
Related violations: <none>

DPIR-1#130 Warning
Asynchronous driver check  
DSP design_1_i/top_system_0/U0/inst_audio_player/sd_reader_inst/read_sector_no1__6 input pin design_1_i/top_system_0/U0/inst_audio_player/sd_reader_inst/read_sector_no1__6/B[1] is connected to registers with an asynchronous reset. This is preventing the possibility of merging these registers in to the DSP Block since the DSP block registers only possess synchronous reset capability.  It is suggested to recode or change these registers to remove the reset or use a synchronous reset to get the best optimization for performance, power and area.
Related violations: <none>

DPIR-1#131 Warning
Asynchronous driver check  
DSP design_1_i/top_system_0/U0/inst_audio_player/sd_reader_inst/read_sector_no1__6 input pin design_1_i/top_system_0/U0/inst_audio_player/sd_reader_inst/read_sector_no1__6/B[2] is connected to registers with an asynchronous reset. This is preventing the possibility of merging these registers in to the DSP Block since the DSP block registers only possess synchronous reset capability.  It is suggested to recode or change these registers to remove the reset or use a synchronous reset to get the best optimization for performance, power and area.
Related violations: <none>

DPIR-1#132 Warning
Asynchronous driver check  
DSP design_1_i/top_system_0/U0/inst_audio_player/sd_reader_inst/read_sector_no1__6 input pin design_1_i/top_system_0/U0/inst_audio_player/sd_reader_inst/read_sector_no1__6/B[3] is connected to registers with an asynchronous reset. This is preventing the possibility of merging these registers in to the DSP Block since the DSP block registers only possess synchronous reset capability.  It is suggested to recode or change these registers to remove the reset or use a synchronous reset to get the best optimization for performance, power and area.
Related violations: <none>

DPIR-1#133 Warning
Asynchronous driver check  
DSP design_1_i/top_system_0/U0/inst_audio_player/sd_reader_inst/read_sector_no1__6 input pin design_1_i/top_system_0/U0/inst_audio_player/sd_reader_inst/read_sector_no1__6/B[4] is connected to registers with an asynchronous reset. This is preventing the possibility of merging these registers in to the DSP Block since the DSP block registers only possess synchronous reset capability.  It is suggested to recode or change these registers to remove the reset or use a synchronous reset to get the best optimization for performance, power and area.
Related violations: <none>

DPIR-1#134 Warning
Asynchronous driver check  
DSP design_1_i/top_system_0/U0/inst_audio_player/sd_reader_inst/read_sector_no1__6 input pin design_1_i/top_system_0/U0/inst_audio_player/sd_reader_inst/read_sector_no1__6/B[5] is connected to registers with an asynchronous reset. This is preventing the possibility of merging these registers in to the DSP Block since the DSP block registers only possess synchronous reset capability.  It is suggested to recode or change these registers to remove the reset or use a synchronous reset to get the best optimization for performance, power and area.
Related violations: <none>

DPIR-1#135 Warning
Asynchronous driver check  
DSP design_1_i/top_system_0/U0/inst_audio_player/sd_reader_inst/read_sector_no1__6 input pin design_1_i/top_system_0/U0/inst_audio_player/sd_reader_inst/read_sector_no1__6/B[6] is connected to registers with an asynchronous reset. This is preventing the possibility of merging these registers in to the DSP Block since the DSP block registers only possess synchronous reset capability.  It is suggested to recode or change these registers to remove the reset or use a synchronous reset to get the best optimization for performance, power and area.
Related violations: <none>

DPIR-1#136 Warning
Asynchronous driver check  
DSP design_1_i/top_system_0/U0/inst_audio_player/sd_reader_inst/read_sector_no1__6 input pin design_1_i/top_system_0/U0/inst_audio_player/sd_reader_inst/read_sector_no1__6/B[7] is connected to registers with an asynchronous reset. This is preventing the possibility of merging these registers in to the DSP Block since the DSP block registers only possess synchronous reset capability.  It is suggested to recode or change these registers to remove the reset or use a synchronous reset to get the best optimization for performance, power and area.
Related violations: <none>

DPIR-1#137 Warning
Asynchronous driver check  
DSP design_1_i/top_system_0/U0/inst_audio_player/sd_reader_inst/read_sector_no2 input pin design_1_i/top_system_0/U0/inst_audio_player/sd_reader_inst/read_sector_no2/A[0] is connected to registers with an asynchronous reset. This is preventing the possibility of merging these registers in to the DSP Block since the DSP block registers only possess synchronous reset capability.  It is suggested to recode or change these registers to remove the reset or use a synchronous reset to get the best optimization for performance, power and area.
Related violations: <none>

DPIR-1#138 Warning
Asynchronous driver check  
DSP design_1_i/top_system_0/U0/inst_audio_player/sd_reader_inst/read_sector_no2 input pin design_1_i/top_system_0/U0/inst_audio_player/sd_reader_inst/read_sector_no2/A[10] is connected to registers with an asynchronous reset. This is preventing the possibility of merging these registers in to the DSP Block since the DSP block registers only possess synchronous reset capability.  It is suggested to recode or change these registers to remove the reset or use a synchronous reset to get the best optimization for performance, power and area.
Related violations: <none>

DPIR-1#139 Warning
Asynchronous driver check  
DSP design_1_i/top_system_0/U0/inst_audio_player/sd_reader_inst/read_sector_no2 input pin design_1_i/top_system_0/U0/inst_audio_player/sd_reader_inst/read_sector_no2/A[11] is connected to registers with an asynchronous reset. This is preventing the possibility of merging these registers in to the DSP Block since the DSP block registers only possess synchronous reset capability.  It is suggested to recode or change these registers to remove the reset or use a synchronous reset to get the best optimization for performance, power and area.
Related violations: <none>

DPIR-1#140 Warning
Asynchronous driver check  
DSP design_1_i/top_system_0/U0/inst_audio_player/sd_reader_inst/read_sector_no2 input pin design_1_i/top_system_0/U0/inst_audio_player/sd_reader_inst/read_sector_no2/A[12] is connected to registers with an asynchronous reset. This is preventing the possibility of merging these registers in to the DSP Block since the DSP block registers only possess synchronous reset capability.  It is suggested to recode or change these registers to remove the reset or use a synchronous reset to get the best optimization for performance, power and area.
Related violations: <none>

DPIR-1#141 Warning
Asynchronous driver check  
DSP design_1_i/top_system_0/U0/inst_audio_player/sd_reader_inst/read_sector_no2 input pin design_1_i/top_system_0/U0/inst_audio_player/sd_reader_inst/read_sector_no2/A[13] is connected to registers with an asynchronous reset. This is preventing the possibility of merging these registers in to the DSP Block since the DSP block registers only possess synchronous reset capability.  It is suggested to recode or change these registers to remove the reset or use a synchronous reset to get the best optimization for performance, power and area.
Related violations: <none>

DPIR-1#142 Warning
Asynchronous driver check  
DSP design_1_i/top_system_0/U0/inst_audio_player/sd_reader_inst/read_sector_no2 input pin design_1_i/top_system_0/U0/inst_audio_player/sd_reader_inst/read_sector_no2/A[14] is connected to registers with an asynchronous reset. This is preventing the possibility of merging these registers in to the DSP Block since the DSP block registers only possess synchronous reset capability.  It is suggested to recode or change these registers to remove the reset or use a synchronous reset to get the best optimization for performance, power and area.
Related violations: <none>

DPIR-1#143 Warning
Asynchronous driver check  
DSP design_1_i/top_system_0/U0/inst_audio_player/sd_reader_inst/read_sector_no2 input pin design_1_i/top_system_0/U0/inst_audio_player/sd_reader_inst/read_sector_no2/A[15] is connected to registers with an asynchronous reset. This is preventing the possibility of merging these registers in to the DSP Block since the DSP block registers only possess synchronous reset capability.  It is suggested to recode or change these registers to remove the reset or use a synchronous reset to get the best optimization for performance, power and area.
Related violations: <none>

DPIR-1#144 Warning
Asynchronous driver check  
DSP design_1_i/top_system_0/U0/inst_audio_player/sd_reader_inst/read_sector_no2 input pin design_1_i/top_system_0/U0/inst_audio_player/sd_reader_inst/read_sector_no2/A[16] is connected to registers with an asynchronous reset. This is preventing the possibility of merging these registers in to the DSP Block since the DSP block registers only possess synchronous reset capability.  It is suggested to recode or change these registers to remove the reset or use a synchronous reset to get the best optimization for performance, power and area.
Related violations: <none>

DPIR-1#145 Warning
Asynchronous driver check  
DSP design_1_i/top_system_0/U0/inst_audio_player/sd_reader_inst/read_sector_no2 input pin design_1_i/top_system_0/U0/inst_audio_player/sd_reader_inst/read_sector_no2/A[1] is connected to registers with an asynchronous reset. This is preventing the possibility of merging these registers in to the DSP Block since the DSP block registers only possess synchronous reset capability.  It is suggested to recode or change these registers to remove the reset or use a synchronous reset to get the best optimization for performance, power and area.
Related violations: <none>

DPIR-1#146 Warning
Asynchronous driver check  
DSP design_1_i/top_system_0/U0/inst_audio_player/sd_reader_inst/read_sector_no2 input pin design_1_i/top_system_0/U0/inst_audio_player/sd_reader_inst/read_sector_no2/A[2] is connected to registers with an asynchronous reset. This is preventing the possibility of merging these registers in to the DSP Block since the DSP block registers only possess synchronous reset capability.  It is suggested to recode or change these registers to remove the reset or use a synchronous reset to get the best optimization for performance, power and area.
Related violations: <none>

DPIR-1#147 Warning
Asynchronous driver check  
DSP design_1_i/top_system_0/U0/inst_audio_player/sd_reader_inst/read_sector_no2 input pin design_1_i/top_system_0/U0/inst_audio_player/sd_reader_inst/read_sector_no2/A[3] is connected to registers with an asynchronous reset. This is preventing the possibility of merging these registers in to the DSP Block since the DSP block registers only possess synchronous reset capability.  It is suggested to recode or change these registers to remove the reset or use a synchronous reset to get the best optimization for performance, power and area.
Related violations: <none>

DPIR-1#148 Warning
Asynchronous driver check  
DSP design_1_i/top_system_0/U0/inst_audio_player/sd_reader_inst/read_sector_no2 input pin design_1_i/top_system_0/U0/inst_audio_player/sd_reader_inst/read_sector_no2/A[4] is connected to registers with an asynchronous reset. This is preventing the possibility of merging these registers in to the DSP Block since the DSP block registers only possess synchronous reset capability.  It is suggested to recode or change these registers to remove the reset or use a synchronous reset to get the best optimization for performance, power and area.
Related violations: <none>

DPIR-1#149 Warning
Asynchronous driver check  
DSP design_1_i/top_system_0/U0/inst_audio_player/sd_reader_inst/read_sector_no2 input pin design_1_i/top_system_0/U0/inst_audio_player/sd_reader_inst/read_sector_no2/A[5] is connected to registers with an asynchronous reset. This is preventing the possibility of merging these registers in to the DSP Block since the DSP block registers only possess synchronous reset capability.  It is suggested to recode or change these registers to remove the reset or use a synchronous reset to get the best optimization for performance, power and area.
Related violations: <none>

DPIR-1#150 Warning
Asynchronous driver check  
DSP design_1_i/top_system_0/U0/inst_audio_player/sd_reader_inst/read_sector_no2 input pin design_1_i/top_system_0/U0/inst_audio_player/sd_reader_inst/read_sector_no2/A[6] is connected to registers with an asynchronous reset. This is preventing the possibility of merging these registers in to the DSP Block since the DSP block registers only possess synchronous reset capability.  It is suggested to recode or change these registers to remove the reset or use a synchronous reset to get the best optimization for performance, power and area.
Related violations: <none>

DPIR-1#151 Warning
Asynchronous driver check  
DSP design_1_i/top_system_0/U0/inst_audio_player/sd_reader_inst/read_sector_no2 input pin design_1_i/top_system_0/U0/inst_audio_player/sd_reader_inst/read_sector_no2/A[7] is connected to registers with an asynchronous reset. This is preventing the possibility of merging these registers in to the DSP Block since the DSP block registers only possess synchronous reset capability.  It is suggested to recode or change these registers to remove the reset or use a synchronous reset to get the best optimization for performance, power and area.
Related violations: <none>

DPIR-1#152 Warning
Asynchronous driver check  
DSP design_1_i/top_system_0/U0/inst_audio_player/sd_reader_inst/read_sector_no2 input pin design_1_i/top_system_0/U0/inst_audio_player/sd_reader_inst/read_sector_no2/A[8] is connected to registers with an asynchronous reset. This is preventing the possibility of merging these registers in to the DSP Block since the DSP block registers only possess synchronous reset capability.  It is suggested to recode or change these registers to remove the reset or use a synchronous reset to get the best optimization for performance, power and area.
Related violations: <none>

DPIR-1#153 Warning
Asynchronous driver check  
DSP design_1_i/top_system_0/U0/inst_audio_player/sd_reader_inst/read_sector_no2 input pin design_1_i/top_system_0/U0/inst_audio_player/sd_reader_inst/read_sector_no2/A[9] is connected to registers with an asynchronous reset. This is preventing the possibility of merging these registers in to the DSP Block since the DSP block registers only possess synchronous reset capability.  It is suggested to recode or change these registers to remove the reset or use a synchronous reset to get the best optimization for performance, power and area.
Related violations: <none>

DPIR-1#154 Warning
Asynchronous driver check  
DSP design_1_i/top_system_0/U0/inst_audio_player/sd_reader_inst/read_sector_no2 input pin design_1_i/top_system_0/U0/inst_audio_player/sd_reader_inst/read_sector_no2/B[0] is connected to registers with an asynchronous reset. This is preventing the possibility of merging these registers in to the DSP Block since the DSP block registers only possess synchronous reset capability.  It is suggested to recode or change these registers to remove the reset or use a synchronous reset to get the best optimization for performance, power and area.
Related violations: <none>

DPIR-1#155 Warning
Asynchronous driver check  
DSP design_1_i/top_system_0/U0/inst_audio_player/sd_reader_inst/read_sector_no2 input pin design_1_i/top_system_0/U0/inst_audio_player/sd_reader_inst/read_sector_no2/B[1] is connected to registers with an asynchronous reset. This is preventing the possibility of merging these registers in to the DSP Block since the DSP block registers only possess synchronous reset capability.  It is suggested to recode or change these registers to remove the reset or use a synchronous reset to get the best optimization for performance, power and area.
Related violations: <none>

DPIR-1#156 Warning
Asynchronous driver check  
DSP design_1_i/top_system_0/U0/inst_audio_player/sd_reader_inst/read_sector_no2 input pin design_1_i/top_system_0/U0/inst_audio_player/sd_reader_inst/read_sector_no2/B[2] is connected to registers with an asynchronous reset. This is preventing the possibility of merging these registers in to the DSP Block since the DSP block registers only possess synchronous reset capability.  It is suggested to recode or change these registers to remove the reset or use a synchronous reset to get the best optimization for performance, power and area.
Related violations: <none>

DPIR-1#157 Warning
Asynchronous driver check  
DSP design_1_i/top_system_0/U0/inst_audio_player/sd_reader_inst/read_sector_no2 input pin design_1_i/top_system_0/U0/inst_audio_player/sd_reader_inst/read_sector_no2/B[3] is connected to registers with an asynchronous reset. This is preventing the possibility of merging these registers in to the DSP Block since the DSP block registers only possess synchronous reset capability.  It is suggested to recode or change these registers to remove the reset or use a synchronous reset to get the best optimization for performance, power and area.
Related violations: <none>

DPIR-1#158 Warning
Asynchronous driver check  
DSP design_1_i/top_system_0/U0/inst_audio_player/sd_reader_inst/read_sector_no2 input pin design_1_i/top_system_0/U0/inst_audio_player/sd_reader_inst/read_sector_no2/B[4] is connected to registers with an asynchronous reset. This is preventing the possibility of merging these registers in to the DSP Block since the DSP block registers only possess synchronous reset capability.  It is suggested to recode or change these registers to remove the reset or use a synchronous reset to get the best optimization for performance, power and area.
Related violations: <none>

DPIR-1#159 Warning
Asynchronous driver check  
DSP design_1_i/top_system_0/U0/inst_audio_player/sd_reader_inst/read_sector_no2 input pin design_1_i/top_system_0/U0/inst_audio_player/sd_reader_inst/read_sector_no2/B[5] is connected to registers with an asynchronous reset. This is preventing the possibility of merging these registers in to the DSP Block since the DSP block registers only possess synchronous reset capability.  It is suggested to recode or change these registers to remove the reset or use a synchronous reset to get the best optimization for performance, power and area.
Related violations: <none>

DPIR-1#160 Warning
Asynchronous driver check  
DSP design_1_i/top_system_0/U0/inst_audio_player/sd_reader_inst/read_sector_no2 input pin design_1_i/top_system_0/U0/inst_audio_player/sd_reader_inst/read_sector_no2/B[6] is connected to registers with an asynchronous reset. This is preventing the possibility of merging these registers in to the DSP Block since the DSP block registers only possess synchronous reset capability.  It is suggested to recode or change these registers to remove the reset or use a synchronous reset to get the best optimization for performance, power and area.
Related violations: <none>

DPIR-1#161 Warning
Asynchronous driver check  
DSP design_1_i/top_system_0/U0/inst_audio_player/sd_reader_inst/read_sector_no2 input pin design_1_i/top_system_0/U0/inst_audio_player/sd_reader_inst/read_sector_no2/B[7] is connected to registers with an asynchronous reset. This is preventing the possibility of merging these registers in to the DSP Block since the DSP block registers only possess synchronous reset capability.  It is suggested to recode or change these registers to remove the reset or use a synchronous reset to get the best optimization for performance, power and area.
Related violations: <none>

DPIR-1#162 Warning
Asynchronous driver check  
DSP design_1_i/top_system_0/U0/inst_audio_player/sd_reader_inst/read_sector_no2__0 input pin design_1_i/top_system_0/U0/inst_audio_player/sd_reader_inst/read_sector_no2__0/A[0] is connected to registers with an asynchronous reset. This is preventing the possibility of merging these registers in to the DSP Block since the DSP block registers only possess synchronous reset capability.  It is suggested to recode or change these registers to remove the reset or use a synchronous reset to get the best optimization for performance, power and area.
Related violations: <none>

DPIR-1#163 Warning
Asynchronous driver check  
DSP design_1_i/top_system_0/U0/inst_audio_player/sd_reader_inst/read_sector_no2__0 input pin design_1_i/top_system_0/U0/inst_audio_player/sd_reader_inst/read_sector_no2__0/A[10] is connected to registers with an asynchronous reset. This is preventing the possibility of merging these registers in to the DSP Block since the DSP block registers only possess synchronous reset capability.  It is suggested to recode or change these registers to remove the reset or use a synchronous reset to get the best optimization for performance, power and area.
Related violations: <none>

DPIR-1#164 Warning
Asynchronous driver check  
DSP design_1_i/top_system_0/U0/inst_audio_player/sd_reader_inst/read_sector_no2__0 input pin design_1_i/top_system_0/U0/inst_audio_player/sd_reader_inst/read_sector_no2__0/A[11] is connected to registers with an asynchronous reset. This is preventing the possibility of merging these registers in to the DSP Block since the DSP block registers only possess synchronous reset capability.  It is suggested to recode or change these registers to remove the reset or use a synchronous reset to get the best optimization for performance, power and area.
Related violations: <none>

DPIR-1#165 Warning
Asynchronous driver check  
DSP design_1_i/top_system_0/U0/inst_audio_player/sd_reader_inst/read_sector_no2__0 input pin design_1_i/top_system_0/U0/inst_audio_player/sd_reader_inst/read_sector_no2__0/A[12] is connected to registers with an asynchronous reset. This is preventing the possibility of merging these registers in to the DSP Block since the DSP block registers only possess synchronous reset capability.  It is suggested to recode or change these registers to remove the reset or use a synchronous reset to get the best optimization for performance, power and area.
Related violations: <none>

DPIR-1#166 Warning
Asynchronous driver check  
DSP design_1_i/top_system_0/U0/inst_audio_player/sd_reader_inst/read_sector_no2__0 input pin design_1_i/top_system_0/U0/inst_audio_player/sd_reader_inst/read_sector_no2__0/A[13] is connected to registers with an asynchronous reset. This is preventing the possibility of merging these registers in to the DSP Block since the DSP block registers only possess synchronous reset capability.  It is suggested to recode or change these registers to remove the reset or use a synchronous reset to get the best optimization for performance, power and area.
Related violations: <none>

DPIR-1#167 Warning
Asynchronous driver check  
DSP design_1_i/top_system_0/U0/inst_audio_player/sd_reader_inst/read_sector_no2__0 input pin design_1_i/top_system_0/U0/inst_audio_player/sd_reader_inst/read_sector_no2__0/A[14] is connected to registers with an asynchronous reset. This is preventing the possibility of merging these registers in to the DSP Block since the DSP block registers only possess synchronous reset capability.  It is suggested to recode or change these registers to remove the reset or use a synchronous reset to get the best optimization for performance, power and area.
Related violations: <none>

DPIR-1#168 Warning
Asynchronous driver check  
DSP design_1_i/top_system_0/U0/inst_audio_player/sd_reader_inst/read_sector_no2__0 input pin design_1_i/top_system_0/U0/inst_audio_player/sd_reader_inst/read_sector_no2__0/A[1] is connected to registers with an asynchronous reset. This is preventing the possibility of merging these registers in to the DSP Block since the DSP block registers only possess synchronous reset capability.  It is suggested to recode or change these registers to remove the reset or use a synchronous reset to get the best optimization for performance, power and area.
Related violations: <none>

DPIR-1#169 Warning
Asynchronous driver check  
DSP design_1_i/top_system_0/U0/inst_audio_player/sd_reader_inst/read_sector_no2__0 input pin design_1_i/top_system_0/U0/inst_audio_player/sd_reader_inst/read_sector_no2__0/A[2] is connected to registers with an asynchronous reset. This is preventing the possibility of merging these registers in to the DSP Block since the DSP block registers only possess synchronous reset capability.  It is suggested to recode or change these registers to remove the reset or use a synchronous reset to get the best optimization for performance, power and area.
Related violations: <none>

DPIR-1#170 Warning
Asynchronous driver check  
DSP design_1_i/top_system_0/U0/inst_audio_player/sd_reader_inst/read_sector_no2__0 input pin design_1_i/top_system_0/U0/inst_audio_player/sd_reader_inst/read_sector_no2__0/A[3] is connected to registers with an asynchronous reset. This is preventing the possibility of merging these registers in to the DSP Block since the DSP block registers only possess synchronous reset capability.  It is suggested to recode or change these registers to remove the reset or use a synchronous reset to get the best optimization for performance, power and area.
Related violations: <none>

DPIR-1#171 Warning
Asynchronous driver check  
DSP design_1_i/top_system_0/U0/inst_audio_player/sd_reader_inst/read_sector_no2__0 input pin design_1_i/top_system_0/U0/inst_audio_player/sd_reader_inst/read_sector_no2__0/A[4] is connected to registers with an asynchronous reset. This is preventing the possibility of merging these registers in to the DSP Block since the DSP block registers only possess synchronous reset capability.  It is suggested to recode or change these registers to remove the reset or use a synchronous reset to get the best optimization for performance, power and area.
Related violations: <none>

DPIR-1#172 Warning
Asynchronous driver check  
DSP design_1_i/top_system_0/U0/inst_audio_player/sd_reader_inst/read_sector_no2__0 input pin design_1_i/top_system_0/U0/inst_audio_player/sd_reader_inst/read_sector_no2__0/A[5] is connected to registers with an asynchronous reset. This is preventing the possibility of merging these registers in to the DSP Block since the DSP block registers only possess synchronous reset capability.  It is suggested to recode or change these registers to remove the reset or use a synchronous reset to get the best optimization for performance, power and area.
Related violations: <none>

DPIR-1#173 Warning
Asynchronous driver check  
DSP design_1_i/top_system_0/U0/inst_audio_player/sd_reader_inst/read_sector_no2__0 input pin design_1_i/top_system_0/U0/inst_audio_player/sd_reader_inst/read_sector_no2__0/A[6] is connected to registers with an asynchronous reset. This is preventing the possibility of merging these registers in to the DSP Block since the DSP block registers only possess synchronous reset capability.  It is suggested to recode or change these registers to remove the reset or use a synchronous reset to get the best optimization for performance, power and area.
Related violations: <none>

DPIR-1#174 Warning
Asynchronous driver check  
DSP design_1_i/top_system_0/U0/inst_audio_player/sd_reader_inst/read_sector_no2__0 input pin design_1_i/top_system_0/U0/inst_audio_player/sd_reader_inst/read_sector_no2__0/A[7] is connected to registers with an asynchronous reset. This is preventing the possibility of merging these registers in to the DSP Block since the DSP block registers only possess synchronous reset capability.  It is suggested to recode or change these registers to remove the reset or use a synchronous reset to get the best optimization for performance, power and area.
Related violations: <none>

DPIR-1#175 Warning
Asynchronous driver check  
DSP design_1_i/top_system_0/U0/inst_audio_player/sd_reader_inst/read_sector_no2__0 input pin design_1_i/top_system_0/U0/inst_audio_player/sd_reader_inst/read_sector_no2__0/A[8] is connected to registers with an asynchronous reset. This is preventing the possibility of merging these registers in to the DSP Block since the DSP block registers only possess synchronous reset capability.  It is suggested to recode or change these registers to remove the reset or use a synchronous reset to get the best optimization for performance, power and area.
Related violations: <none>

DPIR-1#176 Warning
Asynchronous driver check  
DSP design_1_i/top_system_0/U0/inst_audio_player/sd_reader_inst/read_sector_no2__0 input pin design_1_i/top_system_0/U0/inst_audio_player/sd_reader_inst/read_sector_no2__0/A[9] is connected to registers with an asynchronous reset. This is preventing the possibility of merging these registers in to the DSP Block since the DSP block registers only possess synchronous reset capability.  It is suggested to recode or change these registers to remove the reset or use a synchronous reset to get the best optimization for performance, power and area.
Related violations: <none>

DPIR-1#177 Warning
Asynchronous driver check  
DSP design_1_i/top_system_0/U0/inst_audio_player/sd_reader_inst/read_sector_no2__0 input pin design_1_i/top_system_0/U0/inst_audio_player/sd_reader_inst/read_sector_no2__0/B[0] is connected to registers with an asynchronous reset. This is preventing the possibility of merging these registers in to the DSP Block since the DSP block registers only possess synchronous reset capability.  It is suggested to recode or change these registers to remove the reset or use a synchronous reset to get the best optimization for performance, power and area.
Related violations: <none>

DPIR-1#178 Warning
Asynchronous driver check  
DSP design_1_i/top_system_0/U0/inst_audio_player/sd_reader_inst/read_sector_no2__0 input pin design_1_i/top_system_0/U0/inst_audio_player/sd_reader_inst/read_sector_no2__0/B[1] is connected to registers with an asynchronous reset. This is preventing the possibility of merging these registers in to the DSP Block since the DSP block registers only possess synchronous reset capability.  It is suggested to recode or change these registers to remove the reset or use a synchronous reset to get the best optimization for performance, power and area.
Related violations: <none>

DPIR-1#179 Warning
Asynchronous driver check  
DSP design_1_i/top_system_0/U0/inst_audio_player/sd_reader_inst/read_sector_no2__0 input pin design_1_i/top_system_0/U0/inst_audio_player/sd_reader_inst/read_sector_no2__0/B[2] is connected to registers with an asynchronous reset. This is preventing the possibility of merging these registers in to the DSP Block since the DSP block registers only possess synchronous reset capability.  It is suggested to recode or change these registers to remove the reset or use a synchronous reset to get the best optimization for performance, power and area.
Related violations: <none>

DPIR-1#180 Warning
Asynchronous driver check  
DSP design_1_i/top_system_0/U0/inst_audio_player/sd_reader_inst/read_sector_no2__0 input pin design_1_i/top_system_0/U0/inst_audio_player/sd_reader_inst/read_sector_no2__0/B[3] is connected to registers with an asynchronous reset. This is preventing the possibility of merging these registers in to the DSP Block since the DSP block registers only possess synchronous reset capability.  It is suggested to recode or change these registers to remove the reset or use a synchronous reset to get the best optimization for performance, power and area.
Related violations: <none>

DPIR-1#181 Warning
Asynchronous driver check  
DSP design_1_i/top_system_0/U0/inst_audio_player/sd_reader_inst/read_sector_no2__0 input pin design_1_i/top_system_0/U0/inst_audio_player/sd_reader_inst/read_sector_no2__0/B[4] is connected to registers with an asynchronous reset. This is preventing the possibility of merging these registers in to the DSP Block since the DSP block registers only possess synchronous reset capability.  It is suggested to recode or change these registers to remove the reset or use a synchronous reset to get the best optimization for performance, power and area.
Related violations: <none>

DPIR-1#182 Warning
Asynchronous driver check  
DSP design_1_i/top_system_0/U0/inst_audio_player/sd_reader_inst/read_sector_no2__0 input pin design_1_i/top_system_0/U0/inst_audio_player/sd_reader_inst/read_sector_no2__0/B[5] is connected to registers with an asynchronous reset. This is preventing the possibility of merging these registers in to the DSP Block since the DSP block registers only possess synchronous reset capability.  It is suggested to recode or change these registers to remove the reset or use a synchronous reset to get the best optimization for performance, power and area.
Related violations: <none>

DPIR-1#183 Warning
Asynchronous driver check  
DSP design_1_i/top_system_0/U0/inst_audio_player/sd_reader_inst/read_sector_no2__0 input pin design_1_i/top_system_0/U0/inst_audio_player/sd_reader_inst/read_sector_no2__0/B[6] is connected to registers with an asynchronous reset. This is preventing the possibility of merging these registers in to the DSP Block since the DSP block registers only possess synchronous reset capability.  It is suggested to recode or change these registers to remove the reset or use a synchronous reset to get the best optimization for performance, power and area.
Related violations: <none>

DPIR-1#184 Warning
Asynchronous driver check  
DSP design_1_i/top_system_0/U0/inst_audio_player/sd_reader_inst/read_sector_no2__0 input pin design_1_i/top_system_0/U0/inst_audio_player/sd_reader_inst/read_sector_no2__0/B[7] is connected to registers with an asynchronous reset. This is preventing the possibility of merging these registers in to the DSP Block since the DSP block registers only possess synchronous reset capability.  It is suggested to recode or change these registers to remove the reset or use a synchronous reset to get the best optimization for performance, power and area.
Related violations: <none>

HPDR-1#1 Warning
Port pin direction inconsistency  
Hierarchical port(pin) i2c_sda_0 direction INOUT is not consistent with the directions of the cell pins/ports found at that level of the netlist hierarchy. Please review the design and consider changing the port(pin) direction. Both drivers and loads were expected for the net (i2c_sda_0) connected to this Port, but both were not found.
Related violations: <none>

HPDR-2#1 Warning
Port pin INOUT inconsistency  
Hierarchical port(pin) design_1_i/i2c_sda_0 direction INOUT is not consistent with the directions of the cell pins/ports found at that level of the netlist hierarchy. Please review the design and consider changing the port(pin) direction. Both drivers and loads were expected for the net (i2c_sda_0_OBUF) connected to this hierarchical pin/port, but both were not found.
Related violations: <none>

HPDR-2#2 Warning
Port pin INOUT inconsistency  
Hierarchical port(pin) design_1_i/top_system_0/i2c_sda direction INOUT is not consistent with the directions of the cell pins/ports found at that level of the netlist hierarchy. Please review the design and consider changing the port(pin) direction. Both drivers and loads were expected for the net (design_1_i/top_system_0/i2c_sda) connected to this hierarchical pin/port, but both were not found.
Related violations: <none>

LUTAR-1#1 Warning
LUT drives async reset alert  
LUT cell dbg_hub/inst/BSCANID.u_xsdbm_id/CORE_XSDB.UUT_MASTER/U_ICON_INTERFACE/U_CMD6_RD/U_RD_FIFO/SUBCORE_FIFO.xsdbm_v3_0_4_rdfifo_inst/inst_fifo_gen/gconvfifo.rf/grf.rf/rstblk/ngwrdrst.grst.g7serrst.gwrrd_rst_sync_stage[2].rrst_inst/ngwrdrst.grst.g7serrst.rd_rst_reg[2]_i_1, with 2 or more inputs, drives asynchronous preset/clear pin(s) dbg_hub/inst/BSCANID.u_xsdbm_id/CORE_XSDB.UUT_MASTER/U_ICON_INTERFACE/U_CMD6_RD/U_RD_FIFO/SUBCORE_FIFO.xsdbm_v3_0_4_rdfifo_inst/inst_fifo_gen/gconvfifo.rf/grf.rf/rstblk/ngwrdrst.grst.g7serrst.rd_rst_reg_reg[0]/PRE,
dbg_hub/inst/BSCANID.u_xsdbm_id/CORE_XSDB.UUT_MASTER/U_ICON_INTERFACE/U_CMD6_RD/U_RD_FIFO/SUBCORE_FIFO.xsdbm_v3_0_4_rdfifo_inst/inst_fifo_gen/gconvfifo.rf/grf.rf/rstblk/ngwrdrst.grst.g7serrst.rd_rst_reg_reg[1]/PRE
dbg_hub/inst/BSCANID.u_xsdbm_id/CORE_XSDB.UUT_MASTER/U_ICON_INTERFACE/U_CMD6_RD/U_RD_FIFO/SUBCORE_FIFO.xsdbm_v3_0_4_rdfifo_inst/inst_fifo_gen/gconvfifo.rf/grf.rf/rstblk/ngwrdrst.grst.g7serrst.rd_rst_reg_reg[2]/PRE. The LUT may glitch and trigger an unexpected reset, even if it is a properly timed path.
Related violations: <none>

LUTAR-1#2 Warning
LUT drives async reset alert  
LUT cell dbg_hub/inst/BSCANID.u_xsdbm_id/CORE_XSDB.UUT_MASTER/U_ICON_INTERFACE/U_CMD6_RD/U_RD_FIFO/SUBCORE_FIFO.xsdbm_v3_0_4_rdfifo_inst/inst_fifo_gen/gconvfifo.rf/grf.rf/rstblk/ngwrdrst.grst.g7serrst.gwrrd_rst_sync_stage[2].wrst_inst/ngwrdrst.grst.g7serrst.wr_rst_reg[2]_i_1, with 2 or more inputs, drives asynchronous preset/clear pin(s) dbg_hub/inst/BSCANID.u_xsdbm_id/CORE_XSDB.UUT_MASTER/U_ICON_INTERFACE/U_CMD6_RD/U_RD_FIFO/SUBCORE_FIFO.xsdbm_v3_0_4_rdfifo_inst/inst_fifo_gen/gconvfifo.rf/grf.rf/rstblk/ngwrdrst.grst.g7serrst.wr_rst_reg_reg[0]/PRE,
dbg_hub/inst/BSCANID.u_xsdbm_id/CORE_XSDB.UUT_MASTER/U_ICON_INTERFACE/U_CMD6_RD/U_RD_FIFO/SUBCORE_FIFO.xsdbm_v3_0_4_rdfifo_inst/inst_fifo_gen/gconvfifo.rf/grf.rf/rstblk/ngwrdrst.grst.g7serrst.wr_rst_reg_reg[1]/PRE
dbg_hub/inst/BSCANID.u_xsdbm_id/CORE_XSDB.UUT_MASTER/U_ICON_INTERFACE/U_CMD6_RD/U_RD_FIFO/SUBCORE_FIFO.xsdbm_v3_0_4_rdfifo_inst/inst_fifo_gen/gconvfifo.rf/grf.rf/rstblk/ngwrdrst.grst.g7serrst.wr_rst_reg_reg[2]/PRE. The LUT may glitch and trigger an unexpected reset, even if it is a properly timed path.
Related violations: <none>

LUTAR-1#3 Warning
LUT drives async reset alert  
LUT cell dbg_hub/inst/BSCANID.u_xsdbm_id/CORE_XSDB.UUT_MASTER/U_ICON_INTERFACE/U_CMD6_WR/U_WR_FIFO/SUBCORE_FIFO.xsdbm_v3_0_4_wrfifo_inst/inst_fifo_gen/gconvfifo.rf/grf.rf/rstblk/ngwrdrst.grst.g7serrst.gwrrd_rst_sync_stage[2].rrst_inst/ngwrdrst.grst.g7serrst.rd_rst_reg[2]_i_1, with 2 or more inputs, drives asynchronous preset/clear pin(s) dbg_hub/inst/BSCANID.u_xsdbm_id/CORE_XSDB.UUT_MASTER/U_ICON_INTERFACE/U_CMD6_WR/U_WR_FIFO/SUBCORE_FIFO.xsdbm_v3_0_4_wrfifo_inst/inst_fifo_gen/gconvfifo.rf/grf.rf/rstblk/ngwrdrst.grst.g7serrst.rd_rst_reg_reg[0]/PRE,
dbg_hub/inst/BSCANID.u_xsdbm_id/CORE_XSDB.UUT_MASTER/U_ICON_INTERFACE/U_CMD6_WR/U_WR_FIFO/SUBCORE_FIFO.xsdbm_v3_0_4_wrfifo_inst/inst_fifo_gen/gconvfifo.rf/grf.rf/rstblk/ngwrdrst.grst.g7serrst.rd_rst_reg_reg[1]/PRE
dbg_hub/inst/BSCANID.u_xsdbm_id/CORE_XSDB.UUT_MASTER/U_ICON_INTERFACE/U_CMD6_WR/U_WR_FIFO/SUBCORE_FIFO.xsdbm_v3_0_4_wrfifo_inst/inst_fifo_gen/gconvfifo.rf/grf.rf/rstblk/ngwrdrst.grst.g7serrst.rd_rst_reg_reg[2]/PRE. The LUT may glitch and trigger an unexpected reset, even if it is a properly timed path.
Related violations: <none>

LUTAR-1#4 Warning
LUT drives async reset alert  
LUT cell dbg_hub/inst/BSCANID.u_xsdbm_id/CORE_XSDB.UUT_MASTER/U_ICON_INTERFACE/U_CMD6_WR/U_WR_FIFO/SUBCORE_FIFO.xsdbm_v3_0_4_wrfifo_inst/inst_fifo_gen/gconvfifo.rf/grf.rf/rstblk/ngwrdrst.grst.g7serrst.gwrrd_rst_sync_stage[2].wrst_inst/ngwrdrst.grst.g7serrst.wr_rst_reg[2]_i_1, with 2 or more inputs, drives asynchronous preset/clear pin(s) dbg_hub/inst/BSCANID.u_xsdbm_id/CORE_XSDB.UUT_MASTER/U_ICON_INTERFACE/U_CMD6_WR/U_WR_FIFO/SUBCORE_FIFO.xsdbm_v3_0_4_wrfifo_inst/inst_fifo_gen/gconvfifo.rf/grf.rf/rstblk/ngwrdrst.grst.g7serrst.wr_rst_reg_reg[0]/PRE,
dbg_hub/inst/BSCANID.u_xsdbm_id/CORE_XSDB.UUT_MASTER/U_ICON_INTERFACE/U_CMD6_WR/U_WR_FIFO/SUBCORE_FIFO.xsdbm_v3_0_4_wrfifo_inst/inst_fifo_gen/gconvfifo.rf/grf.rf/rstblk/ngwrdrst.grst.g7serrst.wr_rst_reg_reg[1]/PRE
dbg_hub/inst/BSCANID.u_xsdbm_id/CORE_XSDB.UUT_MASTER/U_ICON_INTERFACE/U_CMD6_WR/U_WR_FIFO/SUBCORE_FIFO.xsdbm_v3_0_4_wrfifo_inst/inst_fifo_gen/gconvfifo.rf/grf.rf/rstblk/ngwrdrst.grst.g7serrst.wr_rst_reg_reg[2]/PRE. The LUT may glitch and trigger an unexpected reset, even if it is a properly timed path.
Related violations: <none>

LUTAR-1#5 Warning
LUT drives async reset alert  
LUT cell design_1_i/top_system_0/U0/inst_i2s_tx/sclk_int_i_2, with 2 or more inputs, drives asynchronous preset/clear pin(s) design_1_i/top_system_0/U0/inst_i2s_tx/r_tx_shift_reg[20]/CLR,
design_1_i/top_system_0/U0/inst_i2s_tx/r_tx_shift_reg[21]/CLR,
design_1_i/top_system_0/U0/inst_i2s_tx/r_tx_shift_reg[22]/CLR,
design_1_i/top_system_0/U0/inst_i2s_tx/r_tx_shift_reg[23]/CLR,
design_1_i/top_system_0/U0/inst_i2s_tx/r_tx_shift_reg[8]/CLR,
design_1_i/top_system_0/U0/inst_i2s_tx/r_tx_shift_reg[9]/CLR,
design_1_i/top_system_0/U0/inst_i2s_tx/sclk_int_reg/CLR,
design_1_i/top_system_0/U0/inst_i2s_tx/sd_tx_reg/CLR,
design_1_i/top_system_0/U0/inst_i2s_tx/ws_cnt_reg[0]/CLR,
design_1_i/top_system_0/U0/inst_i2s_tx/ws_cnt_reg[1]/CLR,
design_1_i/top_system_0/U0/inst_i2s_tx/ws_cnt_reg[2]/CLR,
design_1_i/top_system_0/U0/inst_i2s_tx/ws_cnt_reg[3]/CLR,
design_1_i/top_system_0/U0/inst_i2s_tx/ws_cnt_reg[4]/CLR,
design_1_i/top_system_0/U0/inst_i2s_tx/ws_cnt_reg[5]/CLR,
design_1_i/top_system_0/U0/inst_i2s_tx/ws_int_reg/CLR
 (the first 15 of 50 listed). The LUT may glitch and trigger an unexpected reset, even if it is a properly timed path.
Related violations: <none>

LUTAR-1#6 Warning
LUT drives async reset alert  
LUT cell design_1_i/top_system_0/U0/inst_tas2110_i2c/sdclk_i_2, with 2 or more inputs, drives asynchronous preset/clear pin(s) design_1_i/top_system_0/U0/inst_audio_player/sample_reg_reg[13]/CLR,
design_1_i/top_system_0/U0/inst_audio_player/sample_reg_reg[14]/CLR,
design_1_i/top_system_0/U0/inst_audio_player/sample_reg_reg[15]/CLR,
design_1_i/top_system_0/U0/inst_audio_player/sample_reg_reg[1]/CLR,
design_1_i/top_system_0/U0/inst_audio_player/sample_reg_reg[2]/CLR,
design_1_i/top_system_0/U0/inst_audio_player/sample_reg_reg[3]/CLR,
design_1_i/top_system_0/U0/inst_audio_player/sample_reg_reg[4]/CLR,
design_1_i/top_system_0/U0/inst_audio_player/sample_reg_reg[5]/CLR,
design_1_i/top_system_0/U0/inst_audio_player/sample_reg_reg[6]/CLR,
design_1_i/top_system_0/U0/inst_audio_player/sample_reg_reg[7]/CLR,
design_1_i/top_system_0/U0/inst_audio_player/sample_reg_reg[8]/CLR,
design_1_i/top_system_0/U0/inst_audio_player/sample_reg_reg[9]/CLR,
design_1_i/top_system_0/U0/inst_audio_player/sd_reader_inst/file_found_reg_lopt_replica/CLR,
design_1_i/top_system_0/U0/inst_audio_player/song_idx_reg_reg[0]/CLR,
design_1_i/top_system_0/U0/inst_audio_player/song_idx_reg_reg[1]/CLR
 (the first 15 of 1101 listed). The LUT may glitch and trigger an unexpected reset, even if it is a properly timed path.
Related violations: <none>

TIMING-16#1 Warning
Large setup violation  
There is a large setup violation of -2.165 ns between design_1_i/top_system_0/U0/inst_audio_player/sample_reg_reg[9]/C (clocked by clk_out2_design_1_clk_wiz_0_0) and design_1_i/top_system_0/U0/inst_i2s_tx/r_tx_shift_reg[17]/D (clocked by clk_out1_design_1_clk_wiz_0_0). Large setup violations at the end of those stages might be difficult to fix during the post-placement implementation flow and could be the result of non-optimal XDC constraints or non-optimal design architecture
Related violations: <none>

TIMING-16#2 Warning
Large setup violation  
There is a large setup violation of -2.171 ns between design_1_i/top_system_0/U0/inst_audio_player/sample_reg_reg[9]/C (clocked by clk_out2_design_1_clk_wiz_0_0) and design_1_i/top_system_0/U0/inst_i2s_tx/l_tx_shift_reg[17]/D (clocked by clk_out1_design_1_clk_wiz_0_0). Large setup violations at the end of those stages might be difficult to fix during the post-placement implementation flow and could be the result of non-optimal XDC constraints or non-optimal design architecture
Related violations: <none>

TIMING-16#3 Warning
Large setup violation  
There is a large setup violation of -2.258 ns between design_1_i/top_system_0/U0/inst_audio_player/sample_reg_reg[2]/C (clocked by clk_out2_design_1_clk_wiz_0_0) and design_1_i/top_system_0/U0/inst_i2s_tx/l_tx_shift_reg[10]/D (clocked by clk_out1_design_1_clk_wiz_0_0). Large setup violations at the end of those stages might be difficult to fix during the post-placement implementation flow and could be the result of non-optimal XDC constraints or non-optimal design architecture
Related violations: <none>

TIMING-16#4 Warning
Large setup violation  
There is a large setup violation of -2.275 ns between design_1_i/top_system_0/U0/inst_audio_player/sample_reg_reg[2]/C (clocked by clk_out2_design_1_clk_wiz_0_0) and design_1_i/top_system_0/U0/inst_i2s_tx/r_tx_shift_reg[10]/D (clocked by clk_out1_design_1_clk_wiz_0_0). Large setup violations at the end of those stages might be difficult to fix during the post-placement implementation flow and could be the result of non-optimal XDC constraints or non-optimal design architecture
Related violations: <none>

TIMING-16#5 Warning
Large setup violation  
There is a large setup violation of -2.276 ns between design_1_i/top_system_0/U0/inst_audio_player/sample_reg_reg[4]/C (clocked by clk_out2_design_1_clk_wiz_0_0) and design_1_i/top_system_0/U0/inst_i2s_tx/l_tx_shift_reg[12]/D (clocked by clk_out1_design_1_clk_wiz_0_0). Large setup violations at the end of those stages might be difficult to fix during the post-placement implementation flow and could be the result of non-optimal XDC constraints or non-optimal design architecture
Related violations: <none>

TIMING-16#6 Warning
Large setup violation  
There is a large setup violation of -2.281 ns between design_1_i/top_system_0/U0/inst_audio_player/sample_reg_reg[4]/C (clocked by clk_out2_design_1_clk_wiz_0_0) and design_1_i/top_system_0/U0/inst_i2s_tx/r_tx_shift_reg[12]/D (clocked by clk_out1_design_1_clk_wiz_0_0). Large setup violations at the end of those stages might be difficult to fix during the post-placement implementation flow and could be the result of non-optimal XDC constraints or non-optimal design architecture
Related violations: <none>

TIMING-16#7 Warning
Large setup violation  
There is a large setup violation of -2.282 ns between design_1_i/top_system_0/U0/inst_audio_player/sample_reg_reg[14]/C (clocked by clk_out2_design_1_clk_wiz_0_0) and design_1_i/top_system_0/U0/inst_i2s_tx/r_tx_shift_reg[22]/D (clocked by clk_out1_design_1_clk_wiz_0_0). Large setup violations at the end of those stages might be difficult to fix during the post-placement implementation flow and could be the result of non-optimal XDC constraints or non-optimal design architecture
Related violations: <none>

TIMING-16#8 Warning
Large setup violation  
There is a large setup violation of -2.282 ns between design_1_i/top_system_0/U0/inst_audio_player/sample_reg_reg[1]/C (clocked by clk_out2_design_1_clk_wiz_0_0) and design_1_i/top_system_0/U0/inst_i2s_tx/r_tx_shift_reg[9]/D (clocked by clk_out1_design_1_clk_wiz_0_0). Large setup violations at the end of those stages might be difficult to fix during the post-placement implementation flow and could be the result of non-optimal XDC constraints or non-optimal design architecture
Related violations: <none>

TIMING-16#9 Warning
Large setup violation  
There is a large setup violation of -2.283 ns between design_1_i/top_system_0/U0/inst_audio_player/sample_reg_reg[12]/C (clocked by clk_out2_design_1_clk_wiz_0_0) and design_1_i/top_system_0/U0/inst_i2s_tx/l_tx_shift_reg[20]/D (clocked by clk_out1_design_1_clk_wiz_0_0). Large setup violations at the end of those stages might be difficult to fix during the post-placement implementation flow and could be the result of non-optimal XDC constraints or non-optimal design architecture
Related violations: <none>

TIMING-16#10 Warning
Large setup violation  
There is a large setup violation of -2.284 ns between design_1_i/top_system_0/U0/inst_audio_player/sample_reg_reg[3]/C (clocked by clk_out2_design_1_clk_wiz_0_0) and design_1_i/top_system_0/U0/inst_i2s_tx/r_tx_shift_reg[11]/D (clocked by clk_out1_design_1_clk_wiz_0_0). Large setup violations at the end of those stages might be difficult to fix during the post-placement implementation flow and could be the result of non-optimal XDC constraints or non-optimal design architecture
Related violations: <none>

TIMING-16#11 Warning
Large setup violation  
There is a large setup violation of -2.285 ns between design_1_i/top_system_0/U0/inst_audio_player/sample_reg_reg[13]/C (clocked by clk_out2_design_1_clk_wiz_0_0) and design_1_i/top_system_0/U0/inst_i2s_tx/l_tx_shift_reg[21]/D (clocked by clk_out1_design_1_clk_wiz_0_0). Large setup violations at the end of those stages might be difficult to fix during the post-placement implementation flow and could be the result of non-optimal XDC constraints or non-optimal design architecture
Related violations: <none>

TIMING-16#12 Warning
Large setup violation  
There is a large setup violation of -2.288 ns between design_1_i/top_system_0/U0/inst_audio_player/sample_reg_reg[3]/C (clocked by clk_out2_design_1_clk_wiz_0_0) and design_1_i/top_system_0/U0/inst_i2s_tx/l_tx_shift_reg[11]/D (clocked by clk_out1_design_1_clk_wiz_0_0). Large setup violations at the end of those stages might be difficult to fix during the post-placement implementation flow and could be the result of non-optimal XDC constraints or non-optimal design architecture
Related violations: <none>

TIMING-16#13 Warning
Large setup violation  
There is a large setup violation of -2.289 ns between design_1_i/top_system_0/U0/inst_audio_player/sample_reg_reg[5]/C (clocked by clk_out2_design_1_clk_wiz_0_0) and design_1_i/top_system_0/U0/inst_i2s_tx/l_tx_shift_reg[13]/D (clocked by clk_out1_design_1_clk_wiz_0_0). Large setup violations at the end of those stages might be difficult to fix during the post-placement implementation flow and could be the result of non-optimal XDC constraints or non-optimal design architecture
Related violations: <none>

TIMING-16#14 Warning
Large setup violation  
There is a large setup violation of -2.291 ns between design_1_i/top_system_0/U0/inst_i2s_tx/ws_int_reg_replica_2/C (clocked by clk_out1_design_1_clk_wiz_0_0) and design_1_i/top_system_0/U0/inst_audio_player/FSM_sequential_state_reg[0]/D (clocked by clk_out2_design_1_clk_wiz_0_0). Large setup violations at the end of those stages might be difficult to fix during the post-placement implementation flow and could be the result of non-optimal XDC constraints or non-optimal design architecture
Related violations: <none>

TIMING-16#15 Warning
Large setup violation  
There is a large setup violation of -2.292 ns between design_1_i/top_system_0/U0/inst_audio_player/sample_reg_reg[10]/C (clocked by clk_out2_design_1_clk_wiz_0_0) and design_1_i/top_system_0/U0/inst_i2s_tx/l_tx_shift_reg[18]/D (clocked by clk_out1_design_1_clk_wiz_0_0). Large setup violations at the end of those stages might be difficult to fix during the post-placement implementation flow and could be the result of non-optimal XDC constraints or non-optimal design architecture
Related violations: <none>

TIMING-16#16 Warning
Large setup violation  
There is a large setup violation of -2.292 ns between design_1_i/top_system_0/U0/inst_i2s_tx/ws_int_reg_replica_2/C (clocked by clk_out1_design_1_clk_wiz_0_0) and design_1_i/top_system_0/U0/inst_audio_player/lrclk_prev_reg/D (clocked by clk_out2_design_1_clk_wiz_0_0). Large setup violations at the end of those stages might be difficult to fix during the post-placement implementation flow and could be the result of non-optimal XDC constraints or non-optimal design architecture
Related violations: <none>

TIMING-16#17 Warning
Large setup violation  
There is a large setup violation of -2.299 ns between design_1_i/top_system_0/U0/inst_audio_player/sample_reg_reg[11]/C (clocked by clk_out2_design_1_clk_wiz_0_0) and design_1_i/top_system_0/U0/inst_i2s_tx/r_tx_shift_reg[19]/D (clocked by clk_out1_design_1_clk_wiz_0_0). Large setup violations at the end of those stages might be difficult to fix during the post-placement implementation flow and could be the result of non-optimal XDC constraints or non-optimal design architecture
Related violations: <none>

TIMING-16#18 Warning
Large setup violation  
There is a large setup violation of -2.300 ns between design_1_i/top_system_0/U0/inst_audio_player/sample_reg_reg[6]/C (clocked by clk_out2_design_1_clk_wiz_0_0) and design_1_i/top_system_0/U0/inst_i2s_tx/r_tx_shift_reg[14]/D (clocked by clk_out1_design_1_clk_wiz_0_0). Large setup violations at the end of those stages might be difficult to fix during the post-placement implementation flow and could be the result of non-optimal XDC constraints or non-optimal design architecture
Related violations: <none>

TIMING-16#19 Warning
Large setup violation  
There is a large setup violation of -2.301 ns between design_1_i/top_system_0/U0/inst_i2s_tx/ws_int_reg_replica_1/C (clocked by clk_out1_design_1_clk_wiz_0_0) and design_1_i/top_system_0/U0/inst_audio_player/sample_reg_reg[10]/CE (clocked by clk_out2_design_1_clk_wiz_0_0). Large setup violations at the end of those stages might be difficult to fix during the post-placement implementation flow and could be the result of non-optimal XDC constraints or non-optimal design architecture
Related violations: <none>

TIMING-16#20 Warning
Large setup violation  
There is a large setup violation of -2.301 ns between design_1_i/top_system_0/U0/inst_i2s_tx/ws_int_reg_replica_1/C (clocked by clk_out1_design_1_clk_wiz_0_0) and design_1_i/top_system_0/U0/inst_audio_player/sample_reg_reg[11]/CE (clocked by clk_out2_design_1_clk_wiz_0_0). Large setup violations at the end of those stages might be difficult to fix during the post-placement implementation flow and could be the result of non-optimal XDC constraints or non-optimal design architecture
Related violations: <none>

TIMING-16#21 Warning
Large setup violation  
There is a large setup violation of -2.301 ns between design_1_i/top_system_0/U0/inst_i2s_tx/ws_int_reg_replica_1/C (clocked by clk_out1_design_1_clk_wiz_0_0) and design_1_i/top_system_0/U0/inst_audio_player/sample_reg_reg[12]/CE (clocked by clk_out2_design_1_clk_wiz_0_0). Large setup violations at the end of those stages might be difficult to fix during the post-placement implementation flow and could be the result of non-optimal XDC constraints or non-optimal design architecture
Related violations: <none>

TIMING-16#22 Warning
Large setup violation  
There is a large setup violation of -2.301 ns between design_1_i/top_system_0/U0/inst_i2s_tx/ws_int_reg_replica_1/C (clocked by clk_out1_design_1_clk_wiz_0_0) and design_1_i/top_system_0/U0/inst_audio_player/sample_reg_reg[13]/CE (clocked by clk_out2_design_1_clk_wiz_0_0). Large setup violations at the end of those stages might be difficult to fix during the post-placement implementation flow and could be the result of non-optimal XDC constraints or non-optimal design architecture
Related violations: <none>

TIMING-16#23 Warning
Large setup violation  
There is a large setup violation of -2.306 ns between design_1_i/top_system_0/U0/inst_audio_player/sample_reg_reg[15]/C (clocked by clk_out2_design_1_clk_wiz_0_0) and design_1_i/top_system_0/U0/inst_i2s_tx/l_tx_shift_reg[23]/D (clocked by clk_out1_design_1_clk_wiz_0_0). Large setup violations at the end of those stages might be difficult to fix during the post-placement implementation flow and could be the result of non-optimal XDC constraints or non-optimal design architecture
Related violations: <none>

TIMING-16#24 Warning
Large setup violation  
There is a large setup violation of -2.307 ns between design_1_i/top_system_0/U0/inst_audio_player/sample_reg_reg[15]/C (clocked by clk_out2_design_1_clk_wiz_0_0) and design_1_i/top_system_0/U0/inst_i2s_tx/r_tx_shift_reg[23]/D (clocked by clk_out1_design_1_clk_wiz_0_0). Large setup violations at the end of those stages might be difficult to fix during the post-placement implementation flow and could be the result of non-optimal XDC constraints or non-optimal design architecture
Related violations: <none>

TIMING-16#25 Warning
Large setup violation  
There is a large setup violation of -2.309 ns between design_1_i/top_system_0/U0/inst_audio_player/sample_reg_reg[1]/C (clocked by clk_out2_design_1_clk_wiz_0_0) and design_1_i/top_system_0/U0/inst_i2s_tx/l_tx_shift_reg[9]/D (clocked by clk_out1_design_1_clk_wiz_0_0). Large setup violations at the end of those stages might be difficult to fix during the post-placement implementation flow and could be the result of non-optimal XDC constraints or non-optimal design architecture
Related violations: <none>

TIMING-16#26 Warning
Large setup violation  
There is a large setup violation of -2.312 ns between design_1_i/top_system_0/U0/inst_audio_player/sample_reg_reg[14]/C (clocked by clk_out2_design_1_clk_wiz_0_0) and design_1_i/top_system_0/U0/inst_i2s_tx/l_tx_shift_reg[22]/D (clocked by clk_out1_design_1_clk_wiz_0_0). Large setup violations at the end of those stages might be difficult to fix during the post-placement implementation flow and could be the result of non-optimal XDC constraints or non-optimal design architecture
Related violations: <none>

TIMING-16#27 Warning
Large setup violation  
There is a large setup violation of -2.315 ns between design_1_i/top_system_0/U0/inst_audio_player/sample_reg_reg[11]/C (clocked by clk_out2_design_1_clk_wiz_0_0) and design_1_i/top_system_0/U0/inst_i2s_tx/l_tx_shift_reg[19]/D (clocked by clk_out1_design_1_clk_wiz_0_0). Large setup violations at the end of those stages might be difficult to fix during the post-placement implementation flow and could be the result of non-optimal XDC constraints or non-optimal design architecture
Related violations: <none>

TIMING-16#28 Warning
Large setup violation  
There is a large setup violation of -2.316 ns between design_1_i/top_system_0/U0/inst_audio_player/sample_reg_reg[7]/C (clocked by clk_out2_design_1_clk_wiz_0_0) and design_1_i/top_system_0/U0/inst_i2s_tx/r_tx_shift_reg[15]/D (clocked by clk_out1_design_1_clk_wiz_0_0). Large setup violations at the end of those stages might be difficult to fix during the post-placement implementation flow and could be the result of non-optimal XDC constraints or non-optimal design architecture
Related violations: <none>

TIMING-16#29 Warning
Large setup violation  
There is a large setup violation of -2.319 ns between design_1_i/top_system_0/U0/inst_audio_player/sample_reg_reg[5]/C (clocked by clk_out2_design_1_clk_wiz_0_0) and design_1_i/top_system_0/U0/inst_i2s_tx/r_tx_shift_reg[13]/D (clocked by clk_out1_design_1_clk_wiz_0_0). Large setup violations at the end of those stages might be difficult to fix during the post-placement implementation flow and could be the result of non-optimal XDC constraints or non-optimal design architecture
Related violations: <none>

TIMING-16#30 Warning
Large setup violation  
There is a large setup violation of -2.322 ns between design_1_i/top_system_0/U0/inst_i2s_tx/ws_int_reg_replica_1/C (clocked by clk_out1_design_1_clk_wiz_0_0) and design_1_i/top_system_0/U0/inst_audio_player/sample_reg_reg[14]/CE (clocked by clk_out2_design_1_clk_wiz_0_0). Large setup violations at the end of those stages might be difficult to fix during the post-placement implementation flow and could be the result of non-optimal XDC constraints or non-optimal design architecture
Related violations: <none>

TIMING-16#31 Warning
Large setup violation  
There is a large setup violation of -2.322 ns between design_1_i/top_system_0/U0/inst_i2s_tx/ws_int_reg_replica_1/C (clocked by clk_out1_design_1_clk_wiz_0_0) and design_1_i/top_system_0/U0/inst_audio_player/sample_reg_reg[15]/CE (clocked by clk_out2_design_1_clk_wiz_0_0). Large setup violations at the end of those stages might be difficult to fix during the post-placement implementation flow and could be the result of non-optimal XDC constraints or non-optimal design architecture
Related violations: <none>

TIMING-16#32 Warning
Large setup violation  
There is a large setup violation of -2.322 ns between design_1_i/top_system_0/U0/inst_i2s_tx/ws_int_reg_replica_1/C (clocked by clk_out1_design_1_clk_wiz_0_0) and design_1_i/top_system_0/U0/inst_audio_player/sample_reg_reg[8]/CE (clocked by clk_out2_design_1_clk_wiz_0_0). Large setup violations at the end of those stages might be difficult to fix during the post-placement implementation flow and could be the result of non-optimal XDC constraints or non-optimal design architecture
Related violations: <none>

TIMING-16#33 Warning
Large setup violation  
There is a large setup violation of -2.322 ns between design_1_i/top_system_0/U0/inst_i2s_tx/ws_int_reg_replica_1/C (clocked by clk_out1_design_1_clk_wiz_0_0) and design_1_i/top_system_0/U0/inst_audio_player/sample_reg_reg[9]/CE (clocked by clk_out2_design_1_clk_wiz_0_0). Large setup violations at the end of those stages might be difficult to fix during the post-placement implementation flow and could be the result of non-optimal XDC constraints or non-optimal design architecture
Related violations: <none>

TIMING-16#34 Warning
Large setup violation  
There is a large setup violation of -2.323 ns between design_1_i/top_system_0/U0/inst_i2s_tx/ws_int_reg_replica/C (clocked by clk_out1_design_1_clk_wiz_0_0) and design_1_i/top_system_0/U0/inst_audio_player/sample_reg_reg[0]/CE (clocked by clk_out2_design_1_clk_wiz_0_0). Large setup violations at the end of those stages might be difficult to fix during the post-placement implementation flow and could be the result of non-optimal XDC constraints or non-optimal design architecture
Related violations: <none>

TIMING-16#35 Warning
Large setup violation  
There is a large setup violation of -2.323 ns between design_1_i/top_system_0/U0/inst_i2s_tx/ws_int_reg_replica/C (clocked by clk_out1_design_1_clk_wiz_0_0) and design_1_i/top_system_0/U0/inst_audio_player/sample_reg_reg[4]/CE (clocked by clk_out2_design_1_clk_wiz_0_0). Large setup violations at the end of those stages might be difficult to fix during the post-placement implementation flow and could be the result of non-optimal XDC constraints or non-optimal design architecture
Related violations: <none>

TIMING-16#36 Warning
Large setup violation  
There is a large setup violation of -2.323 ns between design_1_i/top_system_0/U0/inst_i2s_tx/ws_int_reg_replica/C (clocked by clk_out1_design_1_clk_wiz_0_0) and design_1_i/top_system_0/U0/inst_audio_player/sample_reg_reg[5]/CE (clocked by clk_out2_design_1_clk_wiz_0_0). Large setup violations at the end of those stages might be difficult to fix during the post-placement implementation flow and could be the result of non-optimal XDC constraints or non-optimal design architecture
Related violations: <none>

TIMING-16#37 Warning
Large setup violation  
There is a large setup violation of -2.323 ns between design_1_i/top_system_0/U0/inst_i2s_tx/ws_int_reg_replica/C (clocked by clk_out1_design_1_clk_wiz_0_0) and design_1_i/top_system_0/U0/inst_audio_player/sample_reg_reg[6]/CE (clocked by clk_out2_design_1_clk_wiz_0_0). Large setup violations at the end of those stages might be difficult to fix during the post-placement implementation flow and could be the result of non-optimal XDC constraints or non-optimal design architecture
Related violations: <none>

TIMING-16#38 Warning
Large setup violation  
There is a large setup violation of -2.323 ns between design_1_i/top_system_0/U0/inst_i2s_tx/ws_int_reg_replica/C (clocked by clk_out1_design_1_clk_wiz_0_0) and design_1_i/top_system_0/U0/inst_audio_player/sample_reg_reg[7]/CE (clocked by clk_out2_design_1_clk_wiz_0_0). Large setup violations at the end of those stages might be difficult to fix during the post-placement implementation flow and could be the result of non-optimal XDC constraints or non-optimal design architecture
Related violations: <none>

TIMING-16#39 Warning
Large setup violation  
There is a large setup violation of -2.326 ns between design_1_i/top_system_0/U0/inst_audio_player/sample_reg_reg[13]/C (clocked by clk_out2_design_1_clk_wiz_0_0) and design_1_i/top_system_0/U0/inst_i2s_tx/r_tx_shift_reg[21]/D (clocked by clk_out1_design_1_clk_wiz_0_0). Large setup violations at the end of those stages might be difficult to fix during the post-placement implementation flow and could be the result of non-optimal XDC constraints or non-optimal design architecture
Related violations: <none>

TIMING-16#40 Warning
Large setup violation  
There is a large setup violation of -2.335 ns between design_1_i/top_system_0/U0/inst_i2s_tx/ws_int_reg_replica_2/C (clocked by clk_out1_design_1_clk_wiz_0_0) and design_1_i/top_system_0/U0/inst_audio_player/FSM_sequential_state_reg[1]/D (clocked by clk_out2_design_1_clk_wiz_0_0). Large setup violations at the end of those stages might be difficult to fix during the post-placement implementation flow and could be the result of non-optimal XDC constraints or non-optimal design architecture
Related violations: <none>

TIMING-16#41 Warning
Large setup violation  
There is a large setup violation of -2.345 ns between design_1_i/top_system_0/U0/inst_audio_player/sample_reg_reg[12]/C (clocked by clk_out2_design_1_clk_wiz_0_0) and design_1_i/top_system_0/U0/inst_i2s_tx/r_tx_shift_reg[20]/D (clocked by clk_out1_design_1_clk_wiz_0_0). Large setup violations at the end of those stages might be difficult to fix during the post-placement implementation flow and could be the result of non-optimal XDC constraints or non-optimal design architecture
Related violations: <none>

TIMING-16#42 Warning
Large setup violation  
There is a large setup violation of -2.355 ns between design_1_i/top_system_0/U0/inst_audio_player/sample_reg_reg[0]/C (clocked by clk_out2_design_1_clk_wiz_0_0) and design_1_i/top_system_0/U0/inst_i2s_tx/r_tx_shift_reg[8]/D (clocked by clk_out1_design_1_clk_wiz_0_0). Large setup violations at the end of those stages might be difficult to fix during the post-placement implementation flow and could be the result of non-optimal XDC constraints or non-optimal design architecture
Related violations: <none>

TIMING-16#43 Warning
Large setup violation  
There is a large setup violation of -2.359 ns between design_1_i/top_system_0/U0/inst_i2s_tx/ws_int_reg_replica/C (clocked by clk_out1_design_1_clk_wiz_0_0) and design_1_i/top_system_0/U0/inst_audio_player/sample_reg_reg[1]/CE (clocked by clk_out2_design_1_clk_wiz_0_0). Large setup violations at the end of those stages might be difficult to fix during the post-placement implementation flow and could be the result of non-optimal XDC constraints or non-optimal design architecture
Related violations: <none>

TIMING-16#44 Warning
Large setup violation  
There is a large setup violation of -2.359 ns between design_1_i/top_system_0/U0/inst_i2s_tx/ws_int_reg_replica/C (clocked by clk_out1_design_1_clk_wiz_0_0) and design_1_i/top_system_0/U0/inst_audio_player/sample_reg_reg[2]/CE (clocked by clk_out2_design_1_clk_wiz_0_0). Large setup violations at the end of those stages might be difficult to fix during the post-placement implementation flow and could be the result of non-optimal XDC constraints or non-optimal design architecture
Related violations: <none>

TIMING-16#45 Warning
Large setup violation  
There is a large setup violation of -2.359 ns between design_1_i/top_system_0/U0/inst_i2s_tx/ws_int_reg_replica/C (clocked by clk_out1_design_1_clk_wiz_0_0) and design_1_i/top_system_0/U0/inst_audio_player/sample_reg_reg[3]/CE (clocked by clk_out2_design_1_clk_wiz_0_0). Large setup violations at the end of those stages might be difficult to fix during the post-placement implementation flow and could be the result of non-optimal XDC constraints or non-optimal design architecture
Related violations: <none>

TIMING-16#46 Warning
Large setup violation  
There is a large setup violation of -2.363 ns between design_1_i/top_system_0/U0/inst_audio_player/sample_reg_reg[10]/C (clocked by clk_out2_design_1_clk_wiz_0_0) and design_1_i/top_system_0/U0/inst_i2s_tx/r_tx_shift_reg[18]/D (clocked by clk_out1_design_1_clk_wiz_0_0). Large setup violations at the end of those stages might be difficult to fix during the post-placement implementation flow and could be the result of non-optimal XDC constraints or non-optimal design architecture
Related violations: <none>

TIMING-16#47 Warning
Large setup violation  
There is a large setup violation of -2.383 ns between design_1_i/top_system_0/U0/inst_audio_player/sample_reg_reg[7]/C (clocked by clk_out2_design_1_clk_wiz_0_0) and design_1_i/top_system_0/U0/inst_i2s_tx/l_tx_shift_reg[15]/D (clocked by clk_out1_design_1_clk_wiz_0_0). Large setup violations at the end of those stages might be difficult to fix during the post-placement implementation flow and could be the result of non-optimal XDC constraints or non-optimal design architecture
Related violations: <none>

TIMING-16#48 Warning
Large setup violation  
There is a large setup violation of -2.386 ns between design_1_i/top_system_0/U0/inst_audio_player/sample_reg_reg[8]/C (clocked by clk_out2_design_1_clk_wiz_0_0) and design_1_i/top_system_0/U0/inst_i2s_tx/l_tx_shift_reg[16]/D (clocked by clk_out1_design_1_clk_wiz_0_0). Large setup violations at the end of those stages might be difficult to fix during the post-placement implementation flow and could be the result of non-optimal XDC constraints or non-optimal design architecture
Related violations: <none>

TIMING-16#49 Warning
Large setup violation  
There is a large setup violation of -2.401 ns between design_1_i/top_system_0/U0/inst_audio_player/sample_reg_reg[8]/C (clocked by clk_out2_design_1_clk_wiz_0_0) and design_1_i/top_system_0/U0/inst_i2s_tx/r_tx_shift_reg[16]/D (clocked by clk_out1_design_1_clk_wiz_0_0). Large setup violations at the end of those stages might be difficult to fix during the post-placement implementation flow and could be the result of non-optimal XDC constraints or non-optimal design architecture
Related violations: <none>

TIMING-16#50 Warning
Large setup violation  
There is a large setup violation of -2.439 ns between design_1_i/top_system_0/U0/inst_audio_player/sample_reg_reg[0]/C (clocked by clk_out2_design_1_clk_wiz_0_0) and design_1_i/top_system_0/U0/inst_i2s_tx/l_tx_shift_reg[8]/D (clocked by clk_out1_design_1_clk_wiz_0_0). Large setup violations at the end of those stages might be difficult to fix during the post-placement implementation flow and could be the result of non-optimal XDC constraints or non-optimal design architecture
Related violations: <none>

TIMING-16#51 Warning
Large setup violation  
There is a large setup violation of -2.471 ns between design_1_i/top_system_0/U0/inst_audio_player/sample_reg_reg[6]/C (clocked by clk_out2_design_1_clk_wiz_0_0) and design_1_i/top_system_0/U0/inst_i2s_tx/l_tx_shift_reg[14]/D (clocked by clk_out1_design_1_clk_wiz_0_0). Large setup violations at the end of those stages might be difficult to fix during the post-placement implementation flow and could be the result of non-optimal XDC constraints or non-optimal design architecture
Related violations: <none>

TIMING-16#52 Warning
Large setup violation  
There is a large setup violation of -2.778 ns between design_1_i/top_system_0/U0/inst_i2s_tx/sd_tx_reg/C (clocked by clk_out1_design_1_clk_wiz_0_0) and design_1_i/system_ila_1/U0/ila_lib/U0/ila_core_inst/shifted_data_in_reg[7][3]_srl8/D (clocked by sys_clk_pin). Large setup violations at the end of those stages might be difficult to fix during the post-placement implementation flow and could be the result of non-optimal XDC constraints or non-optimal design architecture
Related violations: <none>

TIMING-16#53 Warning
Large setup violation  
There is a large setup violation of -3.490 ns between design_1_i/top_system_0/U0/inst_i2s_tx/sd_tx_reg/C (clocked by clk_out1_design_1_clk_wiz_0_0) and design_1_i/system_ila_1/U0/ila_lib/U0/ila_core_inst/u_trig/U_TM/N_DDR_MODE.G_NMU[3].U_M/allx_typeA_match_detection.ltlib_v1_0_3_allx_typeA_inst/probeDelay1_reg[0]/D (clocked by sys_clk_pin). Large setup violations at the end of those stages might be difficult to fix during the post-placement implementation flow and could be the result of non-optimal XDC constraints or non-optimal design architecture
Related violations: <none>

TIMING-18#1 Warning
Missing input or output delay  
An input delay is missing on btn_center_0_0 relative to the rising and/or falling clock edge(s) of sys_clk_pin.
Related violations: <none>

TIMING-18#2 Warning
Missing input or output delay  
An input delay is missing on btn_down_0_0 relative to the rising and/or falling clock edge(s) of sys_clk_pin.
Related violations: <none>

TIMING-18#3 Warning
Missing input or output delay  
An input delay is missing on btn_left_0_0 relative to the rising and/or falling clock edge(s) of sys_clk_pin.
Related violations: <none>

TIMING-18#4 Warning
Missing input or output delay  
An input delay is missing on btn_right_0_0 relative to the rising and/or falling clock edge(s) of sys_clk_pin.
Related violations: <none>

TIMING-18#5 Warning
Missing input or output delay  
An input delay is missing on btn_up_0_0 relative to the rising and/or falling clock edge(s) of sys_clk_pin.
Related violations: <none>

TIMING-18#6 Warning
Missing input or output delay  
An input delay is missing on reset_n_0 relative to the rising and/or falling clock edge(s) of sys_clk_pin.
Related violations: <none>

TIMING-18#7 Warning
Missing input or output delay  
An input delay is missing on sw0_reset_0 relative to the rising and/or falling clock edge(s) of sys_clk_pin.
Related violations: <none>

TIMING-18#8 Warning
Missing input or output delay  
An output delay is missing on i2c_scl_0 relative to the rising and/or falling clock edge(s) of sys_clk_pin.
Related violations: <none>

TIMING-18#9 Warning
Missing input or output delay  
An output delay is missing on i2c_sda_0 relative to the rising and/or falling clock edge(s) of sys_clk_pin.
Related violations: <none>

TIMING-18#10 Warning
Missing input or output delay  
An output delay is missing on led_clk_0 relative to the rising and/or falling clock edge(s) of sys_clk_pin.
Related violations: <none>

TIMING-18#11 Warning
Missing input or output delay  
An output delay is missing on led_data_0 relative to the rising and/or falling clock edge(s) of sys_clk_pin.
Related violations: <none>

TIMING-18#12 Warning
Missing input or output delay  
An output delay is missing on seg_an_0_0[0] relative to the rising and/or falling clock edge(s) of sys_clk_pin.
Related violations: <none>

TIMING-18#13 Warning
Missing input or output delay  
An output delay is missing on seg_an_0_0[1] relative to the rising and/or falling clock edge(s) of sys_clk_pin.
Related violations: <none>

TIMING-18#14 Warning
Missing input or output delay  
An output delay is missing on seg_an_0_0[2] relative to the rising and/or falling clock edge(s) of sys_clk_pin.
Related violations: <none>

TIMING-18#15 Warning
Missing input or output delay  
An output delay is missing on seg_an_0_0[3] relative to the rising and/or falling clock edge(s) of sys_clk_pin.
Related violations: <none>

TIMING-18#16 Warning
Missing input or output delay  
An output delay is missing on seg_an_0_0[4] relative to the rising and/or falling clock edge(s) of sys_clk_pin.
Related violations: <none>

TIMING-18#17 Warning
Missing input or output delay  
An output delay is missing on seg_an_0_0[5] relative to the rising and/or falling clock edge(s) of sys_clk_pin.
Related violations: <none>

TIMING-18#18 Warning
Missing input or output delay  
An output delay is missing on seg_an_0_0[6] relative to the rising and/or falling clock edge(s) of sys_clk_pin.
Related violations: <none>

TIMING-18#19 Warning
Missing input or output delay  
An output delay is missing on seg_an_0_0[7] relative to the rising and/or falling clock edge(s) of sys_clk_pin.
Related violations: <none>

TIMING-18#20 Warning
Missing input or output delay  
An output delay is missing on seg_dp_0_0 relative to the rising and/or falling clock edge(s) of sys_clk_pin.
Related violations: <none>

TIMING-18#21 Warning
Missing input or output delay  
An output delay is missing on seg_out_0_0[0] relative to the rising and/or falling clock edge(s) of sys_clk_pin.
Related violations: <none>

TIMING-18#22 Warning
Missing input or output delay  
An output delay is missing on seg_out_0_0[1] relative to the rising and/or falling clock edge(s) of sys_clk_pin.
Related violations: <none>

TIMING-18#23 Warning
Missing input or output delay  
An output delay is missing on seg_out_0_0[2] relative to the rising and/or falling clock edge(s) of sys_clk_pin.
Related violations: <none>

TIMING-18#24 Warning
Missing input or output delay  
An output delay is missing on seg_out_0_0[3] relative to the rising and/or falling clock edge(s) of sys_clk_pin.
Related violations: <none>

TIMING-18#25 Warning
Missing input or output delay  
An output delay is missing on seg_out_0_0[4] relative to the rising and/or falling clock edge(s) of sys_clk_pin.
Related violations: <none>

TIMING-18#26 Warning
Missing input or output delay  
An output delay is missing on seg_out_0_0[5] relative to the rising and/or falling clock edge(s) of sys_clk_pin.
Related violations: <none>

TIMING-18#27 Warning
Missing input or output delay  
An output delay is missing on seg_out_0_0[6] relative to the rising and/or falling clock edge(s) of sys_clk_pin.
Related violations: <none>

XDCB-5#1 Warning
Runtime inefficient way to find pin objects  
The option '-from : [get_pins -hierarchical -filter {NAME =~ *ila_core_inst/u_trig/N_DDR_TC.N_DDR_TC_INST[*].U_TC/allx_typeA_match_detection.ltlib_v1_0_3_allx_typeA_inst/DUT/u_srl_drive/CLK}]' of constraint 'set_false_path' uses inefficient query to find pin objects (see constraint position '42' in the Timing Constraint window in Vivado IDE). To reduce runtime, it is recommended to get the pins through the cell objects. Please refer to Using Constraints Guide (Constraints Efficiency). An example of optimal query is: get_pins -filter {REF_PIN_NAME=~yy*} -of_objects [get_cells -hierarchical xx*].
Current XDC: c:/Users/kille/Documents/GitHub/TFM-UPM/Practica/Prueba1_demo_v2.0/Prueba1_demo_v2.0.gen/sources_1/bd/design_1/ip/design_1_system_ila_0_0/bd_0/ip/ip_0/ila_v6_2/constraints/ila.xdc (Line: 72)
Related violations: <none>

XDCB-5#2 Warning
Runtime inefficient way to find pin objects  
The option '-from : [get_pins -hierarchical -filter {NAME =~ *ila_core_inst/u_trig/N_DDR_TC.N_DDR_TC_INST[*].U_TC/allx_typeA_match_detection.ltlib_v1_0_3_allx_typeA_inst/DUT/u_srl_drive/CLK}]' of constraint 'set_false_path' uses inefficient query to find pin objects (see constraint position '97' in the Timing Constraint window in Vivado IDE). To reduce runtime, it is recommended to get the pins through the cell objects. Please refer to Using Constraints Guide (Constraints Efficiency). An example of optimal query is: get_pins -filter {REF_PIN_NAME=~yy*} -of_objects [get_cells -hierarchical xx*].
Current XDC: c:/Users/kille/Documents/GitHub/TFM-UPM/Practica/Prueba1_demo_v2.0/Prueba1_demo_v2.0.gen/sources_1/bd/design_1/ip/design_1_system_ila_1_1/bd_0/ip/ip_0/ila_v6_2/constraints/ila.xdc (Line: 72)
Related violations: <none>

XDCB-5#3 Warning
Runtime inefficient way to find pin objects  
The option '-to : [get_pins -hierarchical -filter {NAME =~ *ila_core_inst/u_trig/N_DDR_TC.N_DDR_TC_INST[*].U_TC/yes_output_reg.dout_reg_reg/D}]' of constraint 'set_false_path' uses inefficient query to find pin objects (see constraint position '42' in the Timing Constraint window in Vivado IDE). To reduce runtime, it is recommended to get the pins through the cell objects. Please refer to Using Constraints Guide (Constraints Efficiency). An example of optimal query is: get_pins -filter {REF_PIN_NAME=~yy*} -of_objects [get_cells -hierarchical xx*].
Current XDC: c:/Users/kille/Documents/GitHub/TFM-UPM/Practica/Prueba1_demo_v2.0/Prueba1_demo_v2.0.gen/sources_1/bd/design_1/ip/design_1_system_ila_0_0/bd_0/ip/ip_0/ila_v6_2/constraints/ila.xdc (Line: 72)
Related violations: <none>

XDCB-5#4 Warning
Runtime inefficient way to find pin objects  
The option '-to : [get_pins -hierarchical -filter {NAME =~ *ila_core_inst/u_trig/N_DDR_TC.N_DDR_TC_INST[*].U_TC/yes_output_reg.dout_reg_reg/D}]' of constraint 'set_false_path' uses inefficient query to find pin objects (see constraint position '97' in the Timing Constraint window in Vivado IDE). To reduce runtime, it is recommended to get the pins through the cell objects. Please refer to Using Constraints Guide (Constraints Efficiency). An example of optimal query is: get_pins -filter {REF_PIN_NAME=~yy*} -of_objects [get_cells -hierarchical xx*].
Current XDC: c:/Users/kille/Documents/GitHub/TFM-UPM/Practica/Prueba1_demo_v2.0/Prueba1_demo_v2.0.gen/sources_1/bd/design_1/ip/design_1_system_ila_1_1/bd_0/ip/ip_0/ila_v6_2/constraints/ila.xdc (Line: 72)
Related violations: <none>


