#
# A fatal error has been detected by the Java Runtime Environment:
#
#  EXCEPTION_ACCESS_VIOLATION (0xc0000005) at pc=0x00007ff85b7b466d, pid=28676, tid=700
#
# JRE version: OpenJDK Runtime Environment Temurin-21.0.1+12 (21.0.1+12) (build 21.0.1+12-LTS)
# Java VM: OpenJDK 64-Bit Server VM Temurin-21.0.1+12 (21.0.1+12-LTS, mixed mode, sharing, tiered, compressed oops, compressed class ptrs, g1 gc, windows-amd64)
# Problematic frame:
# C  [xv_isl_iostreams.dll+0x2b466d]
#
# No core dump will be written. Minidumps are not enabled by default on client versions of Windows
#
# If you would like to submit a bug report, please visit:
#   https://github.com/adoptium/adoptium-support/issues
# The crash happened outside the Java Virtual Machine in native code.
# See problematic frame for where to report the bug.
#

---------------  S U M M A R Y ------------

Command Line: -Dsun.java2d.pmoffscreen=false -Dhttps.protocols=TLSv1,TLSv1.1,TLSv1.2 -Dsun.java2d.xrender=false -Dsun.java2d.d3d=false -Dsun.awt.nopixfmt=true -Dsun.java2d.dpiaware=true -Dsun.java2d.uiScale.enabled=false -Dswing.aatext=true -XX:-UsePerfData -Djdk.map.althashing.threshold=512 -XX:StringTableSize=4072 -XX:+UseStringDeduplication -XX:MaxGCPauseMillis=200 -XX:ParallelGCThreads=4 -XX:+ParallelRefProcEnabled --add-opens=java.desktop/javax.swing.plaf.synth=ALL-UNNAMED --add-opens=java.base/java.nio=ALL-UNNAMED --add-opens=java.desktop/sun.swing=ALL-UNNAMED --add-opens=java.desktop/javax.swing=ALL-UNNAMED --add-opens=java.desktop/javax.swing.tree=ALL-UNNAMED --add-opens=java.desktop/javax.swing.plaf.basic=ALL-UNNAMED --add-opens=java.desktop/javax.swing.plaf.synth=ALL-UNNAMED --add-opens=java.desktop/javax.swing.plaf.basic=ALL-UNNAMED --add-opens=java.desktop/javax.swing=ALL-UNNAMED --add-opens=java.desktop/javax.swing.tree=ALL-UNNAMED --add-opens=java.desktop/java.awt.event=ALL-UNNAMED --add-exports=java.desktop/javax.swing.plaf.synth=ALL-UNNAMED --add-exports=java.base/java.nio=ALL-UNNAMED --add-exports=java.desktop/sun.swing=ALL-UNNAMED --add-exports=java.desktop/javax.swing=ALL-UNNAMED --add-exports=java.desktop/javax.swing.tree=ALL-UNNAMED --add-exports=java.desktop/javax.swing.plaf.basic=ALL-UNNAMED --add-exports=java.desktop/sun.swing=ALL-UNNAMED --add-exports=java.desktop/sun.swing.table=ALL-UNNAMED --add-exports=java.desktop/sun.swing.plaf.synth=ALL-UNNAMED --add-exports=java.desktop/sun.awt.shell=ALL-UNNAMED --add-exports=java.base/sun.security.action=ALL-UNNAMED --add-exports=java.desktop/sun.font=ALL-UNNAMED -XX:NewSize=80m -XX:MaxNewSize=80m -Xms812m -Xmx6144m -Xss10m 

Host: 13th Gen Intel(R) Core(TM) i5-1335U, 12 cores, 7G,  Windows 11 , 64 bit Build 26100 (10.0.26100.8875)
Time: Fri Jul 24 17:49:12 2026 Hora de verano romance elapsed time: 38.938995 seconds (0d 0h 0m 38s)

---------------  T H R E A D  ---------------

Current thread (0x0000019c078ebe50):  JavaThread "NewProject Thread"        [_thread_in_native, id=700, stack(0x0000006b4a500000,0x0000006b4af00000) (10240K)]

Stack: [0x0000006b4a500000,0x0000006b4af00000],  sp=0x0000006b4aefe4d0,  free space=10233k
Native frames: (J=compiled Java code, j=interpreted, Vv=VM code, C=native code)
C  [xv_isl_iostreams.dll+0x2b466d]
C  [xv_isl_iostreams.dll+0x2e7fa4]
C  [xv_isl_iostreams.dll+0x2e3563]
C  [xv_isl_iostreams.dll+0x26a57c]
C  [xv_isl_iostreams.dll+0x2690de]
C  [xv_common.dll+0x8c2029]
C  [xv_common.dll+0x719624]
C  [xv_common.dll+0x71967d]
C  0x00007ff88a06f1cd
C  0x00007ff88a070ec3
C  0x00007ff88a06f7d4
C  0x00007ff88a00a192
C  0x00007ff88a0725ea
C  0x00007ff88a06d8f5
C  0x00007ff889fff49f
C  0x00007ff88a060d22
C  0x0000019bac7fce0b

The last pc belongs to native method entry point (kind = native) (printed below).
Java frames: (J=compiled Java code, j=interpreted, Vv=VM code)
j  ui.frmwork.xhub.xhubi.XHubSwigIntf_getStore(Ljava/lang/String;)J+0
j  ui.frmwork.xhub.r.adB(Ljava/lang/String;)Lui/frmwork/xhub/q;+1
j  ui.utils.az.adB(Ljava/lang/String;)Lui/frmwork/xhub/q;+1
j  ui.views.c.v.g.Me()V+15
j  ui.views.i.construct()Ljava/lang/Object;+4
j  ui.frmwork.D.run()V+23
j  java.lang.Thread.runWith(Ljava/lang/Object;Ljava/lang/Runnable;)V+5 java.base@21.0.1
j  java.lang.Thread.run()V+19 java.base@21.0.1
v  ~StubRoutines::call_stub 0x0000019bac7f100d

siginfo: EXCEPTION_ACCESS_VIOLATION (0xc0000005), writing address 0xfffffffffce24fe0


Registers:
RAX=0x0000019c05e11a40, RBX=0x00007ff85c54f7b0, RCX=0x0000000000000000, RDX=0x00000000000c00f8
RSP=0x0000006b4aefe4d0, RBP=0x0000006b4aefe6a0, RSI=0x0000000000000003, RDI=0x0000000000000003
R8 =0xafb77fdeae4fce6a, R9 =0x0000000000000013, R10=0x0000000000000000, R11=0x0000000000000012
R12=0xfffffffffce25000, R13=0x0000000000000000, R14=0x0000019c05e11a40, R15=0xfffffffffce24fe0
RIP=0x00007ff85b7b466d, EFLAGS=0x0000000000010246


Register to memory mapping:

RAX=0x0000019c05e11a40 points into unknown readable memory: 0x0000019c071c0500 | 00 05 1c 07 9c 01 00 00
RBX=0x00007ff85c54f7b0 xv_isl_iostreams.dll
RCX=0x0 is null
RDX=0x00000000000c00f8 is an unknown value
RSP=0x0000006b4aefe4d0 is pointing into the stack for thread: 0x0000019c078ebe50
RBP=0x0000006b4aefe6a0 is pointing into the stack for thread: 0x0000019c078ebe50
RSI=0x0000000000000003 is an unknown value
RDI=0x0000000000000003 is an unknown value
R8 =0xafb77fdeae4fce6a is an unknown value
R9 =0x0000000000000013 is an unknown value
R10=0x0 is null
R11=0x0000000000000012 is an unknown value
R12=0xfffffffffce25000 is an unknown value
R13=0x0 is null
R14=0x0000019c05e11a40 points into unknown readable memory: 0x0000019c071c0500 | 00 05 1c 07 9c 01 00 00
R15=0xfffffffffce24fe0 is an unknown value

Top of Stack: (sp=0x0000006b4aefe4d0)
0x0000006b4aefe4d0:   0000006b4aefe568 00007ff940642d7b
0x0000006b4aefe4e0:   0000006b4aefe730 00007ff926a114d5
0x0000006b4aefe4f0:   fffffffffce25000 0000019c05e11a40
0x0000006b4aefe500:   0000000000000001 0000006b4aefe988
0x0000006b4aefe510:   0000006b4aefe9b8 0000006b4aefe9d8
0x0000006b4aefe520:   00007ff85bab7380 0000000000000000
0x0000006b4aefe530:   000000000000000f 00007ff85b7e7fa4
0x0000006b4aefe540:   00007ff85c54f7b0 0000006b4aefe6a0
0x0000006b4aefe550:   0000006b4aefe560 0000000000000003
0x0000006b4aefe560:   000000786963782e 0000000000000000
0x0000006b4aefe570:   0000000000000005 000000000000000f
0x0000006b4aefe580:   000089280ee38733 0000006b4aefe9d8
0x0000006b4aefe590:   0000006b4aefe730 00007ff85b7e3563
0x0000006b4aefe5a0:   0000000000000000 0000006b4aefe730
0x0000006b4aefe5b0:   0000000000000000 0000000000000000
0x0000006b4aefe5c0:   0000006b4aefe9b0 0000000000000101
0x0000006b4aefe5d0:   0000006b4aefe730 00007ff800000003
0x0000006b4aefe5e0:   0000006b4aefe988 0000006b4aefe9d8
0x0000006b4aefe5f0:   0000000000000001 0000010100000003
0x0000006b4aefe600:   00007ff90c20c630 0000006b4aefe9b0
0x0000006b4aefe610:   0000019c076e4540 0000006b00000000
0x0000006b4aefe620:   0000019b9292ada0 0000006b4aefe988
0x0000006b4aefe630:   0000019c0777e760 0000019b929f02d0
0x0000006b4aefe640:   00000000000000af 00000000000000af
0x0000006b4aefe650:   00000000002f3a43 00000000000000c0
0x0000006b4aefe660:   0000000000000003 000000000000000f
0x0000006b4aefe670:   0000000000000000 0000000000000000
0x0000006b4aefe680:   0000000000000000 000000000000000f
0x0000006b4aefe690:   0000000000000000 0000019b928e0000
0x0000006b4aefe6a0:   0000000000000000 000000000000000f
0x0000006b4aefe6b0:   0000019c079cf2c0 00007ff942ab4e84
0x0000006b4aefe6c0:   00000000000000af 00000000000000af 

Instructions: (pc=0x00007ff85b7b466d)
0x00007ff85b7b456d:   cc cc cc c2 00 00 cc cc cc cc cc cc cc cc cc cc
0x00007ff85b7b457d:   cc cc cc c2 00 00 cc cc cc cc cc cc cc cc cc cc
0x00007ff85b7b458d:   cc cc cc 48 8b 41 08 4c 8b c1 33 c9 48 89 08 48
0x00007ff85b7b459d:   89 48 10 48 89 48 18 0f 10 02 0f 11 00 0f 10 4a
0x00007ff85b7b45ad:   10 0f 11 48 10 48 89 4a 10 88 0a 48 c7 42 18 0f
0x00007ff85b7b45bd:   00 00 00 49 8b 40 08 48 8d 48 20 49 89 48 08 c3
0x00007ff85b7b45cd:   cc cc cc 4c 89 44 24 18 48 89 4c 24 08 53 56 57
0x00007ff85b7b45dd:   41 54 41 55 41 56 41 57 48 83 ec 30 4c 8b ea 48
0x00007ff85b7b45ed:   8b d9 48 8b 01 4c 8b fa 4c 2b f8 48 8b 71 08 48
0x00007ff85b7b45fd:   2b f0 48 c1 fe 05 48 bf ff ff ff ff ff ff ff 07
0x00007ff85b7b460d:   48 3b f7 0f 84 3f 01 00 00 48 ff c6 48 8b 49 10
0x00007ff85b7b461d:   48 2b c8 48 c1 f9 05 48 8b d1 48 d1 ea 48 8b c7
0x00007ff85b7b462d:   48 2b c2 48 3b c8 77 0b 48 8d 3c 0a 48 3b fe 48
0x00007ff85b7b463d:   0f 42 fe 48 89 bc 24 88 00 00 00 48 8b d7 48 8b
0x00007ff85b7b464d:   cb e8 6d 5d f3 ff 4c 8b f0 48 89 44 24 28 49 83
0x00007ff85b7b465d:   e7 e0 4c 03 f8 4d 8d 67 20 4c 89 64 24 20 33 c9
0x00007ff85b7b466d:   49 89 0f 49 89 4f 10 49 89 4f 18 48 8b 84 24 80
0x00007ff85b7b467d:   00 00 00 0f 10 00 41 0f 11 07 0f 10 48 10 41 0f
0x00007ff85b7b468d:   11 4f 10 48 89 48 10 48 c7 40 18 0f 00 00 00 88
0x00007ff85b7b469d:   08 4c 89 7c 24 78 48 8b 53 08 48 8b 0b 4c 3b ea
0x00007ff85b7b46ad:   75 05 4d 8b e6 eb 1a 4c 8b cb 4d 8b c6 49 8b d5
0x00007ff85b7b46bd:   e8 de 14 f3 ff 4c 89 74 24 78 48 8b 53 08 49 8b
0x00007ff85b7b46cd:   cd 4c 8b cb 4d 8b c4 e8 c7 14 f3 ff 90 48 8b 0b
0x00007ff85b7b46dd:   48 85 c9 74 40 4c 8b c3 48 8b 53 08 e8 42 03 f3
0x00007ff85b7b46ed:   ff 48 8b 0b 48 8b 53 10 48 2b d1 48 83 e2 e0 48
0x00007ff85b7b46fd:   81 fa 00 10 00 00 72 18 48 83 c2 27 4c 8b 41 f8
0x00007ff85b7b470d:   49 2b c8 48 8d 41 f8 48 83 f8 1f 77 34 49 8b c8
0x00007ff85b7b471d:   e8 f2 cb 1f 00 4c 89 33 48 c1 e6 05 49 03 f6 48
0x00007ff85b7b472d:   89 73 08 48 c1 e7 05 49 03 fe 48 89 7b 10 49 8b
0x00007ff85b7b473d:   c7 48 83 c4 30 41 5f 41 5e 41 5d 41 5c 5f 5e 5b
0x00007ff85b7b474d:   c3 ff 15 5c 01 22 00 cc e8 b6 5b f3 ff cc cc cc
0x00007ff85b7b475d:   cc cc cc 48 8b 01 c3 cc cc cc cc cc cc cc cc cc 


Stack slot to memory mapping:

stack at sp + 0 slots: 0x0000006b4aefe568 is pointing into the stack for thread: 0x0000019c078ebe50
stack at sp + 1 slots: 0x00007ff940642d7b ucrtbase.dll
stack at sp + 2 slots: 0x0000006b4aefe730 is pointing into the stack for thread: 0x0000019c078ebe50
stack at sp + 3 slots: 0x00007ff926a114d5 MSVCP140.dll
stack at sp + 4 slots: 0xfffffffffce25000 is an unknown value
stack at sp + 5 slots: 0x0000019c05e11a40 points into unknown readable memory: 0x0000019c071c0500 | 00 05 1c 07 9c 01 00 00
stack at sp + 6 slots: 0x0000000000000001 is an unknown value
stack at sp + 7 slots: 0x0000006b4aefe988 is pointing into the stack for thread: 0x0000019c078ebe50

native method entry point (kind = native)  [0x0000019bac7fc9e0, 0x0000019bac7fd508]  2856 bytes
[MachCode]
  0x0000019bac7fc9e0: 488b 4b08 | 0fb7 492e | 584c 8d74 | ccf8 6800 | 0000 0068 | 0000 0000 | 5055 488b | ec41 5568 
  0x0000019bac7fca00: 0000 0000 | 4c8b 6b08 | 4d8d 6d38 | 5348 8b53 | 0848 8b52 | 0848 8b52 | 1848 8b52 | 7048 8b12 
  0x0000019bac7fca20: 5248 8b53 | 1048 85d2 | 0f84 0700 | 0000 4881 | c208 0100 | 0052 488b | 5308 488b | 5208 488b 
  0x0000019bac7fca40: 5210 5249 | 8bc6 482b | c548 c1e8 | 0350 6800 | 0000 0068 | 0000 0000 | 4889 2424 | 41c6 8779 
  0x0000019bac7fca60: 0400 0001 | 488b 4310 | 4885 c074 | 208b 88cc | 0000 0083 | c102 8988 | cc00 0000 | 2388 e000 
  0x0000019bac7fca80: 0000 0f84 | cb09 0000 | e9cf 0000 | 0048 8b43 | 1848 85c0 | 0f85 b000 | 0000 e805 | 0000 00e9 
  0x0000019bac7fcaa0: 9900 0000 | 488b d348 | 8d44 2408 | 4c89 6dc0 | 498b cfc5 | f877 4989 | afa8 0300 | 0049 8987 
  0x0000019bac7fcac0: 9803 0000 | 4883 ec20 | 40f6 c40f | 0f84 1900 | 0000 4883 | ec08 48b8 | 301a 4959 | f87f 0000 
  0x0000019bac7fcae0: ffd0 4883 | c408 e90c | 0000 0048 | b830 1a49 | 59f8 7f00 | 00ff d048 | 83c4 2049 | c787 9803 
  0x0000019bac7fcb00: 0000 0000 | 0000 49c7 | 87a8 0300 | 0000 0000 | 0049 c787 | a003 0000 | 0000 0000 | c5f8 7749 
  0x0000019bac7fcb20: 837f 0800 | 0f84 0500 | 0000 e9d1 | 43ff ff4c | 8b6d c04c | 8b75 c84e | 8d74 f500 | c348 8b43 
  0x0000019bac7fcb40: 1848 85c0 | 0f84 1200 | 0000 8b48 | 0883 c102 | 8948 0823 | 481c 0f84 | f708 0000 | 493b a7e8 
  0x0000019bac7fcb60: 0400 000f | 8748 0000 | 0089 8424 | 00f0 ffff | 8984 2400 | e0ff ff89 | 8424 00d0 | ffff 8984 
  0x0000019bac7fcb80: 2400 c0ff | ff89 8424 | 00b0 ffff | 8984 2400 | a0ff ff89 | 8424 0090 | ffff 8984 | 2400 80ff 
  0x0000019bac7fcba0: ff49 3ba7 | e004 0000 | 7607 4989 | a7e8 0400 | 0041 c687 | 7904 0000 | 0049 baae | 9ad4 59f8 
  0x0000019bac7fcbc0: 7f00 0041 | 803a 000f | 843e 0000 | 0048 8b55 | e849 8bcf | 4883 ec20 | 40f6 c40f | 0f84 1900 
  0x0000019bac7fcbe0: 0000 4883 | ec08 48b8 | a0d6 7e59 | f87f 0000 | ffd0 4883 | c408 e90c | 0000 0048 | b8a0 d67e 
  0x0000019bac7fcc00: 59f8 7f00 | 00ff d048 | 83c4 2048 | 8b5d e84c | 8b5b 0845 | 0fb7 5b2e | 41c1 e303 | 492b e348 
  0x0000019bac7fcc20: 83ec 2048 | 83e4 f04c | 8b5b 604d | 85db 0f85 | ab00 0000 | e805 0000 | 00e9 9900 | 0000 488b 
  0x0000019bac7fcc40: d348 8d44 | 2408 4c89 | 6dc0 498b | cfc5 f877 | 4989 afa8 | 0300 0049 | 8987 9803 | 0000 4883 
  0x0000019bac7fcc60: ec20 40f6 | c40f 0f84 | 1900 0000 | 4883 ec08 | 48b8 1041 | 4959 f87f | 0000 ffd0 | 4883 c408 
  0x0000019bac7fcc80: e90c 0000 | 0048 b810 | 4149 59f8 | 7f00 00ff | d048 83c4 | 2049 c787 | 9803 0000 | 0000 0000 
  0x0000019bac7fcca0: 49c7 87a8 | 0300 0000 | 0000 0049 | c787 a003 | 0000 0000 | 0000 c5f8 | 7749 837f | 0800 0f84 
  0x0000019bac7fccc0: 0500 0000 | e937 42ff | ff4c 8b6d | c04c 8b75 | c84e 8d74 | f500 c348 | 8b5d e84c | 8b5b 6041 
  0x0000019bac7fcce0: ffd3 488b | 5de8 4889 | 4518 448b | 5b28 41f6 | c308 0f84 | 1b00 0000 | 4c8b 5b08 | 4d8b 5b08 
  0x0000019bac7fcd00: 4d8b 5b18 | 4d8b 5b70 | 4d8b 1b4c | 895d 1048 | 8d55 1048 | 8b43 5849 | baf0 2b7f | 59f8 7f00 
  0x0000019bac7fcd20: 0049 3bc2 | 0f85 ab00 | 0000 e805 | 0000 00e9 | 9900 0000 | 488b d348 | 8d44 2408 | 4c89 6dc0 
  0x0000019bac7fcd40: 498b cfc5 | f877 4989 | afa8 0300 | 0049 8987 | 9803 0000 | 4883 ec20 | 40f6 c40f | 0f84 1900 
  0x0000019bac7fcd60: 0000 4883 | ec08 48b8 | 1041 4959 | f87f 0000 | ffd0 4883 | c408 e90c | 0000 0048 | b810 4149 
  0x0000019bac7fcd80: 59f8 7f00 | 00ff d048 | 83c4 2049 | c787 9803 | 0000 0000 | 0000 49c7 | 87a8 0300 | 0000 0000 
  0x0000019bac7fcda0: 0049 c787 | a003 0000 | 0000 0000 | c5f8 7749 | 837f 0800 | 0f84 0500 | 0000 e941 | 41ff ff4c 
  0x0000019bac7fcdc0: 8b6d c04c | 8b75 c84e | 8d74 f500 | c348 8b5d | e848 8b43 | 5849 8d8f | b803 0000 | c5f8 7749 
  0x0000019bac7fcde0: 89af a803 | 0000 49ba | dccd 7fac | 9b01 0000 | 4d89 97a0 | 0300 0049 | 89a7 9803 | 0000 41c7 
  0x0000019bac7fce00: 874c 0400 | 0004 0000 | 00ff d0c5 | f877 4883 | ec10 c5fb | 1104 2448 | 83ec 1048 | 8904 2448 
  0x0000019bac7fce20: c744 2408 | 0000 0000 | 41c7 874c | 0400 0005 | 0000 00f0 | 8344 24c0 | 0049 3baf | 5004 0000 
  0x0000019bac7fce40: 0f87 0e00 | 0000 4183 | bf48 0400 | 0000 0f84 | 2000 0000 | 498b cf4c | 8be4 4883 | ec20 4883 
  0x0000019bac7fce60: e4f0 48b8 | 2099 4a59 | f87f 0000 | ffd0 498b | e44d 33e4 | 41c7 874c | 0400 0008 | 0000 0049 
  0x0000019bac7fce80: c787 9803 | 0000 0000 | 0000 49c7 | 87a8 0300 | 0000 0000 | 0049 c787 | a003 0000 | 0000 0000 
  0x0000019bac7fcea0: c5f8 774d | 8b9f 2804 | 0000 41c7 | 8300 0100 | 0000 0000 | 0049 bb9a | a37f ac9b | 0100 004c 
  0x0000019bac7fcec0: 3b5d 180f | 8524 0200 | 0048 8b04 | 2448 83c4 | 1048 85c0 | 0f84 fe01 | 0000 a803 | 0f85 0800 
  0x0000019bac7fcee0: 0000 488b | 00e9 ee01 | 0000 a801 | 0f85 0900 | 0000 488b | 40fe e9dd | 0100 0048 | 8b40 ff41 
  0x0000019bac7fcf00: 807f 4000 | 0f84 ce01 | 0000 4883 | f800 0f84 | c401 0000 | 4d8b 5f28 | 4983 fb00 | 0f84 1400 
  0x0000019bac7fcf20: 0000 4983 | eb08 4d89 | 5f28 4d03 | 5f38 4989 | 03e9 a201 | 0000 4881 | ecd0 0000 | 0048 8904 
  0x0000019bac7fcf40: 2448 894c | 2408 4889 | 5424 1048 | 8974 2418 | 4889 7c24 | 204c 8944 | 2428 4c89 | 4c24 304c 
  0x0000019bac7fcf60: 8954 2438 | 4c89 5c24 | 40c5 fb11 | 4424 50c5 | fb11 4c24 | 58c5 fb11 | 5424 60c5 | fb11 5c24 
  0x0000019bac7fcf80: 68c5 fb11 | 6424 70c5 | fb11 6c24 | 78c5 fb11 | b424 8000 | 0000 c5fb | 11bc 2488 | 0000 00c5 
  0x0000019bac7fcfa0: 7b11 8424 | 9000 0000 | c57b 118c | 2498 0000 | 00c5 7b11 | 9424 a000 | 0000 c57b | 119c 24a8 
  0x0000019bac7fcfc0: 0000 00c5 | 7b11 a424 | b000 0000 | c57b 11ac | 24b8 0000 | 00c5 7b11 | b424 c000 | 0000 c57b 
  0x0000019bac7fcfe0: 11bc 24c8 | 0000 0049 | 8bd7 488b | c848 83ec | 2040 f6c4 | 0f0f 8419 | 0000 0048 | 83ec 0848 
  0x0000019bac7fd000: b8e0 083e | 59f8 7f00 | 00ff d048 | 83c4 08e9 | 0c00 0000 | 48b8 e008 | 3e59 f87f | 0000 ffd0 
  0x0000019bac7fd020: 4883 c420 | c57b 10bc | 24c8 0000 | 00c5 7b10 | b424 c000 | 0000 c57b | 10ac 24b8 | 0000 00c5 
  0x0000019bac7fd040: 7b10 a424 | b000 0000 | c57b 109c | 24a8 0000 | 00c5 7b10 | 9424 a000 | 0000 c57b | 108c 2498 
  0x0000019bac7fd060: 0000 00c5 | 7b10 8424 | 9000 0000 | c5fb 10bc | 2488 0000 | 00c5 fb10 | b424 8000 | 0000 c5fb 
  0x0000019bac7fd080: 106c 2478 | c5fb 1064 | 2470 c5fb | 105c 2468 | c5fb 1054 | 2460 c5fb | 104c 2458 | c5fb 1044 
  0x0000019bac7fd0a0: 2450 4c8b | 5c24 404c | 8b54 2438 | 4c8b 4c24 | 304c 8b44 | 2428 488b | 7c24 2048 | 8b74 2418 
  0x0000019bac7fd0c0: 488b 5424 | 1048 8b4c | 2408 488b | 0424 4881 | c4d0 0000 | 00c5 f877 | 4889 4510 | 4883 ec10 
  0x0000019bac7fd0e0: 4889 0424 | 48c7 4424 | 0800 0000 | 0041 83bf | c804 0000 | 020f 85bf | 0000 0048 | 81ec 8000 
  0x0000019bac7fd100: 0000 4889 | 4424 7848 | 894c 2470 | 4889 5424 | 6848 895c | 2460 4889 | 6c24 5048 | 8974 2448 
  0x0000019bac7fd120: 4889 7c24 | 404c 8944 | 2438 4c89 | 4c24 304c | 8954 2428 | 4c89 5c24 | 204c 8964 | 2418 4c89 
  0x0000019bac7fd140: 6c24 104c | 8974 2408 | 4c89 3c24 | 4c8b e448 | 83ec 2048 | 83e4 f048 | b880 0e7f | 59f8 7f00 
  0x0000019bac7fd160: 00ff d049 | 8be4 4c8b | 3c24 4c8b | 7424 084c | 8b6c 2410 | 4c8b 6424 | 184c 8b5c | 2420 4c8b 
  0x0000019bac7fd180: 5424 284c | 8b4c 2430 | 4c8b 4424 | 3848 8b7c | 2440 488b | 7424 4848 | 8b6c 2450 | 488b 5c24 
  0x0000019bac7fd1a0: 6048 8b54 | 2468 488b | 4c24 7048 | 8b44 2478 | 4881 c480 | 0000 004d | 33e4 488b | 5de8 4c8b 
  0x0000019bac7fd1c0: 6b08 4d8d | 6d38 4983 | 7f08 000f | 84bb 0000 | 00e8 0500 | 0000 e996 | 0000 0048 | 8d44 2408 
  0x0000019bac7fd1e0: 4c89 6dc0 | 498b cfc5 | f877 4989 | afa8 0300 | 0049 8987 | 9803 0000 | 4883 ec20 | 40f6 c40f 
  0x0000019bac7fd200: 0f84 1900 | 0000 4883 | ec08 48b8 | b05e 4959 | f87f 0000 | ffd0 4883 | c408 e90c | 0000 0048 
  0x0000019bac7fd220: b8b0 5e49 | 59f8 7f00 | 00ff d048 | 83c4 2049 | c787 9803 | 0000 0000 | 0000 49c7 | 87a8 0300 
  0x0000019bac7fd240: 0000 0000 | 0049 c787 | a003 0000 | 0000 0000 | c5f8 7749 | 837f 0800 | 0f84 0500 | 0000 e99d 
  0x0000019bac7fd260: 3cff ff4c | 8b6d c04c | 8b75 c84e | 8d74 f500 | c348 b950 | e0aa 59f8 | 7f00 0048 | 83e4 f048 
  0x0000019bac7fd280: b850 ef6d | 59f8 7f00 | 00ff d0f4 | 448b 5b28 | 41f6 c320 | 0f84 4401 | 0000 488d | 55a8 4c8b 
  0x0000019bac7fd2a0: 5a08 4d85 | db0f 85bb | 0000 00e8 | 0500 0000 | e996 0000 | 0048 8d44 | 2408 4c89 | 6dc0 498b 
  0x0000019bac7fd2c0: cfc5 f877 | 4989 afa8 | 0300 0049 | 8987 9803 | 0000 4883 | ec20 40f6 | c40f 0f84 | 1900 0000 
  0x0000019bac7fd2e0: 4883 ec08 | 48b8 e05d | 4959 f87f | 0000 ffd0 | 4883 c408 | e90c 0000 | 0048 b8e0 | 5d49 59f8 
  0x0000019bac7fd300: 7f00 00ff | d048 83c4 | 2049 c787 | 9803 0000 | 0000 0000 | 49c7 87a8 | 0300 0000 | 0000 0049 
  0x0000019bac7fd320: c787 a003 | 0000 0000 | 0000 c5f8 | 7749 837f | 0800 0f84 | 0500 0000 | e9c3 3bff | ff4c 8b6d 
  0x0000019bac7fd340: c04c 8b75 | c84e 8d74 | f500 c348 | b950 e0aa | 59f8 7f00 | 0048 83e4 | f048 b850 | ef6d 59f8 
  0x0000019bac7fd360: 7f00 00ff | d0f4 4c89 | 6dc0 488d | 024c 8b4a | 0848 c742 | 0800 0000 | 004c 8b00 | 4d85 c00f 
  0x0000019bac7fd380: 840b 0000 | 00f0 4d0f | b101 0f85 | 0c00 0000 | 49ff 8f50 | 0500 00e9 | 3e00 0000 | 4c89 4a08 
  0x0000019bac7fd3a0: 488b ca48 | 83ec 2040 | f6c4 0f0f | 8419 0000 | 0048 83ec | 0848 b800 | 3149 59f8 | 7f00 00ff 
  0x0000019bac7fd3c0: d048 83c4 | 08e9 0c00 | 0000 48b8 | 0031 4959 | f87f 0000 | ffd0 4883 | c420 4c8b | 6dc0 49ba 
  0x0000019bac7fd3e0: ae9a d459 | f87f 0000 | 4180 3a00 | 0f84 3e00 | 0000 488b | 55e8 498b | cf48 83ec | 2040 f6c4 
  0x0000019bac7fd400: 0f0f 8419 | 0000 0048 | 83ec 0848 | b8a0 d67e | 59f8 7f00 | 00ff d048 | 83c4 08e9 | 0c00 0000 
  0x0000019bac7fd420: 48b8 a0d6 | 7e59 f87f | 0000 ffd0 | 4883 c420 | 488b 0424 | 4883 c410 | c5fb 1004 | 2448 83c4 
  0x0000019bac7fd440: 104c 8b5d | 1841 ffd3 | 4c8b 5df8 | c95f 498b | e3ff e7ba | 0000 0000 | e805 0000 | 00e9 9600 
  0x0000019bac7fd460: 0000 488d | 4424 084c | 896d c049 | 8bcf c5f8 | 7749 89af | a803 0000 | 4989 8798 | 0300 0048 
  0x0000019bac7fd480: 83ec 2040 | f6c4 0f0f | 8419 0000 | 0048 83ec | 0848 b8c0 | 2449 59f8 | 7f00 00ff | d048 83c4 
  0x0000019bac7fd4a0: 08e9 0c00 | 0000 48b8 | c024 4959 | f87f 0000 | ffd0 4883 | c420 49c7 | 8798 0300 | 0000 0000 
  0x0000019bac7fd4c0: 0049 c787 | a803 0000 | 0000 0000 | 49c7 87a0 | 0300 0000 | 0000 00c5 | f877 4983 | 7f08 000f 
  0x0000019bac7fd4e0: 8405 0000 | 00e9 163a | ffff 4c8b | 6dc0 4c8b | 75c8 4e8d | 74f5 00c3 | 488b 5de8 | e95b f6ff 
  0x0000019bac7fd500: ff0f 1f80 | 0000 0000 
[/MachCode]

---------------  P R O C E S S  ---------------

Threads class SMR info:
_java_thread_list=0x0000019c05cb5730, length=29, elements={
0x0000019b94898120, 0x0000019b9ca9dff0, 0x0000019b9ca9ea50, 0x0000019b9caa36d0,
0x0000019b9caa4940, 0x0000019b9caa7fd0, 0x0000019b9caa8e40, 0x0000019b9cac76e0,
0x0000019b9cacb6d0, 0x0000019b9cad3ef0, 0x0000019c040550c0, 0x0000019c0405ab50,
0x0000019c04b4ca70, 0x0000019c04a099c0, 0x0000019b9ca658b0, 0x0000019b9539a310,
0x0000019b96bbdd10, 0x0000019c05b89710, 0x0000019c05b89da0, 0x0000019c05b86fb0,
0x0000019c05b8a430, 0x0000019c078ebe50, 0x0000019c078ec4e0, 0x0000019c078e9060,
0x0000019c078eaaa0, 0x0000019c078eb130, 0x0000019c078e9d80, 0x0000019c05b88360,
0x0000019c05b889f0
}

Java Threads: ( => current thread )
  0x0000019b94898120 JavaThread "main"                              [_thread_blocked, id=17404, stack(0x0000006b3f500000,0x0000006b3f600000) (1024K)]
  0x0000019b9ca9dff0 JavaThread "Reference Handler"          daemon [_thread_blocked, id=5456, stack(0x0000006b40300000,0x0000006b40d00000) (10240K)]
  0x0000019b9ca9ea50 JavaThread "Finalizer"                  daemon [_thread_blocked, id=5044, stack(0x0000006b40d00000,0x0000006b41700000) (10240K)]
  0x0000019b9caa36d0 JavaThread "Signal Dispatcher"          daemon [_thread_blocked, id=7020, stack(0x0000006b41700000,0x0000006b42100000) (10240K)]
  0x0000019b9caa4940 JavaThread "Attach Listener"            daemon [_thread_blocked, id=31700, stack(0x0000006b42100000,0x0000006b42b00000) (10240K)]
  0x0000019b9caa7fd0 JavaThread "Service Thread"             daemon [_thread_blocked, id=30380, stack(0x0000006b42b00000,0x0000006b43500000) (10240K)]
  0x0000019b9caa8e40 JavaThread "Monitor Deflation Thread"   daemon [_thread_blocked, id=10596, stack(0x0000006b43500000,0x0000006b43f00000) (10240K)]
  0x0000019b9cac76e0 JavaThread "C2 CompilerThread0"         daemon [_thread_in_native, id=30096, stack(0x0000006b43f00000,0x0000006b44000000) (1024K)]
  0x0000019b9cacb6d0 JavaThread "C1 CompilerThread0"         daemon [_thread_blocked, id=26888, stack(0x0000006b44000000,0x0000006b44100000) (1024K)]
  0x0000019b9cad3ef0 JavaThread "StringDedupThread"          daemon [_thread_blocked, id=22660, stack(0x0000006b44100000,0x0000006b44b00000) (10240K)]
  0x0000019c040550c0 JavaThread "Common-Cleaner"             daemon [_thread_blocked, id=29800, stack(0x0000006b44b00000,0x0000006b45500000) (10240K)]
  0x0000019c0405ab50 JavaThread "Notification Thread"        daemon [_thread_blocked, id=12048, stack(0x0000006b45500000,0x0000006b45f00000) (10240K)]
  0x0000019c04b4ca70 JavaThread "Java2D Disposer"            daemon [_thread_blocked, id=15084, stack(0x0000006b45f00000,0x0000006b46900000) (10240K)]
  0x0000019c04a099c0 JavaThread "AWT-Windows"                daemon [_thread_in_native, id=20680, stack(0x0000006b47300000,0x0000006b47d00000) (10240K)]
  0x0000019b9ca658b0 JavaThread "TimerQueue"                 daemon [_thread_blocked, id=10696, stack(0x0000006b47d00000,0x0000006b48700000) (10240K)]
  0x0000019b9539a310 JavaThread "AWT-Shutdown"                      [_thread_blocked, id=14776, stack(0x0000006b48700000,0x0000006b49100000) (10240K)]
  0x0000019b96bbdd10 JavaThread "AWT-EventQueue-0"                  [_thread_blocked, id=17316, stack(0x0000006b49100000,0x0000006b49b00000) (10240K)]
  0x0000019c05b89710 JavaThread "Thread-1"                          [_thread_in_native, id=31692, stack(0x0000006b3df00000,0x0000006b3f300000) (20480K)]
  0x0000019c05b89da0 JavaThread "Process Messages Thread"           [_thread_blocked, id=7272, stack(0x0000006b4af00000,0x0000006b4b900000) (10240K)]
  0x0000019c05b86fb0 JavaThread "Batik CleanerThread"        daemon [_thread_blocked, id=24684, stack(0x0000006b4b900000,0x0000006b4c300000) (10240K)]
  0x0000019c05b8a430 JavaThread "SyntheticaCleanerThread"    daemon [_thread_blocked, id=15304, stack(0x0000006b4c300000,0x0000006b4cd00000) (10240K)]
=>0x0000019c078ebe50 JavaThread "NewProject Thread"                 [_thread_in_native, id=700, stack(0x0000006b4a500000,0x0000006b4af00000) (10240K)]
  0x0000019c078ec4e0 JavaThread "Timer-0"                           [_thread_blocked, id=8424, stack(0x0000006b4cd00000,0x0000006b4d700000) (10240K)]
  0x0000019c078e9060 JavaThread "Monitor File Timestamp Swing Worker Thread"        [_thread_blocked, id=26596, stack(0x0000006b4d700000,0x0000006b4e100000) (10240K)]
  0x0000019c078eaaa0 JavaThread "Monitor HEventQueue for Sluggish Gui Thread"        [_thread_blocked, id=30828, stack(0x0000006b49b00000,0x0000006b4a500000) (10240K)]
  0x0000019c078eb130 JavaThread "SyntheticaAnimation 50"     daemon [_thread_blocked, id=25968, stack(0x0000006b4e100000,0x0000006b4eb00000) (10240K)]
  0x0000019c078e9d80 JavaThread "SyntheticaAnimation 25"     daemon [_thread_blocked, id=22848, stack(0x0000006b4eb00000,0x0000006b4f500000) (10240K)]
  0x0000019c05b88360 JavaThread "Open Project Thread"               [_thread_in_native, id=14416, stack(0x0000006b4f500000,0x0000006b4ff00000) (10240K)]
  0x0000019c05b889f0 JavaThread "SyntheticaAnimation 70"     daemon [_thread_blocked, id=29676, stack(0x0000006b4ff00000,0x0000006b50900000) (10240K)]
Total: 29

Other Threads:
  0x0000019b95408820 VMThread "VM Thread"                           [id=5420, stack(0x0000006b40200000,0x0000006b40300000) (1024K)]
  0x0000019b9ba56fd0 WatcherThread "VM Periodic Task Thread"        [id=29088, stack(0x0000006b40100000,0x0000006b40200000) (1024K)]
  0x0000019b95409de0 WorkerThread "GC Thread#0"                     [id=14836, stack(0x0000006b3fc00000,0x0000006b3fd00000) (1024K)]
  0x0000019b95408bc0 WorkerThread "GC Thread#1"                     [id=26000, stack(0x0000006b46900000,0x0000006b46a00000) (1024K)]
  0x0000019b9540ac60 WorkerThread "GC Thread#2"                     [id=19124, stack(0x0000006b46a00000,0x0000006b46b00000) (1024K)]
  0x0000019b95408f60 WorkerThread "GC Thread#3"                     [id=26376, stack(0x0000006b46b00000,0x0000006b46c00000) (1024K)]
  0x0000019b9b9a3ad0 ConcurrentGCThread "G1 Main Marker"            [id=29764, stack(0x0000006b3fd00000,0x0000006b3fe00000) (1024K)]
  0x0000019b9540a8c0 WorkerThread "G1 Conc#0"                       [id=27996, stack(0x0000006b3fe00000,0x0000006b3ff00000) (1024K)]
  0x0000019b9c966ee0 ConcurrentGCThread "G1 Refine#0"               [id=18752, stack(0x0000006b3ff00000,0x0000006b40000000) (1024K)]
  0x0000019b9c968380 ConcurrentGCThread "G1 Service"                [id=2744, stack(0x0000006b40000000,0x0000006b40100000) (1024K)]
Total: 10

Threads with active compile tasks:
C2 CompilerThread0    39342 8947   !   4       de.javasoft.plaf.synthetica.StyleFactory::getStyle (4377 bytes)
Total: 1

VM state: not at safepoint (normal execution)

VM Mutex/Monitor currently owned by a thread: None

Heap address: 0x0000000680000000, size: 6144 MB, Compressed Oops mode: Zero based, Oop shift amount: 3

CDS archive(s) mapped at: [0x0000019bbf000000-0x0000019bbfc90000-0x0000019bbfc90000), size 13172736, SharedBaseAddress: 0x0000019bbf000000, ArchiveRelocationMode: 1.
Compressed class space mapped at: 0x0000019bc0000000-0x0000019c00000000, reserved size: 1073741824
Narrow klass base: 0x0000019bbf000000, Narrow klass shift: 0, Narrow klass range: 0x100000000

GC Precious Log:
 CardTable entry size: 512
 Card Set container configuration: InlinePtr #cards 4 size 8 Array Of Cards #cards 32 size 80 Howl #buckets 8 coarsen threshold 7372 Howl Bitmap #cards 1024 size 144 coarsen threshold 921 Card regions per heap region 1 cards per card region 8192
 CPUs: 12 total, 12 available
 Memory: 7875M
 Large Page Support: Disabled
 NUMA Support: Disabled
 Compressed Oops: Enabled (Zero based)
 Heap Region Size: 4M
 Heap Min Capacity: 812M
 Heap Initial Capacity: 812M
 Heap Max Capacity: 6G
 Pre-touch: Disabled
 Parallel Workers: 4
 Concurrent Workers: 1
 Concurrent Refinement Workers: 4
 Periodic GC: Disabled
 String Deduplication is enabled

Heap:
 garbage-first heap   total 831488K, used 83005K [0x0000000680000000, 0x0000000800000000)
  region size 4096K, 5 young (20480K), 3 survivors (12288K)
 Metaspace       used 57979K, committed 58368K, reserved 1114112K
  class space    used 7658K, committed 7808K, reserved 1048576K

Heap Regions: E=young(eden), S=young(survivor), O=old, HS=humongous(starts), HC=humongous(continues), CS=collection set, F=free, TAMS=top-at-mark-start, PB=parsable bottom
|   0|0x0000000680000000, 0x0000000680400000, 0x0000000680400000|100%| O|  |TAMS 0x0000000680000000| PB 0x0000000680000000| Untracked 
|   1|0x0000000680400000, 0x0000000680800000, 0x0000000680800000|100%| O|  |TAMS 0x0000000680400000| PB 0x0000000680400000| Untracked 
|   2|0x0000000680800000, 0x0000000680c00000, 0x0000000680c00000|100%| O|  |TAMS 0x0000000680800000| PB 0x0000000680800000| Untracked 
|   3|0x0000000680c00000, 0x0000000681000000, 0x0000000681000000|100%| O|  |TAMS 0x0000000680c00000| PB 0x0000000680c00000| Untracked 
|   4|0x0000000681000000, 0x0000000681400000, 0x0000000681400000|100%| O|  |TAMS 0x0000000681000000| PB 0x0000000681000000| Untracked 
|   5|0x0000000681400000, 0x0000000681800000, 0x0000000681800000|100%| O|  |TAMS 0x0000000681400000| PB 0x0000000681400000| Untracked 
|   6|0x0000000681800000, 0x0000000681c00000, 0x0000000681c00000|100%| O|  |TAMS 0x0000000681800000| PB 0x0000000681800000| Untracked 
|   7|0x0000000681c00000, 0x0000000682000000, 0x0000000682000000|100%| O|  |TAMS 0x0000000681c00000| PB 0x0000000681c00000| Untracked 
|   8|0x0000000682000000, 0x0000000682400000, 0x0000000682400000|100%| O|  |TAMS 0x0000000682000000| PB 0x0000000682000000| Untracked 
|   9|0x0000000682400000, 0x0000000682800000, 0x0000000682800000|100%|HS|  |TAMS 0x0000000682400000| PB 0x0000000682400000| Complete 
|  10|0x0000000682800000, 0x0000000682c00000, 0x0000000682c00000|100%|HC|  |TAMS 0x0000000682800000| PB 0x0000000682800000| Complete 
|  11|0x0000000682c00000, 0x0000000683000000, 0x0000000683000000|100%|HC|  |TAMS 0x0000000682c00000| PB 0x0000000682c00000| Complete 
|  12|0x0000000683000000, 0x0000000683400000, 0x0000000683400000|100%| O|  |TAMS 0x0000000683000000| PB 0x0000000683000000| Untracked 
|  13|0x0000000683400000, 0x0000000683800000, 0x0000000683800000|100%|HS|  |TAMS 0x0000000683400000| PB 0x0000000683400000| Complete 
|  14|0x0000000683800000, 0x0000000683c00000, 0x0000000683c00000|100%|HC|  |TAMS 0x0000000683800000| PB 0x0000000683800000| Complete 
|  15|0x0000000683c00000, 0x0000000684000000, 0x0000000684000000|100%| O|  |TAMS 0x0000000683c00000| PB 0x0000000683c00000| Untracked 
|  16|0x0000000684000000, 0x000000068410f740, 0x0000000684400000| 26%| O|  |TAMS 0x0000000684000000| PB 0x0000000684000000| Untracked 
|  17|0x0000000684400000, 0x0000000684400000, 0x0000000684800000|  0%| F|  |TAMS 0x0000000684400000| PB 0x0000000684400000| Untracked 
|  18|0x0000000684800000, 0x0000000684800000, 0x0000000684c00000|  0%| F|  |TAMS 0x0000000684800000| PB 0x0000000684800000| Untracked 
|  19|0x0000000684c00000, 0x0000000684c00000, 0x0000000685000000|  0%| F|  |TAMS 0x0000000684c00000| PB 0x0000000684c00000| Untracked 
|  20|0x0000000685000000, 0x0000000685000000, 0x0000000685400000|  0%| F|  |TAMS 0x0000000685000000| PB 0x0000000685000000| Untracked 
|  21|0x0000000685400000, 0x0000000685400000, 0x0000000685800000|  0%| F|  |TAMS 0x0000000685400000| PB 0x0000000685400000| Untracked 
|  22|0x0000000685800000, 0x0000000685800000, 0x0000000685c00000|  0%| F|  |TAMS 0x0000000685800000| PB 0x0000000685800000| Untracked 
|  23|0x0000000685c00000, 0x0000000685c00000, 0x0000000686000000|  0%| F|  |TAMS 0x0000000685c00000| PB 0x0000000685c00000| Untracked 
|  24|0x0000000686000000, 0x0000000686000000, 0x0000000686400000|  0%| F|  |TAMS 0x0000000686000000| PB 0x0000000686000000| Untracked 
|  25|0x0000000686400000, 0x0000000686400000, 0x0000000686800000|  0%| F|  |TAMS 0x0000000686400000| PB 0x0000000686400000| Untracked 
|  26|0x0000000686800000, 0x0000000686800000, 0x0000000686c00000|  0%| F|  |TAMS 0x0000000686800000| PB 0x0000000686800000| Untracked 
|  27|0x0000000686c00000, 0x0000000686c00000, 0x0000000687000000|  0%| F|  |TAMS 0x0000000686c00000| PB 0x0000000686c00000| Untracked 
|  28|0x0000000687000000, 0x0000000687000000, 0x0000000687400000|  0%| F|  |TAMS 0x0000000687000000| PB 0x0000000687000000| Untracked 
|  29|0x0000000687400000, 0x0000000687400000, 0x0000000687800000|  0%| F|  |TAMS 0x0000000687400000| PB 0x0000000687400000| Untracked 
|  30|0x0000000687800000, 0x0000000687800000, 0x0000000687c00000|  0%| F|  |TAMS 0x0000000687800000| PB 0x0000000687800000| Untracked 
|  31|0x0000000687c00000, 0x0000000687c00000, 0x0000000688000000|  0%| F|  |TAMS 0x0000000687c00000| PB 0x0000000687c00000| Untracked 
|  32|0x0000000688000000, 0x0000000688000000, 0x0000000688400000|  0%| F|  |TAMS 0x0000000688000000| PB 0x0000000688000000| Untracked 
|  33|0x0000000688400000, 0x0000000688400000, 0x0000000688800000|  0%| F|  |TAMS 0x0000000688400000| PB 0x0000000688400000| Untracked 
|  34|0x0000000688800000, 0x0000000688800000, 0x0000000688c00000|  0%| F|  |TAMS 0x0000000688800000| PB 0x0000000688800000| Untracked 
|  35|0x0000000688c00000, 0x0000000688c00000, 0x0000000689000000|  0%| F|  |TAMS 0x0000000688c00000| PB 0x0000000688c00000| Untracked 
|  36|0x0000000689000000, 0x0000000689000000, 0x0000000689400000|  0%| F|  |TAMS 0x0000000689000000| PB 0x0000000689000000| Untracked 
|  37|0x0000000689400000, 0x0000000689400000, 0x0000000689800000|  0%| F|  |TAMS 0x0000000689400000| PB 0x0000000689400000| Untracked 
|  38|0x0000000689800000, 0x0000000689800000, 0x0000000689c00000|  0%| F|  |TAMS 0x0000000689800000| PB 0x0000000689800000| Untracked 
|  39|0x0000000689c00000, 0x0000000689c00000, 0x000000068a000000|  0%| F|  |TAMS 0x0000000689c00000| PB 0x0000000689c00000| Untracked 
|  40|0x000000068a000000, 0x000000068a000000, 0x000000068a400000|  0%| F|  |TAMS 0x000000068a000000| PB 0x000000068a000000| Untracked 
|  41|0x000000068a400000, 0x000000068a400000, 0x000000068a800000|  0%| F|  |TAMS 0x000000068a400000| PB 0x000000068a400000| Untracked 
|  42|0x000000068a800000, 0x000000068a800000, 0x000000068ac00000|  0%| F|  |TAMS 0x000000068a800000| PB 0x000000068a800000| Untracked 
|  43|0x000000068ac00000, 0x000000068ac00000, 0x000000068b000000|  0%| F|  |TAMS 0x000000068ac00000| PB 0x000000068ac00000| Untracked 
|  44|0x000000068b000000, 0x000000068b000000, 0x000000068b400000|  0%| F|  |TAMS 0x000000068b000000| PB 0x000000068b000000| Untracked 
|  45|0x000000068b400000, 0x000000068b400000, 0x000000068b800000|  0%| F|  |TAMS 0x000000068b400000| PB 0x000000068b400000| Untracked 
|  46|0x000000068b800000, 0x000000068b800000, 0x000000068bc00000|  0%| F|  |TAMS 0x000000068b800000| PB 0x000000068b800000| Untracked 
|  47|0x000000068bc00000, 0x000000068bc00000, 0x000000068c000000|  0%| F|  |TAMS 0x000000068bc00000| PB 0x000000068bc00000| Untracked 
|  48|0x000000068c000000, 0x000000068c000000, 0x000000068c400000|  0%| F|  |TAMS 0x000000068c000000| PB 0x000000068c000000| Untracked 
|  49|0x000000068c400000, 0x000000068c400000, 0x000000068c800000|  0%| F|  |TAMS 0x000000068c400000| PB 0x000000068c400000| Untracked 
|  50|0x000000068c800000, 0x000000068c800000, 0x000000068cc00000|  0%| F|  |TAMS 0x000000068c800000| PB 0x000000068c800000| Untracked 
|  51|0x000000068cc00000, 0x000000068cc00000, 0x000000068d000000|  0%| F|  |TAMS 0x000000068cc00000| PB 0x000000068cc00000| Untracked 
|  52|0x000000068d000000, 0x000000068d000000, 0x000000068d400000|  0%| F|  |TAMS 0x000000068d000000| PB 0x000000068d000000| Untracked 
|  53|0x000000068d400000, 0x000000068d400000, 0x000000068d800000|  0%| F|  |TAMS 0x000000068d400000| PB 0x000000068d400000| Untracked 
|  54|0x000000068d800000, 0x000000068d800000, 0x000000068dc00000|  0%| F|  |TAMS 0x000000068d800000| PB 0x000000068d800000| Untracked 
|  55|0x000000068dc00000, 0x000000068dc00000, 0x000000068e000000|  0%| F|  |TAMS 0x000000068dc00000| PB 0x000000068dc00000| Untracked 
|  56|0x000000068e000000, 0x000000068e000000, 0x000000068e400000|  0%| F|  |TAMS 0x000000068e000000| PB 0x000000068e000000| Untracked 
|  57|0x000000068e400000, 0x000000068e400000, 0x000000068e800000|  0%| F|  |TAMS 0x000000068e400000| PB 0x000000068e400000| Untracked 
|  58|0x000000068e800000, 0x000000068e800000, 0x000000068ec00000|  0%| F|  |TAMS 0x000000068e800000| PB 0x000000068e800000| Untracked 
|  59|0x000000068ec00000, 0x000000068ec00000, 0x000000068f000000|  0%| F|  |TAMS 0x000000068ec00000| PB 0x000000068ec00000| Untracked 
|  60|0x000000068f000000, 0x000000068f000000, 0x000000068f400000|  0%| F|  |TAMS 0x000000068f000000| PB 0x000000068f000000| Untracked 
|  61|0x000000068f400000, 0x000000068f400000, 0x000000068f800000|  0%| F|  |TAMS 0x000000068f400000| PB 0x000000068f400000| Untracked 
|  62|0x000000068f800000, 0x000000068f800000, 0x000000068fc00000|  0%| F|  |TAMS 0x000000068f800000| PB 0x000000068f800000| Untracked 
|  63|0x000000068fc00000, 0x000000068fc00000, 0x0000000690000000|  0%| F|  |TAMS 0x000000068fc00000| PB 0x000000068fc00000| Untracked 
|  64|0x0000000690000000, 0x0000000690000000, 0x0000000690400000|  0%| F|  |TAMS 0x0000000690000000| PB 0x0000000690000000| Untracked 
|  65|0x0000000690400000, 0x0000000690400000, 0x0000000690800000|  0%| F|  |TAMS 0x0000000690400000| PB 0x0000000690400000| Untracked 
|  66|0x0000000690800000, 0x0000000690800000, 0x0000000690c00000|  0%| F|  |TAMS 0x0000000690800000| PB 0x0000000690800000| Untracked 
|  67|0x0000000690c00000, 0x0000000690c00000, 0x0000000691000000|  0%| F|  |TAMS 0x0000000690c00000| PB 0x0000000690c00000| Untracked 
|  68|0x0000000691000000, 0x0000000691000000, 0x0000000691400000|  0%| F|  |TAMS 0x0000000691000000| PB 0x0000000691000000| Untracked 
|  69|0x0000000691400000, 0x0000000691400000, 0x0000000691800000|  0%| F|  |TAMS 0x0000000691400000| PB 0x0000000691400000| Untracked 
|  70|0x0000000691800000, 0x0000000691800000, 0x0000000691c00000|  0%| F|  |TAMS 0x0000000691800000| PB 0x0000000691800000| Untracked 
|  71|0x0000000691c00000, 0x0000000691c00000, 0x0000000692000000|  0%| F|  |TAMS 0x0000000691c00000| PB 0x0000000691c00000| Untracked 
|  72|0x0000000692000000, 0x0000000692000000, 0x0000000692400000|  0%| F|  |TAMS 0x0000000692000000| PB 0x0000000692000000| Untracked 
|  73|0x0000000692400000, 0x0000000692400000, 0x0000000692800000|  0%| F|  |TAMS 0x0000000692400000| PB 0x0000000692400000| Untracked 
|  74|0x0000000692800000, 0x0000000692800000, 0x0000000692c00000|  0%| F|  |TAMS 0x0000000692800000| PB 0x0000000692800000| Untracked 
|  75|0x0000000692c00000, 0x0000000692c00000, 0x0000000693000000|  0%| F|  |TAMS 0x0000000692c00000| PB 0x0000000692c00000| Untracked 
|  76|0x0000000693000000, 0x0000000693000000, 0x0000000693400000|  0%| F|  |TAMS 0x0000000693000000| PB 0x0000000693000000| Untracked 
|  77|0x0000000693400000, 0x0000000693400000, 0x0000000693800000|  0%| F|  |TAMS 0x0000000693400000| PB 0x0000000693400000| Untracked 
|  78|0x0000000693800000, 0x0000000693800000, 0x0000000693c00000|  0%| F|  |TAMS 0x0000000693800000| PB 0x0000000693800000| Untracked 
|  79|0x0000000693c00000, 0x0000000693c00000, 0x0000000694000000|  0%| F|  |TAMS 0x0000000693c00000| PB 0x0000000693c00000| Untracked 
|  80|0x0000000694000000, 0x0000000694000000, 0x0000000694400000|  0%| F|  |TAMS 0x0000000694000000| PB 0x0000000694000000| Untracked 
|  81|0x0000000694400000, 0x0000000694400000, 0x0000000694800000|  0%| F|  |TAMS 0x0000000694400000| PB 0x0000000694400000| Untracked 
|  82|0x0000000694800000, 0x0000000694800000, 0x0000000694c00000|  0%| F|  |TAMS 0x0000000694800000| PB 0x0000000694800000| Untracked 
|  83|0x0000000694c00000, 0x0000000694c00000, 0x0000000695000000|  0%| F|  |TAMS 0x0000000694c00000| PB 0x0000000694c00000| Untracked 
|  84|0x0000000695000000, 0x0000000695000000, 0x0000000695400000|  0%| F|  |TAMS 0x0000000695000000| PB 0x0000000695000000| Untracked 
|  85|0x0000000695400000, 0x0000000695400000, 0x0000000695800000|  0%| F|  |TAMS 0x0000000695400000| PB 0x0000000695400000| Untracked 
|  86|0x0000000695800000, 0x0000000695800000, 0x0000000695c00000|  0%| F|  |TAMS 0x0000000695800000| PB 0x0000000695800000| Untracked 
|  87|0x0000000695c00000, 0x0000000695c00000, 0x0000000696000000|  0%| F|  |TAMS 0x0000000695c00000| PB 0x0000000695c00000| Untracked 
|  88|0x0000000696000000, 0x0000000696000000, 0x0000000696400000|  0%| F|  |TAMS 0x0000000696000000| PB 0x0000000696000000| Untracked 
|  89|0x0000000696400000, 0x0000000696400000, 0x0000000696800000|  0%| F|  |TAMS 0x0000000696400000| PB 0x0000000696400000| Untracked 
|  90|0x0000000696800000, 0x0000000696800000, 0x0000000696c00000|  0%| F|  |TAMS 0x0000000696800000| PB 0x0000000696800000| Untracked 
|  91|0x0000000696c00000, 0x0000000696c00000, 0x0000000697000000|  0%| F|  |TAMS 0x0000000696c00000| PB 0x0000000696c00000| Untracked 
|  92|0x0000000697000000, 0x0000000697000000, 0x0000000697400000|  0%| F|  |TAMS 0x0000000697000000| PB 0x0000000697000000| Untracked 
|  93|0x0000000697400000, 0x0000000697400000, 0x0000000697800000|  0%| F|  |TAMS 0x0000000697400000| PB 0x0000000697400000| Untracked 
|  94|0x0000000697800000, 0x0000000697800000, 0x0000000697c00000|  0%| F|  |TAMS 0x0000000697800000| PB 0x0000000697800000| Untracked 
|  95|0x0000000697c00000, 0x0000000697c00000, 0x0000000698000000|  0%| F|  |TAMS 0x0000000697c00000| PB 0x0000000697c00000| Untracked 
|  96|0x0000000698000000, 0x0000000698000000, 0x0000000698400000|  0%| F|  |TAMS 0x0000000698000000| PB 0x0000000698000000| Untracked 
|  97|0x0000000698400000, 0x0000000698400000, 0x0000000698800000|  0%| F|  |TAMS 0x0000000698400000| PB 0x0000000698400000| Untracked 
|  98|0x0000000698800000, 0x0000000698800000, 0x0000000698c00000|  0%| F|  |TAMS 0x0000000698800000| PB 0x0000000698800000| Untracked 
|  99|0x0000000698c00000, 0x0000000698c00000, 0x0000000699000000|  0%| F|  |TAMS 0x0000000698c00000| PB 0x0000000698c00000| Untracked 
| 100|0x0000000699000000, 0x0000000699000000, 0x0000000699400000|  0%| F|  |TAMS 0x0000000699000000| PB 0x0000000699000000| Untracked 
| 101|0x0000000699400000, 0x0000000699400000, 0x0000000699800000|  0%| F|  |TAMS 0x0000000699400000| PB 0x0000000699400000| Untracked 
| 102|0x0000000699800000, 0x0000000699800000, 0x0000000699c00000|  0%| F|  |TAMS 0x0000000699800000| PB 0x0000000699800000| Untracked 
| 103|0x0000000699c00000, 0x0000000699c00000, 0x000000069a000000|  0%| F|  |TAMS 0x0000000699c00000| PB 0x0000000699c00000| Untracked 
| 104|0x000000069a000000, 0x000000069a000000, 0x000000069a400000|  0%| F|  |TAMS 0x000000069a000000| PB 0x000000069a000000| Untracked 
| 105|0x000000069a400000, 0x000000069a400000, 0x000000069a800000|  0%| F|  |TAMS 0x000000069a400000| PB 0x000000069a400000| Untracked 
| 106|0x000000069a800000, 0x000000069a800000, 0x000000069ac00000|  0%| F|  |TAMS 0x000000069a800000| PB 0x000000069a800000| Untracked 
| 107|0x000000069ac00000, 0x000000069ac00000, 0x000000069b000000|  0%| F|  |TAMS 0x000000069ac00000| PB 0x000000069ac00000| Untracked 
| 108|0x000000069b000000, 0x000000069b000000, 0x000000069b400000|  0%| F|  |TAMS 0x000000069b000000| PB 0x000000069b000000| Untracked 
| 109|0x000000069b400000, 0x000000069b400000, 0x000000069b800000|  0%| F|  |TAMS 0x000000069b400000| PB 0x000000069b400000| Untracked 
| 110|0x000000069b800000, 0x000000069b800000, 0x000000069bc00000|  0%| F|  |TAMS 0x000000069b800000| PB 0x000000069b800000| Untracked 
| 111|0x000000069bc00000, 0x000000069bc00000, 0x000000069c000000|  0%| F|  |TAMS 0x000000069bc00000| PB 0x000000069bc00000| Untracked 
| 112|0x000000069c000000, 0x000000069c000000, 0x000000069c400000|  0%| F|  |TAMS 0x000000069c000000| PB 0x000000069c000000| Untracked 
| 113|0x000000069c400000, 0x000000069c400000, 0x000000069c800000|  0%| F|  |TAMS 0x000000069c400000| PB 0x000000069c400000| Untracked 
| 114|0x000000069c800000, 0x000000069c800000, 0x000000069cc00000|  0%| F|  |TAMS 0x000000069c800000| PB 0x000000069c800000| Untracked 
| 115|0x000000069cc00000, 0x000000069cc00000, 0x000000069d000000|  0%| F|  |TAMS 0x000000069cc00000| PB 0x000000069cc00000| Untracked 
| 116|0x000000069d000000, 0x000000069d000000, 0x000000069d400000|  0%| F|  |TAMS 0x000000069d000000| PB 0x000000069d000000| Untracked 
| 117|0x000000069d400000, 0x000000069d400000, 0x000000069d800000|  0%| F|  |TAMS 0x000000069d400000| PB 0x000000069d400000| Untracked 
| 118|0x000000069d800000, 0x000000069d800000, 0x000000069dc00000|  0%| F|  |TAMS 0x000000069d800000| PB 0x000000069d800000| Untracked 
| 119|0x000000069dc00000, 0x000000069dc00000, 0x000000069e000000|  0%| F|  |TAMS 0x000000069dc00000| PB 0x000000069dc00000| Untracked 
| 120|0x000000069e000000, 0x000000069e000000, 0x000000069e400000|  0%| F|  |TAMS 0x000000069e000000| PB 0x000000069e000000| Untracked 
| 121|0x000000069e400000, 0x000000069e400000, 0x000000069e800000|  0%| F|  |TAMS 0x000000069e400000| PB 0x000000069e400000| Untracked 
| 122|0x000000069e800000, 0x000000069e800000, 0x000000069ec00000|  0%| F|  |TAMS 0x000000069e800000| PB 0x000000069e800000| Untracked 
| 123|0x000000069ec00000, 0x000000069ec00000, 0x000000069f000000|  0%| F|  |TAMS 0x000000069ec00000| PB 0x000000069ec00000| Untracked 
| 124|0x000000069f000000, 0x000000069f000000, 0x000000069f400000|  0%| F|  |TAMS 0x000000069f000000| PB 0x000000069f000000| Untracked 
| 125|0x000000069f400000, 0x000000069f400000, 0x000000069f800000|  0%| F|  |TAMS 0x000000069f400000| PB 0x000000069f400000| Untracked 
| 126|0x000000069f800000, 0x000000069f800000, 0x000000069fc00000|  0%| F|  |TAMS 0x000000069f800000| PB 0x000000069f800000| Untracked 
| 127|0x000000069fc00000, 0x000000069fc00000, 0x00000006a0000000|  0%| F|  |TAMS 0x000000069fc00000| PB 0x000000069fc00000| Untracked 
| 128|0x00000006a0000000, 0x00000006a0000000, 0x00000006a0400000|  0%| F|  |TAMS 0x00000006a0000000| PB 0x00000006a0000000| Untracked 
| 129|0x00000006a0400000, 0x00000006a0400000, 0x00000006a0800000|  0%| F|  |TAMS 0x00000006a0400000| PB 0x00000006a0400000| Untracked 
| 130|0x00000006a0800000, 0x00000006a0800000, 0x00000006a0c00000|  0%| F|  |TAMS 0x00000006a0800000| PB 0x00000006a0800000| Untracked 
| 131|0x00000006a0c00000, 0x00000006a0c00000, 0x00000006a1000000|  0%| F|  |TAMS 0x00000006a0c00000| PB 0x00000006a0c00000| Untracked 
| 132|0x00000006a1000000, 0x00000006a1000000, 0x00000006a1400000|  0%| F|  |TAMS 0x00000006a1000000| PB 0x00000006a1000000| Untracked 
| 133|0x00000006a1400000, 0x00000006a1400000, 0x00000006a1800000|  0%| F|  |TAMS 0x00000006a1400000| PB 0x00000006a1400000| Untracked 
| 134|0x00000006a1800000, 0x00000006a1800000, 0x00000006a1c00000|  0%| F|  |TAMS 0x00000006a1800000| PB 0x00000006a1800000| Untracked 
| 135|0x00000006a1c00000, 0x00000006a1c00000, 0x00000006a2000000|  0%| F|  |TAMS 0x00000006a1c00000| PB 0x00000006a1c00000| Untracked 
| 136|0x00000006a2000000, 0x00000006a2000000, 0x00000006a2400000|  0%| F|  |TAMS 0x00000006a2000000| PB 0x00000006a2000000| Untracked 
| 137|0x00000006a2400000, 0x00000006a2400000, 0x00000006a2800000|  0%| F|  |TAMS 0x00000006a2400000| PB 0x00000006a2400000| Untracked 
| 138|0x00000006a2800000, 0x00000006a2800000, 0x00000006a2c00000|  0%| F|  |TAMS 0x00000006a2800000| PB 0x00000006a2800000| Untracked 
| 139|0x00000006a2c00000, 0x00000006a2c00000, 0x00000006a3000000|  0%| F|  |TAMS 0x00000006a2c00000| PB 0x00000006a2c00000| Untracked 
| 140|0x00000006a3000000, 0x00000006a3000000, 0x00000006a3400000|  0%| F|  |TAMS 0x00000006a3000000| PB 0x00000006a3000000| Untracked 
| 141|0x00000006a3400000, 0x00000006a3400000, 0x00000006a3800000|  0%| F|  |TAMS 0x00000006a3400000| PB 0x00000006a3400000| Untracked 
| 142|0x00000006a3800000, 0x00000006a3800000, 0x00000006a3c00000|  0%| F|  |TAMS 0x00000006a3800000| PB 0x00000006a3800000| Untracked 
| 143|0x00000006a3c00000, 0x00000006a3c00000, 0x00000006a4000000|  0%| F|  |TAMS 0x00000006a3c00000| PB 0x00000006a3c00000| Untracked 
| 144|0x00000006a4000000, 0x00000006a4000000, 0x00000006a4400000|  0%| F|  |TAMS 0x00000006a4000000| PB 0x00000006a4000000| Untracked 
| 145|0x00000006a4400000, 0x00000006a4400000, 0x00000006a4800000|  0%| F|  |TAMS 0x00000006a4400000| PB 0x00000006a4400000| Untracked 
| 146|0x00000006a4800000, 0x00000006a4800000, 0x00000006a4c00000|  0%| F|  |TAMS 0x00000006a4800000| PB 0x00000006a4800000| Untracked 
| 147|0x00000006a4c00000, 0x00000006a4c00000, 0x00000006a5000000|  0%| F|  |TAMS 0x00000006a4c00000| PB 0x00000006a4c00000| Untracked 
| 148|0x00000006a5000000, 0x00000006a5000000, 0x00000006a5400000|  0%| F|  |TAMS 0x00000006a5000000| PB 0x00000006a5000000| Untracked 
| 149|0x00000006a5400000, 0x00000006a5400000, 0x00000006a5800000|  0%| F|  |TAMS 0x00000006a5400000| PB 0x00000006a5400000| Untracked 
| 150|0x00000006a5800000, 0x00000006a5800000, 0x00000006a5c00000|  0%| F|  |TAMS 0x00000006a5800000| PB 0x00000006a5800000| Untracked 
| 151|0x00000006a5c00000, 0x00000006a5c00000, 0x00000006a6000000|  0%| F|  |TAMS 0x00000006a5c00000| PB 0x00000006a5c00000| Untracked 
| 152|0x00000006a6000000, 0x00000006a6000000, 0x00000006a6400000|  0%| F|  |TAMS 0x00000006a6000000| PB 0x00000006a6000000| Untracked 
| 153|0x00000006a6400000, 0x00000006a6400000, 0x00000006a6800000|  0%| F|  |TAMS 0x00000006a6400000| PB 0x00000006a6400000| Untracked 
| 154|0x00000006a6800000, 0x00000006a6800000, 0x00000006a6c00000|  0%| F|  |TAMS 0x00000006a6800000| PB 0x00000006a6800000| Untracked 
| 155|0x00000006a6c00000, 0x00000006a6c00000, 0x00000006a7000000|  0%| F|  |TAMS 0x00000006a6c00000| PB 0x00000006a6c00000| Untracked 
| 156|0x00000006a7000000, 0x00000006a7000000, 0x00000006a7400000|  0%| F|  |TAMS 0x00000006a7000000| PB 0x00000006a7000000| Untracked 
| 157|0x00000006a7400000, 0x00000006a7400000, 0x00000006a7800000|  0%| F|  |TAMS 0x00000006a7400000| PB 0x00000006a7400000| Untracked 
| 158|0x00000006a7800000, 0x00000006a7800000, 0x00000006a7c00000|  0%| F|  |TAMS 0x00000006a7800000| PB 0x00000006a7800000| Untracked 
| 159|0x00000006a7c00000, 0x00000006a7c00000, 0x00000006a8000000|  0%| F|  |TAMS 0x00000006a7c00000| PB 0x00000006a7c00000| Untracked 
| 160|0x00000006a8000000, 0x00000006a8000000, 0x00000006a8400000|  0%| F|  |TAMS 0x00000006a8000000| PB 0x00000006a8000000| Untracked 
| 161|0x00000006a8400000, 0x00000006a8400000, 0x00000006a8800000|  0%| F|  |TAMS 0x00000006a8400000| PB 0x00000006a8400000| Untracked 
| 162|0x00000006a8800000, 0x00000006a8800000, 0x00000006a8c00000|  0%| F|  |TAMS 0x00000006a8800000| PB 0x00000006a8800000| Untracked 
| 163|0x00000006a8c00000, 0x00000006a8c00000, 0x00000006a9000000|  0%| F|  |TAMS 0x00000006a8c00000| PB 0x00000006a8c00000| Untracked 
| 164|0x00000006a9000000, 0x00000006a9000000, 0x00000006a9400000|  0%| F|  |TAMS 0x00000006a9000000| PB 0x00000006a9000000| Untracked 
| 165|0x00000006a9400000, 0x00000006a9400000, 0x00000006a9800000|  0%| F|  |TAMS 0x00000006a9400000| PB 0x00000006a9400000| Untracked 
| 166|0x00000006a9800000, 0x00000006a9800000, 0x00000006a9c00000|  0%| F|  |TAMS 0x00000006a9800000| PB 0x00000006a9800000| Untracked 
| 167|0x00000006a9c00000, 0x00000006a9c00000, 0x00000006aa000000|  0%| F|  |TAMS 0x00000006a9c00000| PB 0x00000006a9c00000| Untracked 
| 168|0x00000006aa000000, 0x00000006aa000000, 0x00000006aa400000|  0%| F|  |TAMS 0x00000006aa000000| PB 0x00000006aa000000| Untracked 
| 169|0x00000006aa400000, 0x00000006aa400000, 0x00000006aa800000|  0%| F|  |TAMS 0x00000006aa400000| PB 0x00000006aa400000| Untracked 
| 170|0x00000006aa800000, 0x00000006aa800000, 0x00000006aac00000|  0%| F|  |TAMS 0x00000006aa800000| PB 0x00000006aa800000| Untracked 
| 171|0x00000006aac00000, 0x00000006aac00000, 0x00000006ab000000|  0%| F|  |TAMS 0x00000006aac00000| PB 0x00000006aac00000| Untracked 
| 172|0x00000006ab000000, 0x00000006ab000000, 0x00000006ab400000|  0%| F|  |TAMS 0x00000006ab000000| PB 0x00000006ab000000| Untracked 
| 173|0x00000006ab400000, 0x00000006ab400000, 0x00000006ab800000|  0%| F|  |TAMS 0x00000006ab400000| PB 0x00000006ab400000| Untracked 
| 174|0x00000006ab800000, 0x00000006ab800000, 0x00000006abc00000|  0%| F|  |TAMS 0x00000006ab800000| PB 0x00000006ab800000| Untracked 
| 175|0x00000006abc00000, 0x00000006abc00000, 0x00000006ac000000|  0%| F|  |TAMS 0x00000006abc00000| PB 0x00000006abc00000| Untracked 
| 176|0x00000006ac000000, 0x00000006ac000000, 0x00000006ac400000|  0%| F|  |TAMS 0x00000006ac000000| PB 0x00000006ac000000| Untracked 
| 177|0x00000006ac400000, 0x00000006ac400000, 0x00000006ac800000|  0%| F|  |TAMS 0x00000006ac400000| PB 0x00000006ac400000| Untracked 
| 178|0x00000006ac800000, 0x00000006ac800000, 0x00000006acc00000|  0%| F|  |TAMS 0x00000006ac800000| PB 0x00000006ac800000| Untracked 
| 179|0x00000006acc00000, 0x00000006acc00000, 0x00000006ad000000|  0%| F|  |TAMS 0x00000006acc00000| PB 0x00000006acc00000| Untracked 
| 180|0x00000006ad000000, 0x00000006ad400000, 0x00000006ad400000|100%| S|CS|TAMS 0x00000006ad000000| PB 0x00000006ad000000| Complete 
| 181|0x00000006ad400000, 0x00000006ad800000, 0x00000006ad800000|100%| S|CS|TAMS 0x00000006ad400000| PB 0x00000006ad400000| Complete 
| 182|0x00000006ad800000, 0x00000006adc00000, 0x00000006adc00000|100%| S|CS|TAMS 0x00000006ad800000| PB 0x00000006ad800000| Complete 
| 183|0x00000006adc00000, 0x00000006adc00000, 0x00000006ae000000|  0%| F|  |TAMS 0x00000006adc00000| PB 0x00000006adc00000| Untracked 
| 184|0x00000006ae000000, 0x00000006ae000000, 0x00000006ae400000|  0%| F|  |TAMS 0x00000006ae000000| PB 0x00000006ae000000| Untracked 
| 185|0x00000006ae400000, 0x00000006ae400000, 0x00000006ae800000|  0%| F|  |TAMS 0x00000006ae400000| PB 0x00000006ae400000| Untracked 
| 186|0x00000006ae800000, 0x00000006ae800000, 0x00000006aec00000|  0%| F|  |TAMS 0x00000006ae800000| PB 0x00000006ae800000| Untracked 
| 187|0x00000006aec00000, 0x00000006aec00000, 0x00000006af000000|  0%| F|  |TAMS 0x00000006aec00000| PB 0x00000006aec00000| Untracked 
| 188|0x00000006af000000, 0x00000006af000000, 0x00000006af400000|  0%| F|  |TAMS 0x00000006af000000| PB 0x00000006af000000| Untracked 
| 189|0x00000006af400000, 0x00000006af400000, 0x00000006af800000|  0%| F|  |TAMS 0x00000006af400000| PB 0x00000006af400000| Untracked 
| 190|0x00000006af800000, 0x00000006af800000, 0x00000006afc00000|  0%| F|  |TAMS 0x00000006af800000| PB 0x00000006af800000| Untracked 
| 191|0x00000006afc00000, 0x00000006afc00000, 0x00000006b0000000|  0%| F|  |TAMS 0x00000006afc00000| PB 0x00000006afc00000| Untracked 
| 192|0x00000006b0000000, 0x00000006b0000000, 0x00000006b0400000|  0%| F|  |TAMS 0x00000006b0000000| PB 0x00000006b0000000| Untracked 
| 193|0x00000006b0400000, 0x00000006b0400000, 0x00000006b0800000|  0%| F|  |TAMS 0x00000006b0400000| PB 0x00000006b0400000| Untracked 
| 194|0x00000006b0800000, 0x00000006b0800000, 0x00000006b0c00000|  0%| F|  |TAMS 0x00000006b0800000| PB 0x00000006b0800000| Untracked 
| 195|0x00000006b0c00000, 0x00000006b0c00000, 0x00000006b1000000|  0%| F|  |TAMS 0x00000006b0c00000| PB 0x00000006b0c00000| Untracked 
| 196|0x00000006b1000000, 0x00000006b1000000, 0x00000006b1400000|  0%| F|  |TAMS 0x00000006b1000000| PB 0x00000006b1000000| Untracked 
| 197|0x00000006b1400000, 0x00000006b1400000, 0x00000006b1800000|  0%| F|  |TAMS 0x00000006b1400000| PB 0x00000006b1400000| Untracked 
| 198|0x00000006b1800000, 0x00000006b1800000, 0x00000006b1c00000|  0%| F|  |TAMS 0x00000006b1800000| PB 0x00000006b1800000| Untracked 
| 199|0x00000006b1c00000, 0x00000006b1c00000, 0x00000006b2000000|  0%| F|  |TAMS 0x00000006b1c00000| PB 0x00000006b1c00000| Untracked 
| 200|0x00000006b2000000, 0x00000006b2000000, 0x00000006b2400000|  0%| F|  |TAMS 0x00000006b2000000| PB 0x00000006b2000000| Untracked 
| 201|0x00000006b2400000, 0x00000006b27d75f0, 0x00000006b2800000| 96%| E|  |TAMS 0x00000006b2400000| PB 0x00000006b2400000| Complete 
| 202|0x00000006b2800000, 0x00000006b2c00000, 0x00000006b2c00000|100%| E|CS|TAMS 0x00000006b2800000| PB 0x00000006b2800000| Complete 

Card table byte_map: [0x0000019bb4fd0000,0x0000019bb5bd0000] _byte_map_base: 0x0000019bb1bd0000

Marking Bits: (CMBitMap*) 0x0000019b9c89ebc0
 Bits: [0x0000019bb5bd0000, 0x0000019bbbbd0000)

Polling page: 0x0000019b95280000

Metaspace:

Usage:
  Non-class:     49.14 MB used.
      Class:      7.48 MB used.
       Both:     56.62 MB used.

Virtual space:
  Non-class space:       64.00 MB reserved,      49.38 MB ( 77%) committed,  1 nodes.
      Class space:        1.00 GB reserved,       7.62 MB ( <1%) committed,  1 nodes.
             Both:        1.06 GB reserved,      57.00 MB (  5%) committed. 

Chunk freelists:
   Non-Class:  14.45 MB
       Class:  8.19 MB
        Both:  22.64 MB

MaxMetaspaceSize: unlimited
CompressedClassSpaceSize: 1.00 GB
Initial GC threshold: 21.00 MB
Current GC threshold: 60.00 MB
CDS: on
 - commit_granule_bytes: 65536.
 - commit_granule_words: 8192.
 - virtual_space_node_default_size: 8388608.
 - enlarge_chunks_in_place: 1.
 - use_allocation_guard: 0.


Internal statistics:

num_allocs_failed_limit: 12.
num_arena_births: 524.
num_arena_deaths: 0.
num_vsnodes_births: 2.
num_vsnodes_deaths: 0.
num_space_committed: 904.
num_space_uncommitted: 0.
num_chunks_returned_to_freelist: 12.
num_chunks_taken_from_freelist: 1837.
num_chunk_merges: 9.
num_chunk_splits: 1333.
num_chunks_enlarged: 958.
num_inconsistent_stats: 0.

CodeHeap 'non-profiled nmethods': size=120000Kb used=4886Kb max_used=4886Kb free=115113Kb
 bounds [0x0000019bacd90000, 0x0000019bad260000, 0x0000019bb42c0000]
CodeHeap 'profiled nmethods': size=120000Kb used=20119Kb max_used=20119Kb free=99880Kb
 bounds [0x0000019ba52c0000, 0x0000019ba6670000, 0x0000019bac7f0000]
CodeHeap 'non-nmethods': size=5760Kb used=2020Kb max_used=2053Kb free=3739Kb
 bounds [0x0000019bac7f0000, 0x0000019baca60000, 0x0000019bacd90000]
 total_blobs=9673 nmethods=8681 adapters=895
 compilation: enabled
              stopped_count=0, restarted_count=0
 full_count=0

Compilation events (20 events):
Event: 38.902 Thread 0x0000019b9cacb6d0 9025       2       javax.swing.text.GapContent$MarkVector::<init> (13 bytes)
Event: 38.902 Thread 0x0000019b9cacb6d0 nmethod 9025 0x0000019ba6627310 code [0x0000019ba66274c0, 0x0000019ba66277e0]
Event: 38.902 Thread 0x0000019b9cacb6d0 9026       2       javax.swing.text.GapVector::<init> (7 bytes)
Event: 38.903 Thread 0x0000019b9cacb6d0 nmethod 9026 0x0000019ba6627910 code [0x0000019ba6627ac0, 0x0000019ba6627c70]
Event: 38.903 Thread 0x0000019b9cacb6d0 9029       3       javax.swing.text.ParagraphView$Row::getLeftInset (36 bytes)
Event: 38.903 Thread 0x0000019b9cacb6d0 nmethod 9029 0x0000019ba6627d10 code [0x0000019ba6627ec0, 0x0000019ba6628208]
Event: 38.903 Thread 0x0000019b9cacb6d0 9030       2       javax.swing.text.html.StyleSheet::getBackgroundImage (28 bytes)
Event: 38.904 Thread 0x0000019b9cacb6d0 nmethod 9030 0x0000019ba6628310 code [0x0000019ba66284e0, 0x0000019ba66286d8]
Event: 38.905 Thread 0x0000019b9cacb6d0 9031       2       javax.swing.text.html.StyleSheet$BoxPainter::<init> (117 bytes)
Event: 38.906 Thread 0x0000019b9cacb6d0 nmethod 9031 0x0000019ba6628810 code [0x0000019ba6628a80, 0x0000019ba6629288]
Event: 38.906 Thread 0x0000019b9cacb6d0 9032       2       javax.swing.text.BoxView::paintChild (15 bytes)
Event: 38.906 Thread 0x0000019b9cacb6d0 nmethod 9032 0x0000019ba6629690 code [0x0000019ba6629840, 0x0000019ba66299a8]
Event: 38.907 Thread 0x0000019b9cacb6d0 9034       2       javax.swing.text.html.CSSParser::parseDeclarationBlock (70 bytes)
Event: 38.907 Thread 0x0000019b9cacb6d0 nmethod 9034 0x0000019ba6629b10 code [0x0000019ba6629ce0, 0x0000019ba6629f48]
Event: 38.907 Thread 0x0000019b9cacb6d0 9033       2       javax.swing.text.html.StyleSheet$CssParser::handleSelector (79 bytes)
Event: 38.908 Thread 0x0000019b9cacb6d0 nmethod 9033 0x0000019ba662a090 code [0x0000019ba662a320, 0x0000019ba662b010]
Event: 38.908 Thread 0x0000019b9cacb6d0 9035       2       javax.swing.DefaultListCellRenderer::invalidate (1 bytes)
Event: 38.908 Thread 0x0000019b9cacb6d0 nmethod 9035 0x0000019ba662b890 code [0x0000019ba662ba20, 0x0000019ba662bb28]
Event: 38.908 Thread 0x0000019b9cacb6d0 9036       2       javax.swing.text.html.HTMLDocument$HTMLReader::handleStartTag (166 bytes)
Event: 38.909 Thread 0x0000019b9cacb6d0 nmethod 9036 0x0000019ba662bb90 code [0x0000019ba662bde0, 0x0000019ba662c3b0]

GC Heap History (14 events):
Event: 13.036 GC heap before
{Heap before GC invocations=0 (full 0):
 garbage-first heap   total 831488K, used 77824K [0x0000000680000000, 0x0000000800000000)
  region size 4096K, 20 young (81920K), 0 survivors (0K)
 Metaspace       used 7796K, committed 8000K, reserved 1114112K
  class space    used 675K, committed 768K, reserved 1048576K
}
Event: 13.050 GC heap after
{Heap after GC invocations=1 (full 0):
 garbage-first heap   total 831488K, used 20389K [0x0000000680000000, 0x0000000800000000)
  region size 4096K, 3 young (12288K), 3 survivors (12288K)
 Metaspace       used 7796K, committed 8000K, reserved 1114112K
  class space    used 675K, committed 768K, reserved 1048576K
}
Event: 18.736 GC heap before
{Heap before GC invocations=1 (full 0):
 garbage-first heap   total 831488K, used 81829K [0x0000000680000000, 0x0000000800000000)
  region size 4096K, 19 young (77824K), 3 survivors (12288K)
 Metaspace       used 21312K, committed 21504K, reserved 1114112K
  class space    used 2180K, committed 2304K, reserved 1048576K
}
Event: 18.744 GC heap after
{Heap after GC invocations=2 (full 0):
 garbage-first heap   total 831488K, used 27878K [0x0000000680000000, 0x0000000800000000)
  region size 4096K, 3 young (12288K), 3 survivors (12288K)
 Metaspace       used 21312K, committed 21504K, reserved 1114112K
  class space    used 2180K, committed 2304K, reserved 1048576K
}
Event: 25.953 GC heap before
{Heap before GC invocations=3 (full 0):
 garbage-first heap   total 831488K, used 138470K [0x0000000680000000, 0x0000000800000000)
  region size 4096K, 19 young (77824K), 3 survivors (12288K)
 Metaspace       used 35699K, committed 35968K, reserved 1114112K
  class space    used 3957K, committed 4096K, reserved 1048576K
}
Event: 25.966 GC heap after
{Heap after GC invocations=4 (full 0):
 garbage-first heap   total 831488K, used 49810K [0x0000000680000000, 0x0000000800000000)
  region size 4096K, 3 young (12288K), 3 survivors (12288K)
 Metaspace       used 35699K, committed 35968K, reserved 1114112K
  class space    used 3957K, committed 4096K, reserved 1048576K
}
Event: 25.991 GC heap before
{Heap before GC invocations=4 (full 0):
 garbage-first heap   total 831488K, used 49810K [0x0000000680000000, 0x0000000800000000)
  region size 4096K, 4 young (16384K), 3 survivors (12288K)
 Metaspace       used 36013K, committed 36288K, reserved 1114112K
  class space    used 4034K, committed 4160K, reserved 1048576K
}
Event: 26.000 GC heap after
{Heap after GC invocations=5 (full 0):
 garbage-first heap   total 831488K, used 49121K [0x0000000680000000, 0x0000000800000000)
  region size 4096K, 1 young (4096K), 1 survivors (4096K)
 Metaspace       used 36013K, committed 36288K, reserved 1114112K
  class space    used 4034K, committed 4160K, reserved 1048576K
}
Event: 26.028 GC heap before
{Heap before GC invocations=5 (full 0):
 garbage-first heap   total 831488K, used 49121K [0x0000000680000000, 0x0000000800000000)
  region size 4096K, 2 young (8192K), 1 survivors (4096K)
 Metaspace       used 36327K, committed 36608K, reserved 1114112K
  class space    used 4115K, committed 4288K, reserved 1048576K
}
Event: 26.031 GC heap after
{Heap after GC invocations=6 (full 0):
 garbage-first heap   total 831488K, used 48343K [0x0000000680000000, 0x0000000800000000)
  region size 4096K, 1 young (4096K), 1 survivors (4096K)
 Metaspace       used 36327K, committed 36608K, reserved 1114112K
  class space    used 4115K, committed 4288K, reserved 1048576K
}
Event: 32.664 GC heap before
{Heap before GC invocations=7 (full 0):
 garbage-first heap   total 831488K, used 126167K [0x0000000680000000, 0x0000000800000000)
  region size 4096K, 20 young (81920K), 1 survivors (4096K)
 Metaspace       used 46031K, committed 46400K, reserved 1114112K
  class space    used 5703K, committed 5888K, reserved 1048576K
}
Event: 32.678 GC heap after
{Heap after GC invocations=8 (full 0):
 garbage-first heap   total 831488K, used 58294K [0x0000000680000000, 0x0000000800000000)
  region size 4096K, 3 young (12288K), 3 survivors (12288K)
 Metaspace       used 46031K, committed 46400K, reserved 1114112K
  class space    used 5703K, committed 5888K, reserved 1048576K
}
Event: 35.720 GC heap before
{Heap before GC invocations=8 (full 0):
 garbage-first heap   total 831488K, used 123830K [0x0000000680000000, 0x0000000800000000)
  region size 4096K, 20 young (81920K), 3 survivors (12288K)
 Metaspace       used 50665K, committed 51008K, reserved 1114112K
  class space    used 6574K, committed 6720K, reserved 1048576K
}
Event: 35.751 GC heap after
{Heap after GC invocations=9 (full 0):
 garbage-first heap   total 831488K, used 60495K [0x0000000680000000, 0x0000000800000000)
  region size 4096K, 3 young (12288K), 3 survivors (12288K)
 Metaspace       used 50665K, committed 51008K, reserved 1114112K
  class space    used 6574K, committed 6720K, reserved 1048576K
}

Dll operation events (20 events):
Event: 12.571 Loaded shared library C:\AMD\2025.1\Vivado\lib\win64.o\xv_coretasks.dll
Event: 12.573 Loaded shared library C:\AMD\2025.1\Vivado\lib\win64.o\xv_tcltasks.dll
Event: 12.681 Loaded shared library C:\AMD\2025.1\Vivado\lib\win64.o\xv_labtoolstasks.dll
Event: 12.716 Loaded shared library C:\AMD\2025.1\Vivado\lib\win64.o\xv_simtcltasks.dll
Event: 12.839 Loaded shared library C:\AMD\2025.1\Vivado\lib\win64.o\xv_ipservicestasks.dll
Event: 12.841 Loaded shared library C:\AMD\2025.1\Vivado\lib\win64.o\xv_vivadotasks.dll
Event: 12.843 Loaded shared library C:\AMD\2025.1\Vivado\lib\win64.o\xv_board.dll
Event: 12.845 Loaded shared library C:\AMD\2025.1\Vivado\lib\win64.o\xv_boarddep.dll
Event: 12.847 Loaded shared library C:\AMD\2025.1\Vivado\lib\win64.o\xv_boardcommontasks.dll
Event: 12.849 Loaded shared library C:\AMD\2025.1\Vivado\lib\win64.o\xv_ptgen.dll
Event: 12.851 Loaded shared library C:\AMD\2025.1\Vivado\lib\win64.o\xv_ip.dll
Event: 12.854 Loaded shared library C:\AMD\2025.1\Vivado\lib\win64.o\xv_mig.dll
Event: 12.857 Loaded shared library C:\AMD\2025.1\Vivado\lib\win64.o\xv_implflow.dll
Event: 12.860 Loaded shared library C:\AMD\2025.1\Vivado\lib\win64.o\xv_xhubtasks.dll
Event: 12.985 Loaded shared library C:\AMD\2025.1\Vivado\lib\win64.o\xv_iptasks.dll
Event: 12.988 Loaded shared library C:\AMD\2025.1\Vivado\lib\win64.o\xv_synth.dll
Event: 16.173 Loaded shared library C:\AMD\2025.1\Vivado\tps\win64\jre21.0.1_12\bin\verify.dll
Event: 16.308 Loaded shared library C:\AMD\2025.1\Vivado\tps\win64\jre21.0.1_12\bin\freetype.dll
Event: 16.314 Loaded shared library C:\AMD\2025.1\Vivado\tps\win64\jre21.0.1_12\bin\fontmanager.dll
Event: 33.741 Loaded shared library C:\AMD\2025.1\Vivado\lib\win64.o\xv_xhub.dll

Deoptimization events (20 events):
Event: 38.793 Thread 0x0000019c05b88360 Uncommon trap: trap_request=0xffffffde fr.pc=0x0000019bacfb776c relative=0x00000000000000cc
Event: 38.793 Thread 0x0000019c05b88360 Uncommon trap: reason=class_check action=maybe_recompile pc=0x0000019bacfb776c method=java.lang.Character.codePointAt(Ljava/lang/CharSequence;I)I @ 2 c2
Event: 38.793 Thread 0x0000019c05b88360 DEOPT PACKING pc=0x0000019bacfb776c sp=0x0000006b4feff1a0
Event: 38.793 Thread 0x0000019c05b88360 DEOPT UNPACKING pc=0x0000019bac8446a2 sp=0x0000006b4feff138 mode 2
Event: 38.793 Thread 0x0000019c05b88360 Uncommon trap: trap_request=0xffffffde fr.pc=0x0000019bacfb776c relative=0x00000000000000cc
Event: 38.793 Thread 0x0000019c05b88360 Uncommon trap: reason=class_check action=maybe_recompile pc=0x0000019bacfb776c method=java.lang.Character.codePointAt(Ljava/lang/CharSequence;I)I @ 2 c2
Event: 38.793 Thread 0x0000019c05b88360 DEOPT PACKING pc=0x0000019bacfb776c sp=0x0000006b4feff1a0
Event: 38.793 Thread 0x0000019c05b88360 DEOPT UNPACKING pc=0x0000019bac8446a2 sp=0x0000006b4feff138 mode 2
Event: 38.793 Thread 0x0000019c05b88360 Uncommon trap: trap_request=0xffffffde fr.pc=0x0000019bacfb776c relative=0x00000000000000cc
Event: 38.793 Thread 0x0000019c05b88360 Uncommon trap: reason=class_check action=maybe_recompile pc=0x0000019bacfb776c method=java.lang.Character.codePointAt(Ljava/lang/CharSequence;I)I @ 2 c2
Event: 38.793 Thread 0x0000019c05b88360 DEOPT PACKING pc=0x0000019bacfb776c sp=0x0000006b4feff1a0
Event: 38.793 Thread 0x0000019c05b88360 DEOPT UNPACKING pc=0x0000019bac8446a2 sp=0x0000006b4feff138 mode 2
Event: 38.793 Thread 0x0000019c05b88360 Uncommon trap: trap_request=0xffffffde fr.pc=0x0000019bacfb776c relative=0x00000000000000cc
Event: 38.793 Thread 0x0000019c05b88360 Uncommon trap: reason=class_check action=maybe_recompile pc=0x0000019bacfb776c method=java.lang.Character.codePointAt(Ljava/lang/CharSequence;I)I @ 2 c2
Event: 38.793 Thread 0x0000019c05b88360 DEOPT PACKING pc=0x0000019bacfb776c sp=0x0000006b4feff1a0
Event: 38.793 Thread 0x0000019c05b88360 DEOPT UNPACKING pc=0x0000019bac8446a2 sp=0x0000006b4feff138 mode 2
Event: 38.851 Thread 0x0000019b96bbdd10 Uncommon trap: trap_request=0xffffff45 fr.pc=0x0000019bace0e7a8 relative=0x0000000000000088
Event: 38.851 Thread 0x0000019b96bbdd10 Uncommon trap: reason=unstable_if action=reinterpret pc=0x0000019bace0e7a8 method=sun.awt.SunToolkit.getAppContext(Ljava/lang/Object;)Lsun/awt/AppContext; @ 4 c2
Event: 38.851 Thread 0x0000019b96bbdd10 DEOPT PACKING pc=0x0000019bace0e7a8 sp=0x0000006b49afd270
Event: 38.851 Thread 0x0000019b96bbdd10 DEOPT UNPACKING pc=0x0000019bac8446a2 sp=0x0000006b49afd208 mode 2

Classes loaded (20 events):
Event: 38.796 Loading class sun/awt/windows/WPrintDialogPeer
Event: 38.797 Loading class sun/awt/windows/WPrintDialogPeer done
Event: 38.807 Loading class java/awt/ModalEventFilter$1
Event: 38.807 Loading class java/awt/ModalEventFilter$1 done
Event: 38.807 Loading class java/awt/ModalEventFilter$ApplicationModalEventFilter
Event: 38.808 Loading class java/awt/ModalEventFilter$ApplicationModalEventFilter done
Event: 38.808 Loading class sun/awt/ModalityEvent
Event: 38.808 Loading class sun/awt/ModalityEvent done
Event: 38.809 Loading class java/awt/WaitDispatchSupport
Event: 38.809 Loading class java/awt/SecondaryLoop
Event: 38.809 Loading class java/awt/SecondaryLoop done
Event: 38.809 Loading class java/awt/WaitDispatchSupport done
Event: 38.810 Loading class java/awt/WaitDispatchSupport$5
Event: 38.810 Loading class java/awt/WaitDispatchSupport$5 done
Event: 38.810 Loading class java/awt/WaitDispatchSupport$1
Event: 38.810 Loading class java/awt/WaitDispatchSupport$1 done
Event: 38.810 Loading class java/awt/WaitDispatchSupport$2
Event: 38.810 Loading class java/awt/WaitDispatchSupport$2 done
Event: 38.810 Loading class java/awt/WaitDispatchSupport$4
Event: 38.810 Loading class java/awt/WaitDispatchSupport$4 done

Classes unloaded (0 events):
No events

Classes redefined (0 events):
No events

Internal exceptions (20 events):
Event: 24.413 Thread 0x0000019b96bbdd10 Exception <a 'java/lang/ClassNotFoundException'{0x00000006afef1020}: com/sun/swing/internal/plaf/basic/resources/spi/basicProvider> (0x00000006afef1020) 
thrown [s\src\hotspot\share\classfile\systemDictionary.cpp, line 312]
Event: 24.650 Thread 0x0000019b96bbdd10 Exception <a 'java/lang/NoSuchMethodError'{0x00000006af8c7bc0}: 'java.lang.Object java.lang.invoke.DirectMethodHandle$Holder.invokeStatic(java.lang.Object, int, int, int, int)'> (0x00000006af8c7bc0) 
thrown [s\src\hotspot\share\interpreter\linkResolver.cpp, line 773]
Event: 24.650 Thread 0x0000019b96bbdd10 Exception <a 'java/lang/NoSuchMethodError'{0x00000006af8cb4f0}: 'java.lang.Object java.lang.invoke.DirectMethodHandle$Holder.invokeStaticInit(java.lang.Object, int, int, int, int)'> (0x00000006af8cb4f0) 
thrown [s\src\hotspot\share\interpreter\linkResolver.cpp, line 773]
Event: 24.762 Thread 0x0000019b96bbdd10 Exception <a 'java/lang/NoSuchMethodError'{0x00000006af989768}: 'java.lang.Object java.lang.invoke.DirectMethodHandle$Holder.invokeStatic(java.lang.Object, java.lang.Object, int, int, int, int)'> (0x00000006af989768) 
thrown [s\src\hotspot\share\interpreter\linkResolver.cpp, line 773]
Event: 24.762 Thread 0x0000019b96bbdd10 Exception <a 'java/lang/NoSuchMethodError'{0x00000006af98cf88}: 'java.lang.Object java.lang.invoke.DirectMethodHandle$Holder.invokeStaticInit(java.lang.Object, java.lang.Object, int, int, int, int)'> (0x00000006af98cf88) 
thrown [s\src\hotspot\share\interpreter\linkResolver.cpp, line 773]
Event: 26.165 Thread 0x0000019b96bbdd10 Implicit null exception at 0x0000019bacdbe7e8 to 0x0000019bacdbf5c0
Event: 26.407 Thread 0x0000019b96bbdd10 Exception <a 'java/lang/NoSuchMethodError'{0x00000006b1e31560}: 'java.lang.Object java.lang.invoke.DirectMethodHandle$Holder.newInvokeSpecial(java.lang.Object, java.lang.Object, java.lang.Object, java.lang.Object, java.lang.Object, java.lang.Object)'> (0x00000006b1e31560) 
thrown [s\src\hotspot\share\interpreter\linkResolver.cpp, line 773]
Event: 26.940 Thread 0x0000019c07213250 Implicit null exception at 0x0000019bacdd6722 to 0x0000019bacdd6b40
Event: 27.100 Thread 0x0000019c05b89710 Exception <a 'java/lang/ClassNotFoundException'{0x00000006b0c045a0}: com/sun/org/apache/xml/internal/serializer/spi/XMLEntitiesProvider> (0x00000006b0c045a0) 
thrown [s\src\hotspot\share\classfile\systemDictionary.cpp, line 312]
Event: 27.161 Thread 0x0000019c05b89710 Exception <a 'java/lang/ClassNotFoundException'{0x00000006b0d14290}: com/sun/org/apache/xml/internal/serializer/utils/spi/SerializerMessagesProvider> (0x00000006b0d14290) 
thrown [s\src\hotspot\share\classfile\systemDictionary.cpp, line 312]
Event: 35.617 Thread 0x0000019b96bbdd10 Implicit null exception at 0x0000019bad1460cb to 0x0000019bad14614d
Event: 37.040 Thread 0x0000019b96bbdd10 Exception <a 'java/lang/NoSuchMethodError'{0x00000006b1f7b148}: 'java.lang.Object java.lang.invoke.DirectMethodHandle$Holder.invokeSpecial(java.lang.Object, java.lang.Object, java.lang.Object, int, java.lang.Object)'> (0x00000006b1f7b148) 
thrown [s\src\hotspot\share\interpreter\linkResolver.cpp, line 773]
Event: 37.236 Thread 0x0000019b96bbdd10 Implicit null exception at 0x0000019bad114933 to 0x0000019bad114a04
Event: 37.674 Thread 0x0000019c05b89710 Exception <a 'java/lang/NoSuchMethodError'{0x00000006b08072b0}: 'void java.lang.invoke.DirectMethodHandle$Holder.invokeSpecial(java.lang.Object, java.lang.Object, long)'> (0x00000006b08072b0) 
thrown [s\src\hotspot\share\interpreter\linkResolver.cpp, line 773]
Event: 37.675 Thread 0x0000019c05b89710 Exception <a 'java/lang/NoSuchMethodError'{0x00000006b080c338}: 'java.lang.Object java.lang.invoke.DirectMethodHandle$Holder.newInvokeSpecial(java.lang.Object, java.lang.Object, long)'> (0x00000006b080c338) 
thrown [s\src\hotspot\share\interpreter\linkResolver.cpp, line 773]
Event: 37.675 Thread 0x0000019c05b89710 Exception <a 'java/lang/NoSuchMethodError'{0x00000006b080f980}: 'java.lang.Object java.lang.invoke.Invokers$Holder.linkToTargetMethod(java.lang.Object, long, java.lang.Object)'> (0x00000006b080f980) 
thrown [s\src\hotspot\share\interpreter\linkResolver.cpp, line 773]
Event: 37.726 Thread 0x0000019b96bbdd10 Exception <a 'java/lang/NoSuchMethodError'{0x00000006b0945258}: 'java.lang.Object java.lang.invoke.DirectMethodHandle$Holder.invokeSpecial(java.lang.Object, java.lang.Object, java.lang.Object, int, int)'> (0x00000006b0945258) 
thrown [s\src\hotspot\share\interpreter\linkResolver.cpp, line 773]
Event: 38.312 Thread 0x0000019b96bbdd10 Exception <a 'java/lang/NoSuchMethodError'{0x00000006af69e370}: 'void java.lang.invoke.Invokers$Holder.invokeExact_MT(java.lang.Object, java.lang.Object, java.lang.Object, java.lang.Object)'> (0x00000006af69e370) 
thrown [s\src\hotspot\share\interpreter\linkResolver.cpp, line 773]
Event: 38.792 Thread 0x0000019c05b88360 Implicit null exception at 0x0000019bad124c64 to 0x0000019bad124d44
Event: 38.809 Thread 0x0000019b96bbdd10 Exception <a 'java/lang/NoSuchMethodError'{0x00000006aee668e0}: 'int java.lang.invoke.DirectMethodHandle$Holder.invokeStatic(java.lang.Object)'> (0x00000006aee668e0) 
thrown [s\src\hotspot\share\interpreter\linkResolver.cpp, line 773]

ZGC Phase Switch (0 events):
No events

VM Operations (20 events):
Event: 37.963 Executing VM operation: HandshakeAllThreads (Deoptimize)
Event: 37.963 Executing VM operation: HandshakeAllThreads (Deoptimize) done
Event: 38.148 Executing VM operation: ICBufferFull
Event: 38.148 Executing VM operation: ICBufferFull done
Event: 38.308 Executing VM operation: HandshakeAllThreads (Deoptimize)
Event: 38.308 Executing VM operation: HandshakeAllThreads (Deoptimize) done
Event: 38.330 Executing VM operation: HandshakeAllThreads (Deoptimize)
Event: 38.330 Executing VM operation: HandshakeAllThreads (Deoptimize) done
Event: 38.365 Executing VM operation: HandshakeAllThreads (Deoptimize)
Event: 38.365 Executing VM operation: HandshakeAllThreads (Deoptimize) done
Event: 38.506 Executing VM operation: ICBufferFull
Event: 38.506 Executing VM operation: ICBufferFull done
Event: 38.725 Executing VM operation: HandshakeAllThreads (Deoptimize)
Event: 38.725 Executing VM operation: HandshakeAllThreads (Deoptimize) done
Event: 38.771 Executing VM operation: HandshakeAllThreads (Deoptimize)
Event: 38.771 Executing VM operation: HandshakeAllThreads (Deoptimize) done
Event: 38.858 Executing VM operation: ICBufferFull
Event: 38.858 Executing VM operation: ICBufferFull done
Event: 38.894 Executing VM operation: ICBufferFull
Event: 38.894 Executing VM operation: ICBufferFull done

Events (20 events):
Event: 26.072 Thread 0x0000019b95408820 flushing nmethod 0x0000019bacd90a10
Event: 26.920 Thread 0x0000019c05b89080 Thread added: 0x0000019c05b89080
Event: 26.932 Thread 0x0000019c07213250 Thread added: 0x0000019c07213250
Event: 26.944 Thread 0x0000019c07213250 Thread exited: 0x0000019c07213250
Event: 26.945 Thread 0x0000019c05b89080 Thread exited: 0x0000019c05b89080
Event: 29.471 Thread 0x0000019c05848560 Thread exited: 0x0000019c05848560
Event: 31.984 Thread 0x0000019c05b889f0 Thread exited: 0x0000019c05b889f0
Event: 32.000 Thread 0x0000019c05b88360 Thread exited: 0x0000019c05b88360
Event: 32.442 Thread 0x0000019c078e9d80 Thread added: 0x0000019c078e9d80
Event: 33.464 Thread 0x0000019c078ea410 Thread added: 0x0000019c078ea410
Event: 33.472 Thread 0x0000019c078ea410 Thread exited: 0x0000019c078ea410
Event: 33.735 Thread 0x0000019c078ebe50 Thread added: 0x0000019c078ebe50
Event: 35.916 Thread 0x0000019c078ec4e0 Thread added: 0x0000019c078ec4e0
Event: 35.916 Thread 0x0000019c078e9060 Thread added: 0x0000019c078e9060
Event: 37.462 Thread 0x0000019c078e9d80 Thread exited: 0x0000019c078e9d80
Event: 37.662 Thread 0x0000019c078eaaa0 Thread added: 0x0000019c078eaaa0
Event: 37.766 Thread 0x0000019c078eb130 Thread added: 0x0000019c078eb130
Event: 38.314 Thread 0x0000019c078e9d80 Thread added: 0x0000019c078e9d80
Event: 38.780 Thread 0x0000019c05b88360 Thread added: 0x0000019c05b88360
Event: 38.842 Thread 0x0000019c05b889f0 Thread added: 0x0000019c05b889f0


Dynamic libraries:
0x00007ff7ca950000 - 0x00007ff7ca958000 	C:\AMD\2025.1\Vivado\bin\unwrapped\win64.o\vivado.exe
0x00007ff942a60000 - 0x00007ff942cc6000 	C:\WINDOWS\SYSTEM32\ntdll.dll
0x00007ff9416f0000 - 0x00007ff9417b9000 	C:\WINDOWS\System32\KERNEL32.DLL
0x00007ff93fd30000 - 0x00007ff94012e000 	C:\WINDOWS\System32\KERNELBASE.dll
0x00007ff93c2c0000 - 0x00007ff93c360000 	C:\WINDOWS\SYSTEM32\apphelp.dll
0x00007ff940630000 - 0x00007ff94077c000 	C:\WINDOWS\System32\ucrtbase.dll
0x00007ff9269e0000 - 0x00007ff926a69000 	C:\WINDOWS\SYSTEM32\MSVCP140.dll
0x00007ff9269c0000 - 0x00007ff9269de000 	C:\WINDOWS\SYSTEM32\VCRUNTIME140.dll
0x00007ff9269b0000 - 0x00007ff9269bc000 	C:\WINDOWS\SYSTEM32\VCRUNTIME140_1.dll
0x00007ff90c260000 - 0x00007ff90c287000 	C:\AMD\2025.1\Vivado\lib\win64.o\xv_commonmain.dll
0x00007ff91b0f0000 - 0x00007ff91b0fc000 	C:\AMD\2025.1\Vivado\lib\win64.o\xv_commonversion.dll
0x00007ff89e800000 - 0x00007ff89ea50000 	C:\AMD\2025.1\Vivado\lib\win64.o\xv_commonxillic.dll
0x00007ff941420000 - 0x00007ff9414a0000 	C:\WINDOWS\System32\WS2_32.dll
0x00007ff941f10000 - 0x00007ff942028000 	C:\WINDOWS\System32\RPCRT4.dll
0x00007ff940c20000 - 0x00007ff940de7000 	C:\WINDOWS\System32\USER32.dll
0x00007ff940140000 - 0x00007ff940167000 	C:\WINDOWS\System32\win32u.dll
0x00007ff9414b0000 - 0x00007ff9414db000 	C:\WINDOWS\System32\GDI32.dll
0x00007ff940170000 - 0x00007ff94029a000 	C:\WINDOWS\System32\gdi32full.dll
0x00007ff93fc80000 - 0x00007ff93fd23000 	C:\WINDOWS\System32\msvcp_win.dll
0x00007ff940f90000 - 0x00007ff941047000 	C:\WINDOWS\System32\ADVAPI32.dll
0x00007ff941940000 - 0x00007ff9419e9000 	C:\WINDOWS\System32\msvcrt.dll
0x00007ff941ad0000 - 0x00007ff941b7a000 	C:\WINDOWS\System32\sechost.dll
0x00007ff90c1f0000 - 0x00007ff90c21a000 	C:\AMD\2025.1\Vivado\lib\win64.o\boost_filesystem.dll
0x00007ff889520000 - 0x00007ff889c6b000 	C:\AMD\2025.1\Vivado\lib\win64.o\python313.dll
0x00007ff89e650000 - 0x00007ff89e7f1000 	C:\AMD\2025.1\Vivado\lib\win64.o\tcl86t.dll
0x00007ff924be0000 - 0x00007ff924bea000 	C:\WINDOWS\SYSTEM32\WSOCK32.dll
0x00007ff85b500000 - 0x00007ff85c58a000 	C:\AMD\2025.1\Vivado\lib\win64.o\xv_isl_iostreams.dll
0x00007ff859e50000 - 0x00007ff85b4f7000 	C:\AMD\2025.1\Vivado\lib\win64.o\xv_common.dll
0x00007ff942050000 - 0x00007ff9427e2000 	C:\WINDOWS\System32\SHELL32.dll
0x00007ff940360000 - 0x00007ff9403e3000 	C:\WINDOWS\System32\WINTRUST.dll
0x00007ff93fb70000 - 0x00007ff93fb9a000 	C:\WINDOWS\SYSTEM32\bcrypt.dll
0x00007ff92a680000 - 0x00007ff92a68b000 	C:\WINDOWS\SYSTEM32\VERSION.dll
0x00007ff92a110000 - 0x00007ff92a12a000 	C:\WINDOWS\SYSTEM32\NETAPI32.dll
0x00007ff93efd0000 - 0x00007ff93f002000 	C:\WINDOWS\SYSTEM32\USERENV.dll
0x00007ff889200000 - 0x00007ff889516000 	C:\AMD\2025.1\Vivado\lib\win64.o\libXil_lmgr11.dll
0x00007ff9414e0000 - 0x00007ff9415d2000 	C:\WINDOWS\System32\COMDLG32.dll
0x00007ff941b80000 - 0x00007ff941f03000 	C:\WINDOWS\System32\combase.dll
0x00007ff9417c0000 - 0x00007ff9418b7000 	C:\WINDOWS\System32\shcore.dll
0x00007ff9415e0000 - 0x00007ff941647000 	C:\WINDOWS\System32\SHLWAPI.dll
0x00007ff941160000 - 0x00007ff941239000 	C:\WINDOWS\System32\OLEAUT32.dll
0x00007ff9427f0000 - 0x00007ff942989000 	C:\WINDOWS\System32\ole32.dll
0x00007ff9403f0000 - 0x00007ff940568000 	C:\WINDOWS\System32\CRYPT32.dll
0x00007ff90c1d0000 - 0x00007ff90c1ec000 	C:\AMD\2025.1\Vivado\lib\win64.o\xv_isl_iosutils.dll
0x00007ff8a0510000 - 0x00007ff8a0654000 	C:\AMD\2025.1\Vivado\lib\win64.o\boost_regex.dll
0x00007ff90c170000 - 0x00007ff90c197000 	C:\AMD\2025.1\Vivado\lib\win64.o\boost_thread.dll
0x00007ff925e20000 - 0x00007ff9260b5000 	C:\WINDOWS\SYSTEM32\WININET.dll
0x00007ff9399c0000 - 0x00007ff939ae7000 	C:\WINDOWS\SYSTEM32\WINHTTP.dll
0x00007ff928500000 - 0x00007ff9286dc000 	C:\WINDOWS\SYSTEM32\urlmon.dll
0x00007ff90bf90000 - 0x00007ff90bfba000 	C:\AMD\2025.1\Vivado\lib\win64.o\zlib1.dll
0x00007ff90bf50000 - 0x00007ff90bf69000 	C:\AMD\2025.1\Vivado\lib\win64.o\boost_date_time.dll
0x00007ff90bd70000 - 0x00007ff90bd91000 	C:\AMD\2025.1\Vivado\lib\win64.o\boost_iostreams.dll
0x00007ff90bc80000 - 0x00007ff90bca4000 	C:\AMD\2025.1\Vivado\lib\win64.o\xv_isl_sysinfo.dll
0x00007ff91b0c0000 - 0x00007ff91b0d0000 	C:\AMD\2025.1\Vivado\lib\win64.o\xv_boost_xilinx.dll
0x00007ff8c1d50000 - 0x00007ff8c1de4000 	C:\AMD\2025.1\Vivado\lib\win64.o\boost_program_options.dll
0x00007ff8882e0000 - 0x00007ff888780000 	C:\AMD\2025.1\Vivado\lib\win64.o\xv_COIN-all.dll
0x00007ff90bd50000 - 0x00007ff90bd6c000 	C:\AMD\2025.1\Vivado\lib\win64.o\librdiconfig.dll
0x00007ff89ef70000 - 0x00007ff89f015000 	C:\AMD\2025.1\Vivado\lib\win64.o\libhdxml.dll
0x00007ff90b490000 - 0x00007ff90b4aa000 	C:\AMD\2025.1\Vivado\lib\win64.o\pthreadVC2.dll
0x00007ff8efed0000 - 0x00007ff8eff47000 	C:\AMD\2025.1\Vivado\lib\win64.o\xv_lmx.dll
0x00007ff89d990000 - 0x00007ff89da12000 	C:\AMD\2025.1\Vivado\lib\win64.o\libhdlpsolve.dll
0x00007ff90b460000 - 0x00007ff90b483000 	C:\AMD\2025.1\Vivado\lib\win64.o\librdizlib.dll
0x00007ff9093b0000 - 0x00007ff9093e0000 	C:\WINDOWS\SYSTEM32\VCOMP140.DLL
0x00007ff9238a0000 - 0x00007ff923955000 	C:\WINDOWS\WinSxS\amd64_microsoft.windows.common-controls_6595b64144ccf1df_5.82.26100.8328_none_87eede957a2ccddd\COMCTL32.dll
0x00007ff939e10000 - 0x00007ff939e35000 	C:\WINDOWS\SYSTEM32\dhcpcsvc.DLL
0x00007ff9280e0000 - 0x00007ff9283a5000 	C:\WINDOWS\SYSTEM32\iertutil.dll
0x00007ff93d6f0000 - 0x00007ff93df82000 	C:\WINDOWS\SYSTEM32\windows.storage.dll
0x00007ff897260000 - 0x00007ff897317000 	C:\AMD\2025.1\Vivado\lib\win64.o\libzstd.dll
0x00007ff929fe0000 - 0x00007ff92a009000 	C:\WINDOWS\SYSTEM32\srvcli.dll
0x00007ff93e2c0000 - 0x00007ff93e2cd000 	C:\WINDOWS\SYSTEM32\netutils.dll
0x00007ff93eca0000 - 0x00007ff93ece7000 	C:\WINDOWS\SYSTEM32\LOGONCLI.DLL
0x00007ff93e260000 - 0x00007ff93e27b000 	C:\WINDOWS\SYSTEM32\SAMCLI.DLL
0x00007ff851ab0000 - 0x00007ff8539c7000 	C:\AMD\2025.1\Vivado\lib\win64.o\gurobi90.dll
0x00007ff941050000 - 0x00007ff9410c2000 	C:\WINDOWS\System32\WLDAP32.dll
0x00007ff942030000 - 0x00007ff942038000 	C:\WINDOWS\System32\Normaliz.dll
0x00007ff891110000 - 0x00007ff8913d1000 	C:\AMD\2025.1\Vivado\lib\win64.o\xerces-c_3_2.dll
0x00007ff93ef10000 - 0x00007ff93ef7c000 	C:\WINDOWS\SYSTEM32\MSWSOCK.DLL
0x00007ff9416a0000 - 0x00007ff9416d2000 	C:\WINDOWS\System32\IMM32.DLL
0x00007ff93f360000 - 0x00007ff93f373000 	C:\WINDOWS\SYSTEM32\MSASN1.dll
0x00007ff93f230000 - 0x00007ff93f24b000 	C:\WINDOWS\SYSTEM32\CRYPTSP.dll
0x00007ff93e8c0000 - 0x00007ff93e8f9000 	C:\WINDOWS\system32\rsaenh.dll
0x00007ff93f210000 - 0x00007ff93f21c000 	C:\WINDOWS\SYSTEM32\CRYPTBASE.dll
0x00007ff940570000 - 0x00007ff94061c000 	C:\WINDOWS\System32\bcryptPrimitives.dll
0x00007ff940f60000 - 0x00007ff940f80000 	C:\WINDOWS\System32\imagehlp.dll
0x00007ff93e960000 - 0x00007ff93e97b000 	C:\WINDOWS\SYSTEM32\kernel.appcore.dll
0x00007ff93ef90000 - 0x00007ff93efbf000 	C:\WINDOWS\SYSTEM32\gpapi.dll
0x00007ff9249b0000 - 0x00007ff9249eb000 	C:\Windows\System32\cryptnet.dll
0x00007ff93fba0000 - 0x00007ff93fbc9000 	C:\WINDOWS\SYSTEM32\profapi.dll
0x00007ff885a80000 - 0x00007ff886150000 	C:\AMD\2025.1\Vivado\lib\win64.o\xv_commontasks.dll
0x00007ff8590c0000 - 0x00007ff859e41000 	C:\AMD\2025.1\Vivado\tps\win64\jre21.0.1_12\bin\server\jvm.dll
0x00007ff93fb00000 - 0x00007ff93fb5e000 	C:\WINDOWS\SYSTEM32\POWRPROF.dll
0x00007ff935fb0000 - 0x00007ff935fe6000 	C:\WINDOWS\SYSTEM32\WINMM.dll
0x00007ff884cc0000 - 0x00007ff8851b9400 	C:\AMD\2025.1\Vivado\lib\win64.o\xv_sio.dll
0x00007ff93e2e0000 - 0x00007ff93e313000 	C:\WINDOWS\SYSTEM32\IPHLPAPI.DLL
0x00007ff93fac0000 - 0x00007ff93fad4000 	C:\WINDOWS\SYSTEM32\UMPDC.dll
0x00007ff93c830000 - 0x00007ff93c83e000 	C:\WINDOWS\SYSTEM32\WINNSI.DLL
0x00007ff942040000 - 0x00007ff94204a000 	C:\WINDOWS\System32\NSI.dll
0x00007ff939e40000 - 0x00007ff939e5d000 	C:\WINDOWS\SYSTEM32\dhcpcsvc6.DLL
0x00007ff9191a0000 - 0x00007ff91926e000 	C:\WINDOWS\SYSTEM32\webio.dll
0x00007ff93ec10000 - 0x00007ff93ec59000 	C:\WINDOWS\SYSTEM32\SspiCli.dll
0x00007ff93e320000 - 0x00007ff93e476000 	C:\WINDOWS\SYSTEM32\DNSAPI.dll
0x00007ff93ecf0000 - 0x00007ff93ecfd000 	C:\WINDOWS\SYSTEM32\DSPARSE.dll
0x00007ff938bd0000 - 0x00007ff938bdb000 	C:\Windows\System32\rasadhlp.dll
0x00007ff939e70000 - 0x00007ff939ef6000 	C:\WINDOWS\System32\fwpuclnt.dll
0x00007ff91cb90000 - 0x00007ff91cba8000 	C:\WINDOWS\system32\napinsp.dll
0x00007ff91cb00000 - 0x00007ff91cb13000 	C:\WINDOWS\System32\winrnr.dll
0x00007ff91bd20000 - 0x00007ff91bd42000 	C:\WINDOWS\system32\nlansp_c.dll
0x00007ff91bf70000 - 0x00007ff91bf86000 	C:\WINDOWS\system32\wshbth.dll
0x00007ff937fe0000 - 0x00007ff937ffb000 	C:\WINDOWS\SYSTEM32\wkscli.dll
0x00007ff924960000 - 0x00007ff924973000 	C:\WINDOWS\SYSTEM32\cscapi.dll
0x00007ff84d9d0000 - 0x00007ff851aa1000 	C:\AMD\2025.1\Vivado\lib\win64.o\xv_tcltasks.dll
0x00007ff8961d0000 - 0x00007ff8962a9000 	C:\AMD\2025.1\Vivado\lib\win64.o\xv_xhubtasks.dll
0x00007ff856f20000 - 0x00007ff857d72000 	C:\AMD\2025.1\Vivado\lib\win64.o\xv_power.dll
0x00007ff84bbf0000 - 0x00007ff84d9c9000 	C:\AMD\2025.1\Vivado\lib\win64.o\xv_implflow.dll
0x00007ff84af60000 - 0x00007ff84bbe7000 	C:\AMD\2025.1\Vivado\lib\win64.o\xv_lopt.dll
0x00007ff849d60000 - 0x00007ff84aa54000 	C:\AMD\2025.1\Vivado\lib\win64.o\xv_project.dll
0x00007ff83d6c0000 - 0x00007ff84309c000 	C:\AMD\2025.1\Vivado\lib\win64.o\xv_route.dll
0x00007ff882d80000 - 0x00007ff8832e3000 	C:\AMD\2025.1\Vivado\lib\win64.o\xv_dfximpl.dll
0x00007ff896060000 - 0x00007ff8961c7000 	C:\AMD\2025.1\Vivado\lib\win64.o\xv_chipscope.dll
0x00007ff8801f0000 - 0x00007ff8809c3000 	C:\AMD\2025.1\Vivado\lib\win64.o\xv_runs.dll
0x00007ff83c9e0000 - 0x00007ff83d6b1000 	C:\AMD\2025.1\Vivado\lib\win64.o\xv_drc.dll
0x00007ff839d50000 - 0x00007ff83c9d2000 	C:\AMD\2025.1\Vivado\lib\win64.o\xv_mig.dll
0x00007ff895ef0000 - 0x00007ff895ffc000 	C:\AMD\2025.1\Vivado\lib\win64.o\xv_dsp.dll
0x00007ff8390d0000 - 0x00007ff839d4a000 	C:\AMD\2025.1\Vivado\lib\win64.o\xv_rsb.dll
0x00007ff888ab0000 - 0x00007ff888d36000 	C:\AMD\2025.1\Vivado\lib\win64.o\xv_chipscopeimpl.dll
0x00007ff891600000 - 0x00007ff891782000 	C:\AMD\2025.1\Vivado\lib\win64.o\xv_vsta.dll
0x00007ff826170000 - 0x00007ff827aec000 	C:\AMD\2025.1\Vivado\lib\win64.o\xv_timing.dll
0x00007ff887180000 - 0x00007ff88763c000 	C:\AMD\2025.1\Vivado\lib\win64.o\xv_dlyest.dll
0x00007ff820460000 - 0x00007ff826165000 	C:\AMD\2025.1\Vivado\lib\win64.o\xv_place.dll

dbghelp: loaded successfully - version: 4.0.5 - missing functions: none
symbol engine: initialized successfully - sym options: 0x614 - pdb path: .;C:\AMD\2025.1\Vivado\bin\unwrapped\win64.o;C:\WINDOWS\SYSTEM32;C:\AMD\2025.1\Vivado\lib\win64.o;C:\WINDOWS\WinSxS\amd64_microsoft.windows.common-controls_6595b64144ccf1df_5.82.26100.8328_none_87eede957a2ccddd;C:\AMD\2025.1\Vivado\tps\win64\jre21.0.1_12\bin\server;C:\AMD\2025.1\Vivado\tps\win64\jre21.0.1_12\bin;C:\WINDOWS\WinSxS\amd64_microsoft.windows.common-controls_6595b64144ccf1df_6.0.26100.8894_none_3e0f749ee32e02ea

VM Arguments:
jvm_args: -Dsun.java2d.pmoffscreen=false -Dhttps.protocols=TLSv1,TLSv1.1,TLSv1.2 -Dsun.java2d.xrender=false -Dsun.java2d.d3d=false -Dsun.awt.nopixfmt=true -Dsun.java2d.dpiaware=true -Dsun.java2d.uiScale.enabled=false -Dswing.aatext=true -XX:-UsePerfData -Djdk.map.althashing.threshold=512 -XX:StringTableSize=4072 -XX:+UseStringDeduplication -XX:MaxGCPauseMillis=200 -XX:ParallelGCThreads=4 -XX:+ParallelRefProcEnabled --add-opens=java.desktop/javax.swing.plaf.synth=ALL-UNNAMED --add-opens=java.base/java.nio=ALL-UNNAMED --add-opens=java.desktop/sun.swing=ALL-UNNAMED --add-opens=java.desktop/javax.swing=ALL-UNNAMED --add-opens=java.desktop/javax.swing.tree=ALL-UNNAMED --add-opens=java.desktop/javax.swing.plaf.basic=ALL-UNNAMED --add-opens=java.desktop/javax.swing.plaf.synth=ALL-UNNAMED --add-opens=java.desktop/javax.swing.plaf.basic=ALL-UNNAMED --add-opens=java.desktop/javax.swing=ALL-UNNAMED --add-opens=java.desktop/javax.swing.tree=ALL-UNNAMED --add-opens=java.desktop/java.awt.event=ALL-UNNAMED --add-exports=java.desktop/javax.swing.plaf.synth=ALL-UNNAMED --add-exports=java.base/java.nio=ALL-UNNAMED --add-exports=java.desktop/sun.swing=ALL-UNNAMED --add-exports=java.desktop/javax.swing=ALL-UNNAMED --add-exports=java.desktop/javax.swing.tree=ALL-UNNAMED --add-exports=java.desktop/javax.swing.plaf.basic=ALL-UNNAMED --add-exports=java.desktop/sun.swing=ALL-UNNAMED --add-exports=java.desktop/sun.swing.table=ALL-UNNAMED --add-exports=java.desktop/sun.swing.plaf.synth=ALL-UNNAMED --add-exports=java.desktop/sun.awt.shell=ALL-UNNAMED --add-exports=java.base/sun.security.action=ALL-UNNAMED --add-exports=java.desktop/sun.font=ALL-UNNAMED -XX:NewSize=80m -XX:MaxNewSize=80m -Xms812m -Xmx6144m -Xss10m 
java_command: <unknown>
java_class_path (initial): C:/AMD/2025.1/Vivado\lib\classes\apiguardian-api-1.1.0.jar;C:/AMD/2025.1/Vivado\lib\classes\asm-9.6-11.0.11-62.jar;C:/AMD/2025.1/Vivado\lib\classes\asm-analysis-9.6-11.0.11-62.jar;C:/AMD/2025.1/Vivado\lib\classes\asm-commons-9.6-11.0.11-62.jar;C:/AMD/2025.1/Vivado\lib\classes\asm-tree-9.6-11.0.11-62.jar;C:/AMD/2025.1/Vivado\lib\classes\autoesl-models-1.0.0-62.jar;C:/AMD/2025.1/Vivado\lib\classes\batik-anim-1.0.0-62.jar;C:/AMD/2025.1/Vivado\lib\classes\batik-awt-util-1.0.0-62.jar;C:/AMD/2025.1/Vivado\lib\classes\batik-bridge-1.0.0-62.jar;C:/AMD/2025.1/Vivado\lib\classes\batik-codec-1.0.0-62.jar;C:/AMD/2025.1/Vivado\lib\classes\batik-constants-1.0.0-62.jar;C:/AMD/2025.1/Vivado\lib\classes\batik-css-1.0.0-62.jar;C:/AMD/2025.1/Vivado\lib\classes\batik-dom-1.0.0-62.jar;C:/AMD/2025.1/Vivado\lib\classes\batik-ext-1.0.0-62.jar;C:/AMD/2025.1/Vivado\lib\classes\batik-gui-util-1.0.0-62.jar;C:/AMD/2025.1/Vivado\lib\classes\batik-gvt-1.0.0-62.jar;C:/AMD/2025.1/Vivado\lib\classes\batik-i18n-1.0.0-62.jar;C:/AMD/2025.1/Vivado\lib\classes\batik-parser-1.0.0-62.jar;C:/AMD/2025.1/Vivado\lib\classes\batik-script-1.0.0-62.jar;C:/AMD/2025.1/Vivado\lib\classes\batik-svg-dom-1.0.0-62.jar;C:/AMD/2025.1/Vivado\lib\classes\batik-svggen-1.0.0-62.jar;C:/AMD/2025.1/Vivado\lib\classes\batik-swing-1.0.0-62.jar;C:/AMD/2025.1/Vivado\lib\classes\batik-transcoder-1.0.0-62.jar;C:/AMD/2025.1/Vivado\lib\classes\batik-util-1.0.0-62.jar;C:/AMD/2025.1/Vivado\lib\classes\batik-xml-1.0.0-62.jar;C:/AMD/2025.1/Vivado\lib\classes\checker-qual-3.12.0.jar;C:/AMD/2025.1/Vivado\lib\classes\com.fasterxml.jackson.core.jackson-annotations_2.12.1.v20210128-1726-1.0.0-62.jar;C:/AMD/2025.1/Vivado\lib\classes\com.fasterxml.jackson.core.jackson-annotations_2.12.1.v20210128-1726-1.5.0-62.jar;C:/AMD/2025.1/Vivado\lib\classes\com.fasterxml.jackson.core.jackson-core_2.12.1.v20210128-1726-1.0.0-62.jar;C:/AMD/2025.1/Vivado\lib\classes\com.fasterxml.jackson.core.jackson-core_2.12.1.v20210128-1726-1.5.0-62.jar;C:/AMD/2025.1/Vivado\lib\classes\com.fasterxml.jackson.core.jackson-databind_2.12.1.v20210128-1726-1.0.0-62.jar;C:/AMD/2025.1/Vivado\lib\classes\com.fasterxml.jackson.core.jackson-databind_2.12.1.v20210128-1726-1.5.0-62.jar;C:/AMD/2025.1/Vivado\lib\classes\com.google.gson_2.8.9.v20220111-1409-1.5.0-62.jar;C:/AMD/2025.1/Vivado\lib\classes\com.google.guava_30.1.0.v20210127-2300-1.5.0-62.jar;C:/AMD/2025.1/Vivado\lib\classes\com.sigasi.hdt.connection_4.17.2.202304211001-1.5.0-62.jar;C:/AMD/2025.1/Vivado\lib\classes\com.sigasi.hdt.epl_4.17.2.202304211001-1.5.0-62.jar;C:/AMD/2025.1/Vivado\lib\classes\com.sigasi.hdt.project_4.17.2.202304211001-1.5.0-62.jar;C:/AMD/2025.1/Vivado\lib\classes\com.sigasi.hdt.readonlyfilesystem_4.17.2.202304211001-1.5.0-62.jar;C:/AMD/2025.1/Vivado\lib\classes\com.sigasi.hdt.shared_4.17.2.202304211001-1.5.0-62.jar;C:/AMD/2025.1/Vivado\lib\classes\com.sigasi.lcm_4.17.2.202304211001-1.5.0-62.jar;C:/AMD/2025.1/Vivado\lib\classes\com.sigasi.lsp.server.extensions_4.17.2.202304211001-1.5.0-62.jar;C:/AMD/2025.1/Vivado\lib\classes\com.sigasi.sdk.client_1.5.0.202304211001-1.5.0-62.jar;C:/AMD/2025.1/Vivado\lib\classes\commons-collections4-4.1-3.7.8-62.jar;C:/AMD/2025.1/Vivado\lib\classes\commons-compress-1.21-3.7.8-62.jar;C:/AMD/2025.1/Vivado\lib\classes\commons-io-2.15.0-11.0.11-62.jar;C:/AMD/2025.1/Vivado\lib\classes\commons-io-2.6.jar;C:/AMD/2025.1/Vivado\lib\classes\commons-lang3-3.14.0-11.0.11-62.jar;C:/AMD/2025.1/Vivado\lib\classes\commons-math-2.2-3.7.8-62.jar;C:/AMD/2025.1/Vivado\lib\classes\DispatchProtocol-1.24.0-526.jar;C:/AMD/2025.1/Vivado\lib\classes\dom4j-1.6.1-3.7.8-62.jar;C:/AMD/2025.1/Vivado\lib\classes\error_prone_annotations-2.11.0.jar;C:/AMD/2025.1/Vivado\lib\classes\failureaccess-1.0.1.jar;C:/AMD/2025.1/Vivado\lib\classes\frank_frameworks-1.0.0-526.jar;C:/AMD/2025.1/Vivado\lib\classes\gson-2.8.9.jar;C:/AMD/2025.1/Vivado\lib\classes\guava-31.1-android.jar;C:/AMD/2025.1/Vivado\lib\classes\help-1.24.0-356.jar;C:/AMD/2025.1/Vivado\lib\classes\hsqldb-3.7.8-62.jar;C:/AMD/2025.1/Vivado\lib\classes\j2objc-annotations-1.3.jar;C:/AMD/2025.1/Vivado\lib\classes\jakarta.annotation-api-2.1.0-11.0.11-62.jar;C:/AMD/2025.1/Vivado\lib\classes\jakarta.json-2.0.0-RC2-1.5.0-62.jar;C:/AMD/2025.1/Vivado\lib\classes\jakarta.json-api-2.0.0-RC2-1.5.0-62.jar;C:/AMD/2025.1/Vivado\lib\classes\jakarta.transaction-api-2.0.0-11.0.11-62.jar;C:/AMD/2025.1/Vivado\lib\classes\jaxb-api-2.3.0.jar;C:/AMD/2025.1/Vivado\lib\classes\jericho-html-3.4-1.0.0-62.jar;C:/AMD/2025.1/Vivado\lib\classes\jetty-jakarta-servlet-api-5.0.2-11.0.11-62.jar;C:/AMD/2025.1/Vivado\lib\classes\jh-2.0.05-62.jar;C:/AMD/2025.1/Vivado\lib\classes\jide-action-3.7.8-62.jar;C:/AMD/2025.1/Vivado\lib\classes\jide-charts-3.7.8-62.jar;C:/AMD/2025.1/Vivado\lib\classes\jide-common-3.7.8-62.jar;C:/AMD/2025.1/Vivado\lib\classes\jide-components-3.7.8-62.jar;C:/AMD/2025.1/Vivado\lib\classes\jide-dashboard-3.7.8-62.jar;C:/AMD/2025.1/Vivado\lib\classes\jide-data-3.7.8-62.jar;C:/AMD/2025.1/Vivado\lib\classes\jide-dialogs-3.7.8-62.jar;C:/AMD/2025.1/Vivado\lib\classes\jide-diff-3.7.8-62.jar;C:/AMD/2025.1/Vivado\lib\classes\jide-dock-3.7.8-62.jar;C:/AMD/2025.1/Vivado\lib\classes\jide-editor-3.7.8-62.jar;C:/AMD/2025.1/Vivado\lib\classes\jide-gantt-3.7.8-62.jar;C:/AMD/2025.1/Vivado\lib\classes\jide-grids-3.7.8-62.jar;C:/AMD/2025.1/Vivado\lib\classes\jide-pivot-3.7.8-62.jar;C:/AMD/2025.1/Vivado\lib\classes\jide-plaf-jdk7-3.7.8-62.jar;C:/AMD/2025.1/Vivado\lib\classes\jide-properties-3.7.8-62.jar;C:/AMD/2025.1/Vivado\lib\classes\jide-shortcut-3.7.8-62.jar;C:/AMD/2025.1/Vivado\lib\classes\jide-treemap-3.7.8-62.jar;C:/AMD/2025.1/Vivado\lib\classes\JRCClient-1.24.0-526.jar;C:/AMD/2025.1/Vivado\lib\classes\jsr305-3.0.2.jar;C:/AMD/2025.1/Vivado\lib\classes\junit-jupiter-api-5.6.2.jar;C:/AMD/2025.1/Vivado\lib\classes\junit-platform-commons-1.6.2.jar;C:/AMD/2025.1/Vivado\lib\classes\justify-3.0.0-RC2-1.5.0-62.jar;C:/AMD/2025.1/Vivado\lib\classes\jydocking-3.3.1-62.jar;C:/AMD/2025.1/Vivado\lib\classes\jytable-3.3.1-62.jar;C:/AMD/2025.1/Vivado\lib\classes\jywidgets-3.3.1-62.jar;C:/AMD/2025.1/Vivado\lib\classes\listenablefuture-9999.0-empty-to-avoid-conflict-with-guava.jar;C:/AMD/2025.1/Vivado\lib\classes\log4j-1.2-api-2.17.1-1.5.0-62.jar;C:/AMD/2025.1/Vivado\lib\classes\log4j-api-2.17.1-1.5.0-62.jar;C:/AMD/2025.1/Vivado\lib\classes\log4j-core-2.17.1-1.5.0-62.jar;C:/AMD/2025.1/Vivado\lib\classes\lucene-analyzers-common-4.10.2-3.7.8-62.jar;C:/AMD/2025.1/Vivado\lib\classes\lucene-core-4.10.2-3.7.8-62.jar;C:/AMD/2025.1/Vivado\lib\classes\lucene-queryparser-4.10.2-3.7.8-62.jar;C:/AMD/2025.1/Vivado\lib\classes\miglayout-3.7.3.1.jar;C:/AMD/2025.1/Vivado\lib\classes\nlview_java-1.0.0-62.jar;C:/AMD/2025.1/Vivado\lib\classes\opentest4j-1.2.0.jar;C:/AMD/2025.1/Vivado\lib\classes\org.apache.commons.lang_2.6.0.v201404270220-1.0.0-62.jar;C:/AMD/2025.1/Vivado\lib\classes\org.eclipse.core.commands-3.6.0-1.0.0-62.jar;C:/AMD/2025.1/Vivado\lib\classes\org.eclipse.core.filesystem_1.7.400.v20190518-1151-1.0.0-62.jar;C:/AMD/2025.1/Vivado\lib\classes\org.eclipse.core.jobs_3.10.400.v20190506-1457-1.0.0-62.jar;C:/AMD/2025.1/Vivado\lib\classes\org.eclipse.core.resources_3.13.400.v20190505-1655-1.0.0-62.jar;C:/AMD/2025.1/Vivado\lib\classes\org.eclipse.emf.common_2.18.0.v20191225-1014-1.0.0-62.jar;C:/AMD/2025.1/Vivado\lib\classes\org.eclipse.emf.common_2.24.0.v20220123-0838-1.5.0-62.jar;C:/AMD/2025.1/Vivado\lib\classes\org.eclipse.emf.ecore.xmi_2.16.0.v20190528-0725-1.0.0-62.jar;C:/AMD/2025.1/Vivado\lib\classes\org.eclipse.emf.ecore_2.21.0.v20200127-1342-1.0.0-62.jar;C:/AMD/2025.1/Vivado\lib\classes\org.eclipse.equinox.common_3.11.0.v20200206-0817-1.0.0-62.jar;C:/AMD/2025.1/Vivado\lib\classes\org.eclipse.equinox.registry_3.8.400.v20190516-1504-1.0.0-62.jar;C:/AMD/2025.1/Vivado\lib\classes\org.eclipse.jetty.alpn.client_11.0.18-11.0.11-62.jar;C:/AMD/2025.1/Vivado\lib\classes\org.eclipse.jetty.annotations_11.0.18-11.0.11-62.jar;C:/AMD/2025.1/Vivado\lib\classes\org.eclipse.jetty.client_11.0.18-11.0.11-62.jar;C:/AMD/2025.1/Vivado\lib\classes\org.eclipse.jetty.http_11.0.18-11.0.11-62.jar;C:/AMD/2025.1/Vivado\lib\classes\org.eclipse.jetty.io_11.0.18-11.0.11-62.jar;C:/AMD/2025.1/Vivado\lib\classes\org.eclipse.jetty.jndi_11.0.18-11.0.11-62.jar;C:/AMD/2025.1/Vivado\lib\classes\org.eclipse.jetty.plus_11.0.18-11.0.11-62.jar;C:/AMD/2025.1/Vivado\lib\classes\org.eclipse.jetty.security_11.0.18-11.0.11-62.jar;C:/AMD/2025.1/Vivado\lib\classes\org.eclipse.jetty.server_11.0.18-11.0.11-62.jar;C:/AMD/2025.1/Vivado\lib\classes\org.eclipse.jetty.servlet_11.0.18-11.0.11-62.jar;C:/AMD/2025.1/Vivado\lib\classes\org.eclipse.jetty.util_11.0.18-11.0.11-62.jar;C:/AMD/2025.1/Vivado\lib\classes\org.eclipse.jetty.webapp_11.0.18-11.0.11-62.jar;C:/AMD/2025.1/Vivado\lib\classes\org.eclipse.jetty.websocket.api_11.0.18-11.0.11-62.jar;C:/AMD/2025.1/Vivado\lib\classes\org.eclipse.jetty.websocket.client_11.0.18-11.0.11-62.jar;C:/AMD/2025.1/Vivado\lib\classes\org.eclipse.jetty.websocket.common_11.0.18-11.0.11-62.jar;C:/AMD/2025.1/Vivado\lib\classes\org.eclipse.jetty.websocket.core.client_11.0.18-11.0.11-62.jar;C:/AMD/2025.1/Vivado\lib\classes\org.eclipse.jetty.websocket.core.common_11.0.18-11.0.11-62.jar;C:/AMD/2025.1/Vivado\lib\classes\org.eclipse.jetty.websocket.core.server_11.0.18-11.0.11-62.jar;C:/AMD/2025.1/Vivado\lib\classes\org.eclipse.jetty.websocket.server_11.0.18-11.0.11-62.jar;C:/AMD/2025.1/Vivado\lib\classes\org.eclipse.jetty.websocket.servlet_11.0.18-11.0.11-62.jar;C:/AMD/2025.1/Vivado\lib\classes\org.eclipse.jetty.xml_11.0.18-11.0.11-62.jar;C:/AMD/2025.1/Vivado\lib\classes\org.eclipse.lsp4j.jsonrpc_0.12.0.v20210402-1305-1.5.0-62.jar;C:/AMD/2025.1/Vivado\lib\classes\org.eclipse.lsp4j_0.12.0.v20210402-1305-1.5.0-62.jar;C:/AMD/2025.1/Vivado\lib\classes\org.eclipse.xtext.util_2.18.0.v20190603-1042-1.0.0-62.jar;C:/AMD/2025.1/Vivado\lib\classes\org.eclipse.xtext.util_2.26.0.v20220228-0751-1.5.0-62.jar;C:/AMD/2025.1/Vivado\lib\classes\org.eclipse.xtext.xbase.lib_2.26.0.v20220228-0748-1.5.0-62.jar;C:/AMD/2025.1/Vivado\lib\classes\picocli-4.1.2.jar;C:/AMD/2025.1/Vivado\lib\classes\planAhead.jar;C:/AMD/2025.1/Vivado\lib\classes\poi-4.1.1-3.7.8-62.jar;C:/AMD/2025.1/Vivado\lib\classes\poi-ooxml-4.1.1-3.7.8-62.jar;C:/AMD/2025.1/Vivado\lib\classes\poi-ooxml-schemas-4.1.1-3.7.8-62.jar;C:/AMD/2025.1/Vivado\lib\classes\protobuf-java-3.21.12.jar;C:/AMD/2025.1/Vivado\lib\classes\protobuf-java-util-3.21.12.jar;C:/AMD/2025.1/Vivado\lib\classes\RuleService-1.24.0-526.jar;C:/AMD/2025.1/Vivado\lib\classes\slf4j-api-2.0.9-11.0.11-62.jar;C:/AMD/2025.1/Vivado\lib\classes\swingx-core-1.6.2-62.jar;C:/AMD/2025.1/Vivado\lib\classes\synthetica-3.3.1-62.jar;C:/AMD/2025.1/Vivado\lib\classes\syntheticaAddons-3.3.1-62.jar;C:/AMD/2025.1/Vivado\lib\classes\syntheticaDark-3.3.1-62.jar;C:/AMD/2025.1/Vivado\lib\classes\syntheticaPlain-3.3.1-62.jar;C:/AMD/2025.1/Vivado\lib\classes\syntheticaPlainAddon-3.3.1-62.jar;C:/AMD/2025.1/Vivado\lib\classes\sysgen.jar;C:/AMD/2025.1/Vivado\lib\classes\va-shared-1.0.0-526.jar;C:/AMD/2025.1/Vivado\lib\classes\VlmGUI.jar;C:/AMD/2025.1/Vivado\lib\classes\xml-apis-ext-1.0.0-62.jar;C:/AMD/2025.1/Vivado\lib\classes\xmlbeans-3.1.0-3.7.8-62.jar;C:/AMD/2025.1/Vivado\lib\classes\xmlgraphics-commons-1.0.0-62.jar;C:/AMD/2025.1/Vivado\lib\classes\yfiles-for-java-swing-3.3.0-62.jar;C:/AMD/2025.1/Vivado\lib\classes\windows\gluegen-rt-95.0.4638.69.jar;C:/AMD/2025.1/Vivado\lib\classes\windows\gluegen-rt-natives-windows-amd64-95.0.4638.69.jar;C:/AMD/2025.1/Vivado\lib\classes\windows\javafx-swt-21.0.1.jar;C:/AMD/2025.1/Vivado\lib\classes\windows\javafx.base-21.0.1.jar;C:/AMD/2025.1/Vivado\lib\classes\windows\javafx.controls-21.0.1.jar;C:/AMD/2025.1/Vivado\lib\classes\windows\javafx.fxml-21.0.1.jar;C:/AMD/2025.1/Vivado\lib\classes\windows\javafx.graphics-21.0.1.jar;C:/AMD/2025.1/Vivado\lib\classes\windows\javafx.media-21.0.1.jar;C:/AMD/2025.1/Vivado\lib\classes\windows\javafx.swing-21.0.1.jar;C:/AMD/2025.1/Vivado\lib\classes\windows\javafx.web-21.0.1.jar;C:/AMD/2025.1/Vivado\lib\classes\windows\jcef-95.0.4638.69.jar;C:/AMD/2025.1/Vivado\lib\classes\windows\jcef-tests-95.0.4638.69.jar;C:/AMD/2025.1/Vivado\lib\classes\windows\jogl-all-95.0.4638.69.jar;C:/AMD/2025.1/Vivado\lib\classes\windows\jogl-all-natives-windows-amd64-95.0.4638.69.jar
Launcher Type: generic

[Global flags]
     intx CICompilerCount                          = 4                                         {product} {ergonomic}
     uint ConcGCThreads                            = 1                                         {product} {ergonomic}
     uint G1ConcRefinementThreads                  = 4                                         {product} {ergonomic}
   size_t G1HeapRegionSize                         = 4194304                                   {product} {ergonomic}
    uintx GCDrainStackTargetSize                   = 64                                        {product} {ergonomic}
   size_t InitialHeapSize                          = 851443712                                 {product} {command line}
   size_t MarkStackSize                            = 4194304                                   {product} {ergonomic}
    uintx MaxGCPauseMillis                         = 200                                       {product} {command line}
   size_t MaxHeapSize                              = 6442450944                                {product} {command line}
   size_t MaxNewSize                               = 83886080                                  {product} {command line}
   size_t MinHeapDeltaBytes                        = 4194304                                   {product} {ergonomic}
   size_t MinHeapSize                              = 851443712                                 {product} {command line}
   size_t NewSize                                  = 83886080                                  {product} {command line}
    uintx NonNMethodCodeHeapSize                   = 5839372                                {pd product} {ergonomic}
    uintx NonProfiledCodeHeapSize                  = 122909434                              {pd product} {ergonomic}
     uint ParallelGCThreads                        = 4                                         {product} {command line}
     bool ParallelRefProcEnabled                   = true                                      {product} {command line}
    uintx ProfiledCodeHeapSize                     = 122909434                              {pd product} {ergonomic}
    uintx ReservedCodeCacheSize                    = 251658240                              {pd product} {ergonomic}
     bool SegmentedCodeCache                       = true                                      {product} {ergonomic}
   size_t SoftMaxHeapSize                          = 6442450944                             {manageable} {ergonomic}
    uintx StringTableSize                          = 4072                                      {product} {command line}
     intx ThreadStackSize                          = 10240                                  {pd product} {command line}
     bool UseCompressedOops                        = true                           {product lp64_product} {ergonomic}
     bool UseG1GC                                  = true                                      {product} {ergonomic}
     bool UseLargePagesIndividualAllocation        = false                                  {pd product} {ergonomic}
     bool UsePerfData                              = false                                     {product} {command line}
     bool UseStringDeduplication                   = true                                      {product} {command line}

Logging:
Log output configuration:
 #0: stdout all=warning uptime,level,tags foldmultilines=false
 #1: stderr all=off uptime,level,tags foldmultilines=false

Environment Variables:
PATH=C:/AMD/2025.1/Vivado\gnuwin\bin;C:/AMD/2025.1/Vivado\gnu\microblaze\nt\bin;C:/AMD/2025.1/Vivado/bin;C:/AMD/2025.1/Vivado\tps\win64;C:/AMD/2025.1/Vivado/tps/win64/java-cef-95.0.4638.69/bin/lib/win64;C:/AMD/2025.1/Vivado/tps/win64/javafx-sdk-21.0.1/lib;C:/AMD/2025.1/Vivado/tps/win64/javafx-sdk-21.0.1/bin;C:/AMD/2025.1/Vivado/lib/win64.o;C:/AMD/2025.1/Vivado/tps/win64/jre21.0.1_12/bin/server;C:/AMD/2025.1/Vivado/tps/win64/jre21.0.1_12/bin;C:/AMD/2025.1/Vitis/bin;C:/AMD/2025.1/Vivado/ids_lite/ISE/bin/nt64;C:/AMD/2025.1/Vivado/ids_lite/ISE/lib/nt64;C:\WINDOWS\system32;C:\WINDOWS;C:\WINDOWS\System32\Wbem;C:\WINDOWS\System32\WindowsPowerShell\v1.0\;C:\WINDOWS\System32\OpenSSH\;C:\Program Files (x86)\STMicroelectronics\STM32 ST-LINK Utility\ST-LINK Utility;C:\Program Files\PuTTY\;C:\Program Files\dotnet\;C:\Program Files\Git\cmd;C:\Ruby32-x64\bin;C:\Users\kille\AppData\Local\Microsoft\WindowsApps;C:\Users\kille\AppData\Local\GitHubDesktop\bin;C:\Users\kille\AppData\Local\Programs\Microsoft VS Code\bin;C:\msys64\mingw64\bin;C:\msys64\usr\bin;C:\Users\kille\AppData\Local\Programs\Antigravity IDE\bin;C:/AMD/2025.1/Vivado\tps\mingw\6.2.0\win64.o\nt\bin;C:/AMD/2025.1/Vivado\tps\mingw\6.2.0\win64.o\nt\libexec\gcc\x86_64-w64-mingw32\6.2.0;C:/AMD/2025.1/Vivado\tps\win64\python-3.13.0;C:/AMD/2025.1/Vivado\tps\win64\python-3.13.0\bin;C:/AMD/2025.1/Vivado\tps\win64\python-3.13.0\lib;C:/AMD/2025.1/Vivado\tps\win64\python-3.13.0\lib\site-packages
USERNAME=kille
OS=Windows_NT
PROCESSOR_IDENTIFIER=Intel64 Family 6 Model 186 Stepping 3, GenuineIntel
TMP=C:\Users\kille\AppData\Local\Temp
TEMP=C:\Users\kille\AppData\Local\Temp




Periodic native trim disabled

---------------  S Y S T E M  ---------------

OS:
 Windows 11 , 64 bit Build 26100 (10.0.26100.8875)
OS uptime: 2 days 6:04 hours
Hyper-V role detected

CPU: total 12 (initial active 12) (6 cores per cpu, 2 threads per core) family 6 model 186 stepping 3 microcode 0x410e, cx8, cmov, fxsr, ht, mmx, 3dnowpref, sse, sse2, sse3, ssse3, sse4.1, sse4.2, popcnt, lzcnt, tsc, tscinvbit, avx, avx2, aes, erms, clmul, bmi1, bmi2, adx, sha, fma, vzeroupper, clflush, clflushopt, clwb, hv, serialize, rdtscp, rdpid, fsrm, f16c, cet_ibt, cet_ss
Processor Information for processor 0
  Max Mhz: 1300, Current Mhz: 1300, Mhz Limit: 1300
Processor Information for processor 1
  Max Mhz: 1300, Current Mhz: 1300, Mhz Limit: 1300
Processor Information for processor 2
  Max Mhz: 1300, Current Mhz: 1300, Mhz Limit: 1300
Processor Information for processor 3
  Max Mhz: 1300, Current Mhz: 1300, Mhz Limit: 1300
Processor Information for processor 4
  Max Mhz: 1300, Current Mhz: 900, Mhz Limit: 897
Processor Information for processor 5
  Max Mhz: 1300, Current Mhz: 900, Mhz Limit: 897
Processor Information for processor 6
  Max Mhz: 1300, Current Mhz: 900, Mhz Limit: 897
Processor Information for processor 7
  Max Mhz: 1300, Current Mhz: 900, Mhz Limit: 897
Processor Information for processor 8
  Max Mhz: 1300, Current Mhz: 900, Mhz Limit: 897
Processor Information for processor 9
  Max Mhz: 1300, Current Mhz: 900, Mhz Limit: 897
Processor Information for processor 10
  Max Mhz: 1300, Current Mhz: 900, Mhz Limit: 897
Processor Information for processor 11
  Max Mhz: 1300, Current Mhz: 900, Mhz Limit: 897

Memory: 4k page, system-wide physical 7875M (246M free)
TotalPageFile size 25283M (AvailPageFile size 8697M)
current process WorkingSet (physical memory assigned to process): 512M, peak: 514M
current process commit charge ("private bytes"): 1334M, peak: 1352M

vm_info: OpenJDK 64-Bit Server VM (21.0.1+12-LTS) for windows-amd64 JRE (21.0.1+12-LTS), built on 2023-10-17T00:00:00Z by "admin" with unknown MS VC++:1937

END.
