#-----------------------------------------------------------
# Vivado v2025.1 (64-bit)
# SW Build 6140274 on Thu May 22 00:12:29 MDT 2025
# IP Build 6138677 on Thu May 22 03:10:11 MDT 2025
# SharedData Build 6139179 on Tue May 20 17:58:58 MDT 2025
# Start of session at: Thu Aug  6 16:54:08 2026
# Process ID         : 10816
# Current directory  : C:/Users/kille/Documents/GitHub/TFM-UPM/Practica/Prueba1_demo_v1.0
# Command line       : vivado.exe -gui_launcher_event rodinguilauncherevent21760 C:\Users\kille\Documents\GitHub\TFM-UPM\Practica\Prueba1_demo_v1.0\prueba1_demo.xpr
# Log file           : C:/Users/kille/Documents/GitHub/TFM-UPM/Practica/Prueba1_demo_v1.0/vivado.log
# Journal file       : C:/Users/kille/Documents/GitHub/TFM-UPM/Practica/Prueba1_demo_v1.0\vivado.jou
# Running On         : Samsung_Book_3
# Platform           : Windows Server 2016 or Windows 10
# Operating System   : 26200
# Processor Detail   : 13th Gen Intel(R) Core(TM) i5-1335U
# CPU Frequency      : 2496 MHz
# CPU Physical cores : 10
# CPU Logical cores  : 12
# Host memory        : 8257 MB
# Swap memory        : 18253 MB
# Total Virtual      : 26511 MB
# Available Virtual  : 14785 MB
#-----------------------------------------------------------
start_gui
open_project C:/Users/kille/Documents/GitHub/TFM-UPM/Practica/Prueba1_demo_v1.0/prueba1_demo.xpr
Scanning sources...
Finished scanning sources
WARNING: [Board 49-26] cannot add Board Part xilinx.com:emb-plus-vpr-4616:part0:1.0 available at C:/AMD/2025.1/data/xhub/boards\XilinxBoardStore\boards\Xilinx\emb-plus-vpr-4616\1.0\board.xml as part xcve2302-sfva784-2mp-e-s specified in board_part file is either invalid or not available
WARNING: [Board 49-26] cannot add Board Part xilinx.com:emb-plus-vpr-4616:part0:1.1 available at C:/AMD/2025.1/data/xhub/boards\XilinxBoardStore\boards\Xilinx\emb-plus-vpr-4616\1.1\board.xml as part xcve2302-sfva784-2mp-e-s specified in board_part file is either invalid or not available
WARNING: [Board 49-26] cannot add Board Part xilinx.com:k24c:part0:1.0 available at C:/AMD/2025.1/data/xhub/boards\XilinxBoardStore\boards\Xilinx\k24c\1.0\board.xml as part xck24-ubva530-2lv-c specified in board_part file is either invalid or not available
WARNING: [Board 49-26] cannot add Board Part xilinx.com:k24c:part0:1.1 available at C:/AMD/2025.1/data/xhub/boards\XilinxBoardStore\boards\Xilinx\k24c\1.1\board.xml as part xck24-ubva530-2lv-c specified in board_part file is either invalid or not available
WARNING: [Board 49-26] cannot add Board Part xilinx.com:k24i:part0:1.0 available at C:/AMD/2025.1/data/xhub/boards\XilinxBoardStore\boards\Xilinx\k24i\1.0\board.xml as part xck24-ubva530-2lvi-i specified in board_part file is either invalid or not available
WARNING: [Board 49-26] cannot add Board Part xilinx.com:k26c:part0:1.2 available at C:/AMD/2025.1/data/xhub/boards\XilinxBoardStore\boards\Xilinx\k26c\1.2\board.xml as part xck26-sfvc784-2lv-c specified in board_part file is either invalid or not available
WARNING: [Board 49-26] cannot add Board Part xilinx.com:k26c:part0:1.3 available at C:/AMD/2025.1/data/xhub/boards\XilinxBoardStore\boards\Xilinx\k26c\1.3\board.xml as part xck26-sfvc784-2lv-c specified in board_part file is either invalid or not available
WARNING: [Board 49-26] cannot add Board Part xilinx.com:k26c:part0:1.4 available at C:/AMD/2025.1/data/xhub/boards\XilinxBoardStore\boards\Xilinx\k26c\1.4\board.xml as part xck26-sfvc784-2lv-c specified in board_part file is either invalid or not available
WARNING: [Board 49-26] cannot add Board Part xilinx.com:k26i:part0:1.2 available at C:/AMD/2025.1/data/xhub/boards\XilinxBoardStore\boards\Xilinx\k26i\1.2\board.xml as part xck26-sfvc784-2lvi-i specified in board_part file is either invalid or not available
WARNING: [Board 49-26] cannot add Board Part xilinx.com:k26i:part0:1.3 available at C:/AMD/2025.1/data/xhub/boards\XilinxBoardStore\boards\Xilinx\k26i\1.3\board.xml as part xck26-sfvc784-2lvi-i specified in board_part file is either invalid or not available
WARNING: [Board 49-26] cannot add Board Part xilinx.com:k26i:part0:1.4 available at C:/AMD/2025.1/data/xhub/boards\XilinxBoardStore\boards\Xilinx\k26i\1.4\board.xml as part xck26-sfvc784-2lvi-i specified in board_part file is either invalid or not available
WARNING: [Board 49-26] cannot add Board Part xilinx.com:kcu105:part0:1.6 available at C:/AMD/2025.1/data/xhub/boards\XilinxBoardStore\boards\Xilinx\kcu105\1.6\board.xml as part xcku040-ffva1156-2-e specified in board_part file is either invalid or not available
WARNING: [Board 49-26] cannot add Board Part xilinx.com:kcu105:part0:1.7 available at C:/AMD/2025.1/data/xhub/boards\XilinxBoardStore\boards\Xilinx\kcu105\1.7\board.xml as part xcku040-ffva1156-2-e specified in board_part file is either invalid or not available
WARNING: [Board 49-26] cannot add Board Part xilinx.com:kcu116:part0:1.4 available at C:/AMD/2025.1/data/xhub/boards\XilinxBoardStore\boards\Xilinx\kcu116\1.4\board.xml as part xcku5p-ffvb676-2-e specified in board_part file is either invalid or not available
WARNING: [Board 49-26] cannot add Board Part xilinx.com:kcu116:part0:1.5 available at C:/AMD/2025.1/data/xhub/boards\XilinxBoardStore\boards\Xilinx\kcu116\1.5\board.xml as part xcku5p-ffvb676-2-e specified in board_part file is either invalid or not available
WARNING: [Board 49-26] cannot add Board Part xilinx.com:kcu1500:part0:1.2 available at C:/AMD/2025.1/data/xhub/boards\XilinxBoardStore\boards\Xilinx\kcu1500\1.2\board.xml as part xcku115-flvb2104-2-e specified in board_part file is either invalid or not available
WARNING: [Board 49-26] cannot add Board Part xilinx.com:kd240_som:part0:1.0 available at C:/AMD/2025.1/data/xhub/boards\XilinxBoardStore\boards\Xilinx\kd240_som\1.0\board.xml as part xck24-ubva530-2lv-c specified in board_part file is either invalid or not available
WARNING: [Board 49-26] cannot add Board Part xilinx.com:kd240_som:part0:1.1 available at C:/AMD/2025.1/data/xhub/boards\XilinxBoardStore\boards\Xilinx\kd240_som\1.1\board.xml as part xck24-ubva530-2lv-c specified in board_part file is either invalid or not available
WARNING: [Board 49-26] cannot add Board Part xilinx.com:kr260_som:part0:1.0 available at C:/AMD/2025.1/data/xhub/boards\XilinxBoardStore\boards\Xilinx\kr260_som\1.0\board.xml as part xck26-sfvc784-2lv-c specified in board_part file is either invalid or not available
WARNING: [Board 49-26] cannot add Board Part xilinx.com:kr260_som:part0:1.1 available at C:/AMD/2025.1/data/xhub/boards\XilinxBoardStore\boards\Xilinx\kr260_som\1.1\board.xml as part xck26-sfvc784-2lv-c specified in board_part file is either invalid or not available
WARNING: [Board 49-26] cannot add Board Part xilinx.com:kv260_som:part0:1.2 available at C:/AMD/2025.1/data/xhub/boards\XilinxBoardStore\boards\Xilinx\kv260_som\1.2\board.xml as part xck26-sfvc784-2lv-c specified in board_part file is either invalid or not available
WARNING: [Board 49-26] cannot add Board Part xilinx.com:kv260_som:part0:1.3 available at C:/AMD/2025.1/data/xhub/boards\XilinxBoardStore\boards\Xilinx\kv260_som\1.3\board.xml as part xck26-sfvc784-2lv-c specified in board_part file is either invalid or not available
WARNING: [Board 49-26] cannot add Board Part xilinx.com:kv260_som:part0:1.4 available at C:/AMD/2025.1/data/xhub/boards\XilinxBoardStore\boards\Xilinx\kv260_som\1.4\board.xml as part xck26-sfvc784-2lv-c specified in board_part file is either invalid or not available
WARNING: [Board 49-26] cannot add Board Part xilinx.com:scu35:part0:1.0 available at C:/AMD/2025.1/data/xhub/boards\XilinxBoardStore\boards\Xilinx\scu35\1.0\board.xml as part xcsu35p-sbvb625-2-e specified in board_part file is either invalid or not available
WARNING: [Board 49-26] cannot add Board Part xilinx.com:v80:part0:1.0 available at C:/AMD/2025.1/data/xhub/boards\XilinxBoardStore\boards\Xilinx\v80\1.0\board.xml as part xcv80-lsva4737-2mhp-e-s specified in board_part file is either invalid or not available
WARNING: [Board 49-26] cannot add Board Part xilinx.com:vck190:part0:2.2 available at C:/AMD/2025.1/data/xhub/boards\XilinxBoardStore\boards\Xilinx\vck190\production\2.2\board.xml as part xcvc1902-vsva2197-2mp-e-s specified in board_part file is either invalid or not available
WARNING: [Board 49-26] cannot add Board Part xilinx.com:vck190:part0:3.0 available at C:/AMD/2025.1/data/xhub/boards\XilinxBoardStore\boards\Xilinx\vck190\production\3.0\board.xml as part xcvc1902-vsva2197-2mp-e-s specified in board_part file is either invalid or not available
WARNING: [Board 49-26] cannot add Board Part xilinx.com:vck190:part0:3.1 available at C:/AMD/2025.1/data/xhub/boards\XilinxBoardStore\boards\Xilinx\vck190\production\3.1\board.xml as part xcvc1902-vsva2197-2mp-e-s specified in board_part file is either invalid or not available
WARNING: [Board 49-26] cannot add Board Part xilinx.com:vck190:part0:3.2 available at C:/AMD/2025.1/data/xhub/boards\XilinxBoardStore\boards\Xilinx\vck190\production\3.2\board.xml as part xcvc1902-vsva2197-2mp-e-s specified in board_part file is either invalid or not available
WARNING: [Board 49-26] cannot add Board Part xilinx.com:vck190:part0:3.3 available at C:/AMD/2025.1/data/xhub/boards\XilinxBoardStore\boards\Xilinx\vck190\production\3.3\board.xml as part xcvc1902-vsva2197-2mp-e-s specified in board_part file is either invalid or not available
WARNING: [Board 49-26] cannot add Board Part xilinx.com:vck190:part0:3.4 available at C:/AMD/2025.1/data/xhub/boards\XilinxBoardStore\boards\Xilinx\vck190\production\3.4\board.xml as part xcvc1902-vsva2197-2mp-e-s specified in board_part file is either invalid or not available
WARNING: [Board 49-26] cannot add Board Part xilinx.com:vck190_newl:part0:1.0 available at C:/AMD/2025.1/data/xhub/boards\XilinxBoardStore\boards\Xilinx\vck190_newl\production\1.0\board.xml as part xcvc1902-vsva2197-2mp-e-s specified in board_part file is either invalid or not available
WARNING: [Board 49-26] cannot add Board Part xilinx.com:vck190_newl:part0:1.1 available at C:/AMD/2025.1/data/xhub/boards\XilinxBoardStore\boards\Xilinx\vck190_newl\production\1.1\board.xml as part xcvc1902-vsva2197-2mp-e-s specified in board_part file is either invalid or not available
WARNING: [Board 49-26] cannot add Board Part xilinx.com:vck190_newl:part0:1.2 available at C:/AMD/2025.1/data/xhub/boards\XilinxBoardStore\boards\Xilinx\vck190_newl\production\1.2\board.xml as part xcvc1902-vsva2197-2mp-e-s specified in board_part file is either invalid or not available
WARNING: [Board 49-26] cannot add Board Part xilinx.com:vck190_newl:part0:1.3 available at C:/AMD/2025.1/data/xhub/boards\XilinxBoardStore\boards\Xilinx\vck190_newl\production\1.3\board.xml as part xcvc1902-vsva2197-2mp-e-s specified in board_part file is either invalid or not available
WARNING: [Board 49-26] cannot add Board Part xilinx.com:vcu108:part0:1.6 available at C:/AMD/2025.1/data/xhub/boards\XilinxBoardStore\boards\Xilinx\vcu108\1.6\board.xml as part xcvu095-ffva2104-2-e specified in board_part file is either invalid or not available
WARNING: [Board 49-26] cannot add Board Part xilinx.com:vcu108:part0:1.7 available at C:/AMD/2025.1/data/xhub/boards\XilinxBoardStore\boards\Xilinx\vcu108\1.7\board.xml as part xcvu095-ffva2104-2-e specified in board_part file is either invalid or not available
WARNING: [Board 49-26] cannot add Board Part xilinx.com:vcu110:part0:1.4 available at C:/AMD/2025.1/data/xhub/boards\XilinxBoardStore\boards\Xilinx\vcu110\1.4\board.xml as part xcvu190-flgc2104-2-e specified in board_part file is either invalid or not available
WARNING: [Board 49-26] cannot add Board Part xilinx.com:vcu118:part0:2.0 available at C:/AMD/2025.1/data/xhub/boards\XilinxBoardStore\boards\Xilinx\vcu118\2.0\board.xml as part xcvu9p-flga2104-2l-e specified in board_part file is either invalid or not available
WARNING: [Board 49-26] cannot add Board Part xilinx.com:vcu118:part0:2.3 available at C:/AMD/2025.1/data/xhub/boards\XilinxBoardStore\boards\Xilinx\vcu118\2.3\board.xml as part xcvu9p-flga2104-2l-e specified in board_part file is either invalid or not available
WARNING: [Board 49-26] cannot add Board Part xilinx.com:vcu118:part0:2.4 available at C:/AMD/2025.1/data/xhub/boards\XilinxBoardStore\boards\Xilinx\vcu118\2.4\board.xml as part xcvu9p-flga2104-2l-e specified in board_part file is either invalid or not available
WARNING: [Board 49-26] cannot add Board Part xilinx.com:vcu128:part0:1.0 available at C:/AMD/2025.1/data/xhub/boards\XilinxBoardStore\boards\Xilinx\vcu128\production\1.0\board.xml as part xcvu37p-fsvh2892-2l-e specified in board_part file is either invalid or not available
WARNING: [Board 49-26] cannot add Board Part xilinx.com:vcu129:part0:1.0 available at C:/AMD/2025.1/data/xhub/boards\XilinxBoardStore\boards\Xilinx\vcu129\production\1.0\board.xml as part xcvu29p-fsga2577-2l-e specified in board_part file is either invalid or not available
WARNING: [Board 49-26] cannot add Board Part xilinx.com:vcu1525:part0:1.3 available at C:/AMD/2025.1/data/xhub/boards\XilinxBoardStore\boards\Xilinx\vcu1525\1.3\board.xml as part xcvu9p-fsgd2104-2l-e specified in board_part file is either invalid or not available
WARNING: [Board 49-26] cannot add Board Part xilinx.com:vek280:part0:1.0 available at C:/AMD/2025.1/data/xhub/boards\XilinxBoardStore\boards\Xilinx\vek280\production\1.0\board.xml as part xcve2802-vsvh1760-2mp-e-s specified in board_part file is either invalid or not available
WARNING: [Board 49-26] cannot add Board Part xilinx.com:vek280:part0:1.1 available at C:/AMD/2025.1/data/xhub/boards\XilinxBoardStore\boards\Xilinx\vek280\production\1.1\board.xml as part xcve2802-vsvh1760-2mp-e-s specified in board_part file is either invalid or not available
WARNING: [Board 49-26] cannot add Board Part xilinx.com:vek280:part0:1.2 available at C:/AMD/2025.1/data/xhub/boards\XilinxBoardStore\boards\Xilinx\vek280\production\1.2\board.xml as part xcve2802-vsvh1760-2mp-e-s specified in board_part file is either invalid or not available
WARNING: [Board 49-26] cannot add Board Part xilinx.com:vek385:part0:1.0 available at C:/AMD/2025.1/data/xhub/boards\XilinxBoardStore\boards\Xilinx\vek385\1.0\board.xml as part xc2ve3858-ssva2112-2mp-e-s specified in board_part file is either invalid or not available
WARNING: [Board 49-26] cannot add Board Part xilinx.com:vermeo_t1_mpsoc:part0:1.0 available at C:/AMD/2025.1/data/xhub/boards\XilinxBoardStore\boards\Xilinx\vermeo_t1_mpsoc\1.0\board.xml as part xczu19eg-ffvd1760-2l-e specified in board_part file is either invalid or not available
WARNING: [Board 49-26] cannot add Board Part xilinx.com:vermeo_t1_rfsoc:part0:1.0 available at C:/AMD/2025.1/data/xhub/boards\XilinxBoardStore\boards\Xilinx\vermeo_t1_rfsoc\1.0\board.xml as part xczu21dr-ffvd1156-2l-e specified in board_part file is either invalid or not available
WARNING: [Board 49-26] cannot add Board Part xilinx.com:vhk158:part0:1.0 available at C:/AMD/2025.1/data/xhub/boards\XilinxBoardStore\boards\Xilinx\vhk158\production\1.0\board.xml as part xcvh1582-vsva3697-2mp-e-s specified in board_part file is either invalid or not available
WARNING: [Board 49-26] cannot add Board Part xilinx.com:vhk158:part0:1.1 available at C:/AMD/2025.1/data/xhub/boards\XilinxBoardStore\boards\Xilinx\vhk158\production\1.1\board.xml as part xcvh1582-vsva3697-2mp-e-s specified in board_part file is either invalid or not available
WARNING: [Board 49-26] cannot add Board Part xilinx.com:vhk158:part0:1.2 available at C:/AMD/2025.1/data/xhub/boards\XilinxBoardStore\boards\Xilinx\vhk158\production\1.2\board.xml as part xcvh1582-vsva3697-2mp-e-s specified in board_part file is either invalid or not available
WARNING: [Board 49-26] cannot add Board Part xilinx.com:vmk180:part0:2.2 available at C:/AMD/2025.1/data/xhub/boards\XilinxBoardStore\boards\Xilinx\vmk180\production\2.2\board.xml as part xcvm1802-vsva2197-2mp-e-s specified in board_part file is either invalid or not available
WARNING: [Board 49-26] cannot add Board Part xilinx.com:vmk180:part0:3.0 available at C:/AMD/2025.1/data/xhub/boards\XilinxBoardStore\boards\Xilinx\vmk180\production\3.0\board.xml as part xcvm1802-vsva2197-2mp-e-s specified in board_part file is either invalid or not available
WARNING: [Board 49-26] cannot add Board Part xilinx.com:vmk180:part0:3.1 available at C:/AMD/2025.1/data/xhub/boards\XilinxBoardStore\boards\Xilinx\vmk180\production\3.1\board.xml as part xcvm1802-vsva2197-2mp-e-s specified in board_part file is either invalid or not available
WARNING: [Board 49-26] cannot add Board Part xilinx.com:vmk180:part0:3.2 available at C:/AMD/2025.1/data/xhub/boards\XilinxBoardStore\boards\Xilinx\vmk180\production\3.2\board.xml as part xcvm1802-vsva2197-2mp-e-s specified in board_part file is either invalid or not available
WARNING: [Board 49-26] cannot add Board Part xilinx.com:vmk180:part0:3.3 available at C:/AMD/2025.1/data/xhub/boards\XilinxBoardStore\boards\Xilinx\vmk180\production\3.3\board.xml as part xcvm1802-vsva2197-2mp-e-s specified in board_part file is either invalid or not available
WARNING: [Board 49-26] cannot add Board Part xilinx.com:vmk180_newl:part0:1.0 available at C:/AMD/2025.1/data/xhub/boards\XilinxBoardStore\boards\Xilinx\vmk180_newl\production\1.0\board.xml as part xcvm1802-vsva2197-2mp-e-s specified in board_part file is either invalid or not available
WARNING: [Board 49-26] cannot add Board Part xilinx.com:vmk180_newl:part0:1.1 available at C:/AMD/2025.1/data/xhub/boards\XilinxBoardStore\boards\Xilinx\vmk180_newl\production\1.1\board.xml as part xcvm1802-vsva2197-2mp-e-s specified in board_part file is either invalid or not available
WARNING: [Board 49-26] cannot add Board Part xilinx.com:vpk120:part0:1.0 available at C:/AMD/2025.1/data/xhub/boards\XilinxBoardStore\boards\Xilinx\vpk120\production\1.0\board.xml as part xcvp1202-vsva2785-2mp-e-s specified in board_part file is either invalid or not available
WARNING: [Board 49-26] cannot add Board Part xilinx.com:vpk120:part0:1.1 available at C:/AMD/2025.1/data/xhub/boards\XilinxBoardStore\boards\Xilinx\vpk120\production\1.1\board.xml as part xcvp1202-vsva2785-2mp-e-s specified in board_part file is either invalid or not available
WARNING: [Board 49-26] cannot add Board Part xilinx.com:vpk120:part0:1.2 available at C:/AMD/2025.1/data/xhub/boards\XilinxBoardStore\boards\Xilinx\vpk120\production\1.2\board.xml as part xcvp1202-vsva2785-2mp-e-s specified in board_part file is either invalid or not available
WARNING: [Board 49-26] cannot add Board Part xilinx.com:vpk180:part0:1.0 available at C:/AMD/2025.1/data/xhub/boards\XilinxBoardStore\boards\Xilinx\vpk180\production\1.0\board.xml as part xcvp1802-lsvc4072-2mp-e-s specified in board_part file is either invalid or not available
WARNING: [Board 49-26] cannot add Board Part xilinx.com:vpk180:part0:1.1 available at C:/AMD/2025.1/data/xhub/boards\XilinxBoardStore\boards\Xilinx\vpk180\production\1.1\board.xml as part xcvp1802-lsvc4072-2mp-e-s specified in board_part file is either invalid or not available
WARNING: [Board 49-26] cannot add Board Part xilinx.com:vpk180:part0:1.2 available at C:/AMD/2025.1/data/xhub/boards\XilinxBoardStore\boards\Xilinx\vpk180\production\1.2\board.xml as part xcvp1802-lsvc4072-2mp-e-s specified in board_part file is either invalid or not available
WARNING: [Board 49-26] cannot add Board Part xilinx.com:zcu102:part0:3.3 available at C:/AMD/2025.1/data/xhub/boards\XilinxBoardStore\boards\Xilinx\zcu102\3.3\board.xml as part xczu9eg-ffvb1156-2-e specified in board_part file is either invalid or not available
WARNING: [Board 49-26] cannot add Board Part xilinx.com:zcu102:part0:3.4 available at C:/AMD/2025.1/data/xhub/boards\XilinxBoardStore\boards\Xilinx\zcu102\3.4\board.xml as part xczu9eg-ffvb1156-2-e specified in board_part file is either invalid or not available
WARNING: [Board 49-26] cannot add Board Part xilinx.com:zcu104:part0:1.1 available at C:/AMD/2025.1/data/xhub/boards\XilinxBoardStore\boards\Xilinx\zcu104\1.1\board.xml as part xczu7ev-ffvc1156-2-e specified in board_part file is either invalid or not available
WARNING: [Board 49-26] cannot add Board Part xilinx.com:zcu106:part0:2.4 available at C:/AMD/2025.1/data/xhub/boards\XilinxBoardStore\boards\Xilinx\zcu106\2.4\board.xml as part xczu7ev-ffvc1156-2-e specified in board_part file is either invalid or not available
WARNING: [Board 49-26] cannot add Board Part xilinx.com:zcu106:part0:2.5 available at C:/AMD/2025.1/data/xhub/boards\XilinxBoardStore\boards\Xilinx\zcu106\2.5\board.xml as part xczu7ev-ffvc1156-2-e specified in board_part file is either invalid or not available
WARNING: [Board 49-26] cannot add Board Part xilinx.com:zcu106:part0:2.6 available at C:/AMD/2025.1/data/xhub/boards\XilinxBoardStore\boards\Xilinx\zcu106\2.6\board.xml as part xczu7ev-ffvc1156-2-e specified in board_part file is either invalid or not available
WARNING: [Board 49-26] cannot add Board Part xilinx.com:zcu111:part0:1.2 available at C:/AMD/2025.1/data/xhub/boards\XilinxBoardStore\boards\Xilinx\zcu111\1.2\board.xml as part xczu28dr-ffvg1517-2-e specified in board_part file is either invalid or not available
WARNING: [Board 49-26] cannot add Board Part xilinx.com:zcu111:part0:1.3 available at C:/AMD/2025.1/data/xhub/boards\XilinxBoardStore\boards\Xilinx\zcu111\1.3\board.xml as part xczu28dr-ffvg1517-2-e specified in board_part file is either invalid or not available
WARNING: [Board 49-26] cannot add Board Part xilinx.com:zcu111:part0:1.4 available at C:/AMD/2025.1/data/xhub/boards\XilinxBoardStore\boards\Xilinx\zcu111\1.4\board.xml as part xczu28dr-ffvg1517-2-e specified in board_part file is either invalid or not available
WARNING: [Board 49-26] cannot add Board Part xilinx.com:zcu1275:part0:1.0 available at C:/AMD/2025.1/data/xhub/boards\XilinxBoardStore\boards\Xilinx\zcu1275\1.0\board.xml as part xczu29dr-ffvf1760-2-e specified in board_part file is either invalid or not available
WARNING: [Board 49-26] cannot add Board Part xilinx.com:zcu1285:part0:1.0 available at C:/AMD/2025.1/data/xhub/boards\XilinxBoardStore\boards\Xilinx\zcu1285\1.0\board.xml as part xczu39dr-ffvf1760-2-i specified in board_part file is either invalid or not available
WARNING: [Board 49-26] cannot add Board Part xilinx.com:zcu208:part0:2.0 available at C:/AMD/2025.1/data/xhub/boards\XilinxBoardStore\boards\Xilinx\zcu208\production\2.0\board.xml as part xczu48dr-fsvg1517-2-e specified in board_part file is either invalid or not available
WARNING: [Board 49-26] cannot add Board Part xilinx.com:zcu208ld:part0:2.0 available at C:/AMD/2025.1/data/xhub/boards\XilinxBoardStore\boards\Xilinx\zcu208ld\production\2.0\board.xml as part xczu58dr-fsvg1517-2-i specified in board_part file is either invalid or not available
WARNING: [Board 49-26] cannot add Board Part xilinx.com:zcu216:part0:2.0 available at C:/AMD/2025.1/data/xhub/boards\XilinxBoardStore\boards\Xilinx\zcu216\production\2.0\board.xml as part xczu49dr-ffvf1760-2-e specified in board_part file is either invalid or not available
WARNING: [Board 49-26] cannot add Board Part xilinx.com:zcu216ld:part0:2.0 available at C:/AMD/2025.1/data/xhub/boards\XilinxBoardStore\boards\Xilinx\zcu216ld\production\2.0\board.xml as part xczu59dr-ffvf1760-2-i specified in board_part file is either invalid or not available
WARNING: [Board 49-26] cannot add Board Part xilinx.com:zcu670:part0:2.0 available at C:/AMD/2025.1/data/xhub/boards\XilinxBoardStore\boards\Xilinx\zcu670\2.0\board.xml as part xczu67dr-fsve1156-2-i specified in board_part file is either invalid or not available
WARNING: [Board 49-26] cannot add Board Part xilinx.com:zcu670ld:part0:1.0 available at C:/AMD/2025.1/data/xhub/boards\XilinxBoardStore\boards\Xilinx\zcu670ld\1.0\board.xml as part xczu57dr-fsve1156-2-i specified in board_part file is either invalid or not available
WARNING: [Project 1-5713] Board part '' set for the project  is not found. BoardPart property will be unset. Please select board from latest repo build 
INFO: [IP_Flow 19-234] Refreshing IP repositories
INFO: [IP_Flow 19-1704] No user IP repositories specified
INFO: [IP_Flow 19-2313] Loaded Vivado IP repository 'C:/AMD/2025.1/Vivado/data/ip'.
WARNING: [Board 49-26] cannot add Board Part xilinx.com:emb-plus-vpr-4616:part0:1.0 available at C:/AMD/2025.1/data/xhub/boards\XilinxBoardStore\boards\Xilinx\emb-plus-vpr-4616\1.0\board.xml as part xcve2302-sfva784-2mp-e-s specified in board_part file is either invalid or not available
WARNING: [Board 49-26] cannot add Board Part xilinx.com:emb-plus-vpr-4616:part0:1.1 available at C:/AMD/2025.1/data/xhub/boards\XilinxBoardStore\boards\Xilinx\emb-plus-vpr-4616\1.1\board.xml as part xcve2302-sfva784-2mp-e-s specified in board_part file is either invalid or not available
WARNING: [Board 49-26] cannot add Board Part xilinx.com:k24c:part0:1.0 available at C:/AMD/2025.1/data/xhub/boards\XilinxBoardStore\boards\Xilinx\k24c\1.0\board.xml as part xck24-ubva530-2lv-c specified in board_part file is either invalid or not available
WARNING: [Board 49-26] cannot add Board Part xilinx.com:k24c:part0:1.1 available at C:/AMD/2025.1/data/xhub/boards\XilinxBoardStore\boards\Xilinx\k24c\1.1\board.xml as part xck24-ubva530-2lv-c specified in board_part file is either invalid or not available
WARNING: [Board 49-26] cannot add Board Part xilinx.com:k24i:part0:1.0 available at C:/AMD/2025.1/data/xhub/boards\XilinxBoardStore\boards\Xilinx\k24i\1.0\board.xml as part xck24-ubva530-2lvi-i specified in board_part file is either invalid or not available
WARNING: [Board 49-26] cannot add Board Part xilinx.com:k26c:part0:1.2 available at C:/AMD/2025.1/data/xhub/boards\XilinxBoardStore\boards\Xilinx\k26c\1.2\board.xml as part xck26-sfvc784-2lv-c specified in board_part file is either invalid or not available
WARNING: [Board 49-26] cannot add Board Part xilinx.com:k26c:part0:1.3 available at C:/AMD/2025.1/data/xhub/boards\XilinxBoardStore\boards\Xilinx\k26c\1.3\board.xml as part xck26-sfvc784-2lv-c specified in board_part file is either invalid or not available
WARNING: [Board 49-26] cannot add Board Part xilinx.com:k26c:part0:1.4 available at C:/AMD/2025.1/data/xhub/boards\XilinxBoardStore\boards\Xilinx\k26c\1.4\board.xml as part xck26-sfvc784-2lv-c specified in board_part file is either invalid or not available
WARNING: [Board 49-26] cannot add Board Part xilinx.com:k26i:part0:1.2 available at C:/AMD/2025.1/data/xhub/boards\XilinxBoardStore\boards\Xilinx\k26i\1.2\board.xml as part xck26-sfvc784-2lvi-i specified in board_part file is either invalid or not available
WARNING: [Board 49-26] cannot add Board Part xilinx.com:k26i:part0:1.3 available at C:/AMD/2025.1/data/xhub/boards\XilinxBoardStore\boards\Xilinx\k26i\1.3\board.xml as part xck26-sfvc784-2lvi-i specified in board_part file is either invalid or not available
WARNING: [Board 49-26] cannot add Board Part xilinx.com:k26i:part0:1.4 available at C:/AMD/2025.1/data/xhub/boards\XilinxBoardStore\boards\Xilinx\k26i\1.4\board.xml as part xck26-sfvc784-2lvi-i specified in board_part file is either invalid or not available
WARNING: [Board 49-26] cannot add Board Part xilinx.com:kcu105:part0:1.6 available at C:/AMD/2025.1/data/xhub/boards\XilinxBoardStore\boards\Xilinx\kcu105\1.6\board.xml as part xcku040-ffva1156-2-e specified in board_part file is either invalid or not available
WARNING: [Board 49-26] cannot add Board Part xilinx.com:kcu105:part0:1.7 available at C:/AMD/2025.1/data/xhub/boards\XilinxBoardStore\boards\Xilinx\kcu105\1.7\board.xml as part xcku040-ffva1156-2-e specified in board_part file is either invalid or not available
WARNING: [Board 49-26] cannot add Board Part xilinx.com:kcu116:part0:1.4 available at C:/AMD/2025.1/data/xhub/boards\XilinxBoardStore\boards\Xilinx\kcu116\1.4\board.xml as part xcku5p-ffvb676-2-e specified in board_part file is either invalid or not available
WARNING: [Board 49-26] cannot add Board Part xilinx.com:kcu116:part0:1.5 available at C:/AMD/2025.1/data/xhub/boards\XilinxBoardStore\boards\Xilinx\kcu116\1.5\board.xml as part xcku5p-ffvb676-2-e specified in board_part file is either invalid or not available
WARNING: [Board 49-26] cannot add Board Part xilinx.com:kcu1500:part0:1.2 available at C:/AMD/2025.1/data/xhub/boards\XilinxBoardStore\boards\Xilinx\kcu1500\1.2\board.xml as part xcku115-flvb2104-2-e specified in board_part file is either invalid or not available
WARNING: [Board 49-26] cannot add Board Part xilinx.com:kd240_som:part0:1.0 available at C:/AMD/2025.1/data/xhub/boards\XilinxBoardStore\boards\Xilinx\kd240_som\1.0\board.xml as part xck24-ubva530-2lv-c specified in board_part file is either invalid or not available
INFO: [Common 17-14] Message 'Board 49-26' appears 100 times and further instances of the messages will be disabled. Use the Tcl command set_msg_config to change the current settings.
INFO: [Project 1-5698] Found the below utility IPs instantiated in block design C:/Users/kille/Documents/GitHub/TFM-UPM/Practica/Prueba1_demo_v1.0/prueba1_demo.srcs/sources_1/bd/design_1/design_1.bd which have equivalent inline hdl with improved performance and reduced diskspace.
It is recommended to migrate these utility IPs to inline hdl  using the command upgrade_project -migrate_to_inline_hdl.  The utility IPs may be deprecated in future releases.
More information on inline hdl is available in UG994.
Utility IP Component Instances:
 design_1_util_vector_logic_0_0
open_project: Time (s): cpu = 00:00:22 ; elapsed = 00:00:11 . Memory (MB): peak = 1698.926 ; gain = 342.371
update_compile_order -fileset sources_1
reset_run synth_1
INFO: [Project 1-1161] Replacing file C:/Users/kille/Documents/GitHub/TFM-UPM/Practica/Prueba1_demo_v1.0/prueba1_demo.srcs/utils_1/imports/synth_1/top_system.dcp with file C:/Users/kille/Documents/GitHub/TFM-UPM/Practica/Prueba1_demo_v1.0/prueba1_demo.runs/synth_1/design_1_wrapper.dcp
launch_runs impl_1 -to_step write_bitstream -jobs 12
[Thu Aug  6 16:55:22 2026] Launched synth_1...
Run output will be captured here: C:/Users/kille/Documents/GitHub/TFM-UPM/Practica/Prueba1_demo_v1.0/prueba1_demo.runs/synth_1/runme.log
[Thu Aug  6 16:55:22 2026] Launched impl_1...
Run output will be captured here: C:/Users/kille/Documents/GitHub/TFM-UPM/Practica/Prueba1_demo_v1.0/prueba1_demo.runs/impl_1/runme.log
open_bd_design {C:/Users/kille/Documents/GitHub/TFM-UPM/Practica/Prueba1_demo_v1.0/prueba1_demo.srcs/sources_1/bd/design_1/design_1.bd}
Reading block design file <C:/Users/kille/Documents/GitHub/TFM-UPM/Practica/Prueba1_demo_v1.0/prueba1_demo.srcs/sources_1/bd/design_1/design_1.bd>...
Adding component instance block -- xilinx.com:module_ref:top_system:1.0 - top_system_0
Adding component instance block -- xilinx.com:ip:system_ila:1.1 - system_ila_0
Adding component instance block -- xilinx.com:ip:system_ila:1.1 - system_ila_1
Adding component instance block -- xilinx.com:ip:clk_wiz:6.0 - clk_wiz_0
Adding component instance block -- xilinx.com:ip:fifo_generator:13.2 - fifo_generator_0
INFO: [xilinx.com:ip:fifo_generator:13.2-5968] /fifo_generator_0Executing the post_config_ip from bd
Adding component instance block -- xilinx.com:ip:util_vector_logic:2.0 - util_vector_logic_0
Successfully read diagram <design_1> from block design file <C:/Users/kille/Documents/GitHub/TFM-UPM/Practica/Prueba1_demo_v1.0/prueba1_demo.srcs/sources_1/bd/design_1/design_1.bd>
open_hw_manager
connect_hw_server -allow_non_jtag
INFO: [Labtools 27-2285] Connecting to hw_server url TCP:localhost:3121
INFO: [Labtools 27-2222] Launching hw_server...
INFO: [Labtools 27-2221] Launch Output:

****** Xilinx hw_server v2025.1
  **** Build date : May  6 2025 at 09:15:36
    ** Copyright 1986-2022 Xilinx, Inc. All Rights Reserved.


INFO: [Labtools 27-3415] Connecting to cs_server url TCP:localhost:0
INFO: [Labtools 27-3417] Launching cs_server...
INFO: [Labtools 27-2221] Launch Output:


******** Xilinx cs_server v2025.1.0
  ****** Build date   : May 13 2025-21:15:27
    **** Build number : 2025.1.1747163727
      ** Copyright 2017-2022 Xilinx, Inc. All Rights Reserved.
      ** Copyright 2022-2026 Advanced Micro Devices, Inc. All Rights Reserved.



connect_hw_server: Time (s): cpu = 00:00:00 ; elapsed = 00:00:06 . Memory (MB): peak = 1798.102 ; gain = 3.750
open_hw_target
INFO: [Labtoolstcl 44-466] Opening hw_target localhost:3121/xilinx_tcf/Digilent/210292AD31A3A
set_property PROGRAM.FILE {C:/Users/kille/Documents/GitHub/TFM-UPM/Practica/Prueba1_demo_v1.0/prueba1_demo.runs/impl_1/design_1_wrapper.bit} [get_hw_devices xc7a100t_0]
set_property PROBES.FILE {C:/Users/kille/Documents/GitHub/TFM-UPM/Practica/Prueba1_demo_v1.0/prueba1_demo.runs/impl_1/design_1_wrapper.ltx} [get_hw_devices xc7a100t_0]
set_property FULL_PROBES.FILE {C:/Users/kille/Documents/GitHub/TFM-UPM/Practica/Prueba1_demo_v1.0/prueba1_demo.runs/impl_1/design_1_wrapper.ltx} [get_hw_devices xc7a100t_0]
current_hw_device [get_hw_devices xc7a100t_0]
refresh_hw_device [lindex [get_hw_devices xc7a100t_0] 0]
INFO: [Labtools 27-2302] Device xc7a100t (JTAG device index = 0) is programmed with a design that has 2 ILA core(s).
display_hw_ila_data [ get_hw_ila_data hw_ila_data_1 -of_objects [get_hw_ilas -of_objects [get_hw_devices xc7a100t_0] -filter {CELL_NAME=~"design_1_i/system_ila_0/U0/ila_lib"}]]
display_hw_ila_data [ get_hw_ila_data hw_ila_data_2 -of_objects [get_hw_ilas -of_objects [get_hw_devices xc7a100t_0] -filter {CELL_NAME=~"design_1_i/system_ila_1/U0/ila_lib"}]]
set_property PROBES.FILE {C:/Users/kille/Documents/GitHub/TFM-UPM/Practica/Prueba1_demo_v1.0/prueba1_demo.runs/impl_1/design_1_wrapper.ltx} [get_hw_devices xc7a100t_0]
set_property FULL_PROBES.FILE {C:/Users/kille/Documents/GitHub/TFM-UPM/Practica/Prueba1_demo_v1.0/prueba1_demo.runs/impl_1/design_1_wrapper.ltx} [get_hw_devices xc7a100t_0]
set_property PROGRAM.FILE {C:/Users/kille/Documents/GitHub/TFM-UPM/Practica/Prueba1_demo_v1.0/prueba1_demo.runs/impl_1/design_1_wrapper.bit} [get_hw_devices xc7a100t_0]
program_hw_devices [get_hw_devices xc7a100t_0]
INFO: [Labtools 27-3164] End of startup status: HIGH
refresh_hw_device [lindex [get_hw_devices xc7a100t_0] 0]
INFO: [Labtools 27-2302] Device xc7a100t (JTAG device index = 0) is programmed with a design that has 2 ILA core(s).
WARNING: [filemgmt 56-199] Attempt to get parsing info during refresh. "On-the-fly" syntax checking information may be incorrect. [C:\Users\kille\Documents\GitHub\TFM-UPM\Practica\Prueba1_demo_v1.0\prueba1_demo.srcs\sources_1\new\top_system.vhd:]
WARNING: [filemgmt 56-199] Attempt to get parsing info during refresh. "On-the-fly" syntax checking information may be incorrect. [C:\Users\kille\Documents\GitHub\TFM-UPM\Practica\Prueba1_demo_v1.0\prueba1_demo.srcs\sources_1\new\apa102_ctrl.vhd:]
WARNING: [filemgmt 56-199] Attempt to get parsing info during refresh. "On-the-fly" syntax checking information may be incorrect. [C:\Users\kille\Documents\GitHub\TFM-UPM\Practica\Prueba1_demo_v1.0\prueba1_demo.srcs\sources_1\new\i2s_transceiver.vhd:]
WARNING: [filemgmt 56-199] Attempt to get parsing info during refresh. "On-the-fly" syntax checking information may be incorrect. [C:\Users\kille\Documents\GitHub\TFM-UPM\Practica\Prueba1_demo_v1.0\prueba1_demo.srcs\sources_1\new\audio_player.vhd:]
WARNING: [filemgmt 56-199] Attempt to get parsing info during refresh. "On-the-fly" syntax checking information may be incorrect. [C:\Users\kille\Documents\GitHub\TFM-UPM\Practica\Prueba1_demo_v1.0\prueba1_demo.srcs\sources_1\new\tas2110_i2c_ctrl.vhd:]
WARNING: [filemgmt 56-199] Attempt to get parsing info during refresh. "On-the-fly" syntax checking information may be incorrect. [C:\Users\kille\Documents\GitHub\TFM-UPM\Practica\Prueba1_demo_v1.0\prueba1_demo.srcs\sources_1\new\apa102_ctrl.vhd:]
WARNING: [filemgmt 56-199] Attempt to get parsing info during refresh. "On-the-fly" syntax checking information may be incorrect. [C:\Users\kille\Documents\GitHub\TFM-UPM\Practica\Prueba1_demo_v1.0\prueba1_demo.srcs\sources_1\new\apa102_ctrl.vhd:]
ERROR: [Common 17-180] Spawn failed: La operación se completó correctamente.

WARNING: [filemgmt 56-199] Attempt to get parsing info during refresh. "On-the-fly" syntax checking information may be incorrect. [C:\Users\kille\Documents\GitHub\TFM-UPM\Practica\Prueba1_demo_v1.0\prueba1_demo.srcs\sources_1\new\top_system.vhd:]
WARNING: [filemgmt 56-199] Attempt to get parsing info during refresh. "On-the-fly" syntax checking information may be incorrect. [C:\Users\kille\Documents\GitHub\TFM-UPM\Practica\Prueba1_demo_v1.0\prueba1_demo.srcs\sources_1\new\apa102_ctrl.vhd:]
WARNING: [filemgmt 56-199] Attempt to get parsing info during refresh. "On-the-fly" syntax checking information may be incorrect. [C:\Users\kille\Documents\GitHub\TFM-UPM\Practica\Prueba1_demo_v1.0\prueba1_demo.srcs\sources_1\new\i2s_transceiver.vhd:]
WARNING: [filemgmt 56-199] Attempt to get parsing info during refresh. "On-the-fly" syntax checking information may be incorrect. [C:\Users\kille\Documents\GitHub\TFM-UPM\Practica\Prueba1_demo_v1.0\prueba1_demo.srcs\sources_1\new\audio_player.vhd:]
WARNING: [filemgmt 56-199] Attempt to get parsing info during refresh. "On-the-fly" syntax checking information may be incorrect. [C:\Users\kille\Documents\GitHub\TFM-UPM\Practica\Prueba1_demo_v1.0\prueba1_demo.srcs\sources_1\new\tas2110_i2c_ctrl.vhd:]
WARNING: [filemgmt 56-199] Attempt to get parsing info during refresh. "On-the-fly" syntax checking information may be incorrect. [C:\Users\kille\Documents\GitHub\TFM-UPM\Practica\Prueba1_demo_v1.0\prueba1_demo.srcs\sources_1\new\tas2110_i2c_ctrl.vhd:]
WARNING: [filemgmt 56-199] Attempt to get parsing info during refresh. "On-the-fly" syntax checking information may be incorrect. [C:\Users\kille\Documents\GitHub\TFM-UPM\Practica\Prueba1_demo_v1.0\prueba1_demo.srcs\sources_1\new\tas2110_i2c_ctrl.vhd:]
save_wave_config {C:/Users/kille/Documents/GitHub/TFM-UPM/Practica/Prueba1_demo_v1.0/prueba1_demo.hw/hw_1/wave/hw_ila_data_1/hw_ila_data_1.wcfg}
save_wave_config {C:/Users/kille/Documents/GitHub/TFM-UPM/Practica/Prueba1_demo_v1.0/prueba1_demo.hw/hw_1/wave/hw_ila_data_2/hw_ila_data_2.wcfg}
close_hw_manager
WARNING: [filemgmt 56-199] Attempt to get parsing info during refresh. "On-the-fly" syntax checking information may be incorrect. [C:\Users\kille\Documents\GitHub\TFM-UPM\Practica\Prueba1_demo_v1.0\prueba1_demo.srcs\sources_1\new\top_system.vhd:]
WARNING: [filemgmt 56-199] Attempt to get parsing info during refresh. "On-the-fly" syntax checking information may be incorrect. [C:\Users\kille\Documents\GitHub\TFM-UPM\Practica\Prueba1_demo_v1.0\prueba1_demo.srcs\sources_1\new\apa102_ctrl.vhd:]
WARNING: [filemgmt 56-199] Attempt to get parsing info during refresh. "On-the-fly" syntax checking information may be incorrect. [C:\Users\kille\Documents\GitHub\TFM-UPM\Practica\Prueba1_demo_v1.0\prueba1_demo.srcs\sources_1\new\i2s_transceiver.vhd:]
WARNING: [filemgmt 56-199] Attempt to get parsing info during refresh. "On-the-fly" syntax checking information may be incorrect. [C:\Users\kille\Documents\GitHub\TFM-UPM\Practica\Prueba1_demo_v1.0\prueba1_demo.srcs\sources_1\new\audio_player.vhd:]
WARNING: [filemgmt 56-199] Attempt to get parsing info during refresh. "On-the-fly" syntax checking information may be incorrect. [C:\Users\kille\Documents\GitHub\TFM-UPM\Practica\Prueba1_demo_v1.0\prueba1_demo.srcs\sources_1\new\tas2110_i2c_ctrl.vhd:]
WARNING: [filemgmt 56-199] Attempt to get parsing info during refresh. "On-the-fly" syntax checking information may be incorrect. [C:\Users\kille\Documents\GitHub\TFM-UPM\Practica\Prueba1_demo_v1.0\prueba1_demo.srcs\sources_1\new\top_system.vhd:]
WARNING: [filemgmt 56-199] Attempt to get parsing info during refresh. "On-the-fly" syntax checking information may be incorrect. [C:\Users\kille\Documents\GitHub\TFM-UPM\Practica\Prueba1_demo_v1.0\prueba1_demo.srcs\sources_1\new\top_system.vhd:]
WARNING: [filemgmt 56-199] Attempt to get parsing info during refresh. "On-the-fly" syntax checking information may be incorrect. [C:\Users\kille\Documents\GitHub\TFM-UPM\Practica\Prueba1_demo_v1.0\prueba1_demo.srcs\sources_1\new\top_system.vhd:]
WARNING: [filemgmt 56-199] Attempt to get parsing info during refresh. "On-the-fly" syntax checking information may be incorrect. [C:\Users\kille\Documents\GitHub\TFM-UPM\Practica\Prueba1_demo_v1.0\prueba1_demo.srcs\sources_1\new\apa102_ctrl.vhd:]
WARNING: [filemgmt 56-199] Attempt to get parsing info during refresh. "On-the-fly" syntax checking information may be incorrect. [C:\Users\kille\Documents\GitHub\TFM-UPM\Practica\Prueba1_demo_v1.0\prueba1_demo.srcs\sources_1\new\i2s_transceiver.vhd:]
WARNING: [filemgmt 56-199] Attempt to get parsing info during refresh. "On-the-fly" syntax checking information may be incorrect. [C:\Users\kille\Documents\GitHub\TFM-UPM\Practica\Prueba1_demo_v1.0\prueba1_demo.srcs\sources_1\new\audio_player.vhd:]
WARNING: [filemgmt 56-199] Attempt to get parsing info during refresh. "On-the-fly" syntax checking information may be incorrect. [C:\Users\kille\Documents\GitHub\TFM-UPM\Practica\Prueba1_demo_v1.0\prueba1_demo.srcs\sources_1\new\tas2110_i2c_ctrl.vhd:]
WARNING: [filemgmt 56-199] Attempt to get parsing info during refresh. "On-the-fly" syntax checking information may be incorrect. [C:\Users\kille\Documents\GitHub\TFM-UPM\Practica\Prueba1_demo_v1.0\prueba1_demo.srcs\sources_1\new\tas2110_i2c_ctrl.vhd:]
WARNING: [filemgmt 56-199] Attempt to get parsing info during refresh. "On-the-fly" syntax checking information may be incorrect. [C:\Users\kille\Documents\GitHub\TFM-UPM\Practica\Prueba1_demo_v1.0\prueba1_demo.srcs\sources_1\new\tas2110_i2c_ctrl.vhd:]
WARNING: [filemgmt 56-199] Attempt to get parsing info during refresh. "On-the-fly" syntax checking information may be incorrect. [C:\Users\kille\Documents\GitHub\TFM-UPM\Practica\Prueba1_demo_v1.0\prueba1_demo.srcs\sources_1\new\top_system.vhd:]
WARNING: [filemgmt 56-199] Attempt to get parsing info during refresh. "On-the-fly" syntax checking information may be incorrect. [C:\Users\kille\Documents\GitHub\TFM-UPM\Practica\Prueba1_demo_v1.0\prueba1_demo.srcs\sources_1\new\apa102_ctrl.vhd:]
WARNING: [filemgmt 56-199] Attempt to get parsing info during refresh. "On-the-fly" syntax checking information may be incorrect. [C:\Users\kille\Documents\GitHub\TFM-UPM\Practica\Prueba1_demo_v1.0\prueba1_demo.srcs\sources_1\new\i2s_transceiver.vhd:]
WARNING: [filemgmt 56-199] Attempt to get parsing info during refresh. "On-the-fly" syntax checking information may be incorrect. [C:\Users\kille\Documents\GitHub\TFM-UPM\Practica\Prueba1_demo_v1.0\prueba1_demo.srcs\sources_1\new\audio_player.vhd:]
WARNING: [filemgmt 56-199] Attempt to get parsing info during refresh. "On-the-fly" syntax checking information may be incorrect. [C:\Users\kille\Documents\GitHub\TFM-UPM\Practica\Prueba1_demo_v1.0\prueba1_demo.srcs\sources_1\new\tas2110_i2c_ctrl.vhd:]
WARNING: [filemgmt 56-199] Attempt to get parsing info during refresh. "On-the-fly" syntax checking information may be incorrect. [C:\Users\kille\Documents\GitHub\TFM-UPM\Practica\Prueba1_demo_v1.0\prueba1_demo.srcs\sources_1\new\audio_player.vhd:]
WARNING: [filemgmt 56-199] Attempt to get parsing info during refresh. "On-the-fly" syntax checking information may be incorrect. [C:\Users\kille\Documents\GitHub\TFM-UPM\Practica\Prueba1_demo_v1.0\prueba1_demo.srcs\sources_1\new\audio_player.vhd:]
ERROR: [Common 17-180] Spawn failed: La operación se completó correctamente.

WARNING: [filemgmt 56-199] Attempt to get parsing info during refresh. "On-the-fly" syntax checking information may be incorrect. [C:\Users\kille\Documents\GitHub\TFM-UPM\Practica\Prueba1_demo_v1.0\prueba1_demo.srcs\sources_1\new\top_system.vhd:]
WARNING: [filemgmt 56-199] Attempt to get parsing info during refresh. "On-the-fly" syntax checking information may be incorrect. [C:\Users\kille\Documents\GitHub\TFM-UPM\Practica\Prueba1_demo_v1.0\prueba1_demo.srcs\sources_1\new\apa102_ctrl.vhd:]
WARNING: [filemgmt 56-199] Attempt to get parsing info during refresh. "On-the-fly" syntax checking information may be incorrect. [C:\Users\kille\Documents\GitHub\TFM-UPM\Practica\Prueba1_demo_v1.0\prueba1_demo.srcs\sources_1\new\i2s_transceiver.vhd:]
WARNING: [filemgmt 56-199] Attempt to get parsing info during refresh. "On-the-fly" syntax checking information may be incorrect. [C:\Users\kille\Documents\GitHub\TFM-UPM\Practica\Prueba1_demo_v1.0\prueba1_demo.srcs\sources_1\new\audio_player.vhd:]
WARNING: [filemgmt 56-199] Attempt to get parsing info during refresh. "On-the-fly" syntax checking information may be incorrect. [C:\Users\kille\Documents\GitHub\TFM-UPM\Practica\Prueba1_demo_v1.0\prueba1_demo.srcs\sources_1\new\tas2110_i2c_ctrl.vhd:]
WARNING: [filemgmt 56-199] Attempt to get parsing info during refresh. "On-the-fly" syntax checking information may be incorrect. [C:\Users\kille\Documents\GitHub\TFM-UPM\Practica\Prueba1_demo_v1.0\prueba1_demo.srcs\sources_1\new\apa102_ctrl.vhd:]
WARNING: [filemgmt 56-199] Attempt to get parsing info during refresh. "On-the-fly" syntax checking information may be incorrect. [C:\Users\kille\Documents\GitHub\TFM-UPM\Practica\Prueba1_demo_v1.0\prueba1_demo.srcs\sources_1\new\apa102_ctrl.vhd:]
ERROR: [Common 17-180] Spawn failed: La operación se completó correctamente.

report_ip_status -name ip_status 
WARNING: [filemgmt 56-199] Attempt to get parsing info during refresh. "On-the-fly" syntax checking information may be incorrect. [C:\Users\kille\Documents\GitHub\TFM-UPM\Practica\Prueba1_demo_v1.0\prueba1_demo.srcs\sources_1\new\top_system.vhd:]
WARNING: [filemgmt 56-199] Attempt to get parsing info during refresh. "On-the-fly" syntax checking information may be incorrect. [C:\Users\kille\Documents\GitHub\TFM-UPM\Practica\Prueba1_demo_v1.0\prueba1_demo.srcs\sources_1\new\apa102_ctrl.vhd:]
WARNING: [filemgmt 56-199] Attempt to get parsing info during refresh. "On-the-fly" syntax checking information may be incorrect. [C:\Users\kille\Documents\GitHub\TFM-UPM\Practica\Prueba1_demo_v1.0\prueba1_demo.srcs\sources_1\new\i2s_transceiver.vhd:]
WARNING: [filemgmt 56-199] Attempt to get parsing info during refresh. "On-the-fly" syntax checking information may be incorrect. [C:\Users\kille\Documents\GitHub\TFM-UPM\Practica\Prueba1_demo_v1.0\prueba1_demo.srcs\sources_1\new\audio_player.vhd:]
WARNING: [filemgmt 56-199] Attempt to get parsing info during refresh. "On-the-fly" syntax checking information may be incorrect. [C:\Users\kille\Documents\GitHub\TFM-UPM\Practica\Prueba1_demo_v1.0\prueba1_demo.srcs\sources_1\new\tas2110_i2c_ctrl.vhd:]
WARNING: [filemgmt 56-199] Attempt to get parsing info during refresh. "On-the-fly" syntax checking information may be incorrect. [C:\Users\kille\Documents\GitHub\TFM-UPM\Practica\Prueba1_demo_v1.0\prueba1_demo.srcs\sources_1\new\top_system.vhd:]
WARNING: [filemgmt 56-199] Attempt to get parsing info during refresh. "On-the-fly" syntax checking information may be incorrect. [C:\Users\kille\Documents\GitHub\TFM-UPM\Practica\Prueba1_demo_v1.0\prueba1_demo.srcs\sources_1\new\top_system.vhd:]
WARNING: [filemgmt 56-199] Attempt to get parsing info during refresh. "On-the-fly" syntax checking information may be incorrect. [C:\Users\kille\Documents\GitHub\TFM-UPM\Practica\Prueba1_demo_v1.0\prueba1_demo.srcs\sources_1\new\top_system.vhd:]
WARNING: [filemgmt 56-199] Attempt to get parsing info during refresh. "On-the-fly" syntax checking information may be incorrect. [C:\Users\kille\Documents\GitHub\TFM-UPM\Practica\Prueba1_demo_v1.0\prueba1_demo.srcs\sources_1\new\apa102_ctrl.vhd:]
WARNING: [filemgmt 56-199] Attempt to get parsing info during refresh. "On-the-fly" syntax checking information may be incorrect. [C:\Users\kille\Documents\GitHub\TFM-UPM\Practica\Prueba1_demo_v1.0\prueba1_demo.srcs\sources_1\new\i2s_transceiver.vhd:]
WARNING: [filemgmt 56-199] Attempt to get parsing info during refresh. "On-the-fly" syntax checking information may be incorrect. [C:\Users\kille\Documents\GitHub\TFM-UPM\Practica\Prueba1_demo_v1.0\prueba1_demo.srcs\sources_1\new\audio_player.vhd:]
WARNING: [filemgmt 56-199] Attempt to get parsing info during refresh. "On-the-fly" syntax checking information may be incorrect. [C:\Users\kille\Documents\GitHub\TFM-UPM\Practica\Prueba1_demo_v1.0\prueba1_demo.srcs\sources_1\new\tas2110_i2c_ctrl.vhd:]
WARNING: [filemgmt 56-199] Attempt to get parsing info during refresh. "On-the-fly" syntax checking information may be incorrect. [C:\Users\kille\Documents\GitHub\TFM-UPM\Practica\Prueba1_demo_v1.0\prueba1_demo.srcs\sources_1\new\audio_player.vhd:]
WARNING: [filemgmt 56-199] Attempt to get parsing info during refresh. "On-the-fly" syntax checking information may be incorrect. [C:\Users\kille\Documents\GitHub\TFM-UPM\Practica\Prueba1_demo_v1.0\prueba1_demo.srcs\sources_1\new\audio_player.vhd:]
WARNING: [filemgmt 56-199] Attempt to get parsing info during refresh. "On-the-fly" syntax checking information may be incorrect. [C:\Users\kille\Documents\GitHub\TFM-UPM\Practica\Prueba1_demo_v1.0\prueba1_demo.srcs\sources_1\new\top_system.vhd:]
WARNING: [filemgmt 56-199] Attempt to get parsing info during refresh. "On-the-fly" syntax checking information may be incorrect. [C:\Users\kille\Documents\GitHub\TFM-UPM\Practica\Prueba1_demo_v1.0\prueba1_demo.srcs\sources_1\new\apa102_ctrl.vhd:]
WARNING: [filemgmt 56-199] Attempt to get parsing info during refresh. "On-the-fly" syntax checking information may be incorrect. [C:\Users\kille\Documents\GitHub\TFM-UPM\Practica\Prueba1_demo_v1.0\prueba1_demo.srcs\sources_1\new\i2s_transceiver.vhd:]
WARNING: [filemgmt 56-199] Attempt to get parsing info during refresh. "On-the-fly" syntax checking information may be incorrect. [C:\Users\kille\Documents\GitHub\TFM-UPM\Practica\Prueba1_demo_v1.0\prueba1_demo.srcs\sources_1\new\audio_player.vhd:]
WARNING: [filemgmt 56-199] Attempt to get parsing info during refresh. "On-the-fly" syntax checking information may be incorrect. [C:\Users\kille\Documents\GitHub\TFM-UPM\Practica\Prueba1_demo_v1.0\prueba1_demo.srcs\sources_1\new\tas2110_i2c_ctrl.vhd:]
WARNING: [filemgmt 56-199] Attempt to get parsing info during refresh. "On-the-fly" syntax checking information may be incorrect. [C:\Users\kille\Documents\GitHub\TFM-UPM\Practica\Prueba1_demo_v1.0\prueba1_demo.srcs\sources_1\new\tas2110_i2c_ctrl.vhd:]
WARNING: [filemgmt 56-199] Attempt to get parsing info during refresh. "On-the-fly" syntax checking information may be incorrect. [C:\Users\kille\Documents\GitHub\TFM-UPM\Practica\Prueba1_demo_v1.0\prueba1_demo.srcs\sources_1\new\tas2110_i2c_ctrl.vhd:]
WARNING: [filemgmt 56-199] Attempt to get parsing info during refresh. "On-the-fly" syntax checking information may be incorrect. [C:\Users\kille\Documents\GitHub\TFM-UPM\Practica\Prueba1_demo_v1.0\prueba1_demo.srcs\sources_1\new\top_system.vhd:]
WARNING: [filemgmt 56-199] Attempt to get parsing info during refresh. "On-the-fly" syntax checking information may be incorrect. [C:\Users\kille\Documents\GitHub\TFM-UPM\Practica\Prueba1_demo_v1.0\prueba1_demo.srcs\sources_1\new\apa102_ctrl.vhd:]
WARNING: [filemgmt 56-199] Attempt to get parsing info during refresh. "On-the-fly" syntax checking information may be incorrect. [C:\Users\kille\Documents\GitHub\TFM-UPM\Practica\Prueba1_demo_v1.0\prueba1_demo.srcs\sources_1\new\i2s_transceiver.vhd:]
WARNING: [filemgmt 56-199] Attempt to get parsing info during refresh. "On-the-fly" syntax checking information may be incorrect. [C:\Users\kille\Documents\GitHub\TFM-UPM\Practica\Prueba1_demo_v1.0\prueba1_demo.srcs\sources_1\new\audio_player.vhd:]
WARNING: [filemgmt 56-199] Attempt to get parsing info during refresh. "On-the-fly" syntax checking information may be incorrect. [C:\Users\kille\Documents\GitHub\TFM-UPM\Practica\Prueba1_demo_v1.0\prueba1_demo.srcs\sources_1\new\tas2110_i2c_ctrl.vhd:]
WARNING: [filemgmt 56-199] Attempt to get parsing info during refresh. "On-the-fly" syntax checking information may be incorrect. [C:\Users\kille\Documents\GitHub\TFM-UPM\Practica\Prueba1_demo_v1.0\prueba1_demo.srcs\sources_1\new\i2s_transceiver.vhd:]
WARNING: [filemgmt 56-199] Attempt to get parsing info during refresh. "On-the-fly" syntax checking information may be incorrect. [C:\Users\kille\Documents\GitHub\TFM-UPM\Practica\Prueba1_demo_v1.0\prueba1_demo.srcs\sources_1\new\i2s_transceiver.vhd:]
ERROR: [Common 17-180] Spawn failed: La operación se completó correctamente.

update_module_reference [get_ips  design_1_top_system_0_1]
INFO: [IP_Flow 19-5107] Inferred bus interface 'reset_n' of definition 'xilinx.com:signal:reset:1.0' (from Xilinx Repository).
INFO: [IP_Flow 19-5107] Inferred bus interface 'sd_reset' of definition 'xilinx.com:signal:reset:1.0' (from Xilinx Repository).
INFO: [IP_Flow 19-5107] Inferred bus interface 'sw0_reset' of definition 'xilinx.com:signal:reset:1.0' (from Xilinx Repository).
INFO: [IP_Flow 19-5107] Inferred bus interface 'led_clk' of definition 'xilinx.com:signal:clock:1.0' (from Xilinx Repository).
INFO: [IP_Flow 19-5107] Inferred bus interface 'sd_clk' of definition 'xilinx.com:signal:clock:1.0' (from Xilinx Repository).
INFO: [IP_Flow 19-4728] Bus Interface 'sd_clk': Added interface parameter 'ASSOCIATED_RESET' with value 'sd_reset'.
CRITICAL WARNING: [IP_Flow 19-4751] Bus Interface 'led_clk': FREQ_HZ bus parameter is missing for output clock interface.
CRITICAL WARNING: [IP_Flow 19-4751] Bus Interface 'sd_clk': FREQ_HZ bus parameter is missing for output clock interface.
INFO: [IP_Flow 19-5107] Inferred bus interface 'reset_n' of definition 'xilinx.com:signal:reset:1.0' (from Xilinx Repository).
INFO: [IP_Flow 19-5107] Inferred bus interface 'sd_reset' of definition 'xilinx.com:signal:reset:1.0' (from Xilinx Repository).
INFO: [IP_Flow 19-5107] Inferred bus interface 'sw0_reset' of definition 'xilinx.com:signal:reset:1.0' (from Xilinx Repository).
INFO: [IP_Flow 19-5107] Inferred bus interface 'led_clk' of definition 'xilinx.com:signal:clock:1.0' (from Xilinx Repository).
INFO: [IP_Flow 19-5107] Inferred bus interface 'sd_clk' of definition 'xilinx.com:signal:clock:1.0' (from Xilinx Repository).
INFO: [IP_Flow 19-4728] Bus Interface 'sd_clk': Added interface parameter 'ASSOCIATED_RESET' with value 'sd_reset'.
CRITICAL WARNING: [IP_Flow 19-4751] Bus Interface 'led_clk': FREQ_HZ bus parameter is missing for output clock interface.
CRITICAL WARNING: [IP_Flow 19-4751] Bus Interface 'sd_clk': FREQ_HZ bus parameter is missing for output clock interface.
Upgrading 'C:/Users/kille/Documents/GitHub/TFM-UPM/Practica/Prueba1_demo_v1.0/prueba1_demo.srcs/sources_1/bd/design_1/design_1.bd'
INFO: [IP_Flow 19-3420] Updated design_1_top_system_0_1 to use current project options
WARNING: [IP_Flow 19-4698] Upgrade has added port 'sd_reset'
WARNING: [IP_Flow 19-3298] Detected external port differences while upgrading 'design_1_top_system_0_1'. These changes may impact your design.
CRITICAL WARNING: [Coretcl 2-1280] The upgrade of 'design_1_top_system_0_1' has identified issues that may require user intervention. Please verify that the instance is correctly configured, and review any upgrade messages.
Wrote  : <C:\Users\kille\Documents\GitHub\TFM-UPM\Practica\Prueba1_demo_v1.0\prueba1_demo.srcs\sources_1\bd\design_1\design_1.bd> 
Wrote  : <C:/Users/kille/Documents/GitHub/TFM-UPM/Practica/Prueba1_demo_v1.0/prueba1_demo.srcs/sources_1/bd/design_1/ui/bd_1f5defd0.ui> 
WARNING: [filemgmt 56-199] Attempt to get parsing info during refresh. "On-the-fly" syntax checking information may be incorrect. [C:\Users\kille\Documents\GitHub\TFM-UPM\Practica\Prueba1_demo_v1.0\prueba1_demo.srcs\sources_1\new\top_system.vhd:]
WARNING: [filemgmt 56-199] Attempt to get parsing info during refresh. "On-the-fly" syntax checking information may be incorrect. [C:\Users\kille\Documents\GitHub\TFM-UPM\Practica\Prueba1_demo_v1.0\prueba1_demo.srcs\sources_1\new\apa102_ctrl.vhd:]
WARNING: [filemgmt 56-199] Attempt to get parsing info during refresh. "On-the-fly" syntax checking information may be incorrect. [C:\Users\kille\Documents\GitHub\TFM-UPM\Practica\Prueba1_demo_v1.0\prueba1_demo.srcs\sources_1\new\i2s_transceiver.vhd:]
WARNING: [filemgmt 56-199] Attempt to get parsing info during refresh. "On-the-fly" syntax checking information may be incorrect. [C:\Users\kille\Documents\GitHub\TFM-UPM\Practica\Prueba1_demo_v1.0\prueba1_demo.srcs\sources_1\new\audio_player.vhd:]
WARNING: [filemgmt 56-199] Attempt to get parsing info during refresh. "On-the-fly" syntax checking information may be incorrect. [C:\Users\kille\Documents\GitHub\TFM-UPM\Practica\Prueba1_demo_v1.0\prueba1_demo.srcs\sources_1\new\tas2110_i2c_ctrl.vhd:]
WARNING: [filemgmt 56-199] Attempt to get parsing info during refresh. "On-the-fly" syntax checking information may be incorrect. [C:\Users\kille\Documents\GitHub\TFM-UPM\Practica\Prueba1_demo_v1.0\prueba1_demo.srcs\sources_1\new\i2s_transceiver.vhd:]
WARNING: [filemgmt 56-199] Attempt to get parsing info during refresh. "On-the-fly" syntax checking information may be incorrect. [C:\Users\kille\Documents\GitHub\TFM-UPM\Practica\Prueba1_demo_v1.0\prueba1_demo.srcs\sources_1\new\i2s_transceiver.vhd:]
WARNING: [filemgmt 56-199] Attempt to get parsing info during refresh. "On-the-fly" syntax checking information may be incorrect. [C:\Users\kille\Documents\GitHub\TFM-UPM\Practica\Prueba1_demo_v1.0\prueba1_demo.srcs\sources_1\new\top_system.vhd:]
WARNING: [filemgmt 56-199] Attempt to get parsing info during refresh. "On-the-fly" syntax checking information may be incorrect. [C:\Users\kille\Documents\GitHub\TFM-UPM\Practica\Prueba1_demo_v1.0\prueba1_demo.srcs\sources_1\new\apa102_ctrl.vhd:]
WARNING: [filemgmt 56-199] Attempt to get parsing info during refresh. "On-the-fly" syntax checking information may be incorrect. [C:\Users\kille\Documents\GitHub\TFM-UPM\Practica\Prueba1_demo_v1.0\prueba1_demo.srcs\sources_1\new\i2s_transceiver.vhd:]
WARNING: [filemgmt 56-199] Attempt to get parsing info during refresh. "On-the-fly" syntax checking information may be incorrect. [C:\Users\kille\Documents\GitHub\TFM-UPM\Practica\Prueba1_demo_v1.0\prueba1_demo.srcs\sources_1\new\audio_player.vhd:]
WARNING: [filemgmt 56-199] Attempt to get parsing info during refresh. "On-the-fly" syntax checking information may be incorrect. [C:\Users\kille\Documents\GitHub\TFM-UPM\Practica\Prueba1_demo_v1.0\prueba1_demo.srcs\sources_1\new\tas2110_i2c_ctrl.vhd:]
WARNING: [filemgmt 56-199] Attempt to get parsing info during refresh. "On-the-fly" syntax checking information may be incorrect. [C:\Users\kille\Documents\GitHub\TFM-UPM\Practica\Prueba1_demo_v1.0\prueba1_demo.srcs\sources_1\new\audio_player.vhd:]
WARNING: [filemgmt 56-199] Attempt to get parsing info during refresh. "On-the-fly" syntax checking information may be incorrect. [C:\Users\kille\Documents\GitHub\TFM-UPM\Practica\Prueba1_demo_v1.0\prueba1_demo.srcs\sources_1\new\audio_player.vhd:]
WARNING: [filemgmt 56-199] Attempt to get parsing info during refresh. "On-the-fly" syntax checking information may be incorrect. [C:\Users\kille\Documents\GitHub\TFM-UPM\Practica\Prueba1_demo_v1.0\prueba1_demo.srcs\sources_1\new\top_system.vhd:]
WARNING: [filemgmt 56-199] Attempt to get parsing info during refresh. "On-the-fly" syntax checking information may be incorrect. [C:\Users\kille\Documents\GitHub\TFM-UPM\Practica\Prueba1_demo_v1.0\prueba1_demo.srcs\sources_1\new\apa102_ctrl.vhd:]
WARNING: [filemgmt 56-199] Attempt to get parsing info during refresh. "On-the-fly" syntax checking information may be incorrect. [C:\Users\kille\Documents\GitHub\TFM-UPM\Practica\Prueba1_demo_v1.0\prueba1_demo.srcs\sources_1\new\i2s_transceiver.vhd:]
WARNING: [filemgmt 56-199] Attempt to get parsing info during refresh. "On-the-fly" syntax checking information may be incorrect. [C:\Users\kille\Documents\GitHub\TFM-UPM\Practica\Prueba1_demo_v1.0\prueba1_demo.srcs\sources_1\new\audio_player.vhd:]
WARNING: [filemgmt 56-199] Attempt to get parsing info during refresh. "On-the-fly" syntax checking information may be incorrect. [C:\Users\kille\Documents\GitHub\TFM-UPM\Practica\Prueba1_demo_v1.0\prueba1_demo.srcs\sources_1\new\tas2110_i2c_ctrl.vhd:]
WARNING: [filemgmt 56-199] Attempt to get parsing info during refresh. "On-the-fly" syntax checking information may be incorrect. [C:\Users\kille\Documents\GitHub\TFM-UPM\Practica\Prueba1_demo_v1.0\prueba1_demo.srcs\sources_1\new\tas2110_i2c_ctrl.vhd:]
WARNING: [filemgmt 56-199] Attempt to get parsing info during refresh. "On-the-fly" syntax checking information may be incorrect. [C:\Users\kille\Documents\GitHub\TFM-UPM\Practica\Prueba1_demo_v1.0\prueba1_demo.srcs\sources_1\new\tas2110_i2c_ctrl.vhd:]
WARNING: [filemgmt 56-199] Attempt to get parsing info during refresh. "On-the-fly" syntax checking information may be incorrect. [C:\Users\kille\Documents\GitHub\TFM-UPM\Practica\Prueba1_demo_v1.0\prueba1_demo.srcs\sources_1\new\top_system.vhd:]
WARNING: [filemgmt 56-199] Attempt to get parsing info during refresh. "On-the-fly" syntax checking information may be incorrect. [C:\Users\kille\Documents\GitHub\TFM-UPM\Practica\Prueba1_demo_v1.0\prueba1_demo.srcs\sources_1\new\apa102_ctrl.vhd:]
WARNING: [filemgmt 56-199] Attempt to get parsing info during refresh. "On-the-fly" syntax checking information may be incorrect. [C:\Users\kille\Documents\GitHub\TFM-UPM\Practica\Prueba1_demo_v1.0\prueba1_demo.srcs\sources_1\new\i2s_transceiver.vhd:]
WARNING: [filemgmt 56-199] Attempt to get parsing info during refresh. "On-the-fly" syntax checking information may be incorrect. [C:\Users\kille\Documents\GitHub\TFM-UPM\Practica\Prueba1_demo_v1.0\prueba1_demo.srcs\sources_1\new\audio_player.vhd:]
WARNING: [filemgmt 56-199] Attempt to get parsing info during refresh. "On-the-fly" syntax checking information may be incorrect. [C:\Users\kille\Documents\GitHub\TFM-UPM\Practica\Prueba1_demo_v1.0\prueba1_demo.srcs\sources_1\new\tas2110_i2c_ctrl.vhd:]
WARNING: [filemgmt 56-199] Attempt to get parsing info during refresh. "On-the-fly" syntax checking information may be incorrect. [C:\Users\kille\Documents\GitHub\TFM-UPM\Practica\Prueba1_demo_v1.0\prueba1_demo.srcs\sources_1\new\top_system.vhd:]
WARNING: [filemgmt 56-199] Attempt to get parsing info during refresh. "On-the-fly" syntax checking information may be incorrect. [C:\Users\kille\Documents\GitHub\TFM-UPM\Practica\Prueba1_demo_v1.0\prueba1_demo.srcs\sources_1\new\top_system.vhd:]
ERROR: [Common 17-180] Spawn failed: La operación se completó correctamente.

report_ip_status -name ip_status 
WARNING: [filemgmt 56-199] Attempt to get parsing info during refresh. "On-the-fly" syntax checking information may be incorrect. [C:\Users\kille\Documents\GitHub\TFM-UPM\Practica\Prueba1_demo_v1.0\prueba1_demo.srcs\sources_1\new\top_system.vhd:]
WARNING: [filemgmt 56-199] Attempt to get parsing info during refresh. "On-the-fly" syntax checking information may be incorrect. [C:\Users\kille\Documents\GitHub\TFM-UPM\Practica\Prueba1_demo_v1.0\prueba1_demo.srcs\sources_1\new\apa102_ctrl.vhd:]
WARNING: [filemgmt 56-199] Attempt to get parsing info during refresh. "On-the-fly" syntax checking information may be incorrect. [C:\Users\kille\Documents\GitHub\TFM-UPM\Practica\Prueba1_demo_v1.0\prueba1_demo.srcs\sources_1\new\i2s_transceiver.vhd:]
WARNING: [filemgmt 56-199] Attempt to get parsing info during refresh. "On-the-fly" syntax checking information may be incorrect. [C:\Users\kille\Documents\GitHub\TFM-UPM\Practica\Prueba1_demo_v1.0\prueba1_demo.srcs\sources_1\new\audio_player.vhd:]
WARNING: [filemgmt 56-199] Attempt to get parsing info during refresh. "On-the-fly" syntax checking information may be incorrect. [C:\Users\kille\Documents\GitHub\TFM-UPM\Practica\Prueba1_demo_v1.0\prueba1_demo.srcs\sources_1\new\tas2110_i2c_ctrl.vhd:]
WARNING: [filemgmt 56-199] Attempt to get parsing info during refresh. "On-the-fly" syntax checking information may be incorrect. [C:\Users\kille\Documents\GitHub\TFM-UPM\Practica\Prueba1_demo_v1.0\prueba1_demo.srcs\sources_1\new\tas2110_i2c_ctrl.vhd:]
WARNING: [filemgmt 56-199] Attempt to get parsing info during refresh. "On-the-fly" syntax checking information may be incorrect. [C:\Users\kille\Documents\GitHub\TFM-UPM\Practica\Prueba1_demo_v1.0\prueba1_demo.srcs\sources_1\new\tas2110_i2c_ctrl.vhd:]
WARNING: [filemgmt 56-199] Attempt to get parsing info during refresh. "On-the-fly" syntax checking information may be incorrect. [C:\Users\kille\Documents\GitHub\TFM-UPM\Practica\Prueba1_demo_v1.0\prueba1_demo.srcs\sources_1\new\top_system.vhd:]
WARNING: [filemgmt 56-199] Attempt to get parsing info during refresh. "On-the-fly" syntax checking information may be incorrect. [C:\Users\kille\Documents\GitHub\TFM-UPM\Practica\Prueba1_demo_v1.0\prueba1_demo.srcs\sources_1\new\apa102_ctrl.vhd:]
WARNING: [filemgmt 56-199] Attempt to get parsing info during refresh. "On-the-fly" syntax checking information may be incorrect. [C:\Users\kille\Documents\GitHub\TFM-UPM\Practica\Prueba1_demo_v1.0\prueba1_demo.srcs\sources_1\new\i2s_transceiver.vhd:]
WARNING: [filemgmt 56-199] Attempt to get parsing info during refresh. "On-the-fly" syntax checking information may be incorrect. [C:\Users\kille\Documents\GitHub\TFM-UPM\Practica\Prueba1_demo_v1.0\prueba1_demo.srcs\sources_1\new\audio_player.vhd:]
WARNING: [filemgmt 56-199] Attempt to get parsing info during refresh. "On-the-fly" syntax checking information may be incorrect. [C:\Users\kille\Documents\GitHub\TFM-UPM\Practica\Prueba1_demo_v1.0\prueba1_demo.srcs\sources_1\new\tas2110_i2c_ctrl.vhd:]
WARNING: [filemgmt 56-199] Attempt to get parsing info during refresh. "On-the-fly" syntax checking information may be incorrect. [C:\Users\kille\Documents\GitHub\TFM-UPM\Practica\Prueba1_demo_v1.0\prueba1_demo.srcs\sources_1\new\audio_player.vhd:]
WARNING: [filemgmt 56-199] Attempt to get parsing info during refresh. "On-the-fly" syntax checking information may be incorrect. [C:\Users\kille\Documents\GitHub\TFM-UPM\Practica\Prueba1_demo_v1.0\prueba1_demo.srcs\sources_1\new\audio_player.vhd:]
WARNING: [filemgmt 56-199] Attempt to get parsing info during refresh. "On-the-fly" syntax checking information may be incorrect. [C:\Users\kille\Documents\GitHub\TFM-UPM\Practica\Prueba1_demo_v1.0\prueba1_demo.srcs\sources_1\new\top_system.vhd:]
WARNING: [filemgmt 56-199] Attempt to get parsing info during refresh. "On-the-fly" syntax checking information may be incorrect. [C:\Users\kille\Documents\GitHub\TFM-UPM\Practica\Prueba1_demo_v1.0\prueba1_demo.srcs\sources_1\new\apa102_ctrl.vhd:]
WARNING: [filemgmt 56-199] Attempt to get parsing info during refresh. "On-the-fly" syntax checking information may be incorrect. [C:\Users\kille\Documents\GitHub\TFM-UPM\Practica\Prueba1_demo_v1.0\prueba1_demo.srcs\sources_1\new\i2s_transceiver.vhd:]
WARNING: [filemgmt 56-199] Attempt to get parsing info during refresh. "On-the-fly" syntax checking information may be incorrect. [C:\Users\kille\Documents\GitHub\TFM-UPM\Practica\Prueba1_demo_v1.0\prueba1_demo.srcs\sources_1\new\audio_player.vhd:]
WARNING: [filemgmt 56-199] Attempt to get parsing info during refresh. "On-the-fly" syntax checking information may be incorrect. [C:\Users\kille\Documents\GitHub\TFM-UPM\Practica\Prueba1_demo_v1.0\prueba1_demo.srcs\sources_1\new\tas2110_i2c_ctrl.vhd:]
WARNING: [filemgmt 56-199] Attempt to get parsing info during refresh. "On-the-fly" syntax checking information may be incorrect. [C:\Users\kille\Documents\GitHub\TFM-UPM\Practica\Prueba1_demo_v1.0\prueba1_demo.srcs\sources_1\new\i2s_transceiver.vhd:]
WARNING: [filemgmt 56-199] Attempt to get parsing info during refresh. "On-the-fly" syntax checking information may be incorrect. [C:\Users\kille\Documents\GitHub\TFM-UPM\Practica\Prueba1_demo_v1.0\prueba1_demo.srcs\sources_1\new\i2s_transceiver.vhd:]
ERROR: [Common 17-180] Spawn failed: La operación se completó correctamente.

startgroup
make_bd_pins_external  [get_bd_pins top_system_0/sd_reset]
endgroup
validate_bd_design
WARNING: [BD 41-1781] Updates have been made to one or more nets/interface connections marked for debug.
Debug nets, which are already connected to any ILA IP core in the block-design, will be automatically available for debug in Hardware Manager.
For unconnected Debug nets, please open synthesized design and use 'Set Up Debug' wizard to insert, modify or delete Debug Cores. 
INFO: [xilinx.com:ip:clk_wiz:6.0-1] /clk_wiz_0 clk_wiz propagate
report_ip_status -name ip_status 
save_bd_design
Wrote  : <C:\Users\kille\Documents\GitHub\TFM-UPM\Practica\Prueba1_demo_v1.0\prueba1_demo.srcs\sources_1\bd\design_1\design_1.bd> 
Wrote  : <C:/Users/kille/Documents/GitHub/TFM-UPM/Practica/Prueba1_demo_v1.0/prueba1_demo.srcs/sources_1/bd/design_1/ui/bd_1f5defd0.ui> 
reset_run synth_1
INFO: [Project 1-1161] Replacing file C:/Users/kille/Documents/GitHub/TFM-UPM/Practica/Prueba1_demo_v1.0/prueba1_demo.srcs/utils_1/imports/synth_1/top_system.dcp with file C:/Users/kille/Documents/GitHub/TFM-UPM/Practica/Prueba1_demo_v1.0/prueba1_demo.runs/synth_1/design_1_wrapper.dcp
launch_runs impl_1 -to_step write_bitstream -jobs 12
INFO: [BD 41-1662] The design 'design_1.bd' is already validated. Therefore parameter propagation will not be re-run.
WARNING: [BD 41-3257] Drive strength cannot be preserved for ports connected to net btn_center_0_0_1 as it is marked for debug
WARNING: [BD 41-3256] Drive strength cannot be preserved for ports connected to net btn_right_0_0_1 as it connected to debug IP /system_ila_1 
WARNING: [BD 41-3256] Drive strength cannot be preserved for ports connected to net clk_100Mhz_0_1 as it connected to debug IP /system_ila_0 
WARNING: [BD 41-3257] Drive strength cannot be preserved for ports connected to net top_system_0_dbg_scl_out as it is marked for debug
WARNING: [BD 41-3257] Drive strength cannot be preserved for ports connected to net top_system_0_dbg_sda_out as it is marked for debug
WARNING: [BD 41-3257] Drive strength cannot be preserved for ports connected to net top_system_0_i2s_dout as it is marked for debug
WARNING: [BD 41-3256] Drive strength cannot be preserved for ports connected to net top_system_0_led_clk as it connected to debug IP /system_ila_0 
WARNING: [BD 41-3257] Drive strength cannot be preserved for ports connected to net top_system_0_led_data as it is marked for debug
VHDL Output written to : c:/Users/kille/Documents/GitHub/TFM-UPM/Practica/Prueba1_demo_v1.0/prueba1_demo.gen/sources_1/bd/design_1/synth/design_1.vhd
WARNING: [BD 41-3257] Drive strength cannot be preserved for ports connected to net btn_center_0_0_1 as it is marked for debug
WARNING: [BD 41-3256] Drive strength cannot be preserved for ports connected to net btn_right_0_0_1 as it connected to debug IP /system_ila_1 
WARNING: [BD 41-3256] Drive strength cannot be preserved for ports connected to net clk_100Mhz_0_1 as it connected to debug IP /system_ila_0 
WARNING: [BD 41-3257] Drive strength cannot be preserved for ports connected to net top_system_0_dbg_scl_out as it is marked for debug
WARNING: [BD 41-3257] Drive strength cannot be preserved for ports connected to net top_system_0_dbg_sda_out as it is marked for debug
WARNING: [BD 41-3257] Drive strength cannot be preserved for ports connected to net top_system_0_i2s_dout as it is marked for debug
WARNING: [BD 41-3256] Drive strength cannot be preserved for ports connected to net top_system_0_led_clk as it connected to debug IP /system_ila_0 
WARNING: [BD 41-3257] Drive strength cannot be preserved for ports connected to net top_system_0_led_data as it is marked for debug
VHDL Output written to : c:/Users/kille/Documents/GitHub/TFM-UPM/Practica/Prueba1_demo_v1.0/prueba1_demo.gen/sources_1/bd/design_1/sim/design_1.vhd
VHDL Output written to : c:/Users/kille/Documents/GitHub/TFM-UPM/Practica/Prueba1_demo_v1.0/prueba1_demo.gen/sources_1/bd/design_1/hdl/design_1_wrapper.vhd
INFO: [BD 41-1029] Generation completed for the IP Integrator block top_system_0 .
WARNING: [IP_Flow 19-4994] Overwriting existing constraint file 'c:/Users/kille/Documents/GitHub/TFM-UPM/Practica/Prueba1_demo_v1.0/prueba1_demo.gen/sources_1/bd/design_1/ip/design_1_system_ila_0_0/design_1_system_ila_0_0_ooc.xdc'
Exporting to file c:/Users/kille/Documents/GitHub/TFM-UPM/Practica/Prueba1_demo_v1.0/prueba1_demo.gen/sources_1/bd/design_1/ip/design_1_system_ila_0_0/bd_0/hw_handoff/design_1_system_ila_0_0.hwh
Generated Hardware Definition File c:/Users/kille/Documents/GitHub/TFM-UPM/Practica/Prueba1_demo_v1.0/prueba1_demo.gen/sources_1/bd/design_1/ip/design_1_system_ila_0_0/bd_0/synth/design_1_system_ila_0_0.hwdef
INFO: [BD 41-1029] Generation completed for the IP Integrator block system_ila_0 .
INFO: [BD 41-1637] Generated targets are already up-to-date for block design 'bd_f69c' - hence not re-generating.
INFO: [BD 41-1982] Skipping generation for the cell util_vector_logic_0, which is locked by user.
Exporting to file c:/Users/kille/Documents/GitHub/TFM-UPM/Practica/Prueba1_demo_v1.0/prueba1_demo.gen/sources_1/bd/design_1/hw_handoff/design_1.hwh
Generated Hardware Definition File c:/Users/kille/Documents/GitHub/TFM-UPM/Practica/Prueba1_demo_v1.0/prueba1_demo.gen/sources_1/bd/design_1/synth/design_1.hwdef
INFO: [IP_Flow 19-4993] Using cached IP synthesis design for IP design_1_system_ila_0_0, cache-ID = f7e3b26cb33297ba; cache size = 17.547 MB.
WARNING: [filemgmt 56-199] Attempt to get parsing info during refresh. "On-the-fly" syntax checking information may be incorrect. [C:\Users\kille\Documents\GitHub\TFM-UPM\Practica\Prueba1_demo_v1.0\prueba1_demo.srcs\sources_1\new\top_system.vhd:]
WARNING: [filemgmt 56-199] Attempt to get parsing info during refresh. "On-the-fly" syntax checking information may be incorrect. [C:\Users\kille\Documents\GitHub\TFM-UPM\Practica\Prueba1_demo_v1.0\prueba1_demo.srcs\sources_1\new\apa102_ctrl.vhd:]
WARNING: [filemgmt 56-199] Attempt to get parsing info during refresh. "On-the-fly" syntax checking information may be incorrect. [C:\Users\kille\Documents\GitHub\TFM-UPM\Practica\Prueba1_demo_v1.0\prueba1_demo.srcs\sources_1\new\i2s_transceiver.vhd:]
WARNING: [filemgmt 56-199] Attempt to get parsing info during refresh. "On-the-fly" syntax checking information may be incorrect. [C:\Users\kille\Documents\GitHub\TFM-UPM\Practica\Prueba1_demo_v1.0\prueba1_demo.srcs\sources_1\new\audio_player.vhd:]
WARNING: [filemgmt 56-199] Attempt to get parsing info during refresh. "On-the-fly" syntax checking information may be incorrect. [C:\Users\kille\Documents\GitHub\TFM-UPM\Practica\Prueba1_demo_v1.0\prueba1_demo.srcs\sources_1\new\tas2110_i2c_ctrl.vhd:]
WARNING: [filemgmt 56-199] Attempt to get parsing info during refresh. "On-the-fly" syntax checking information may be incorrect. [C:\Users\kille\Documents\GitHub\TFM-UPM\Practica\Prueba1_demo_v1.0\prueba1_demo.srcs\sources_1\new\apa102_ctrl.vhd:]
WARNING: [filemgmt 56-199] Attempt to get parsing info during refresh. "On-the-fly" syntax checking information may be incorrect. [C:\Users\kille\Documents\GitHub\TFM-UPM\Practica\Prueba1_demo_v1.0\prueba1_demo.srcs\sources_1\new\apa102_ctrl.vhd:]
WARNING: [filemgmt 56-199] Attempt to get parsing info during refresh. "On-the-fly" syntax checking information may be incorrect. [C:\Users\kille\Documents\GitHub\TFM-UPM\Practica\Prueba1_demo_v1.0\prueba1_demo.srcs\sources_1\new\top_system.vhd:]
WARNING: [filemgmt 56-199] Attempt to get parsing info during refresh. "On-the-fly" syntax checking information may be incorrect. [C:\Users\kille\Documents\GitHub\TFM-UPM\Practica\Prueba1_demo_v1.0\prueba1_demo.srcs\sources_1\new\apa102_ctrl.vhd:]
WARNING: [filemgmt 56-199] Attempt to get parsing info during refresh. "On-the-fly" syntax checking information may be incorrect. [C:\Users\kille\Documents\GitHub\TFM-UPM\Practica\Prueba1_demo_v1.0\prueba1_demo.srcs\sources_1\new\i2s_transceiver.vhd:]
WARNING: [filemgmt 56-199] Attempt to get parsing info during refresh. "On-the-fly" syntax checking information may be incorrect. [C:\Users\kille\Documents\GitHub\TFM-UPM\Practica\Prueba1_demo_v1.0\prueba1_demo.srcs\sources_1\new\audio_player.vhd:]
WARNING: [filemgmt 56-199] Attempt to get parsing info during refresh. "On-the-fly" syntax checking information may be incorrect. [C:\Users\kille\Documents\GitHub\TFM-UPM\Practica\Prueba1_demo_v1.0\prueba1_demo.srcs\sources_1\new\tas2110_i2c_ctrl.vhd:]
WARNING: [filemgmt 56-199] Attempt to get parsing info during refresh. "On-the-fly" syntax checking information may be incorrect. [C:\Users\kille\Documents\GitHub\TFM-UPM\Practica\Prueba1_demo_v1.0\prueba1_demo.srcs\sources_1\new\audio_player.vhd:]
WARNING: [filemgmt 56-199] Attempt to get parsing info during refresh. "On-the-fly" syntax checking information may be incorrect. [C:\Users\kille\Documents\GitHub\TFM-UPM\Practica\Prueba1_demo_v1.0\prueba1_demo.srcs\sources_1\new\audio_player.vhd:]
WARNING: [filemgmt 56-199] Attempt to get parsing info during refresh. "On-the-fly" syntax checking information may be incorrect. [C:\Users\kille\Documents\GitHub\TFM-UPM\Practica\Prueba1_demo_v1.0\prueba1_demo.srcs\sources_1\new\top_system.vhd:]
WARNING: [filemgmt 56-199] Attempt to get parsing info during refresh. "On-the-fly" syntax checking information may be incorrect. [C:\Users\kille\Documents\GitHub\TFM-UPM\Practica\Prueba1_demo_v1.0\prueba1_demo.srcs\sources_1\new\apa102_ctrl.vhd:]
WARNING: [filemgmt 56-199] Attempt to get parsing info during refresh. "On-the-fly" syntax checking information may be incorrect. [C:\Users\kille\Documents\GitHub\TFM-UPM\Practica\Prueba1_demo_v1.0\prueba1_demo.srcs\sources_1\new\i2s_transceiver.vhd:]
WARNING: [filemgmt 56-199] Attempt to get parsing info during refresh. "On-the-fly" syntax checking information may be incorrect. [C:\Users\kille\Documents\GitHub\TFM-UPM\Practica\Prueba1_demo_v1.0\prueba1_demo.srcs\sources_1\new\audio_player.vhd:]
WARNING: [filemgmt 56-199] Attempt to get parsing info during refresh. "On-the-fly" syntax checking information may be incorrect. [C:\Users\kille\Documents\GitHub\TFM-UPM\Practica\Prueba1_demo_v1.0\prueba1_demo.srcs\sources_1\new\tas2110_i2c_ctrl.vhd:]
WARNING: [filemgmt 56-199] Attempt to get parsing info during refresh. "On-the-fly" syntax checking information may be incorrect. [C:\Users\kille\Documents\GitHub\TFM-UPM\Practica\Prueba1_demo_v1.0\prueba1_demo.srcs\sources_1\new\tas2110_i2c_ctrl.vhd:]
WARNING: [filemgmt 56-199] Attempt to get parsing info during refresh. "On-the-fly" syntax checking information may be incorrect. [C:\Users\kille\Documents\GitHub\TFM-UPM\Practica\Prueba1_demo_v1.0\prueba1_demo.srcs\sources_1\new\tas2110_i2c_ctrl.vhd:]
[Thu Aug  6 17:07:17 2026] Launched design_1_top_system_0_1_synth_1, synth_1...
Run output will be captured here:
design_1_top_system_0_1_synth_1: C:/Users/kille/Documents/GitHub/TFM-UPM/Practica/Prueba1_demo_v1.0/prueba1_demo.runs/design_1_top_system_0_1_synth_1/runme.log
synth_1: C:/Users/kille/Documents/GitHub/TFM-UPM/Practica/Prueba1_demo_v1.0/prueba1_demo.runs/synth_1/runme.log
[Thu Aug  6 17:07:17 2026] Launched impl_1...
Run output will be captured here: C:/Users/kille/Documents/GitHub/TFM-UPM/Practica/Prueba1_demo_v1.0/prueba1_demo.runs/impl_1/runme.log
launch_runs: Time (s): cpu = 00:00:08 ; elapsed = 00:00:11 . Memory (MB): peak = 2724.457 ; gain = 0.000
ERROR: [Common 17-180] Spawn failed: La operación se completó correctamente.

WARNING: [filemgmt 56-199] Attempt to get parsing info during refresh. "On-the-fly" syntax checking information may be incorrect. [C:\Users\kille\Documents\GitHub\TFM-UPM\Practica\Prueba1_demo_v1.0\prueba1_demo.srcs\sources_1\new\top_system.vhd:]
WARNING: [filemgmt 56-199] Attempt to get parsing info during refresh. "On-the-fly" syntax checking information may be incorrect. [C:\Users\kille\Documents\GitHub\TFM-UPM\Practica\Prueba1_demo_v1.0\prueba1_demo.srcs\sources_1\new\apa102_ctrl.vhd:]
WARNING: [filemgmt 56-199] Attempt to get parsing info during refresh. "On-the-fly" syntax checking information may be incorrect. [C:\Users\kille\Documents\GitHub\TFM-UPM\Practica\Prueba1_demo_v1.0\prueba1_demo.srcs\sources_1\new\i2s_transceiver.vhd:]
WARNING: [filemgmt 56-199] Attempt to get parsing info during refresh. "On-the-fly" syntax checking information may be incorrect. [C:\Users\kille\Documents\GitHub\TFM-UPM\Practica\Prueba1_demo_v1.0\prueba1_demo.srcs\sources_1\new\audio_player.vhd:]
WARNING: [filemgmt 56-199] Attempt to get parsing info during refresh. "On-the-fly" syntax checking information may be incorrect. [C:\Users\kille\Documents\GitHub\TFM-UPM\Practica\Prueba1_demo_v1.0\prueba1_demo.srcs\sources_1\new\tas2110_i2c_ctrl.vhd:]
WARNING: [filemgmt 56-199] Attempt to get parsing info during refresh. "On-the-fly" syntax checking information may be incorrect. [C:\Users\kille\Documents\GitHub\TFM-UPM\Practica\Prueba1_demo_v1.0\prueba1_demo.srcs\sources_1\new\audio_player.vhd:]
WARNING: [filemgmt 56-199] Attempt to get parsing info during refresh. "On-the-fly" syntax checking information may be incorrect. [C:\Users\kille\Documents\GitHub\TFM-UPM\Practica\Prueba1_demo_v1.0\prueba1_demo.srcs\sources_1\new\audio_player.vhd:]
WARNING: [filemgmt 56-199] Attempt to get parsing info during refresh. "On-the-fly" syntax checking information may be incorrect. [C:\Users\kille\Documents\GitHub\TFM-UPM\Practica\Prueba1_demo_v1.0\prueba1_demo.srcs\sources_1\new\top_system.vhd:]
WARNING: [filemgmt 56-199] Attempt to get parsing info during refresh. "On-the-fly" syntax checking information may be incorrect. [C:\Users\kille\Documents\GitHub\TFM-UPM\Practica\Prueba1_demo_v1.0\prueba1_demo.srcs\sources_1\new\apa102_ctrl.vhd:]
WARNING: [filemgmt 56-199] Attempt to get parsing info during refresh. "On-the-fly" syntax checking information may be incorrect. [C:\Users\kille\Documents\GitHub\TFM-UPM\Practica\Prueba1_demo_v1.0\prueba1_demo.srcs\sources_1\new\i2s_transceiver.vhd:]
WARNING: [filemgmt 56-199] Attempt to get parsing info during refresh. "On-the-fly" syntax checking information may be incorrect. [C:\Users\kille\Documents\GitHub\TFM-UPM\Practica\Prueba1_demo_v1.0\prueba1_demo.srcs\sources_1\new\audio_player.vhd:]
WARNING: [filemgmt 56-199] Attempt to get parsing info during refresh. "On-the-fly" syntax checking information may be incorrect. [C:\Users\kille\Documents\GitHub\TFM-UPM\Practica\Prueba1_demo_v1.0\prueba1_demo.srcs\sources_1\new\tas2110_i2c_ctrl.vhd:]
WARNING: [filemgmt 56-199] Attempt to get parsing info during refresh. "On-the-fly" syntax checking information may be incorrect. [C:\Users\kille\Documents\GitHub\TFM-UPM\Practica\Prueba1_demo_v1.0\prueba1_demo.srcs\sources_1\new\tas2110_i2c_ctrl.vhd:]
WARNING: [filemgmt 56-199] Attempt to get parsing info during refresh. "On-the-fly" syntax checking information may be incorrect. [C:\Users\kille\Documents\GitHub\TFM-UPM\Practica\Prueba1_demo_v1.0\prueba1_demo.srcs\sources_1\new\tas2110_i2c_ctrl.vhd:]
ERROR: [Common 17-180] Spawn failed: La operación se completó correctamente.

WARNING: [filemgmt 56-199] Attempt to get parsing info during refresh. "On-the-fly" syntax checking information may be incorrect. [C:\Users\kille\Documents\GitHub\TFM-UPM\Practica\Prueba1_demo_v1.0\prueba1_demo.srcs\sources_1\new\top_system.vhd:]
WARNING: [filemgmt 56-199] Attempt to get parsing info during refresh. "On-the-fly" syntax checking information may be incorrect. [C:\Users\kille\Documents\GitHub\TFM-UPM\Practica\Prueba1_demo_v1.0\prueba1_demo.srcs\sources_1\new\apa102_ctrl.vhd:]
WARNING: [filemgmt 56-199] Attempt to get parsing info during refresh. "On-the-fly" syntax checking information may be incorrect. [C:\Users\kille\Documents\GitHub\TFM-UPM\Practica\Prueba1_demo_v1.0\prueba1_demo.srcs\sources_1\new\i2s_transceiver.vhd:]
WARNING: [filemgmt 56-199] Attempt to get parsing info during refresh. "On-the-fly" syntax checking information may be incorrect. [C:\Users\kille\Documents\GitHub\TFM-UPM\Practica\Prueba1_demo_v1.0\prueba1_demo.srcs\sources_1\new\audio_player.vhd:]
WARNING: [filemgmt 56-199] Attempt to get parsing info during refresh. "On-the-fly" syntax checking information may be incorrect. [C:\Users\kille\Documents\GitHub\TFM-UPM\Practica\Prueba1_demo_v1.0\prueba1_demo.srcs\sources_1\new\tas2110_i2c_ctrl.vhd:]
WARNING: [filemgmt 56-199] Attempt to get parsing info during refresh. "On-the-fly" syntax checking information may be incorrect. [C:\Users\kille\Documents\GitHub\TFM-UPM\Practica\Prueba1_demo_v1.0\prueba1_demo.srcs\sources_1\new\audio_player.vhd:]
WARNING: [filemgmt 56-199] Attempt to get parsing info during refresh. "On-the-fly" syntax checking information may be incorrect. [C:\Users\kille\Documents\GitHub\TFM-UPM\Practica\Prueba1_demo_v1.0\prueba1_demo.srcs\sources_1\new\audio_player.vhd:]
reset_run synth_1
reset_run design_1_top_system_0_1_synth_1
launch_runs impl_1 -to_step write_bitstream -jobs 12
[Thu Aug  6 17:09:37 2026] Launched design_1_top_system_0_1_synth_1, synth_1...
Run output will be captured here:
design_1_top_system_0_1_synth_1: C:/Users/kille/Documents/GitHub/TFM-UPM/Practica/Prueba1_demo_v1.0/prueba1_demo.runs/design_1_top_system_0_1_synth_1/runme.log
synth_1: C:/Users/kille/Documents/GitHub/TFM-UPM/Practica/Prueba1_demo_v1.0/prueba1_demo.runs/synth_1/runme.log
[Thu Aug  6 17:09:37 2026] Launched impl_1...
Run output will be captured here: C:/Users/kille/Documents/GitHub/TFM-UPM/Practica/Prueba1_demo_v1.0/prueba1_demo.runs/impl_1/runme.log
WARNING: [filemgmt 56-199] Attempt to get parsing info during refresh. "On-the-fly" syntax checking information may be incorrect. [C:\Users\kille\Documents\GitHub\TFM-UPM\Practica\Prueba1_demo_v1.0\prueba1_demo.srcs\sources_1\new\top_system.vhd:]
WARNING: [filemgmt 56-199] Attempt to get parsing info during refresh. "On-the-fly" syntax checking information may be incorrect. [C:\Users\kille\Documents\GitHub\TFM-UPM\Practica\Prueba1_demo_v1.0\prueba1_demo.srcs\sources_1\new\apa102_ctrl.vhd:]
WARNING: [filemgmt 56-199] Attempt to get parsing info during refresh. "On-the-fly" syntax checking information may be incorrect. [C:\Users\kille\Documents\GitHub\TFM-UPM\Practica\Prueba1_demo_v1.0\prueba1_demo.srcs\sources_1\new\i2s_transceiver.vhd:]
WARNING: [filemgmt 56-199] Attempt to get parsing info during refresh. "On-the-fly" syntax checking information may be incorrect. [C:\Users\kille\Documents\GitHub\TFM-UPM\Practica\Prueba1_demo_v1.0\prueba1_demo.srcs\sources_1\new\audio_player.vhd:]
WARNING: [filemgmt 56-199] Attempt to get parsing info during refresh. "On-the-fly" syntax checking information may be incorrect. [C:\Users\kille\Documents\GitHub\TFM-UPM\Practica\Prueba1_demo_v1.0\prueba1_demo.srcs\sources_1\new\tas2110_i2c_ctrl.vhd:]
WARNING: [filemgmt 56-199] Attempt to get parsing info during refresh. "On-the-fly" syntax checking information may be incorrect. [C:\Users\kille\Documents\GitHub\TFM-UPM\Practica\Prueba1_demo_v1.0\prueba1_demo.srcs\sources_1\new\apa102_ctrl.vhd:]
WARNING: [filemgmt 56-199] Attempt to get parsing info during refresh. "On-the-fly" syntax checking information may be incorrect. [C:\Users\kille\Documents\GitHub\TFM-UPM\Practica\Prueba1_demo_v1.0\prueba1_demo.srcs\sources_1\new\apa102_ctrl.vhd:]
WARNING: [filemgmt 56-199] Attempt to get parsing info during refresh. "On-the-fly" syntax checking information may be incorrect. [C:\Users\kille\Documents\GitHub\TFM-UPM\Practica\Prueba1_demo_v1.0\prueba1_demo.srcs\sources_1\new\top_system.vhd:]
WARNING: [filemgmt 56-199] Attempt to get parsing info during refresh. "On-the-fly" syntax checking information may be incorrect. [C:\Users\kille\Documents\GitHub\TFM-UPM\Practica\Prueba1_demo_v1.0\prueba1_demo.srcs\sources_1\new\apa102_ctrl.vhd:]
WARNING: [filemgmt 56-199] Attempt to get parsing info during refresh. "On-the-fly" syntax checking information may be incorrect. [C:\Users\kille\Documents\GitHub\TFM-UPM\Practica\Prueba1_demo_v1.0\prueba1_demo.srcs\sources_1\new\i2s_transceiver.vhd:]
WARNING: [filemgmt 56-199] Attempt to get parsing info during refresh. "On-the-fly" syntax checking information may be incorrect. [C:\Users\kille\Documents\GitHub\TFM-UPM\Practica\Prueba1_demo_v1.0\prueba1_demo.srcs\sources_1\new\audio_player.vhd:]
WARNING: [filemgmt 56-199] Attempt to get parsing info during refresh. "On-the-fly" syntax checking information may be incorrect. [C:\Users\kille\Documents\GitHub\TFM-UPM\Practica\Prueba1_demo_v1.0\prueba1_demo.srcs\sources_1\new\tas2110_i2c_ctrl.vhd:]
WARNING: [filemgmt 56-199] Attempt to get parsing info during refresh. "On-the-fly" syntax checking information may be incorrect. [C:\Users\kille\Documents\GitHub\TFM-UPM\Practica\Prueba1_demo_v1.0\prueba1_demo.srcs\sources_1\new\i2s_transceiver.vhd:]
WARNING: [filemgmt 56-199] Attempt to get parsing info during refresh. "On-the-fly" syntax checking information may be incorrect. [C:\Users\kille\Documents\GitHub\TFM-UPM\Practica\Prueba1_demo_v1.0\prueba1_demo.srcs\sources_1\new\i2s_transceiver.vhd:]
WARNING: [filemgmt 56-199] Attempt to get parsing info during refresh. "On-the-fly" syntax checking information may be incorrect. [C:\Users\kille\Documents\GitHub\TFM-UPM\Practica\Prueba1_demo_v1.0\prueba1_demo.srcs\sources_1\new\top_system.vhd:]
WARNING: [filemgmt 56-199] Attempt to get parsing info during refresh. "On-the-fly" syntax checking information may be incorrect. [C:\Users\kille\Documents\GitHub\TFM-UPM\Practica\Prueba1_demo_v1.0\prueba1_demo.srcs\sources_1\new\apa102_ctrl.vhd:]
WARNING: [filemgmt 56-199] Attempt to get parsing info during refresh. "On-the-fly" syntax checking information may be incorrect. [C:\Users\kille\Documents\GitHub\TFM-UPM\Practica\Prueba1_demo_v1.0\prueba1_demo.srcs\sources_1\new\i2s_transceiver.vhd:]
WARNING: [filemgmt 56-199] Attempt to get parsing info during refresh. "On-the-fly" syntax checking information may be incorrect. [C:\Users\kille\Documents\GitHub\TFM-UPM\Practica\Prueba1_demo_v1.0\prueba1_demo.srcs\sources_1\new\audio_player.vhd:]
WARNING: [filemgmt 56-199] Attempt to get parsing info during refresh. "On-the-fly" syntax checking information may be incorrect. [C:\Users\kille\Documents\GitHub\TFM-UPM\Practica\Prueba1_demo_v1.0\prueba1_demo.srcs\sources_1\new\tas2110_i2c_ctrl.vhd:]
WARNING: [filemgmt 56-199] Attempt to get parsing info during refresh. "On-the-fly" syntax checking information may be incorrect. [C:\Users\kille\Documents\GitHub\TFM-UPM\Practica\Prueba1_demo_v1.0\prueba1_demo.srcs\sources_1\new\tas2110_i2c_ctrl.vhd:]
WARNING: [filemgmt 56-199] Attempt to get parsing info during refresh. "On-the-fly" syntax checking information may be incorrect. [C:\Users\kille\Documents\GitHub\TFM-UPM\Practica\Prueba1_demo_v1.0\prueba1_demo.srcs\sources_1\new\tas2110_i2c_ctrl.vhd:]
WARNING: [filemgmt 56-199] Attempt to get parsing info during refresh. "On-the-fly" syntax checking information may be incorrect. [C:\Users\kille\Documents\GitHub\TFM-UPM\Practica\Prueba1_demo_v1.0\prueba1_demo.srcs\sources_1\new\top_system.vhd:]
WARNING: [filemgmt 56-199] Attempt to get parsing info during refresh. "On-the-fly" syntax checking information may be incorrect. [C:\Users\kille\Documents\GitHub\TFM-UPM\Practica\Prueba1_demo_v1.0\prueba1_demo.srcs\sources_1\new\apa102_ctrl.vhd:]
WARNING: [filemgmt 56-199] Attempt to get parsing info during refresh. "On-the-fly" syntax checking information may be incorrect. [C:\Users\kille\Documents\GitHub\TFM-UPM\Practica\Prueba1_demo_v1.0\prueba1_demo.srcs\sources_1\new\i2s_transceiver.vhd:]
open_hw_manager
connect_hw_server -allow_non_jtag
INFO: [Labtools 27-2285] Connecting to hw_server url TCP:localhost:3121
INFO: [Labtools 27-2222] Launching hw_server...
INFO: [Labtools 27-2221] Launch Output:

****** Xilinx hw_server v2025.1
  **** Build date : May  6 2025 at 09:15:36
    ** Copyright 1986-2022 Xilinx, Inc. All Rights Reserved.


INFO: [Labtools 27-3415] Connecting to cs_server url TCP:localhost:0
INFO: [Labtools 27-3417] Launching cs_server...
INFO: [Labtools 27-2221] Launch Output:


******** Xilinx cs_server v2025.1.0
  ****** Build date   : May 13 2025-21:15:27
    **** Build number : 2025.1.1747163727
      ** Copyright 2017-2022 Xilinx, Inc. All Rights Reserved.
      ** Copyright 2022-2026 Advanced Micro Devices, Inc. All Rights Reserved.



connect_hw_server: Time (s): cpu = 00:00:00 ; elapsed = 00:00:06 . Memory (MB): peak = 2724.457 ; gain = 0.000
open_hw_target
INFO: [Labtoolstcl 44-466] Opening hw_target localhost:3121/xilinx_tcf/Digilent/210292AD31A3A
set_property PROGRAM.FILE {C:/Users/kille/Documents/GitHub/TFM-UPM/Practica/Prueba1_demo_v1.0/prueba1_demo.runs/impl_1/design_1_wrapper.bit} [get_hw_devices xc7a100t_0]
set_property PROBES.FILE {C:/Users/kille/Documents/GitHub/TFM-UPM/Practica/Prueba1_demo_v1.0/prueba1_demo.runs/impl_1/design_1_wrapper.ltx} [get_hw_devices xc7a100t_0]
set_property FULL_PROBES.FILE {C:/Users/kille/Documents/GitHub/TFM-UPM/Practica/Prueba1_demo_v1.0/prueba1_demo.runs/impl_1/design_1_wrapper.ltx} [get_hw_devices xc7a100t_0]
current_hw_device [get_hw_devices xc7a100t_0]
refresh_hw_device [lindex [get_hw_devices xc7a100t_0] 0]
INFO: [Labtools 27-2302] Device xc7a100t (JTAG device index = 0) is programmed with a design that has 2 ILA core(s).
display_hw_ila_data [ get_hw_ila_data hw_ila_data_1 -of_objects [get_hw_ilas -of_objects [get_hw_devices xc7a100t_0] -filter {CELL_NAME=~"design_1_i/system_ila_0/U0/ila_lib"}]]
display_hw_ila_data [ get_hw_ila_data hw_ila_data_2 -of_objects [get_hw_ilas -of_objects [get_hw_devices xc7a100t_0] -filter {CELL_NAME=~"design_1_i/system_ila_1/U0/ila_lib"}]]
set_property PROBES.FILE {C:/Users/kille/Documents/GitHub/TFM-UPM/Practica/Prueba1_demo_v1.0/prueba1_demo.runs/impl_1/design_1_wrapper.ltx} [get_hw_devices xc7a100t_0]
set_property FULL_PROBES.FILE {C:/Users/kille/Documents/GitHub/TFM-UPM/Practica/Prueba1_demo_v1.0/prueba1_demo.runs/impl_1/design_1_wrapper.ltx} [get_hw_devices xc7a100t_0]
set_property PROGRAM.FILE {C:/Users/kille/Documents/GitHub/TFM-UPM/Practica/Prueba1_demo_v1.0/prueba1_demo.runs/impl_1/design_1_wrapper.bit} [get_hw_devices xc7a100t_0]
program_hw_devices [get_hw_devices xc7a100t_0]
INFO: [Labtools 27-3164] End of startup status: HIGH
refresh_hw_device [lindex [get_hw_devices xc7a100t_0] 0]
INFO: [Labtools 27-2302] Device xc7a100t (JTAG device index = 0) is programmed with a design that has 2 ILA core(s).
WARNING: [filemgmt 56-199] Attempt to get parsing info during refresh. "On-the-fly" syntax checking information may be incorrect. [C:\Users\kille\Documents\GitHub\TFM-UPM\Practica\Prueba1_demo_v1.0\prueba1_demo.srcs\sources_1\new\top_system.vhd:]
WARNING: [filemgmt 56-199] Attempt to get parsing info during refresh. "On-the-fly" syntax checking information may be incorrect. [C:\Users\kille\Documents\GitHub\TFM-UPM\Practica\Prueba1_demo_v1.0\prueba1_demo.srcs\sources_1\new\apa102_ctrl.vhd:]
WARNING: [filemgmt 56-199] Attempt to get parsing info during refresh. "On-the-fly" syntax checking information may be incorrect. [C:\Users\kille\Documents\GitHub\TFM-UPM\Practica\Prueba1_demo_v1.0\prueba1_demo.srcs\sources_1\new\i2s_transceiver.vhd:]
WARNING: [filemgmt 56-199] Attempt to get parsing info during refresh. "On-the-fly" syntax checking information may be incorrect. [C:\Users\kille\Documents\GitHub\TFM-UPM\Practica\Prueba1_demo_v1.0\prueba1_demo.srcs\sources_1\new\audio_player.vhd:]
WARNING: [filemgmt 56-199] Attempt to get parsing info during refresh. "On-the-fly" syntax checking information may be incorrect. [C:\Users\kille\Documents\GitHub\TFM-UPM\Practica\Prueba1_demo_v1.0\prueba1_demo.srcs\sources_1\new\tas2110_i2c_ctrl.vhd:]
WARNING: [filemgmt 56-199] Attempt to get parsing info during refresh. "On-the-fly" syntax checking information may be incorrect. [C:\Users\kille\Documents\GitHub\TFM-UPM\Practica\Prueba1_demo_v1.0\prueba1_demo.srcs\sources_1\new\tas2110_i2c_ctrl.vhd:]
WARNING: [filemgmt 56-199] Attempt to get parsing info during refresh. "On-the-fly" syntax checking information may be incorrect. [C:\Users\kille\Documents\GitHub\TFM-UPM\Practica\Prueba1_demo_v1.0\prueba1_demo.srcs\sources_1\new\tas2110_i2c_ctrl.vhd:]
WARNING: [filemgmt 56-199] Attempt to get parsing info during refresh. "On-the-fly" syntax checking information may be incorrect. [C:\Users\kille\Documents\GitHub\TFM-UPM\Practica\Prueba1_demo_v1.0\prueba1_demo.srcs\sources_1\new\top_system.vhd:]
WARNING: [filemgmt 56-199] Attempt to get parsing info during refresh. "On-the-fly" syntax checking information may be incorrect. [C:\Users\kille\Documents\GitHub\TFM-UPM\Practica\Prueba1_demo_v1.0\prueba1_demo.srcs\sources_1\new\apa102_ctrl.vhd:]
WARNING: [filemgmt 56-199] Attempt to get parsing info during refresh. "On-the-fly" syntax checking information may be incorrect. [C:\Users\kille\Documents\GitHub\TFM-UPM\Practica\Prueba1_demo_v1.0\prueba1_demo.srcs\sources_1\new\i2s_transceiver.vhd:]
WARNING: [filemgmt 56-199] Attempt to get parsing info during refresh. "On-the-fly" syntax checking information may be incorrect. [C:\Users\kille\Documents\GitHub\TFM-UPM\Practica\Prueba1_demo_v1.0\prueba1_demo.srcs\sources_1\new\audio_player.vhd:]
WARNING: [filemgmt 56-199] Attempt to get parsing info during refresh. "On-the-fly" syntax checking information may be incorrect. [C:\Users\kille\Documents\GitHub\TFM-UPM\Practica\Prueba1_demo_v1.0\prueba1_demo.srcs\sources_1\new\tas2110_i2c_ctrl.vhd:]
WARNING: [filemgmt 56-199] Attempt to get parsing info during refresh. "On-the-fly" syntax checking information may be incorrect. [C:\Users\kille\Documents\GitHub\TFM-UPM\Practica\Prueba1_demo_v1.0\prueba1_demo.srcs\sources_1\new\apa102_ctrl.vhd:]
WARNING: [filemgmt 56-199] Attempt to get parsing info during refresh. "On-the-fly" syntax checking information may be incorrect. [C:\Users\kille\Documents\GitHub\TFM-UPM\Practica\Prueba1_demo_v1.0\prueba1_demo.srcs\sources_1\new\apa102_ctrl.vhd:]
save_wave_config {C:/Users/kille/Documents/GitHub/TFM-UPM/Practica/Prueba1_demo_v1.0/prueba1_demo.hw/hw_1/wave/hw_ila_data_1/hw_ila_data_1.wcfg}
save_wave_config {C:/Users/kille/Documents/GitHub/TFM-UPM/Practica/Prueba1_demo_v1.0/prueba1_demo.hw/hw_1/wave/hw_ila_data_2/hw_ila_data_2.wcfg}
close_hw_manager
reset_run synth_1
INFO: [Project 1-1161] Replacing file C:/Users/kille/Documents/GitHub/TFM-UPM/Practica/Prueba1_demo_v1.0/prueba1_demo.srcs/utils_1/imports/synth_1/top_system.dcp with file C:/Users/kille/Documents/GitHub/TFM-UPM/Practica/Prueba1_demo_v1.0/prueba1_demo.runs/synth_1/design_1_wrapper.dcp
reset_run design_1_top_system_0_1_synth_1
report_ip_status -name ip_status 
WARNING: [filemgmt 56-199] Attempt to get parsing info during refresh. "On-the-fly" syntax checking information may be incorrect. [C:\Users\kille\Documents\GitHub\TFM-UPM\Practica\Prueba1_demo_v1.0\prueba1_demo.srcs\sources_1\new\top_system.vhd:]
WARNING: [filemgmt 56-199] Attempt to get parsing info during refresh. "On-the-fly" syntax checking information may be incorrect. [C:\Users\kille\Documents\GitHub\TFM-UPM\Practica\Prueba1_demo_v1.0\prueba1_demo.srcs\sources_1\new\apa102_ctrl.vhd:]
WARNING: [filemgmt 56-199] Attempt to get parsing info during refresh. "On-the-fly" syntax checking information may be incorrect. [C:\Users\kille\Documents\GitHub\TFM-UPM\Practica\Prueba1_demo_v1.0\prueba1_demo.srcs\sources_1\new\i2s_transceiver.vhd:]
WARNING: [filemgmt 56-199] Attempt to get parsing info during refresh. "On-the-fly" syntax checking information may be incorrect. [C:\Users\kille\Documents\GitHub\TFM-UPM\Practica\Prueba1_demo_v1.0\prueba1_demo.srcs\sources_1\new\audio_player.vhd:]
WARNING: [filemgmt 56-199] Attempt to get parsing info during refresh. "On-the-fly" syntax checking information may be incorrect. [C:\Users\kille\Documents\GitHub\TFM-UPM\Practica\Prueba1_demo_v1.0\prueba1_demo.srcs\sources_1\new\tas2110_i2c_ctrl.vhd:]
WARNING: [filemgmt 56-199] Attempt to get parsing info during refresh. "On-the-fly" syntax checking information may be incorrect. [C:\Users\kille\Documents\GitHub\TFM-UPM\Practica\Prueba1_demo_v1.0\prueba1_demo.srcs\sources_1\new\tas2110_i2c_ctrl.vhd:]
WARNING: [filemgmt 56-199] Attempt to get parsing info during refresh. "On-the-fly" syntax checking information may be incorrect. [C:\Users\kille\Documents\GitHub\TFM-UPM\Practica\Prueba1_demo_v1.0\prueba1_demo.srcs\sources_1\new\tas2110_i2c_ctrl.vhd:]
WARNING: [filemgmt 56-199] Attempt to get parsing info during refresh. "On-the-fly" syntax checking information may be incorrect. [C:\Users\kille\Documents\GitHub\TFM-UPM\Practica\Prueba1_demo_v1.0\prueba1_demo.srcs\sources_1\new\top_system.vhd:]
WARNING: [filemgmt 56-199] Attempt to get parsing info during refresh. "On-the-fly" syntax checking information may be incorrect. [C:\Users\kille\Documents\GitHub\TFM-UPM\Practica\Prueba1_demo_v1.0\prueba1_demo.srcs\sources_1\new\apa102_ctrl.vhd:]
WARNING: [filemgmt 56-199] Attempt to get parsing info during refresh. "On-the-fly" syntax checking information may be incorrect. [C:\Users\kille\Documents\GitHub\TFM-UPM\Practica\Prueba1_demo_v1.0\prueba1_demo.srcs\sources_1\new\i2s_transceiver.vhd:]
WARNING: [filemgmt 56-199] Attempt to get parsing info during refresh. "On-the-fly" syntax checking information may be incorrect. [C:\Users\kille\Documents\GitHub\TFM-UPM\Practica\Prueba1_demo_v1.0\prueba1_demo.srcs\sources_1\new\audio_player.vhd:]
WARNING: [filemgmt 56-199] Attempt to get parsing info during refresh. "On-the-fly" syntax checking information may be incorrect. [C:\Users\kille\Documents\GitHub\TFM-UPM\Practica\Prueba1_demo_v1.0\prueba1_demo.srcs\sources_1\new\tas2110_i2c_ctrl.vhd:]
WARNING: [filemgmt 56-199] Attempt to get parsing info during refresh. "On-the-fly" syntax checking information may be incorrect. [C:\Users\kille\Documents\GitHub\TFM-UPM\Practica\Prueba1_demo_v1.0\prueba1_demo.srcs\sources_1\new\apa102_ctrl.vhd:]
WARNING: [filemgmt 56-199] Attempt to get parsing info during refresh. "On-the-fly" syntax checking information may be incorrect. [C:\Users\kille\Documents\GitHub\TFM-UPM\Practica\Prueba1_demo_v1.0\prueba1_demo.srcs\sources_1\new\apa102_ctrl.vhd:]
WARNING: [filemgmt 56-199] Attempt to get parsing info during refresh. "On-the-fly" syntax checking information may be incorrect. [C:\Users\kille\Documents\GitHub\TFM-UPM\Practica\Prueba1_demo_v1.0\prueba1_demo.srcs\sources_1\new\top_system.vhd:]
WARNING: [filemgmt 56-199] Attempt to get parsing info during refresh. "On-the-fly" syntax checking information may be incorrect. [C:\Users\kille\Documents\GitHub\TFM-UPM\Practica\Prueba1_demo_v1.0\prueba1_demo.srcs\sources_1\new\apa102_ctrl.vhd:]
WARNING: [filemgmt 56-199] Attempt to get parsing info during refresh. "On-the-fly" syntax checking information may be incorrect. [C:\Users\kille\Documents\GitHub\TFM-UPM\Practica\Prueba1_demo_v1.0\prueba1_demo.srcs\sources_1\new\i2s_transceiver.vhd:]
WARNING: [filemgmt 56-199] Attempt to get parsing info during refresh. "On-the-fly" syntax checking information may be incorrect. [C:\Users\kille\Documents\GitHub\TFM-UPM\Practica\Prueba1_demo_v1.0\prueba1_demo.srcs\sources_1\new\audio_player.vhd:]
WARNING: [filemgmt 56-199] Attempt to get parsing info during refresh. "On-the-fly" syntax checking information may be incorrect. [C:\Users\kille\Documents\GitHub\TFM-UPM\Practica\Prueba1_demo_v1.0\prueba1_demo.srcs\sources_1\new\tas2110_i2c_ctrl.vhd:]
WARNING: [filemgmt 56-199] Attempt to get parsing info during refresh. "On-the-fly" syntax checking information may be incorrect. [C:\Users\kille\Documents\GitHub\TFM-UPM\Practica\Prueba1_demo_v1.0\prueba1_demo.srcs\sources_1\new\top_system.vhd:]
WARNING: [filemgmt 56-199] Attempt to get parsing info during refresh. "On-the-fly" syntax checking information may be incorrect. [C:\Users\kille\Documents\GitHub\TFM-UPM\Practica\Prueba1_demo_v1.0\prueba1_demo.srcs\sources_1\new\top_system.vhd:]
update_module_reference [get_ips  design_1_top_system_0_1]
INFO: [IP_Flow 19-5107] Inferred bus interface 'reset_n' of definition 'xilinx.com:signal:reset:1.0' (from Xilinx Repository).
INFO: [IP_Flow 19-5107] Inferred bus interface 'sd_reset' of definition 'xilinx.com:signal:reset:1.0' (from Xilinx Repository).
INFO: [IP_Flow 19-5107] Inferred bus interface 'sw0_reset' of definition 'xilinx.com:signal:reset:1.0' (from Xilinx Repository).
INFO: [IP_Flow 19-5107] Inferred bus interface 'led_clk' of definition 'xilinx.com:signal:clock:1.0' (from Xilinx Repository).
INFO: [IP_Flow 19-5107] Inferred bus interface 'sd_clk' of definition 'xilinx.com:signal:clock:1.0' (from Xilinx Repository).
INFO: [IP_Flow 19-4728] Bus Interface 'sd_clk': Added interface parameter 'ASSOCIATED_RESET' with value 'sd_reset'.
CRITICAL WARNING: [IP_Flow 19-4751] Bus Interface 'led_clk': FREQ_HZ bus parameter is missing for output clock interface.
CRITICAL WARNING: [IP_Flow 19-4751] Bus Interface 'sd_clk': FREQ_HZ bus parameter is missing for output clock interface.
INFO: [IP_Flow 19-5107] Inferred bus interface 'reset_n' of definition 'xilinx.com:signal:reset:1.0' (from Xilinx Repository).
INFO: [IP_Flow 19-5107] Inferred bus interface 'sd_reset' of definition 'xilinx.com:signal:reset:1.0' (from Xilinx Repository).
INFO: [IP_Flow 19-5107] Inferred bus interface 'sw0_reset' of definition 'xilinx.com:signal:reset:1.0' (from Xilinx Repository).
INFO: [IP_Flow 19-5107] Inferred bus interface 'led_clk' of definition 'xilinx.com:signal:clock:1.0' (from Xilinx Repository).
INFO: [IP_Flow 19-5107] Inferred bus interface 'sd_clk' of definition 'xilinx.com:signal:clock:1.0' (from Xilinx Repository).
INFO: [IP_Flow 19-4728] Bus Interface 'sd_clk': Added interface parameter 'ASSOCIATED_RESET' with value 'sd_reset'.
CRITICAL WARNING: [IP_Flow 19-4751] Bus Interface 'led_clk': FREQ_HZ bus parameter is missing for output clock interface.
CRITICAL WARNING: [IP_Flow 19-4751] Bus Interface 'sd_clk': FREQ_HZ bus parameter is missing for output clock interface.
Upgrading 'C:/Users/kille/Documents/GitHub/TFM-UPM/Practica/Prueba1_demo_v1.0/prueba1_demo.srcs/sources_1/bd/design_1/design_1.bd'
INFO: [IP_Flow 19-3420] Updated design_1_top_system_0_1 to use current project options
Wrote  : <C:\Users\kille\Documents\GitHub\TFM-UPM\Practica\Prueba1_demo_v1.0\prueba1_demo.srcs\sources_1\bd\design_1\design_1.bd> 
Wrote  : <C:/Users/kille/Documents/GitHub/TFM-UPM/Practica/Prueba1_demo_v1.0/prueba1_demo.srcs/sources_1/bd/design_1/ui/bd_1f5defd0.ui> 
WARNING: [filemgmt 56-199] Attempt to get parsing info during refresh. "On-the-fly" syntax checking information may be incorrect. [C:\Users\kille\Documents\GitHub\TFM-UPM\Practica\Prueba1_demo_v1.0\prueba1_demo.srcs\sources_1\new\top_system.vhd:]
WARNING: [filemgmt 56-199] Attempt to get parsing info during refresh. "On-the-fly" syntax checking information may be incorrect. [C:\Users\kille\Documents\GitHub\TFM-UPM\Practica\Prueba1_demo_v1.0\prueba1_demo.srcs\sources_1\new\apa102_ctrl.vhd:]
WARNING: [filemgmt 56-199] Attempt to get parsing info during refresh. "On-the-fly" syntax checking information may be incorrect. [C:\Users\kille\Documents\GitHub\TFM-UPM\Practica\Prueba1_demo_v1.0\prueba1_demo.srcs\sources_1\new\i2s_transceiver.vhd:]
WARNING: [filemgmt 56-199] Attempt to get parsing info during refresh. "On-the-fly" syntax checking information may be incorrect. [C:\Users\kille\Documents\GitHub\TFM-UPM\Practica\Prueba1_demo_v1.0\prueba1_demo.srcs\sources_1\new\audio_player.vhd:]
WARNING: [filemgmt 56-199] Attempt to get parsing info during refresh. "On-the-fly" syntax checking information may be incorrect. [C:\Users\kille\Documents\GitHub\TFM-UPM\Practica\Prueba1_demo_v1.0\prueba1_demo.srcs\sources_1\new\tas2110_i2c_ctrl.vhd:]
WARNING: [filemgmt 56-199] Attempt to get parsing info during refresh. "On-the-fly" syntax checking information may be incorrect. [C:\Users\kille\Documents\GitHub\TFM-UPM\Practica\Prueba1_demo_v1.0\prueba1_demo.srcs\sources_1\new\apa102_ctrl.vhd:]
WARNING: [filemgmt 56-199] Attempt to get parsing info during refresh. "On-the-fly" syntax checking information may be incorrect. [C:\Users\kille\Documents\GitHub\TFM-UPM\Practica\Prueba1_demo_v1.0\prueba1_demo.srcs\sources_1\new\apa102_ctrl.vhd:]
WARNING: [filemgmt 56-199] Attempt to get parsing info during refresh. "On-the-fly" syntax checking information may be incorrect. [C:\Users\kille\Documents\GitHub\TFM-UPM\Practica\Prueba1_demo_v1.0\prueba1_demo.srcs\sources_1\new\top_system.vhd:]
WARNING: [filemgmt 56-199] Attempt to get parsing info during refresh. "On-the-fly" syntax checking information may be incorrect. [C:\Users\kille\Documents\GitHub\TFM-UPM\Practica\Prueba1_demo_v1.0\prueba1_demo.srcs\sources_1\new\apa102_ctrl.vhd:]
WARNING: [filemgmt 56-199] Attempt to get parsing info during refresh. "On-the-fly" syntax checking information may be incorrect. [C:\Users\kille\Documents\GitHub\TFM-UPM\Practica\Prueba1_demo_v1.0\prueba1_demo.srcs\sources_1\new\i2s_transceiver.vhd:]
WARNING: [filemgmt 56-199] Attempt to get parsing info during refresh. "On-the-fly" syntax checking information may be incorrect. [C:\Users\kille\Documents\GitHub\TFM-UPM\Practica\Prueba1_demo_v1.0\prueba1_demo.srcs\sources_1\new\audio_player.vhd:]
WARNING: [filemgmt 56-199] Attempt to get parsing info during refresh. "On-the-fly" syntax checking information may be incorrect. [C:\Users\kille\Documents\GitHub\TFM-UPM\Practica\Prueba1_demo_v1.0\prueba1_demo.srcs\sources_1\new\tas2110_i2c_ctrl.vhd:]
WARNING: [filemgmt 56-199] Attempt to get parsing info during refresh. "On-the-fly" syntax checking information may be incorrect. [C:\Users\kille\Documents\GitHub\TFM-UPM\Practica\Prueba1_demo_v1.0\prueba1_demo.srcs\sources_1\new\tas2110_i2c_ctrl.vhd:]
WARNING: [filemgmt 56-199] Attempt to get parsing info during refresh. "On-the-fly" syntax checking information may be incorrect. [C:\Users\kille\Documents\GitHub\TFM-UPM\Practica\Prueba1_demo_v1.0\prueba1_demo.srcs\sources_1\new\tas2110_i2c_ctrl.vhd:]
ERROR: [Common 17-180] Spawn failed: La operación se completó correctamente.

WARNING: [filemgmt 56-199] Attempt to get parsing info during refresh. "On-the-fly" syntax checking information may be incorrect. [C:\Users\kille\Documents\GitHub\TFM-UPM\Practica\Prueba1_demo_v1.0\prueba1_demo.srcs\sources_1\new\top_system.vhd:]
WARNING: [filemgmt 56-199] Attempt to get parsing info during refresh. "On-the-fly" syntax checking information may be incorrect. [C:\Users\kille\Documents\GitHub\TFM-UPM\Practica\Prueba1_demo_v1.0\prueba1_demo.srcs\sources_1\new\apa102_ctrl.vhd:]
WARNING: [filemgmt 56-199] Attempt to get parsing info during refresh. "On-the-fly" syntax checking information may be incorrect. [C:\Users\kille\Documents\GitHub\TFM-UPM\Practica\Prueba1_demo_v1.0\prueba1_demo.srcs\sources_1\new\i2s_transceiver.vhd:]
WARNING: [filemgmt 56-199] Attempt to get parsing info during refresh. "On-the-fly" syntax checking information may be incorrect. [C:\Users\kille\Documents\GitHub\TFM-UPM\Practica\Prueba1_demo_v1.0\prueba1_demo.srcs\sources_1\new\audio_player.vhd:]
WARNING: [filemgmt 56-199] Attempt to get parsing info during refresh. "On-the-fly" syntax checking information may be incorrect. [C:\Users\kille\Documents\GitHub\TFM-UPM\Practica\Prueba1_demo_v1.0\prueba1_demo.srcs\sources_1\new\tas2110_i2c_ctrl.vhd:]
WARNING: [filemgmt 56-199] Attempt to get parsing info during refresh. "On-the-fly" syntax checking information may be incorrect. [C:\Users\kille\Documents\GitHub\TFM-UPM\Practica\Prueba1_demo_v1.0\prueba1_demo.srcs\sources_1\new\top_system.vhd:]
WARNING: [filemgmt 56-199] Attempt to get parsing info during refresh. "On-the-fly" syntax checking information may be incorrect. [C:\Users\kille\Documents\GitHub\TFM-UPM\Practica\Prueba1_demo_v1.0\prueba1_demo.srcs\sources_1\new\top_system.vhd:]
WARNING: [filemgmt 56-199] Attempt to get parsing info during refresh. "On-the-fly" syntax checking information may be incorrect. [C:\Users\kille\Documents\GitHub\TFM-UPM\Practica\Prueba1_demo_v1.0\prueba1_demo.srcs\sources_1\new\top_system.vhd:]
WARNING: [filemgmt 56-199] Attempt to get parsing info during refresh. "On-the-fly" syntax checking information may be incorrect. [C:\Users\kille\Documents\GitHub\TFM-UPM\Practica\Prueba1_demo_v1.0\prueba1_demo.srcs\sources_1\new\apa102_ctrl.vhd:]
WARNING: [filemgmt 56-199] Attempt to get parsing info during refresh. "On-the-fly" syntax checking information may be incorrect. [C:\Users\kille\Documents\GitHub\TFM-UPM\Practica\Prueba1_demo_v1.0\prueba1_demo.srcs\sources_1\new\i2s_transceiver.vhd:]
WARNING: [filemgmt 56-199] Attempt to get parsing info during refresh. "On-the-fly" syntax checking information may be incorrect. [C:\Users\kille\Documents\GitHub\TFM-UPM\Practica\Prueba1_demo_v1.0\prueba1_demo.srcs\sources_1\new\audio_player.vhd:]
WARNING: [filemgmt 56-199] Attempt to get parsing info during refresh. "On-the-fly" syntax checking information may be incorrect. [C:\Users\kille\Documents\GitHub\TFM-UPM\Practica\Prueba1_demo_v1.0\prueba1_demo.srcs\sources_1\new\tas2110_i2c_ctrl.vhd:]
WARNING: [filemgmt 56-199] Attempt to get parsing info during refresh. "On-the-fly" syntax checking information may be incorrect. [C:\Users\kille\Documents\GitHub\TFM-UPM\Practica\Prueba1_demo_v1.0\prueba1_demo.srcs\sources_1\new\i2s_transceiver.vhd:]
WARNING: [filemgmt 56-199] Attempt to get parsing info during refresh. "On-the-fly" syntax checking information may be incorrect. [C:\Users\kille\Documents\GitHub\TFM-UPM\Practica\Prueba1_demo_v1.0\prueba1_demo.srcs\sources_1\new\i2s_transceiver.vhd:]
report_ip_status -name ip_status 
validate_bd_design
WARNING: [BD 41-1781] Updates have been made to one or more nets/interface connections marked for debug.
Debug nets, which are already connected to any ILA IP core in the block-design, will be automatically available for debug in Hardware Manager.
For unconnected Debug nets, please open synthesized design and use 'Set Up Debug' wizard to insert, modify or delete Debug Cores. 
INFO: [xilinx.com:ip:clk_wiz:6.0-1] /clk_wiz_0 clk_wiz propagate
save_bd_design
Wrote  : <C:\Users\kille\Documents\GitHub\TFM-UPM\Practica\Prueba1_demo_v1.0\prueba1_demo.srcs\sources_1\bd\design_1\design_1.bd> 
Wrote  : <C:/Users/kille/Documents/GitHub/TFM-UPM/Practica/Prueba1_demo_v1.0/prueba1_demo.srcs/sources_1/bd/design_1/ui/bd_1f5defd0.ui> 
launch_runs impl_1 -to_step write_bitstream -jobs 12
INFO: [BD 41-1662] The design 'design_1.bd' is already validated. Therefore parameter propagation will not be re-run.
WARNING: [BD 41-3257] Drive strength cannot be preserved for ports connected to net btn_center_0_0_1 as it is marked for debug
WARNING: [BD 41-3256] Drive strength cannot be preserved for ports connected to net btn_right_0_0_1 as it connected to debug IP /system_ila_1 
WARNING: [BD 41-3256] Drive strength cannot be preserved for ports connected to net clk_100Mhz_0_1 as it connected to debug IP /system_ila_0 
WARNING: [BD 41-3257] Drive strength cannot be preserved for ports connected to net top_system_0_dbg_scl_out as it is marked for debug
WARNING: [BD 41-3257] Drive strength cannot be preserved for ports connected to net top_system_0_dbg_sda_out as it is marked for debug
WARNING: [BD 41-3257] Drive strength cannot be preserved for ports connected to net top_system_0_i2s_dout as it is marked for debug
WARNING: [BD 41-3256] Drive strength cannot be preserved for ports connected to net top_system_0_led_clk as it connected to debug IP /system_ila_0 
WARNING: [BD 41-3257] Drive strength cannot be preserved for ports connected to net top_system_0_led_data as it is marked for debug
VHDL Output written to : c:/Users/kille/Documents/GitHub/TFM-UPM/Practica/Prueba1_demo_v1.0/prueba1_demo.gen/sources_1/bd/design_1/synth/design_1.vhd
WARNING: [BD 41-3257] Drive strength cannot be preserved for ports connected to net btn_center_0_0_1 as it is marked for debug
WARNING: [BD 41-3256] Drive strength cannot be preserved for ports connected to net btn_right_0_0_1 as it connected to debug IP /system_ila_1 
WARNING: [BD 41-3256] Drive strength cannot be preserved for ports connected to net clk_100Mhz_0_1 as it connected to debug IP /system_ila_0 
WARNING: [BD 41-3257] Drive strength cannot be preserved for ports connected to net top_system_0_dbg_scl_out as it is marked for debug
WARNING: [BD 41-3257] Drive strength cannot be preserved for ports connected to net top_system_0_dbg_sda_out as it is marked for debug
WARNING: [BD 41-3257] Drive strength cannot be preserved for ports connected to net top_system_0_i2s_dout as it is marked for debug
WARNING: [BD 41-3256] Drive strength cannot be preserved for ports connected to net top_system_0_led_clk as it connected to debug IP /system_ila_0 
WARNING: [BD 41-3257] Drive strength cannot be preserved for ports connected to net top_system_0_led_data as it is marked for debug
VHDL Output written to : c:/Users/kille/Documents/GitHub/TFM-UPM/Practica/Prueba1_demo_v1.0/prueba1_demo.gen/sources_1/bd/design_1/sim/design_1.vhd
VHDL Output written to : c:/Users/kille/Documents/GitHub/TFM-UPM/Practica/Prueba1_demo_v1.0/prueba1_demo.gen/sources_1/bd/design_1/hdl/design_1_wrapper.vhd
INFO: [BD 41-1029] Generation completed for the IP Integrator block top_system_0 .
INFO: [BD 41-1637] Generated targets are already up-to-date for block design 'bd_f60c' - hence not re-generating.
INFO: [BD 41-1637] Generated targets are already up-to-date for block design 'bd_f69c' - hence not re-generating.
INFO: [BD 41-1982] Skipping generation for the cell util_vector_logic_0, which is locked by user.
Exporting to file c:/Users/kille/Documents/GitHub/TFM-UPM/Practica/Prueba1_demo_v1.0/prueba1_demo.gen/sources_1/bd/design_1/hw_handoff/design_1.hwh
Generated Hardware Definition File c:/Users/kille/Documents/GitHub/TFM-UPM/Practica/Prueba1_demo_v1.0/prueba1_demo.gen/sources_1/bd/design_1/synth/design_1.hwdef
[Thu Aug  6 17:23:31 2026] Launched design_1_top_system_0_1_synth_1, synth_1...
Run output will be captured here:
design_1_top_system_0_1_synth_1: C:/Users/kille/Documents/GitHub/TFM-UPM/Practica/Prueba1_demo_v1.0/prueba1_demo.runs/design_1_top_system_0_1_synth_1/runme.log
synth_1: C:/Users/kille/Documents/GitHub/TFM-UPM/Practica/Prueba1_demo_v1.0/prueba1_demo.runs/synth_1/runme.log
[Thu Aug  6 17:23:31 2026] Launched impl_1...
Run output will be captured here: C:/Users/kille/Documents/GitHub/TFM-UPM/Practica/Prueba1_demo_v1.0/prueba1_demo.runs/impl_1/runme.log
ERROR: [Common 17-180] Spawn failed: La operación se completó correctamente.

WARNING: [filemgmt 56-199] Attempt to get parsing info during refresh. "On-the-fly" syntax checking information may be incorrect. [C:\Users\kille\Documents\GitHub\TFM-UPM\Practica\Prueba1_demo_v1.0\prueba1_demo.srcs\sources_1\new\top_system.vhd:]
WARNING: [filemgmt 56-199] Attempt to get parsing info during refresh. "On-the-fly" syntax checking information may be incorrect. [C:\Users\kille\Documents\GitHub\TFM-UPM\Practica\Prueba1_demo_v1.0\prueba1_demo.srcs\sources_1\new\apa102_ctrl.vhd:]
WARNING: [filemgmt 56-199] Attempt to get parsing info during refresh. "On-the-fly" syntax checking information may be incorrect. [C:\Users\kille\Documents\GitHub\TFM-UPM\Practica\Prueba1_demo_v1.0\prueba1_demo.srcs\sources_1\new\i2s_transceiver.vhd:]
WARNING: [filemgmt 56-199] Attempt to get parsing info during refresh. "On-the-fly" syntax checking information may be incorrect. [C:\Users\kille\Documents\GitHub\TFM-UPM\Practica\Prueba1_demo_v1.0\prueba1_demo.srcs\sources_1\new\audio_player.vhd:]
WARNING: [filemgmt 56-199] Attempt to get parsing info during refresh. "On-the-fly" syntax checking information may be incorrect. [C:\Users\kille\Documents\GitHub\TFM-UPM\Practica\Prueba1_demo_v1.0\prueba1_demo.srcs\sources_1\new\tas2110_i2c_ctrl.vhd:]
WARNING: [filemgmt 56-199] Attempt to get parsing info during refresh. "On-the-fly" syntax checking information may be incorrect. [C:\Users\kille\Documents\GitHub\TFM-UPM\Practica\Prueba1_demo_v1.0\prueba1_demo.srcs\sources_1\new\apa102_ctrl.vhd:]
WARNING: [filemgmt 56-199] Attempt to get parsing info during refresh. "On-the-fly" syntax checking information may be incorrect. [C:\Users\kille\Documents\GitHub\TFM-UPM\Practica\Prueba1_demo_v1.0\prueba1_demo.srcs\sources_1\new\apa102_ctrl.vhd:]
WARNING: [filemgmt 56-199] Attempt to get parsing info during refresh. "On-the-fly" syntax checking information may be incorrect. [C:\Users\kille\Documents\GitHub\TFM-UPM\Practica\Prueba1_demo_v1.0\prueba1_demo.srcs\sources_1\new\top_system.vhd:]
WARNING: [filemgmt 56-199] Attempt to get parsing info during refresh. "On-the-fly" syntax checking information may be incorrect. [C:\Users\kille\Documents\GitHub\TFM-UPM\Practica\Prueba1_demo_v1.0\prueba1_demo.srcs\sources_1\new\apa102_ctrl.vhd:]
WARNING: [filemgmt 56-199] Attempt to get parsing info during refresh. "On-the-fly" syntax checking information may be incorrect. [C:\Users\kille\Documents\GitHub\TFM-UPM\Practica\Prueba1_demo_v1.0\prueba1_demo.srcs\sources_1\new\i2s_transceiver.vhd:]
WARNING: [filemgmt 56-199] Attempt to get parsing info during refresh. "On-the-fly" syntax checking information may be incorrect. [C:\Users\kille\Documents\GitHub\TFM-UPM\Practica\Prueba1_demo_v1.0\prueba1_demo.srcs\sources_1\new\audio_player.vhd:]
WARNING: [filemgmt 56-199] Attempt to get parsing info during refresh. "On-the-fly" syntax checking information may be incorrect. [C:\Users\kille\Documents\GitHub\TFM-UPM\Practica\Prueba1_demo_v1.0\prueba1_demo.srcs\sources_1\new\tas2110_i2c_ctrl.vhd:]
WARNING: [filemgmt 56-199] Attempt to get parsing info during refresh. "On-the-fly" syntax checking information may be incorrect. [C:\Users\kille\Documents\GitHub\TFM-UPM\Practica\Prueba1_demo_v1.0\prueba1_demo.srcs\sources_1\new\tas2110_i2c_ctrl.vhd:]
WARNING: [filemgmt 56-199] Attempt to get parsing info during refresh. "On-the-fly" syntax checking information may be incorrect. [C:\Users\kille\Documents\GitHub\TFM-UPM\Practica\Prueba1_demo_v1.0\prueba1_demo.srcs\sources_1\new\tas2110_i2c_ctrl.vhd:]
WARNING: [filemgmt 56-199] Attempt to get parsing info during refresh. "On-the-fly" syntax checking information may be incorrect. [C:\Users\kille\Documents\GitHub\TFM-UPM\Practica\Prueba1_demo_v1.0\prueba1_demo.srcs\sources_1\new\top_system.vhd:]
WARNING: [filemgmt 56-199] Attempt to get parsing info during refresh. "On-the-fly" syntax checking information may be incorrect. [C:\Users\kille\Documents\GitHub\TFM-UPM\Practica\Prueba1_demo_v1.0\prueba1_demo.srcs\sources_1\new\apa102_ctrl.vhd:]
WARNING: [filemgmt 56-199] Attempt to get parsing info during refresh. "On-the-fly" syntax checking information may be incorrect. [C:\Users\kille\Documents\GitHub\TFM-UPM\Practica\Prueba1_demo_v1.0\prueba1_demo.srcs\sources_1\new\i2s_transceiver.vhd:]
WARNING: [filemgmt 56-199] Attempt to get parsing info during refresh. "On-the-fly" syntax checking information may be incorrect. [C:\Users\kille\Documents\GitHub\TFM-UPM\Practica\Prueba1_demo_v1.0\prueba1_demo.srcs\sources_1\new\audio_player.vhd:]
WARNING: [filemgmt 56-199] Attempt to get parsing info during refresh. "On-the-fly" syntax checking information may be incorrect. [C:\Users\kille\Documents\GitHub\TFM-UPM\Practica\Prueba1_demo_v1.0\prueba1_demo.srcs\sources_1\new\tas2110_i2c_ctrl.vhd:]
WARNING: [filemgmt 56-199] Attempt to get parsing info during refresh. "On-the-fly" syntax checking information may be incorrect. [C:\Users\kille\Documents\GitHub\TFM-UPM\Practica\Prueba1_demo_v1.0\prueba1_demo.srcs\sources_1\new\audio_player.vhd:]
WARNING: [filemgmt 56-199] Attempt to get parsing info during refresh. "On-the-fly" syntax checking information may be incorrect. [C:\Users\kille\Documents\GitHub\TFM-UPM\Practica\Prueba1_demo_v1.0\prueba1_demo.srcs\sources_1\new\audio_player.vhd:]
ERROR: [Common 17-180] Spawn failed: La operación se completó correctamente.

WARNING: [filemgmt 56-199] Attempt to get parsing info during refresh. "On-the-fly" syntax checking information may be incorrect. [C:\Users\kille\Documents\GitHub\TFM-UPM\Practica\Prueba1_demo_v1.0\prueba1_demo.srcs\sources_1\new\top_system.vhd:]
WARNING: [filemgmt 56-199] Attempt to get parsing info during refresh. "On-the-fly" syntax checking information may be incorrect. [C:\Users\kille\Documents\GitHub\TFM-UPM\Practica\Prueba1_demo_v1.0\prueba1_demo.srcs\sources_1\new\apa102_ctrl.vhd:]
WARNING: [filemgmt 56-199] Attempt to get parsing info during refresh. "On-the-fly" syntax checking information may be incorrect. [C:\Users\kille\Documents\GitHub\TFM-UPM\Practica\Prueba1_demo_v1.0\prueba1_demo.srcs\sources_1\new\i2s_transceiver.vhd:]
WARNING: [filemgmt 56-199] Attempt to get parsing info during refresh. "On-the-fly" syntax checking information may be incorrect. [C:\Users\kille\Documents\GitHub\TFM-UPM\Practica\Prueba1_demo_v1.0\prueba1_demo.srcs\sources_1\new\audio_player.vhd:]
WARNING: [filemgmt 56-199] Attempt to get parsing info during refresh. "On-the-fly" syntax checking information may be incorrect. [C:\Users\kille\Documents\GitHub\TFM-UPM\Practica\Prueba1_demo_v1.0\prueba1_demo.srcs\sources_1\new\tas2110_i2c_ctrl.vhd:]
WARNING: [filemgmt 56-199] Attempt to get parsing info during refresh. "On-the-fly" syntax checking information may be incorrect. [C:\Users\kille\Documents\GitHub\TFM-UPM\Practica\Prueba1_demo_v1.0\prueba1_demo.srcs\sources_1\new\top_system.vhd:]
WARNING: [filemgmt 56-199] Attempt to get parsing info during refresh. "On-the-fly" syntax checking information may be incorrect. [C:\Users\kille\Documents\GitHub\TFM-UPM\Practica\Prueba1_demo_v1.0\prueba1_demo.srcs\sources_1\new\top_system.vhd:]
ERROR: [Common 17-180] Spawn failed: La operación se completó correctamente.

WARNING: [filemgmt 56-199] Attempt to get parsing info during refresh. "On-the-fly" syntax checking information may be incorrect. [C:\Users\kille\Documents\GitHub\TFM-UPM\Practica\Prueba1_demo_v1.0\prueba1_demo.srcs\sources_1\new\top_system.vhd:]
WARNING: [filemgmt 56-199] Attempt to get parsing info during refresh. "On-the-fly" syntax checking information may be incorrect. [C:\Users\kille\Documents\GitHub\TFM-UPM\Practica\Prueba1_demo_v1.0\prueba1_demo.srcs\sources_1\new\apa102_ctrl.vhd:]
WARNING: [filemgmt 56-199] Attempt to get parsing info during refresh. "On-the-fly" syntax checking information may be incorrect. [C:\Users\kille\Documents\GitHub\TFM-UPM\Practica\Prueba1_demo_v1.0\prueba1_demo.srcs\sources_1\new\i2s_transceiver.vhd:]
WARNING: [filemgmt 56-199] Attempt to get parsing info during refresh. "On-the-fly" syntax checking information may be incorrect. [C:\Users\kille\Documents\GitHub\TFM-UPM\Practica\Prueba1_demo_v1.0\prueba1_demo.srcs\sources_1\new\audio_player.vhd:]
WARNING: [filemgmt 56-199] Attempt to get parsing info during refresh. "On-the-fly" syntax checking information may be incorrect. [C:\Users\kille\Documents\GitHub\TFM-UPM\Practica\Prueba1_demo_v1.0\prueba1_demo.srcs\sources_1\new\tas2110_i2c_ctrl.vhd:]
WARNING: [filemgmt 56-199] Attempt to get parsing info during refresh. "On-the-fly" syntax checking information may be incorrect. [C:\Users\kille\Documents\GitHub\TFM-UPM\Practica\Prueba1_demo_v1.0\prueba1_demo.srcs\sources_1\new\audio_player.vhd:]
WARNING: [filemgmt 56-199] Attempt to get parsing info during refresh. "On-the-fly" syntax checking information may be incorrect. [C:\Users\kille\Documents\GitHub\TFM-UPM\Practica\Prueba1_demo_v1.0\prueba1_demo.srcs\sources_1\new\audio_player.vhd:]
WARNING: [filemgmt 56-199] Attempt to get parsing info during refresh. "On-the-fly" syntax checking information may be incorrect. [C:\Users\kille\Documents\GitHub\TFM-UPM\Practica\Prueba1_demo_v1.0\prueba1_demo.srcs\sources_1\new\top_system.vhd:]
WARNING: [filemgmt 56-199] Attempt to get parsing info during refresh. "On-the-fly" syntax checking information may be incorrect. [C:\Users\kille\Documents\GitHub\TFM-UPM\Practica\Prueba1_demo_v1.0\prueba1_demo.srcs\sources_1\new\apa102_ctrl.vhd:]
WARNING: [filemgmt 56-199] Attempt to get parsing info during refresh. "On-the-fly" syntax checking information may be incorrect. [C:\Users\kille\Documents\GitHub\TFM-UPM\Practica\Prueba1_demo_v1.0\prueba1_demo.srcs\sources_1\new\i2s_transceiver.vhd:]
WARNING: [filemgmt 56-199] Attempt to get parsing info during refresh. "On-the-fly" syntax checking information may be incorrect. [C:\Users\kille\Documents\GitHub\TFM-UPM\Practica\Prueba1_demo_v1.0\prueba1_demo.srcs\sources_1\new\audio_player.vhd:]
WARNING: [filemgmt 56-199] Attempt to get parsing info during refresh. "On-the-fly" syntax checking information may be incorrect. [C:\Users\kille\Documents\GitHub\TFM-UPM\Practica\Prueba1_demo_v1.0\prueba1_demo.srcs\sources_1\new\tas2110_i2c_ctrl.vhd:]
WARNING: [filemgmt 56-199] Attempt to get parsing info during refresh. "On-the-fly" syntax checking information may be incorrect. [C:\Users\kille\Documents\GitHub\TFM-UPM\Practica\Prueba1_demo_v1.0\prueba1_demo.srcs\sources_1\new\i2s_transceiver.vhd:]
WARNING: [filemgmt 56-199] Attempt to get parsing info during refresh. "On-the-fly" syntax checking information may be incorrect. [C:\Users\kille\Documents\GitHub\TFM-UPM\Practica\Prueba1_demo_v1.0\prueba1_demo.srcs\sources_1\new\i2s_transceiver.vhd:]
WARNING: [filemgmt 56-199] Attempt to get parsing info during refresh. "On-the-fly" syntax checking information may be incorrect. [C:\Users\kille\Documents\GitHub\TFM-UPM\Practica\Prueba1_demo_v1.0\prueba1_demo.srcs\sources_1\new\top_system.vhd:]
WARNING: [filemgmt 56-199] Attempt to get parsing info during refresh. "On-the-fly" syntax checking information may be incorrect. [C:\Users\kille\Documents\GitHub\TFM-UPM\Practica\Prueba1_demo_v1.0\prueba1_demo.srcs\sources_1\new\apa102_ctrl.vhd:]
WARNING: [filemgmt 56-199] Attempt to get parsing info during refresh. "On-the-fly" syntax checking information may be incorrect. [C:\Users\kille\Documents\GitHub\TFM-UPM\Practica\Prueba1_demo_v1.0\prueba1_demo.srcs\sources_1\new\i2s_transceiver.vhd:]
WARNING: [filemgmt 56-199] Attempt to get parsing info during refresh. "On-the-fly" syntax checking information may be incorrect. [C:\Users\kille\Documents\GitHub\TFM-UPM\Practica\Prueba1_demo_v1.0\prueba1_demo.srcs\sources_1\new\audio_player.vhd:]
WARNING: [filemgmt 56-199] Attempt to get parsing info during refresh. "On-the-fly" syntax checking information may be incorrect. [C:\Users\kille\Documents\GitHub\TFM-UPM\Practica\Prueba1_demo_v1.0\prueba1_demo.srcs\sources_1\new\tas2110_i2c_ctrl.vhd:]
WARNING: [filemgmt 56-199] Attempt to get parsing info during refresh. "On-the-fly" syntax checking information may be incorrect. [C:\Users\kille\Documents\GitHub\TFM-UPM\Practica\Prueba1_demo_v1.0\prueba1_demo.srcs\sources_1\new\apa102_ctrl.vhd:]
WARNING: [filemgmt 56-199] Attempt to get parsing info during refresh. "On-the-fly" syntax checking information may be incorrect. [C:\Users\kille\Documents\GitHub\TFM-UPM\Practica\Prueba1_demo_v1.0\prueba1_demo.srcs\sources_1\new\apa102_ctrl.vhd:]
open_hw_manager
connect_hw_server -allow_non_jtag
INFO: [Labtools 27-2285] Connecting to hw_server url TCP:localhost:3121
INFO: [Labtools 27-2222] Launching hw_server...
INFO: [Labtools 27-2221] Launch Output:

****** Xilinx hw_server v2025.1
  **** Build date : May  6 2025 at 09:15:36
    ** Copyright 1986-2022 Xilinx, Inc. All Rights Reserved.


INFO: [Labtools 27-3415] Connecting to cs_server url TCP:localhost:0
INFO: [Labtools 27-3417] Launching cs_server...
INFO: [Labtools 27-2221] Launch Output:


******** Xilinx cs_server v2025.1.0
  ****** Build date   : May 13 2025-21:15:27
    **** Build number : 2025.1.1747163727
      ** Copyright 2017-2022 Xilinx, Inc. All Rights Reserved.
      ** Copyright 2022-2026 Advanced Micro Devices, Inc. All Rights Reserved.



connect_hw_server: Time (s): cpu = 00:00:01 ; elapsed = 00:00:06 . Memory (MB): peak = 2724.457 ; gain = 0.000
open_hw_target
INFO: [Labtoolstcl 44-466] Opening hw_target localhost:3121/xilinx_tcf/Digilent/210292AD31A3A
set_property PROGRAM.FILE {C:/Users/kille/Documents/GitHub/TFM-UPM/Practica/Prueba1_demo_v1.0/prueba1_demo.runs/impl_1/design_1_wrapper.bit} [get_hw_devices xc7a100t_0]
set_property PROBES.FILE {C:/Users/kille/Documents/GitHub/TFM-UPM/Practica/Prueba1_demo_v1.0/prueba1_demo.runs/impl_1/design_1_wrapper.ltx} [get_hw_devices xc7a100t_0]
set_property FULL_PROBES.FILE {C:/Users/kille/Documents/GitHub/TFM-UPM/Practica/Prueba1_demo_v1.0/prueba1_demo.runs/impl_1/design_1_wrapper.ltx} [get_hw_devices xc7a100t_0]
current_hw_device [get_hw_devices xc7a100t_0]
refresh_hw_device [lindex [get_hw_devices xc7a100t_0] 0]
INFO: [Labtools 27-2302] Device xc7a100t (JTAG device index = 0) is programmed with a design that has 2 ILA core(s).
display_hw_ila_data [ get_hw_ila_data hw_ila_data_1 -of_objects [get_hw_ilas -of_objects [get_hw_devices xc7a100t_0] -filter {CELL_NAME=~"design_1_i/system_ila_0/U0/ila_lib"}]]
display_hw_ila_data [ get_hw_ila_data hw_ila_data_2 -of_objects [get_hw_ilas -of_objects [get_hw_devices xc7a100t_0] -filter {CELL_NAME=~"design_1_i/system_ila_1/U0/ila_lib"}]]
set_property PROBES.FILE {C:/Users/kille/Documents/GitHub/TFM-UPM/Practica/Prueba1_demo_v1.0/prueba1_demo.runs/impl_1/design_1_wrapper.ltx} [get_hw_devices xc7a100t_0]
set_property FULL_PROBES.FILE {C:/Users/kille/Documents/GitHub/TFM-UPM/Practica/Prueba1_demo_v1.0/prueba1_demo.runs/impl_1/design_1_wrapper.ltx} [get_hw_devices xc7a100t_0]
set_property PROGRAM.FILE {C:/Users/kille/Documents/GitHub/TFM-UPM/Practica/Prueba1_demo_v1.0/prueba1_demo.runs/impl_1/design_1_wrapper.bit} [get_hw_devices xc7a100t_0]
program_hw_devices [get_hw_devices xc7a100t_0]
INFO: [Labtools 27-3164] End of startup status: HIGH
refresh_hw_device [lindex [get_hw_devices xc7a100t_0] 0]
INFO: [Labtools 27-2302] Device xc7a100t (JTAG device index = 0) is programmed with a design that has 2 ILA core(s).
WARNING: [filemgmt 56-199] Attempt to get parsing info during refresh. "On-the-fly" syntax checking information may be incorrect. [C:\Users\kille\Documents\GitHub\TFM-UPM\Practica\Prueba1_demo_v1.0\prueba1_demo.srcs\sources_1\new\top_system.vhd:]
WARNING: [filemgmt 56-199] Attempt to get parsing info during refresh. "On-the-fly" syntax checking information may be incorrect. [C:\Users\kille\Documents\GitHub\TFM-UPM\Practica\Prueba1_demo_v1.0\prueba1_demo.srcs\sources_1\new\apa102_ctrl.vhd:]
WARNING: [filemgmt 56-199] Attempt to get parsing info during refresh. "On-the-fly" syntax checking information may be incorrect. [C:\Users\kille\Documents\GitHub\TFM-UPM\Practica\Prueba1_demo_v1.0\prueba1_demo.srcs\sources_1\new\i2s_transceiver.vhd:]
WARNING: [filemgmt 56-199] Attempt to get parsing info during refresh. "On-the-fly" syntax checking information may be incorrect. [C:\Users\kille\Documents\GitHub\TFM-UPM\Practica\Prueba1_demo_v1.0\prueba1_demo.srcs\sources_1\new\audio_player.vhd:]
WARNING: [filemgmt 56-199] Attempt to get parsing info during refresh. "On-the-fly" syntax checking information may be incorrect. [C:\Users\kille\Documents\GitHub\TFM-UPM\Practica\Prueba1_demo_v1.0\prueba1_demo.srcs\sources_1\new\tas2110_i2c_ctrl.vhd:]
WARNING: [filemgmt 56-199] Attempt to get parsing info during refresh. "On-the-fly" syntax checking information may be incorrect. [C:\Users\kille\Documents\GitHub\TFM-UPM\Practica\Prueba1_demo_v1.0\prueba1_demo.srcs\sources_1\new\top_system.vhd:]
WARNING: [filemgmt 56-199] Attempt to get parsing info during refresh. "On-the-fly" syntax checking information may be incorrect. [C:\Users\kille\Documents\GitHub\TFM-UPM\Practica\Prueba1_demo_v1.0\prueba1_demo.srcs\sources_1\new\top_system.vhd:]
WARNING: [filemgmt 56-199] Attempt to get parsing info during refresh. "On-the-fly" syntax checking information may be incorrect. [C:\Users\kille\Documents\GitHub\TFM-UPM\Practica\Prueba1_demo_v1.0\prueba1_demo.srcs\sources_1\new\top_system.vhd:]
WARNING: [filemgmt 56-199] Attempt to get parsing info during refresh. "On-the-fly" syntax checking information may be incorrect. [C:\Users\kille\Documents\GitHub\TFM-UPM\Practica\Prueba1_demo_v1.0\prueba1_demo.srcs\sources_1\new\apa102_ctrl.vhd:]
WARNING: [filemgmt 56-199] Attempt to get parsing info during refresh. "On-the-fly" syntax checking information may be incorrect. [C:\Users\kille\Documents\GitHub\TFM-UPM\Practica\Prueba1_demo_v1.0\prueba1_demo.srcs\sources_1\new\i2s_transceiver.vhd:]
WARNING: [filemgmt 56-199] Attempt to get parsing info during refresh. "On-the-fly" syntax checking information may be incorrect. [C:\Users\kille\Documents\GitHub\TFM-UPM\Practica\Prueba1_demo_v1.0\prueba1_demo.srcs\sources_1\new\audio_player.vhd:]
WARNING: [filemgmt 56-199] Attempt to get parsing info during refresh. "On-the-fly" syntax checking information may be incorrect. [C:\Users\kille\Documents\GitHub\TFM-UPM\Practica\Prueba1_demo_v1.0\prueba1_demo.srcs\sources_1\new\tas2110_i2c_ctrl.vhd:]
WARNING: [filemgmt 56-199] Attempt to get parsing info during refresh. "On-the-fly" syntax checking information may be incorrect. [C:\Users\kille\Documents\GitHub\TFM-UPM\Practica\Prueba1_demo_v1.0\prueba1_demo.srcs\sources_1\new\audio_player.vhd:]
WARNING: [filemgmt 56-199] Attempt to get parsing info during refresh. "On-the-fly" syntax checking information may be incorrect. [C:\Users\kille\Documents\GitHub\TFM-UPM\Practica\Prueba1_demo_v1.0\prueba1_demo.srcs\sources_1\new\audio_player.vhd:]
WARNING: [filemgmt 56-199] Attempt to get parsing info during refresh. "On-the-fly" syntax checking information may be incorrect. [C:\Users\kille\Documents\GitHub\TFM-UPM\Practica\Prueba1_demo_v1.0\prueba1_demo.srcs\sources_1\new\top_system.vhd:]
WARNING: [filemgmt 56-199] Attempt to get parsing info during refresh. "On-the-fly" syntax checking information may be incorrect. [C:\Users\kille\Documents\GitHub\TFM-UPM\Practica\Prueba1_demo_v1.0\prueba1_demo.srcs\sources_1\new\apa102_ctrl.vhd:]
WARNING: [filemgmt 56-199] Attempt to get parsing info during refresh. "On-the-fly" syntax checking information may be incorrect. [C:\Users\kille\Documents\GitHub\TFM-UPM\Practica\Prueba1_demo_v1.0\prueba1_demo.srcs\sources_1\new\i2s_transceiver.vhd:]
WARNING: [filemgmt 56-199] Attempt to get parsing info during refresh. "On-the-fly" syntax checking information may be incorrect. [C:\Users\kille\Documents\GitHub\TFM-UPM\Practica\Prueba1_demo_v1.0\prueba1_demo.srcs\sources_1\new\audio_player.vhd:]
WARNING: [filemgmt 56-199] Attempt to get parsing info during refresh. "On-the-fly" syntax checking information may be incorrect. [C:\Users\kille\Documents\GitHub\TFM-UPM\Practica\Prueba1_demo_v1.0\prueba1_demo.srcs\sources_1\new\tas2110_i2c_ctrl.vhd:]
WARNING: [filemgmt 56-199] Attempt to get parsing info during refresh. "On-the-fly" syntax checking information may be incorrect. [C:\Users\kille\Documents\GitHub\TFM-UPM\Practica\Prueba1_demo_v1.0\prueba1_demo.srcs\sources_1\new\apa102_ctrl.vhd:]
WARNING: [filemgmt 56-199] Attempt to get parsing info during refresh. "On-the-fly" syntax checking information may be incorrect. [C:\Users\kille\Documents\GitHub\TFM-UPM\Practica\Prueba1_demo_v1.0\prueba1_demo.srcs\sources_1\new\apa102_ctrl.vhd:]
WARNING: [filemgmt 56-199] Attempt to get parsing info during refresh. "On-the-fly" syntax checking information may be incorrect. [C:\Users\kille\Documents\GitHub\TFM-UPM\Practica\Prueba1_demo_v1.0\prueba1_demo.srcs\sources_1\new\top_system.vhd:]
WARNING: [filemgmt 56-199] Attempt to get parsing info during refresh. "On-the-fly" syntax checking information may be incorrect. [C:\Users\kille\Documents\GitHub\TFM-UPM\Practica\Prueba1_demo_v1.0\prueba1_demo.srcs\sources_1\new\apa102_ctrl.vhd:]
WARNING: [filemgmt 56-199] Attempt to get parsing info during refresh. "On-the-fly" syntax checking information may be incorrect. [C:\Users\kille\Documents\GitHub\TFM-UPM\Practica\Prueba1_demo_v1.0\prueba1_demo.srcs\sources_1\new\i2s_transceiver.vhd:]
WARNING: [filemgmt 56-199] Attempt to get parsing info during refresh. "On-the-fly" syntax checking information may be incorrect. [C:\Users\kille\Documents\GitHub\TFM-UPM\Practica\Prueba1_demo_v1.0\prueba1_demo.srcs\sources_1\new\audio_player.vhd:]
WARNING: [filemgmt 56-199] Attempt to get parsing info during refresh. "On-the-fly" syntax checking information may be incorrect. [C:\Users\kille\Documents\GitHub\TFM-UPM\Practica\Prueba1_demo_v1.0\prueba1_demo.srcs\sources_1\new\tas2110_i2c_ctrl.vhd:]
WARNING: [filemgmt 56-199] Attempt to get parsing info during refresh. "On-the-fly" syntax checking information may be incorrect. [C:\Users\kille\Documents\GitHub\TFM-UPM\Practica\Prueba1_demo_v1.0\prueba1_demo.srcs\sources_1\new\i2s_transceiver.vhd:]
WARNING: [filemgmt 56-199] Attempt to get parsing info during refresh. "On-the-fly" syntax checking information may be incorrect. [C:\Users\kille\Documents\GitHub\TFM-UPM\Practica\Prueba1_demo_v1.0\prueba1_demo.srcs\sources_1\new\i2s_transceiver.vhd:]
save_wave_config {C:/Users/kille/Documents/GitHub/TFM-UPM/Practica/Prueba1_demo_v1.0/prueba1_demo.hw/hw_1/wave/hw_ila_data_1/hw_ila_data_1.wcfg}
save_wave_config {C:/Users/kille/Documents/GitHub/TFM-UPM/Practica/Prueba1_demo_v1.0/prueba1_demo.hw/hw_1/wave/hw_ila_data_2/hw_ila_data_2.wcfg}
close_hw_manager
reset_run synth_1
INFO: [Project 1-1161] Replacing file C:/Users/kille/Documents/GitHub/TFM-UPM/Practica/Prueba1_demo_v1.0/prueba1_demo.srcs/utils_1/imports/synth_1/top_system.dcp with file C:/Users/kille/Documents/GitHub/TFM-UPM/Practica/Prueba1_demo_v1.0/prueba1_demo.runs/synth_1/design_1_wrapper.dcp
reset_run design_1_top_system_0_1_synth_1
launch_runs impl_1 -to_step write_bitstream -jobs 12
[Thu Aug  6 17:36:45 2026] Launched design_1_top_system_0_1_synth_1, synth_1...
Run output will be captured here:
design_1_top_system_0_1_synth_1: C:/Users/kille/Documents/GitHub/TFM-UPM/Practica/Prueba1_demo_v1.0/prueba1_demo.runs/design_1_top_system_0_1_synth_1/runme.log
synth_1: C:/Users/kille/Documents/GitHub/TFM-UPM/Practica/Prueba1_demo_v1.0/prueba1_demo.runs/synth_1/runme.log
[Thu Aug  6 17:36:45 2026] Launched impl_1...
Run output will be captured here: C:/Users/kille/Documents/GitHub/TFM-UPM/Practica/Prueba1_demo_v1.0/prueba1_demo.runs/impl_1/runme.log
WARNING: [filemgmt 56-199] Attempt to get parsing info during refresh. "On-the-fly" syntax checking information may be incorrect. [C:\Users\kille\Documents\GitHub\TFM-UPM\Practica\Prueba1_demo_v1.0\prueba1_demo.srcs\sources_1\new\top_system.vhd:]
WARNING: [filemgmt 56-199] Attempt to get parsing info during refresh. "On-the-fly" syntax checking information may be incorrect. [C:\Users\kille\Documents\GitHub\TFM-UPM\Practica\Prueba1_demo_v1.0\prueba1_demo.srcs\sources_1\new\apa102_ctrl.vhd:]
WARNING: [filemgmt 56-199] Attempt to get parsing info during refresh. "On-the-fly" syntax checking information may be incorrect. [C:\Users\kille\Documents\GitHub\TFM-UPM\Practica\Prueba1_demo_v1.0\prueba1_demo.srcs\sources_1\new\i2s_transceiver.vhd:]
WARNING: [filemgmt 56-199] Attempt to get parsing info during refresh. "On-the-fly" syntax checking information may be incorrect. [C:\Users\kille\Documents\GitHub\TFM-UPM\Practica\Prueba1_demo_v1.0\prueba1_demo.srcs\sources_1\new\audio_player.vhd:]
WARNING: [filemgmt 56-199] Attempt to get parsing info during refresh. "On-the-fly" syntax checking information may be incorrect. [C:\Users\kille\Documents\GitHub\TFM-UPM\Practica\Prueba1_demo_v1.0\prueba1_demo.srcs\sources_1\new\tas2110_i2c_ctrl.vhd:]
WARNING: [filemgmt 56-199] Attempt to get parsing info during refresh. "On-the-fly" syntax checking information may be incorrect. [C:\Users\kille\Documents\GitHub\TFM-UPM\Practica\Prueba1_demo_v1.0\prueba1_demo.srcs\sources_1\new\audio_player.vhd:]
WARNING: [filemgmt 56-199] Attempt to get parsing info during refresh. "On-the-fly" syntax checking information may be incorrect. [C:\Users\kille\Documents\GitHub\TFM-UPM\Practica\Prueba1_demo_v1.0\prueba1_demo.srcs\sources_1\new\audio_player.vhd:]
WARNING: [filemgmt 56-199] Attempt to get parsing info during refresh. "On-the-fly" syntax checking information may be incorrect. [C:\Users\kille\Documents\GitHub\TFM-UPM\Practica\Prueba1_demo_v1.0\prueba1_demo.srcs\sources_1\new\top_system.vhd:]
WARNING: [filemgmt 56-199] Attempt to get parsing info during refresh. "On-the-fly" syntax checking information may be incorrect. [C:\Users\kille\Documents\GitHub\TFM-UPM\Practica\Prueba1_demo_v1.0\prueba1_demo.srcs\sources_1\new\apa102_ctrl.vhd:]
WARNING: [filemgmt 56-199] Attempt to get parsing info during refresh. "On-the-fly" syntax checking information may be incorrect. [C:\Users\kille\Documents\GitHub\TFM-UPM\Practica\Prueba1_demo_v1.0\prueba1_demo.srcs\sources_1\new\i2s_transceiver.vhd:]
WARNING: [filemgmt 56-199] Attempt to get parsing info during refresh. "On-the-fly" syntax checking information may be incorrect. [C:\Users\kille\Documents\GitHub\TFM-UPM\Practica\Prueba1_demo_v1.0\prueba1_demo.srcs\sources_1\new\audio_player.vhd:]
WARNING: [filemgmt 56-199] Attempt to get parsing info during refresh. "On-the-fly" syntax checking information may be incorrect. [C:\Users\kille\Documents\GitHub\TFM-UPM\Practica\Prueba1_demo_v1.0\prueba1_demo.srcs\sources_1\new\tas2110_i2c_ctrl.vhd:]
WARNING: [filemgmt 56-199] Attempt to get parsing info during refresh. "On-the-fly" syntax checking information may be incorrect. [C:\Users\kille\Documents\GitHub\TFM-UPM\Practica\Prueba1_demo_v1.0\prueba1_demo.srcs\sources_1\new\i2s_transceiver.vhd:]
WARNING: [filemgmt 56-199] Attempt to get parsing info during refresh. "On-the-fly" syntax checking information may be incorrect. [C:\Users\kille\Documents\GitHub\TFM-UPM\Practica\Prueba1_demo_v1.0\prueba1_demo.srcs\sources_1\new\i2s_transceiver.vhd:]
WARNING: [filemgmt 56-199] Attempt to get parsing info during refresh. "On-the-fly" syntax checking information may be incorrect. [C:\Users\kille\Documents\GitHub\TFM-UPM\Practica\Prueba1_demo_v1.0\prueba1_demo.srcs\sources_1\new\top_system.vhd:]
WARNING: [filemgmt 56-199] Attempt to get parsing info during refresh. "On-the-fly" syntax checking information may be incorrect. [C:\Users\kille\Documents\GitHub\TFM-UPM\Practica\Prueba1_demo_v1.0\prueba1_demo.srcs\sources_1\new\apa102_ctrl.vhd:]
WARNING: [filemgmt 56-199] Attempt to get parsing info during refresh. "On-the-fly" syntax checking information may be incorrect. [C:\Users\kille\Documents\GitHub\TFM-UPM\Practica\Prueba1_demo_v1.0\prueba1_demo.srcs\sources_1\new\i2s_transceiver.vhd:]
WARNING: [filemgmt 56-199] Attempt to get parsing info during refresh. "On-the-fly" syntax checking information may be incorrect. [C:\Users\kille\Documents\GitHub\TFM-UPM\Practica\Prueba1_demo_v1.0\prueba1_demo.srcs\sources_1\new\audio_player.vhd:]
WARNING: [filemgmt 56-199] Attempt to get parsing info during refresh. "On-the-fly" syntax checking information may be incorrect. [C:\Users\kille\Documents\GitHub\TFM-UPM\Practica\Prueba1_demo_v1.0\prueba1_demo.srcs\sources_1\new\tas2110_i2c_ctrl.vhd:]
WARNING: [filemgmt 56-199] Attempt to get parsing info during refresh. "On-the-fly" syntax checking information may be incorrect. [C:\Users\kille\Documents\GitHub\TFM-UPM\Practica\Prueba1_demo_v1.0\prueba1_demo.srcs\sources_1\new\apa102_ctrl.vhd:]
WARNING: [filemgmt 56-199] Attempt to get parsing info during refresh. "On-the-fly" syntax checking information may be incorrect. [C:\Users\kille\Documents\GitHub\TFM-UPM\Practica\Prueba1_demo_v1.0\prueba1_demo.srcs\sources_1\new\apa102_ctrl.vhd:]
ERROR: [Common 17-180] Spawn failed: La operación se completó correctamente.

WARNING: [filemgmt 56-199] Attempt to get parsing info during refresh. "On-the-fly" syntax checking information may be incorrect. [C:\Users\kille\Documents\GitHub\TFM-UPM\Practica\Prueba1_demo_v1.0\prueba1_demo.srcs\sources_1\new\top_system.vhd:]
WARNING: [filemgmt 56-199] Attempt to get parsing info during refresh. "On-the-fly" syntax checking information may be incorrect. [C:\Users\kille\Documents\GitHub\TFM-UPM\Practica\Prueba1_demo_v1.0\prueba1_demo.srcs\sources_1\new\apa102_ctrl.vhd:]
WARNING: [filemgmt 56-199] Attempt to get parsing info during refresh. "On-the-fly" syntax checking information may be incorrect. [C:\Users\kille\Documents\GitHub\TFM-UPM\Practica\Prueba1_demo_v1.0\prueba1_demo.srcs\sources_1\new\i2s_transceiver.vhd:]
WARNING: [filemgmt 56-199] Attempt to get parsing info during refresh. "On-the-fly" syntax checking information may be incorrect. [C:\Users\kille\Documents\GitHub\TFM-UPM\Practica\Prueba1_demo_v1.0\prueba1_demo.srcs\sources_1\new\audio_player.vhd:]
WARNING: [filemgmt 56-199] Attempt to get parsing info during refresh. "On-the-fly" syntax checking information may be incorrect. [C:\Users\kille\Documents\GitHub\TFM-UPM\Practica\Prueba1_demo_v1.0\prueba1_demo.srcs\sources_1\new\tas2110_i2c_ctrl.vhd:]
WARNING: [filemgmt 56-199] Attempt to get parsing info during refresh. "On-the-fly" syntax checking information may be incorrect. [C:\Users\kille\Documents\GitHub\TFM-UPM\Practica\Prueba1_demo_v1.0\prueba1_demo.srcs\sources_1\new\top_system.vhd:]
WARNING: [filemgmt 56-199] Attempt to get parsing info during refresh. "On-the-fly" syntax checking information may be incorrect. [C:\Users\kille\Documents\GitHub\TFM-UPM\Practica\Prueba1_demo_v1.0\prueba1_demo.srcs\sources_1\new\top_system.vhd:]
ERROR: [Common 17-180] Spawn failed: La operación se completó correctamente.

WARNING: [filemgmt 56-199] Attempt to get parsing info during refresh. "On-the-fly" syntax checking information may be incorrect. [C:\Users\kille\Documents\GitHub\TFM-UPM\Practica\Prueba1_demo_v1.0\prueba1_demo.srcs\sources_1\new\top_system.vhd:]
WARNING: [filemgmt 56-199] Attempt to get parsing info during refresh. "On-the-fly" syntax checking information may be incorrect. [C:\Users\kille\Documents\GitHub\TFM-UPM\Practica\Prueba1_demo_v1.0\prueba1_demo.srcs\sources_1\new\apa102_ctrl.vhd:]
WARNING: [filemgmt 56-199] Attempt to get parsing info during refresh. "On-the-fly" syntax checking information may be incorrect. [C:\Users\kille\Documents\GitHub\TFM-UPM\Practica\Prueba1_demo_v1.0\prueba1_demo.srcs\sources_1\new\i2s_transceiver.vhd:]
WARNING: [filemgmt 56-199] Attempt to get parsing info during refresh. "On-the-fly" syntax checking information may be incorrect. [C:\Users\kille\Documents\GitHub\TFM-UPM\Practica\Prueba1_demo_v1.0\prueba1_demo.srcs\sources_1\new\audio_player.vhd:]
WARNING: [filemgmt 56-199] Attempt to get parsing info during refresh. "On-the-fly" syntax checking information may be incorrect. [C:\Users\kille\Documents\GitHub\TFM-UPM\Practica\Prueba1_demo_v1.0\prueba1_demo.srcs\sources_1\new\tas2110_i2c_ctrl.vhd:]
WARNING: [filemgmt 56-199] Attempt to get parsing info during refresh. "On-the-fly" syntax checking information may be incorrect. [C:\Users\kille\Documents\GitHub\TFM-UPM\Practica\Prueba1_demo_v1.0\prueba1_demo.srcs\sources_1\new\apa102_ctrl.vhd:]
WARNING: [filemgmt 56-199] Attempt to get parsing info during refresh. "On-the-fly" syntax checking information may be incorrect. [C:\Users\kille\Documents\GitHub\TFM-UPM\Practica\Prueba1_demo_v1.0\prueba1_demo.srcs\sources_1\new\apa102_ctrl.vhd:]
WARNING: [filemgmt 56-199] Attempt to get parsing info during refresh. "On-the-fly" syntax checking information may be incorrect. [C:\Users\kille\Documents\GitHub\TFM-UPM\Practica\Prueba1_demo_v1.0\prueba1_demo.srcs\sources_1\new\top_system.vhd:]
WARNING: [filemgmt 56-199] Attempt to get parsing info during refresh. "On-the-fly" syntax checking information may be incorrect. [C:\Users\kille\Documents\GitHub\TFM-UPM\Practica\Prueba1_demo_v1.0\prueba1_demo.srcs\sources_1\new\apa102_ctrl.vhd:]
WARNING: [filemgmt 56-199] Attempt to get parsing info during refresh. "On-the-fly" syntax checking information may be incorrect. [C:\Users\kille\Documents\GitHub\TFM-UPM\Practica\Prueba1_demo_v1.0\prueba1_demo.srcs\sources_1\new\i2s_transceiver.vhd:]
WARNING: [filemgmt 56-199] Attempt to get parsing info during refresh. "On-the-fly" syntax checking information may be incorrect. [C:\Users\kille\Documents\GitHub\TFM-UPM\Practica\Prueba1_demo_v1.0\prueba1_demo.srcs\sources_1\new\audio_player.vhd:]
WARNING: [filemgmt 56-199] Attempt to get parsing info during refresh. "On-the-fly" syntax checking information may be incorrect. [C:\Users\kille\Documents\GitHub\TFM-UPM\Practica\Prueba1_demo_v1.0\prueba1_demo.srcs\sources_1\new\tas2110_i2c_ctrl.vhd:]
WARNING: [filemgmt 56-199] Attempt to get parsing info during refresh. "On-the-fly" syntax checking information may be incorrect. [C:\Users\kille\Documents\GitHub\TFM-UPM\Practica\Prueba1_demo_v1.0\prueba1_demo.srcs\sources_1\new\i2s_transceiver.vhd:]
WARNING: [filemgmt 56-199] Attempt to get parsing info during refresh. "On-the-fly" syntax checking information may be incorrect. [C:\Users\kille\Documents\GitHub\TFM-UPM\Practica\Prueba1_demo_v1.0\prueba1_demo.srcs\sources_1\new\i2s_transceiver.vhd:]
WARNING: [filemgmt 56-199] Attempt to get parsing info during refresh. "On-the-fly" syntax checking information may be incorrect. [C:\Users\kille\Documents\GitHub\TFM-UPM\Practica\Prueba1_demo_v1.0\prueba1_demo.srcs\sources_1\new\top_system.vhd:]
WARNING: [filemgmt 56-199] Attempt to get parsing info during refresh. "On-the-fly" syntax checking information may be incorrect. [C:\Users\kille\Documents\GitHub\TFM-UPM\Practica\Prueba1_demo_v1.0\prueba1_demo.srcs\sources_1\new\apa102_ctrl.vhd:]
WARNING: [filemgmt 56-199] Attempt to get parsing info during refresh. "On-the-fly" syntax checking information may be incorrect. [C:\Users\kille\Documents\GitHub\TFM-UPM\Practica\Prueba1_demo_v1.0\prueba1_demo.srcs\sources_1\new\i2s_transceiver.vhd:]
WARNING: [filemgmt 56-199] Attempt to get parsing info during refresh. "On-the-fly" syntax checking information may be incorrect. [C:\Users\kille\Documents\GitHub\TFM-UPM\Practica\Prueba1_demo_v1.0\prueba1_demo.srcs\sources_1\new\audio_player.vhd:]
WARNING: [filemgmt 56-199] Attempt to get parsing info during refresh. "On-the-fly" syntax checking information may be incorrect. [C:\Users\kille\Documents\GitHub\TFM-UPM\Practica\Prueba1_demo_v1.0\prueba1_demo.srcs\sources_1\new\tas2110_i2c_ctrl.vhd:]
WARNING: [filemgmt 56-199] Attempt to get parsing info during refresh. "On-the-fly" syntax checking information may be incorrect. [C:\Users\kille\Documents\GitHub\TFM-UPM\Practica\Prueba1_demo_v1.0\prueba1_demo.srcs\sources_1\new\tas2110_i2c_ctrl.vhd:]
WARNING: [filemgmt 56-199] Attempt to get parsing info during refresh. "On-the-fly" syntax checking information may be incorrect. [C:\Users\kille\Documents\GitHub\TFM-UPM\Practica\Prueba1_demo_v1.0\prueba1_demo.srcs\sources_1\new\tas2110_i2c_ctrl.vhd:]
WARNING: [filemgmt 56-199] Attempt to get parsing info during refresh. "On-the-fly" syntax checking information may be incorrect. [C:\Users\kille\Documents\GitHub\TFM-UPM\Practica\Prueba1_demo_v1.0\prueba1_demo.srcs\sources_1\new\top_system.vhd:]
WARNING: [filemgmt 56-199] Attempt to get parsing info during refresh. "On-the-fly" syntax checking information may be incorrect. [C:\Users\kille\Documents\GitHub\TFM-UPM\Practica\Prueba1_demo_v1.0\prueba1_demo.srcs\sources_1\new\apa102_ctrl.vhd:]
WARNING: [filemgmt 56-199] Attempt to get parsing info during refresh. "On-the-fly" syntax checking information may be incorrect. [C:\Users\kille\Documents\GitHub\TFM-UPM\Practica\Prueba1_demo_v1.0\prueba1_demo.srcs\sources_1\new\i2s_transceiver.vhd:]
WARNING: [filemgmt 56-199] Attempt to get parsing info during refresh. "On-the-fly" syntax checking information may be incorrect. [C:\Users\kille\Documents\GitHub\TFM-UPM\Practica\Prueba1_demo_v1.0\prueba1_demo.srcs\sources_1\new\audio_player.vhd:]
WARNING: [filemgmt 56-199] Attempt to get parsing info during refresh. "On-the-fly" syntax checking information may be incorrect. [C:\Users\kille\Documents\GitHub\TFM-UPM\Practica\Prueba1_demo_v1.0\prueba1_demo.srcs\sources_1\new\tas2110_i2c_ctrl.vhd:]
WARNING: [filemgmt 56-199] Attempt to get parsing info during refresh. "On-the-fly" syntax checking information may be incorrect. [C:\Users\kille\Documents\GitHub\TFM-UPM\Practica\Prueba1_demo_v1.0\prueba1_demo.srcs\sources_1\new\audio_player.vhd:]
WARNING: [filemgmt 56-199] Attempt to get parsing info during refresh. "On-the-fly" syntax checking information may be incorrect. [C:\Users\kille\Documents\GitHub\TFM-UPM\Practica\Prueba1_demo_v1.0\prueba1_demo.srcs\sources_1\new\audio_player.vhd:]
open_hw_manager
connect_hw_server -allow_non_jtag
INFO: [Labtools 27-2285] Connecting to hw_server url TCP:localhost:3121
INFO: [Labtools 27-2222] Launching hw_server...
INFO: [Labtools 27-2221] Launch Output:

****** Xilinx hw_server v2025.1
  **** Build date : May  6 2025 at 09:15:36
    ** Copyright 1986-2022 Xilinx, Inc. All Rights Reserved.


INFO: [Labtools 27-3415] Connecting to cs_server url TCP:localhost:0
INFO: [Labtools 27-3417] Launching cs_server...
INFO: [Labtools 27-2221] Launch Output:


******** Xilinx cs_server v2025.1.0
  ****** Build date   : May 13 2025-21:15:27
    **** Build number : 2025.1.1747163727
      ** Copyright 2017-2022 Xilinx, Inc. All Rights Reserved.
      ** Copyright 2022-2026 Advanced Micro Devices, Inc. All Rights Reserved.



connect_hw_server: Time (s): cpu = 00:00:01 ; elapsed = 00:00:06 . Memory (MB): peak = 2754.762 ; gain = 0.000
open_hw_target
INFO: [Labtoolstcl 44-466] Opening hw_target localhost:3121/xilinx_tcf/Digilent/210292AD31A3A
set_property PROGRAM.FILE {C:/Users/kille/Documents/GitHub/TFM-UPM/Practica/Prueba1_demo_v1.0/prueba1_demo.runs/impl_1/design_1_wrapper.bit} [get_hw_devices xc7a100t_0]
set_property PROBES.FILE {C:/Users/kille/Documents/GitHub/TFM-UPM/Practica/Prueba1_demo_v1.0/prueba1_demo.runs/impl_1/design_1_wrapper.ltx} [get_hw_devices xc7a100t_0]
set_property FULL_PROBES.FILE {C:/Users/kille/Documents/GitHub/TFM-UPM/Practica/Prueba1_demo_v1.0/prueba1_demo.runs/impl_1/design_1_wrapper.ltx} [get_hw_devices xc7a100t_0]
current_hw_device [get_hw_devices xc7a100t_0]
refresh_hw_device [lindex [get_hw_devices xc7a100t_0] 0]
INFO: [Labtools 27-2302] Device xc7a100t (JTAG device index = 0) is programmed with a design that has 2 ILA core(s).
display_hw_ila_data [ get_hw_ila_data hw_ila_data_1 -of_objects [get_hw_ilas -of_objects [get_hw_devices xc7a100t_0] -filter {CELL_NAME=~"design_1_i/system_ila_0/U0/ila_lib"}]]
display_hw_ila_data [ get_hw_ila_data hw_ila_data_2 -of_objects [get_hw_ilas -of_objects [get_hw_devices xc7a100t_0] -filter {CELL_NAME=~"design_1_i/system_ila_1/U0/ila_lib"}]]
set_property PROBES.FILE {C:/Users/kille/Documents/GitHub/TFM-UPM/Practica/Prueba1_demo_v1.0/prueba1_demo.runs/impl_1/design_1_wrapper.ltx} [get_hw_devices xc7a100t_0]
set_property FULL_PROBES.FILE {C:/Users/kille/Documents/GitHub/TFM-UPM/Practica/Prueba1_demo_v1.0/prueba1_demo.runs/impl_1/design_1_wrapper.ltx} [get_hw_devices xc7a100t_0]
set_property PROGRAM.FILE {C:/Users/kille/Documents/GitHub/TFM-UPM/Practica/Prueba1_demo_v1.0/prueba1_demo.runs/impl_1/design_1_wrapper.bit} [get_hw_devices xc7a100t_0]
program_hw_devices [get_hw_devices xc7a100t_0]
INFO: [Labtools 27-3164] End of startup status: HIGH
refresh_hw_device [lindex [get_hw_devices xc7a100t_0] 0]
INFO: [Labtools 27-2302] Device xc7a100t (JTAG device index = 0) is programmed with a design that has 2 ILA core(s).
WARNING: [filemgmt 56-199] Attempt to get parsing info during refresh. "On-the-fly" syntax checking information may be incorrect. [C:\Users\kille\Documents\GitHub\TFM-UPM\Practica\Prueba1_demo_v1.0\prueba1_demo.srcs\sources_1\new\top_system.vhd:]
WARNING: [filemgmt 56-199] Attempt to get parsing info during refresh. "On-the-fly" syntax checking information may be incorrect. [C:\Users\kille\Documents\GitHub\TFM-UPM\Practica\Prueba1_demo_v1.0\prueba1_demo.srcs\sources_1\new\apa102_ctrl.vhd:]
WARNING: [filemgmt 56-199] Attempt to get parsing info during refresh. "On-the-fly" syntax checking information may be incorrect. [C:\Users\kille\Documents\GitHub\TFM-UPM\Practica\Prueba1_demo_v1.0\prueba1_demo.srcs\sources_1\new\i2s_transceiver.vhd:]
WARNING: [filemgmt 56-199] Attempt to get parsing info during refresh. "On-the-fly" syntax checking information may be incorrect. [C:\Users\kille\Documents\GitHub\TFM-UPM\Practica\Prueba1_demo_v1.0\prueba1_demo.srcs\sources_1\new\audio_player.vhd:]
WARNING: [filemgmt 56-199] Attempt to get parsing info during refresh. "On-the-fly" syntax checking information may be incorrect. [C:\Users\kille\Documents\GitHub\TFM-UPM\Practica\Prueba1_demo_v1.0\prueba1_demo.srcs\sources_1\new\tas2110_i2c_ctrl.vhd:]
WARNING: [filemgmt 56-199] Attempt to get parsing info during refresh. "On-the-fly" syntax checking information may be incorrect. [C:\Users\kille\Documents\GitHub\TFM-UPM\Practica\Prueba1_demo_v1.0\prueba1_demo.srcs\sources_1\new\top_system.vhd:]
WARNING: [filemgmt 56-199] Attempt to get parsing info during refresh. "On-the-fly" syntax checking information may be incorrect. [C:\Users\kille\Documents\GitHub\TFM-UPM\Practica\Prueba1_demo_v1.0\prueba1_demo.srcs\sources_1\new\top_system.vhd:]
WARNING: [filemgmt 56-199] Attempt to get parsing info during refresh. "On-the-fly" syntax checking information may be incorrect. [C:\Users\kille\Documents\GitHub\TFM-UPM\Practica\Prueba1_demo_v1.0\prueba1_demo.srcs\sources_1\new\top_system.vhd:]
WARNING: [filemgmt 56-199] Attempt to get parsing info during refresh. "On-the-fly" syntax checking information may be incorrect. [C:\Users\kille\Documents\GitHub\TFM-UPM\Practica\Prueba1_demo_v1.0\prueba1_demo.srcs\sources_1\new\apa102_ctrl.vhd:]
WARNING: [filemgmt 56-199] Attempt to get parsing info during refresh. "On-the-fly" syntax checking information may be incorrect. [C:\Users\kille\Documents\GitHub\TFM-UPM\Practica\Prueba1_demo_v1.0\prueba1_demo.srcs\sources_1\new\i2s_transceiver.vhd:]
WARNING: [filemgmt 56-199] Attempt to get parsing info during refresh. "On-the-fly" syntax checking information may be incorrect. [C:\Users\kille\Documents\GitHub\TFM-UPM\Practica\Prueba1_demo_v1.0\prueba1_demo.srcs\sources_1\new\audio_player.vhd:]
WARNING: [filemgmt 56-199] Attempt to get parsing info during refresh. "On-the-fly" syntax checking information may be incorrect. [C:\Users\kille\Documents\GitHub\TFM-UPM\Practica\Prueba1_demo_v1.0\prueba1_demo.srcs\sources_1\new\tas2110_i2c_ctrl.vhd:]
WARNING: [filemgmt 56-199] Attempt to get parsing info during refresh. "On-the-fly" syntax checking information may be incorrect. [C:\Users\kille\Documents\GitHub\TFM-UPM\Practica\Prueba1_demo_v1.0\prueba1_demo.srcs\sources_1\new\audio_player.vhd:]
WARNING: [filemgmt 56-199] Attempt to get parsing info during refresh. "On-the-fly" syntax checking information may be incorrect. [C:\Users\kille\Documents\GitHub\TFM-UPM\Practica\Prueba1_demo_v1.0\prueba1_demo.srcs\sources_1\new\audio_player.vhd:]
WARNING: [filemgmt 56-199] Attempt to get parsing info during refresh. "On-the-fly" syntax checking information may be incorrect. [C:\Users\kille\Documents\GitHub\TFM-UPM\Practica\Prueba1_demo_v1.0\prueba1_demo.srcs\sources_1\new\top_system.vhd:]
WARNING: [filemgmt 56-199] Attempt to get parsing info during refresh. "On-the-fly" syntax checking information may be incorrect. [C:\Users\kille\Documents\GitHub\TFM-UPM\Practica\Prueba1_demo_v1.0\prueba1_demo.srcs\sources_1\new\apa102_ctrl.vhd:]
WARNING: [filemgmt 56-199] Attempt to get parsing info during refresh. "On-the-fly" syntax checking information may be incorrect. [C:\Users\kille\Documents\GitHub\TFM-UPM\Practica\Prueba1_demo_v1.0\prueba1_demo.srcs\sources_1\new\i2s_transceiver.vhd:]
WARNING: [filemgmt 56-199] Attempt to get parsing info during refresh. "On-the-fly" syntax checking information may be incorrect. [C:\Users\kille\Documents\GitHub\TFM-UPM\Practica\Prueba1_demo_v1.0\prueba1_demo.srcs\sources_1\new\audio_player.vhd:]
WARNING: [filemgmt 56-199] Attempt to get parsing info during refresh. "On-the-fly" syntax checking information may be incorrect. [C:\Users\kille\Documents\GitHub\TFM-UPM\Practica\Prueba1_demo_v1.0\prueba1_demo.srcs\sources_1\new\tas2110_i2c_ctrl.vhd:]
WARNING: [filemgmt 56-199] Attempt to get parsing info during refresh. "On-the-fly" syntax checking information may be incorrect. [C:\Users\kille\Documents\GitHub\TFM-UPM\Practica\Prueba1_demo_v1.0\prueba1_demo.srcs\sources_1\new\i2s_transceiver.vhd:]
WARNING: [filemgmt 56-199] Attempt to get parsing info during refresh. "On-the-fly" syntax checking information may be incorrect. [C:\Users\kille\Documents\GitHub\TFM-UPM\Practica\Prueba1_demo_v1.0\prueba1_demo.srcs\sources_1\new\i2s_transceiver.vhd:]
WARNING: [filemgmt 56-199] Attempt to get parsing info during refresh. "On-the-fly" syntax checking information may be incorrect. [C:\Users\kille\Documents\GitHub\TFM-UPM\Practica\Prueba1_demo_v1.0\prueba1_demo.srcs\sources_1\new\top_system.vhd:]
WARNING: [filemgmt 56-199] Attempt to get parsing info during refresh. "On-the-fly" syntax checking information may be incorrect. [C:\Users\kille\Documents\GitHub\TFM-UPM\Practica\Prueba1_demo_v1.0\prueba1_demo.srcs\sources_1\new\apa102_ctrl.vhd:]
WARNING: [filemgmt 56-199] Attempt to get parsing info during refresh. "On-the-fly" syntax checking information may be incorrect. [C:\Users\kille\Documents\GitHub\TFM-UPM\Practica\Prueba1_demo_v1.0\prueba1_demo.srcs\sources_1\new\i2s_transceiver.vhd:]
WARNING: [filemgmt 56-199] Attempt to get parsing info during refresh. "On-the-fly" syntax checking information may be incorrect. [C:\Users\kille\Documents\GitHub\TFM-UPM\Practica\Prueba1_demo_v1.0\prueba1_demo.srcs\sources_1\new\audio_player.vhd:]
WARNING: [filemgmt 56-199] Attempt to get parsing info during refresh. "On-the-fly" syntax checking information may be incorrect. [C:\Users\kille\Documents\GitHub\TFM-UPM\Practica\Prueba1_demo_v1.0\prueba1_demo.srcs\sources_1\new\tas2110_i2c_ctrl.vhd:]
WARNING: [filemgmt 56-199] Attempt to get parsing info during refresh. "On-the-fly" syntax checking information may be incorrect. [C:\Users\kille\Documents\GitHub\TFM-UPM\Practica\Prueba1_demo_v1.0\prueba1_demo.srcs\sources_1\new\tas2110_i2c_ctrl.vhd:]
WARNING: [filemgmt 56-199] Attempt to get parsing info during refresh. "On-the-fly" syntax checking information may be incorrect. [C:\Users\kille\Documents\GitHub\TFM-UPM\Practica\Prueba1_demo_v1.0\prueba1_demo.srcs\sources_1\new\tas2110_i2c_ctrl.vhd:]
ERROR: [Common 17-180] Spawn failed: La operación se completó correctamente.

WARNING: [filemgmt 56-199] Attempt to get parsing info during refresh. "On-the-fly" syntax checking information may be incorrect. [C:\Users\kille\Documents\GitHub\TFM-UPM\Practica\Prueba1_demo_v1.0\prueba1_demo.srcs\sources_1\new\top_system.vhd:]
WARNING: [filemgmt 56-199] Attempt to get parsing info during refresh. "On-the-fly" syntax checking information may be incorrect. [C:\Users\kille\Documents\GitHub\TFM-UPM\Practica\Prueba1_demo_v1.0\prueba1_demo.srcs\sources_1\new\apa102_ctrl.vhd:]
WARNING: [filemgmt 56-199] Attempt to get parsing info during refresh. "On-the-fly" syntax checking information may be incorrect. [C:\Users\kille\Documents\GitHub\TFM-UPM\Practica\Prueba1_demo_v1.0\prueba1_demo.srcs\sources_1\new\i2s_transceiver.vhd:]
WARNING: [filemgmt 56-199] Attempt to get parsing info during refresh. "On-the-fly" syntax checking information may be incorrect. [C:\Users\kille\Documents\GitHub\TFM-UPM\Practica\Prueba1_demo_v1.0\prueba1_demo.srcs\sources_1\new\audio_player.vhd:]
WARNING: [filemgmt 56-199] Attempt to get parsing info during refresh. "On-the-fly" syntax checking information may be incorrect. [C:\Users\kille\Documents\GitHub\TFM-UPM\Practica\Prueba1_demo_v1.0\prueba1_demo.srcs\sources_1\new\tas2110_i2c_ctrl.vhd:]
WARNING: [filemgmt 56-199] Attempt to get parsing info during refresh. "On-the-fly" syntax checking information may be incorrect. [C:\Users\kille\Documents\GitHub\TFM-UPM\Practica\Prueba1_demo_v1.0\prueba1_demo.srcs\sources_1\new\audio_player.vhd:]
WARNING: [filemgmt 56-199] Attempt to get parsing info during refresh. "On-the-fly" syntax checking information may be incorrect. [C:\Users\kille\Documents\GitHub\TFM-UPM\Practica\Prueba1_demo_v1.0\prueba1_demo.srcs\sources_1\new\audio_player.vhd:]
WARNING: [filemgmt 56-199] Attempt to get parsing info during refresh. "On-the-fly" syntax checking information may be incorrect. [C:\Users\kille\Documents\GitHub\TFM-UPM\Practica\Prueba1_demo_v1.0\prueba1_demo.srcs\sources_1\new\top_system.vhd:]
WARNING: [filemgmt 56-199] Attempt to get parsing info during refresh. "On-the-fly" syntax checking information may be incorrect. [C:\Users\kille\Documents\GitHub\TFM-UPM\Practica\Prueba1_demo_v1.0\prueba1_demo.srcs\sources_1\new\apa102_ctrl.vhd:]
WARNING: [filemgmt 56-199] Attempt to get parsing info during refresh. "On-the-fly" syntax checking information may be incorrect. [C:\Users\kille\Documents\GitHub\TFM-UPM\Practica\Prueba1_demo_v1.0\prueba1_demo.srcs\sources_1\new\i2s_transceiver.vhd:]
WARNING: [filemgmt 56-199] Attempt to get parsing info during refresh. "On-the-fly" syntax checking information may be incorrect. [C:\Users\kille\Documents\GitHub\TFM-UPM\Practica\Prueba1_demo_v1.0\prueba1_demo.srcs\sources_1\new\audio_player.vhd:]
WARNING: [filemgmt 56-199] Attempt to get parsing info during refresh. "On-the-fly" syntax checking information may be incorrect. [C:\Users\kille\Documents\GitHub\TFM-UPM\Practica\Prueba1_demo_v1.0\prueba1_demo.srcs\sources_1\new\tas2110_i2c_ctrl.vhd:]
WARNING: [filemgmt 56-199] Attempt to get parsing info during refresh. "On-the-fly" syntax checking information may be incorrect. [C:\Users\kille\Documents\GitHub\TFM-UPM\Practica\Prueba1_demo_v1.0\prueba1_demo.srcs\sources_1\new\tas2110_i2c_ctrl.vhd:]
WARNING: [filemgmt 56-199] Attempt to get parsing info during refresh. "On-the-fly" syntax checking information may be incorrect. [C:\Users\kille\Documents\GitHub\TFM-UPM\Practica\Prueba1_demo_v1.0\prueba1_demo.srcs\sources_1\new\tas2110_i2c_ctrl.vhd:]
WARNING: [filemgmt 56-199] Attempt to get parsing info during refresh. "On-the-fly" syntax checking information may be incorrect. [C:\Users\kille\Documents\GitHub\TFM-UPM\Practica\Prueba1_demo_v1.0\prueba1_demo.srcs\sources_1\new\top_system.vhd:]
WARNING: [filemgmt 56-199] Attempt to get parsing info during refresh. "On-the-fly" syntax checking information may be incorrect. [C:\Users\kille\Documents\GitHub\TFM-UPM\Practica\Prueba1_demo_v1.0\prueba1_demo.srcs\sources_1\new\apa102_ctrl.vhd:]
WARNING: [filemgmt 56-199] Attempt to get parsing info during refresh. "On-the-fly" syntax checking information may be incorrect. [C:\Users\kille\Documents\GitHub\TFM-UPM\Practica\Prueba1_demo_v1.0\prueba1_demo.srcs\sources_1\new\i2s_transceiver.vhd:]
WARNING: [filemgmt 56-199] Attempt to get parsing info during refresh. "On-the-fly" syntax checking information may be incorrect. [C:\Users\kille\Documents\GitHub\TFM-UPM\Practica\Prueba1_demo_v1.0\prueba1_demo.srcs\sources_1\new\audio_player.vhd:]
WARNING: [filemgmt 56-199] Attempt to get parsing info during refresh. "On-the-fly" syntax checking information may be incorrect. [C:\Users\kille\Documents\GitHub\TFM-UPM\Practica\Prueba1_demo_v1.0\prueba1_demo.srcs\sources_1\new\tas2110_i2c_ctrl.vhd:]
WARNING: [filemgmt 56-199] Attempt to get parsing info during refresh. "On-the-fly" syntax checking information may be incorrect. [C:\Users\kille\Documents\GitHub\TFM-UPM\Practica\Prueba1_demo_v1.0\prueba1_demo.srcs\sources_1\new\apa102_ctrl.vhd:]
WARNING: [filemgmt 56-199] Attempt to get parsing info during refresh. "On-the-fly" syntax checking information may be incorrect. [C:\Users\kille\Documents\GitHub\TFM-UPM\Practica\Prueba1_demo_v1.0\prueba1_demo.srcs\sources_1\new\apa102_ctrl.vhd:]
WARNING: [filemgmt 56-199] Attempt to get parsing info during refresh. "On-the-fly" syntax checking information may be incorrect. [C:\Users\kille\Documents\GitHub\TFM-UPM\Practica\Prueba1_demo_v1.0\prueba1_demo.srcs\sources_1\new\top_system.vhd:]
WARNING: [filemgmt 56-199] Attempt to get parsing info during refresh. "On-the-fly" syntax checking information may be incorrect. [C:\Users\kille\Documents\GitHub\TFM-UPM\Practica\Prueba1_demo_v1.0\prueba1_demo.srcs\sources_1\new\apa102_ctrl.vhd:]
WARNING: [filemgmt 56-199] Attempt to get parsing info during refresh. "On-the-fly" syntax checking information may be incorrect. [C:\Users\kille\Documents\GitHub\TFM-UPM\Practica\Prueba1_demo_v1.0\prueba1_demo.srcs\sources_1\new\i2s_transceiver.vhd:]
WARNING: [filemgmt 56-199] Attempt to get parsing info during refresh. "On-the-fly" syntax checking information may be incorrect. [C:\Users\kille\Documents\GitHub\TFM-UPM\Practica\Prueba1_demo_v1.0\prueba1_demo.srcs\sources_1\new\audio_player.vhd:]
WARNING: [filemgmt 56-199] Attempt to get parsing info during refresh. "On-the-fly" syntax checking information may be incorrect. [C:\Users\kille\Documents\GitHub\TFM-UPM\Practica\Prueba1_demo_v1.0\prueba1_demo.srcs\sources_1\new\tas2110_i2c_ctrl.vhd:]
WARNING: [filemgmt 56-199] Attempt to get parsing info during refresh. "On-the-fly" syntax checking information may be incorrect. [C:\Users\kille\Documents\GitHub\TFM-UPM\Practica\Prueba1_demo_v1.0\prueba1_demo.srcs\sources_1\new\i2s_transceiver.vhd:]
WARNING: [filemgmt 56-199] Attempt to get parsing info during refresh. "On-the-fly" syntax checking information may be incorrect. [C:\Users\kille\Documents\GitHub\TFM-UPM\Practica\Prueba1_demo_v1.0\prueba1_demo.srcs\sources_1\new\i2s_transceiver.vhd:]
WARNING: [filemgmt 56-199] Attempt to get parsing info during refresh. "On-the-fly" syntax checking information may be incorrect. [C:\Users\kille\Documents\GitHub\TFM-UPM\Practica\Prueba1_demo_v1.0\prueba1_demo.srcs\sources_1\new\top_system.vhd:]
WARNING: [filemgmt 56-199] Attempt to get parsing info during refresh. "On-the-fly" syntax checking information may be incorrect. [C:\Users\kille\Documents\GitHub\TFM-UPM\Practica\Prueba1_demo_v1.0\prueba1_demo.srcs\sources_1\new\apa102_ctrl.vhd:]
WARNING: [filemgmt 56-199] Attempt to get parsing info during refresh. "On-the-fly" syntax checking information may be incorrect. [C:\Users\kille\Documents\GitHub\TFM-UPM\Practica\Prueba1_demo_v1.0\prueba1_demo.srcs\sources_1\new\i2s_transceiver.vhd:]
WARNING: [filemgmt 56-199] Attempt to get parsing info during refresh. "On-the-fly" syntax checking information may be incorrect. [C:\Users\kille\Documents\GitHub\TFM-UPM\Practica\Prueba1_demo_v1.0\prueba1_demo.srcs\sources_1\new\audio_player.vhd:]
WARNING: [filemgmt 56-199] Attempt to get parsing info during refresh. "On-the-fly" syntax checking information may be incorrect. [C:\Users\kille\Documents\GitHub\TFM-UPM\Practica\Prueba1_demo_v1.0\prueba1_demo.srcs\sources_1\new\tas2110_i2c_ctrl.vhd:]
WARNING: [filemgmt 56-199] Attempt to get parsing info during refresh. "On-the-fly" syntax checking information may be incorrect. [C:\Users\kille\Documents\GitHub\TFM-UPM\Practica\Prueba1_demo_v1.0\prueba1_demo.srcs\sources_1\new\apa102_ctrl.vhd:]
WARNING: [filemgmt 56-199] Attempt to get parsing info during refresh. "On-the-fly" syntax checking information may be incorrect. [C:\Users\kille\Documents\GitHub\TFM-UPM\Practica\Prueba1_demo_v1.0\prueba1_demo.srcs\sources_1\new\apa102_ctrl.vhd:]
WARNING: [filemgmt 56-199] Attempt to get parsing info during refresh. "On-the-fly" syntax checking information may be incorrect. [C:\Users\kille\Documents\GitHub\TFM-UPM\Practica\Prueba1_demo_v1.0\prueba1_demo.srcs\sources_1\new\top_system.vhd:]
WARNING: [filemgmt 56-199] Attempt to get parsing info during refresh. "On-the-fly" syntax checking information may be incorrect. [C:\Users\kille\Documents\GitHub\TFM-UPM\Practica\Prueba1_demo_v1.0\prueba1_demo.srcs\sources_1\new\apa102_ctrl.vhd:]
WARNING: [filemgmt 56-199] Attempt to get parsing info during refresh. "On-the-fly" syntax checking information may be incorrect. [C:\Users\kille\Documents\GitHub\TFM-UPM\Practica\Prueba1_demo_v1.0\prueba1_demo.srcs\sources_1\new\i2s_transceiver.vhd:]
WARNING: [filemgmt 56-199] Attempt to get parsing info during refresh. "On-the-fly" syntax checking information may be incorrect. [C:\Users\kille\Documents\GitHub\TFM-UPM\Practica\Prueba1_demo_v1.0\prueba1_demo.srcs\sources_1\new\audio_player.vhd:]
WARNING: [filemgmt 56-199] Attempt to get parsing info during refresh. "On-the-fly" syntax checking information may be incorrect. [C:\Users\kille\Documents\GitHub\TFM-UPM\Practica\Prueba1_demo_v1.0\prueba1_demo.srcs\sources_1\new\tas2110_i2c_ctrl.vhd:]
WARNING: [filemgmt 56-199] Attempt to get parsing info during refresh. "On-the-fly" syntax checking information may be incorrect. [C:\Users\kille\Documents\GitHub\TFM-UPM\Practica\Prueba1_demo_v1.0\prueba1_demo.srcs\sources_1\new\top_system.vhd:]
WARNING: [filemgmt 56-199] Attempt to get parsing info during refresh. "On-the-fly" syntax checking information may be incorrect. [C:\Users\kille\Documents\GitHub\TFM-UPM\Practica\Prueba1_demo_v1.0\prueba1_demo.srcs\sources_1\new\top_system.vhd:]
WARNING: [filemgmt 56-199] Attempt to get parsing info during refresh. "On-the-fly" syntax checking information may be incorrect. [C:\Users\kille\Documents\GitHub\TFM-UPM\Practica\Prueba1_demo_v1.0\prueba1_demo.srcs\sources_1\new\top_system.vhd:]
WARNING: [filemgmt 56-199] Attempt to get parsing info during refresh. "On-the-fly" syntax checking information may be incorrect. [C:\Users\kille\Documents\GitHub\TFM-UPM\Practica\Prueba1_demo_v1.0\prueba1_demo.srcs\sources_1\new\apa102_ctrl.vhd:]
WARNING: [filemgmt 56-199] Attempt to get parsing info during refresh. "On-the-fly" syntax checking information may be incorrect. [C:\Users\kille\Documents\GitHub\TFM-UPM\Practica\Prueba1_demo_v1.0\prueba1_demo.srcs\sources_1\new\i2s_transceiver.vhd:]
WARNING: [filemgmt 56-199] Attempt to get parsing info during refresh. "On-the-fly" syntax checking information may be incorrect. [C:\Users\kille\Documents\GitHub\TFM-UPM\Practica\Prueba1_demo_v1.0\prueba1_demo.srcs\sources_1\new\audio_player.vhd:]
WARNING: [filemgmt 56-199] Attempt to get parsing info during refresh. "On-the-fly" syntax checking information may be incorrect. [C:\Users\kille\Documents\GitHub\TFM-UPM\Practica\Prueba1_demo_v1.0\prueba1_demo.srcs\sources_1\new\tas2110_i2c_ctrl.vhd:]
WARNING: [filemgmt 56-199] Attempt to get parsing info during refresh. "On-the-fly" syntax checking information may be incorrect. [C:\Users\kille\Documents\GitHub\TFM-UPM\Practica\Prueba1_demo_v1.0\prueba1_demo.srcs\sources_1\new\tas2110_i2c_ctrl.vhd:]
WARNING: [filemgmt 56-199] Attempt to get parsing info during refresh. "On-the-fly" syntax checking information may be incorrect. [C:\Users\kille\Documents\GitHub\TFM-UPM\Practica\Prueba1_demo_v1.0\prueba1_demo.srcs\sources_1\new\tas2110_i2c_ctrl.vhd:]
ERROR: [Common 17-180] Spawn failed: La operación se completó correctamente.

WARNING: [filemgmt 56-199] Attempt to get parsing info during refresh. "On-the-fly" syntax checking information may be incorrect. [C:\Users\kille\Documents\GitHub\TFM-UPM\Practica\Prueba1_demo_v1.0\prueba1_demo.srcs\sources_1\new\top_system.vhd:]
WARNING: [filemgmt 56-199] Attempt to get parsing info during refresh. "On-the-fly" syntax checking information may be incorrect. [C:\Users\kille\Documents\GitHub\TFM-UPM\Practica\Prueba1_demo_v1.0\prueba1_demo.srcs\sources_1\new\apa102_ctrl.vhd:]
WARNING: [filemgmt 56-199] Attempt to get parsing info during refresh. "On-the-fly" syntax checking information may be incorrect. [C:\Users\kille\Documents\GitHub\TFM-UPM\Practica\Prueba1_demo_v1.0\prueba1_demo.srcs\sources_1\new\i2s_transceiver.vhd:]
WARNING: [filemgmt 56-199] Attempt to get parsing info during refresh. "On-the-fly" syntax checking information may be incorrect. [C:\Users\kille\Documents\GitHub\TFM-UPM\Practica\Prueba1_demo_v1.0\prueba1_demo.srcs\sources_1\new\audio_player.vhd:]
WARNING: [filemgmt 56-199] Attempt to get parsing info during refresh. "On-the-fly" syntax checking information may be incorrect. [C:\Users\kille\Documents\GitHub\TFM-UPM\Practica\Prueba1_demo_v1.0\prueba1_demo.srcs\sources_1\new\tas2110_i2c_ctrl.vhd:]
WARNING: [filemgmt 56-199] Attempt to get parsing info during refresh. "On-the-fly" syntax checking information may be incorrect. [C:\Users\kille\Documents\GitHub\TFM-UPM\Practica\Prueba1_demo_v1.0\prueba1_demo.srcs\sources_1\new\apa102_ctrl.vhd:]
WARNING: [filemgmt 56-199] Attempt to get parsing info during refresh. "On-the-fly" syntax checking information may be incorrect. [C:\Users\kille\Documents\GitHub\TFM-UPM\Practica\Prueba1_demo_v1.0\prueba1_demo.srcs\sources_1\new\apa102_ctrl.vhd:]
WARNING: [filemgmt 56-199] Attempt to get parsing info during refresh. "On-the-fly" syntax checking information may be incorrect. [C:\Users\kille\Documents\GitHub\TFM-UPM\Practica\Prueba1_demo_v1.0\prueba1_demo.srcs\sources_1\new\top_system.vhd:]
WARNING: [filemgmt 56-199] Attempt to get parsing info during refresh. "On-the-fly" syntax checking information may be incorrect. [C:\Users\kille\Documents\GitHub\TFM-UPM\Practica\Prueba1_demo_v1.0\prueba1_demo.srcs\sources_1\new\apa102_ctrl.vhd:]
WARNING: [filemgmt 56-199] Attempt to get parsing info during refresh. "On-the-fly" syntax checking information may be incorrect. [C:\Users\kille\Documents\GitHub\TFM-UPM\Practica\Prueba1_demo_v1.0\prueba1_demo.srcs\sources_1\new\i2s_transceiver.vhd:]
WARNING: [filemgmt 56-199] Attempt to get parsing info during refresh. "On-the-fly" syntax checking information may be incorrect. [C:\Users\kille\Documents\GitHub\TFM-UPM\Practica\Prueba1_demo_v1.0\prueba1_demo.srcs\sources_1\new\audio_player.vhd:]
WARNING: [filemgmt 56-199] Attempt to get parsing info during refresh. "On-the-fly" syntax checking information may be incorrect. [C:\Users\kille\Documents\GitHub\TFM-UPM\Practica\Prueba1_demo_v1.0\prueba1_demo.srcs\sources_1\new\tas2110_i2c_ctrl.vhd:]
WARNING: [filemgmt 56-199] Attempt to get parsing info during refresh. "On-the-fly" syntax checking information may be incorrect. [C:\Users\kille\Documents\GitHub\TFM-UPM\Practica\Prueba1_demo_v1.0\prueba1_demo.srcs\sources_1\new\tas2110_i2c_ctrl.vhd:]
WARNING: [filemgmt 56-199] Attempt to get parsing info during refresh. "On-the-fly" syntax checking information may be incorrect. [C:\Users\kille\Documents\GitHub\TFM-UPM\Practica\Prueba1_demo_v1.0\prueba1_demo.srcs\sources_1\new\tas2110_i2c_ctrl.vhd:]
WARNING: [filemgmt 56-199] Attempt to get parsing info during refresh. "On-the-fly" syntax checking information may be incorrect. [C:\Users\kille\Documents\GitHub\TFM-UPM\Practica\Prueba1_demo_v1.0\prueba1_demo.srcs\sources_1\new\top_system.vhd:]
WARNING: [filemgmt 56-199] Attempt to get parsing info during refresh. "On-the-fly" syntax checking information may be incorrect. [C:\Users\kille\Documents\GitHub\TFM-UPM\Practica\Prueba1_demo_v1.0\prueba1_demo.srcs\sources_1\new\apa102_ctrl.vhd:]
WARNING: [filemgmt 56-199] Attempt to get parsing info during refresh. "On-the-fly" syntax checking information may be incorrect. [C:\Users\kille\Documents\GitHub\TFM-UPM\Practica\Prueba1_demo_v1.0\prueba1_demo.srcs\sources_1\new\i2s_transceiver.vhd:]
WARNING: [filemgmt 56-199] Attempt to get parsing info during refresh. "On-the-fly" syntax checking information may be incorrect. [C:\Users\kille\Documents\GitHub\TFM-UPM\Practica\Prueba1_demo_v1.0\prueba1_demo.srcs\sources_1\new\audio_player.vhd:]
WARNING: [filemgmt 56-199] Attempt to get parsing info during refresh. "On-the-fly" syntax checking information may be incorrect. [C:\Users\kille\Documents\GitHub\TFM-UPM\Practica\Prueba1_demo_v1.0\prueba1_demo.srcs\sources_1\new\tas2110_i2c_ctrl.vhd:]
WARNING: [filemgmt 56-199] Attempt to get parsing info during refresh. "On-the-fly" syntax checking information may be incorrect. [C:\Users\kille\Documents\GitHub\TFM-UPM\Practica\Prueba1_demo_v1.0\prueba1_demo.srcs\sources_1\new\audio_player.vhd:]
WARNING: [filemgmt 56-199] Attempt to get parsing info during refresh. "On-the-fly" syntax checking information may be incorrect. [C:\Users\kille\Documents\GitHub\TFM-UPM\Practica\Prueba1_demo_v1.0\prueba1_demo.srcs\sources_1\new\audio_player.vhd:]
ERROR: [Common 17-180] Spawn failed: La operación se completó correctamente.

WARNING: [filemgmt 56-199] Attempt to get parsing info during refresh. "On-the-fly" syntax checking information may be incorrect. [C:\Users\kille\Documents\GitHub\TFM-UPM\Practica\Prueba1_demo_v1.0\prueba1_demo.srcs\sources_1\new\top_system.vhd:]
WARNING: [filemgmt 56-199] Attempt to get parsing info during refresh. "On-the-fly" syntax checking information may be incorrect. [C:\Users\kille\Documents\GitHub\TFM-UPM\Practica\Prueba1_demo_v1.0\prueba1_demo.srcs\sources_1\new\apa102_ctrl.vhd:]
WARNING: [filemgmt 56-199] Attempt to get parsing info during refresh. "On-the-fly" syntax checking information may be incorrect. [C:\Users\kille\Documents\GitHub\TFM-UPM\Practica\Prueba1_demo_v1.0\prueba1_demo.srcs\sources_1\new\i2s_transceiver.vhd:]
WARNING: [filemgmt 56-199] Attempt to get parsing info during refresh. "On-the-fly" syntax checking information may be incorrect. [C:\Users\kille\Documents\GitHub\TFM-UPM\Practica\Prueba1_demo_v1.0\prueba1_demo.srcs\sources_1\new\audio_player.vhd:]
WARNING: [filemgmt 56-199] Attempt to get parsing info during refresh. "On-the-fly" syntax checking information may be incorrect. [C:\Users\kille\Documents\GitHub\TFM-UPM\Practica\Prueba1_demo_v1.0\prueba1_demo.srcs\sources_1\new\tas2110_i2c_ctrl.vhd:]
WARNING: [filemgmt 56-199] Attempt to get parsing info during refresh. "On-the-fly" syntax checking information may be incorrect. [C:\Users\kille\Documents\GitHub\TFM-UPM\Practica\Prueba1_demo_v1.0\prueba1_demo.srcs\sources_1\new\top_system.vhd:]
WARNING: [filemgmt 56-199] Attempt to get parsing info during refresh. "On-the-fly" syntax checking information may be incorrect. [C:\Users\kille\Documents\GitHub\TFM-UPM\Practica\Prueba1_demo_v1.0\prueba1_demo.srcs\sources_1\new\top_system.vhd:]
WARNING: [filemgmt 56-199] Attempt to get parsing info during refresh. "On-the-fly" syntax checking information may be incorrect. [C:\Users\kille\Documents\GitHub\TFM-UPM\Practica\Prueba1_demo_v1.0\prueba1_demo.srcs\sources_1\new\top_system.vhd:]
WARNING: [filemgmt 56-199] Attempt to get parsing info during refresh. "On-the-fly" syntax checking information may be incorrect. [C:\Users\kille\Documents\GitHub\TFM-UPM\Practica\Prueba1_demo_v1.0\prueba1_demo.srcs\sources_1\new\apa102_ctrl.vhd:]
WARNING: [filemgmt 56-199] Attempt to get parsing info during refresh. "On-the-fly" syntax checking information may be incorrect. [C:\Users\kille\Documents\GitHub\TFM-UPM\Practica\Prueba1_demo_v1.0\prueba1_demo.srcs\sources_1\new\i2s_transceiver.vhd:]
WARNING: [filemgmt 56-199] Attempt to get parsing info during refresh. "On-the-fly" syntax checking information may be incorrect. [C:\Users\kille\Documents\GitHub\TFM-UPM\Practica\Prueba1_demo_v1.0\prueba1_demo.srcs\sources_1\new\audio_player.vhd:]
WARNING: [filemgmt 56-199] Attempt to get parsing info during refresh. "On-the-fly" syntax checking information may be incorrect. [C:\Users\kille\Documents\GitHub\TFM-UPM\Practica\Prueba1_demo_v1.0\prueba1_demo.srcs\sources_1\new\tas2110_i2c_ctrl.vhd:]
WARNING: [filemgmt 56-199] Attempt to get parsing info during refresh. "On-the-fly" syntax checking information may be incorrect. [C:\Users\kille\Documents\GitHub\TFM-UPM\Practica\Prueba1_demo_v1.0\prueba1_demo.srcs\sources_1\new\apa102_ctrl.vhd:]
WARNING: [filemgmt 56-199] Attempt to get parsing info during refresh. "On-the-fly" syntax checking information may be incorrect. [C:\Users\kille\Documents\GitHub\TFM-UPM\Practica\Prueba1_demo_v1.0\prueba1_demo.srcs\sources_1\new\apa102_ctrl.vhd:]
WARNING: [filemgmt 56-199] Attempt to get parsing info during refresh. "On-the-fly" syntax checking information may be incorrect. [C:\Users\kille\Documents\GitHub\TFM-UPM\Practica\Prueba1_demo_v1.0\prueba1_demo.srcs\sources_1\new\top_system.vhd:]
WARNING: [filemgmt 56-199] Attempt to get parsing info during refresh. "On-the-fly" syntax checking information may be incorrect. [C:\Users\kille\Documents\GitHub\TFM-UPM\Practica\Prueba1_demo_v1.0\prueba1_demo.srcs\sources_1\new\apa102_ctrl.vhd:]
WARNING: [filemgmt 56-199] Attempt to get parsing info during refresh. "On-the-fly" syntax checking information may be incorrect. [C:\Users\kille\Documents\GitHub\TFM-UPM\Practica\Prueba1_demo_v1.0\prueba1_demo.srcs\sources_1\new\i2s_transceiver.vhd:]
WARNING: [filemgmt 56-199] Attempt to get parsing info during refresh. "On-the-fly" syntax checking information may be incorrect. [C:\Users\kille\Documents\GitHub\TFM-UPM\Practica\Prueba1_demo_v1.0\prueba1_demo.srcs\sources_1\new\audio_player.vhd:]
WARNING: [filemgmt 56-199] Attempt to get parsing info during refresh. "On-the-fly" syntax checking information may be incorrect. [C:\Users\kille\Documents\GitHub\TFM-UPM\Practica\Prueba1_demo_v1.0\prueba1_demo.srcs\sources_1\new\tas2110_i2c_ctrl.vhd:]
WARNING: [filemgmt 56-199] Attempt to get parsing info during refresh. "On-the-fly" syntax checking information may be incorrect. [C:\Users\kille\Documents\GitHub\TFM-UPM\Practica\Prueba1_demo_v1.0\prueba1_demo.srcs\sources_1\new\audio_player.vhd:]
WARNING: [filemgmt 56-199] Attempt to get parsing info during refresh. "On-the-fly" syntax checking information may be incorrect. [C:\Users\kille\Documents\GitHub\TFM-UPM\Practica\Prueba1_demo_v1.0\prueba1_demo.srcs\sources_1\new\audio_player.vhd:]
WARNING: [filemgmt 56-199] Attempt to get parsing info during refresh. "On-the-fly" syntax checking information may be incorrect. [C:\Users\kille\Documents\GitHub\TFM-UPM\Practica\Prueba1_demo_v1.0\prueba1_demo.srcs\sources_1\new\top_system.vhd:]
WARNING: [filemgmt 56-199] Attempt to get parsing info during refresh. "On-the-fly" syntax checking information may be incorrect. [C:\Users\kille\Documents\GitHub\TFM-UPM\Practica\Prueba1_demo_v1.0\prueba1_demo.srcs\sources_1\new\apa102_ctrl.vhd:]
WARNING: [filemgmt 56-199] Attempt to get parsing info during refresh. "On-the-fly" syntax checking information may be incorrect. [C:\Users\kille\Documents\GitHub\TFM-UPM\Practica\Prueba1_demo_v1.0\prueba1_demo.srcs\sources_1\new\i2s_transceiver.vhd:]
WARNING: [filemgmt 56-199] Attempt to get parsing info during refresh. "On-the-fly" syntax checking information may be incorrect. [C:\Users\kille\Documents\GitHub\TFM-UPM\Practica\Prueba1_demo_v1.0\prueba1_demo.srcs\sources_1\new\audio_player.vhd:]
WARNING: [filemgmt 56-199] Attempt to get parsing info during refresh. "On-the-fly" syntax checking information may be incorrect. [C:\Users\kille\Documents\GitHub\TFM-UPM\Practica\Prueba1_demo_v1.0\prueba1_demo.srcs\sources_1\new\tas2110_i2c_ctrl.vhd:]
WARNING: [filemgmt 56-199] Attempt to get parsing info during refresh. "On-the-fly" syntax checking information may be incorrect. [C:\Users\kille\Documents\GitHub\TFM-UPM\Practica\Prueba1_demo_v1.0\prueba1_demo.srcs\sources_1\new\tas2110_i2c_ctrl.vhd:]
WARNING: [filemgmt 56-199] Attempt to get parsing info during refresh. "On-the-fly" syntax checking information may be incorrect. [C:\Users\kille\Documents\GitHub\TFM-UPM\Practica\Prueba1_demo_v1.0\prueba1_demo.srcs\sources_1\new\tas2110_i2c_ctrl.vhd:]
ERROR: [Common 17-180] Spawn failed: La operación se completó correctamente.

WARNING: [filemgmt 56-199] Attempt to get parsing info during refresh. "On-the-fly" syntax checking information may be incorrect. [C:\Users\kille\Documents\GitHub\TFM-UPM\Practica\Prueba1_demo_v1.0\prueba1_demo.srcs\sources_1\new\top_system.vhd:]
WARNING: [filemgmt 56-199] Attempt to get parsing info during refresh. "On-the-fly" syntax checking information may be incorrect. [C:\Users\kille\Documents\GitHub\TFM-UPM\Practica\Prueba1_demo_v1.0\prueba1_demo.srcs\sources_1\new\apa102_ctrl.vhd:]
WARNING: [filemgmt 56-199] Attempt to get parsing info during refresh. "On-the-fly" syntax checking information may be incorrect. [C:\Users\kille\Documents\GitHub\TFM-UPM\Practica\Prueba1_demo_v1.0\prueba1_demo.srcs\sources_1\new\i2s_transceiver.vhd:]
WARNING: [filemgmt 56-199] Attempt to get parsing info during refresh. "On-the-fly" syntax checking information may be incorrect. [C:\Users\kille\Documents\GitHub\TFM-UPM\Practica\Prueba1_demo_v1.0\prueba1_demo.srcs\sources_1\new\audio_player.vhd:]
WARNING: [filemgmt 56-199] Attempt to get parsing info during refresh. "On-the-fly" syntax checking information may be incorrect. [C:\Users\kille\Documents\GitHub\TFM-UPM\Practica\Prueba1_demo_v1.0\prueba1_demo.srcs\sources_1\new\tas2110_i2c_ctrl.vhd:]
WARNING: [filemgmt 56-199] Attempt to get parsing info during refresh. "On-the-fly" syntax checking information may be incorrect. [C:\Users\kille\Documents\GitHub\TFM-UPM\Practica\Prueba1_demo_v1.0\prueba1_demo.srcs\sources_1\new\top_system.vhd:]
WARNING: [filemgmt 56-199] Attempt to get parsing info during refresh. "On-the-fly" syntax checking information may be incorrect. [C:\Users\kille\Documents\GitHub\TFM-UPM\Practica\Prueba1_demo_v1.0\prueba1_demo.srcs\sources_1\new\top_system.vhd:]
WARNING: [filemgmt 56-199] Attempt to get parsing info during refresh. "On-the-fly" syntax checking information may be incorrect. [C:\Users\kille\Documents\GitHub\TFM-UPM\Practica\Prueba1_demo_v1.0\prueba1_demo.srcs\sources_1\new\top_system.vhd:]
WARNING: [filemgmt 56-199] Attempt to get parsing info during refresh. "On-the-fly" syntax checking information may be incorrect. [C:\Users\kille\Documents\GitHub\TFM-UPM\Practica\Prueba1_demo_v1.0\prueba1_demo.srcs\sources_1\new\apa102_ctrl.vhd:]
WARNING: [filemgmt 56-199] Attempt to get parsing info during refresh. "On-the-fly" syntax checking information may be incorrect. [C:\Users\kille\Documents\GitHub\TFM-UPM\Practica\Prueba1_demo_v1.0\prueba1_demo.srcs\sources_1\new\i2s_transceiver.vhd:]
WARNING: [filemgmt 56-199] Attempt to get parsing info during refresh. "On-the-fly" syntax checking information may be incorrect. [C:\Users\kille\Documents\GitHub\TFM-UPM\Practica\Prueba1_demo_v1.0\prueba1_demo.srcs\sources_1\new\audio_player.vhd:]
WARNING: [filemgmt 56-199] Attempt to get parsing info during refresh. "On-the-fly" syntax checking information may be incorrect. [C:\Users\kille\Documents\GitHub\TFM-UPM\Practica\Prueba1_demo_v1.0\prueba1_demo.srcs\sources_1\new\tas2110_i2c_ctrl.vhd:]
WARNING: [filemgmt 56-199] Attempt to get parsing info during refresh. "On-the-fly" syntax checking information may be incorrect. [C:\Users\kille\Documents\GitHub\TFM-UPM\Practica\Prueba1_demo_v1.0\prueba1_demo.srcs\sources_1\new\i2s_transceiver.vhd:]
WARNING: [filemgmt 56-199] Attempt to get parsing info during refresh. "On-the-fly" syntax checking information may be incorrect. [C:\Users\kille\Documents\GitHub\TFM-UPM\Practica\Prueba1_demo_v1.0\prueba1_demo.srcs\sources_1\new\i2s_transceiver.vhd:]
WARNING: [filemgmt 56-199] Attempt to get parsing info during refresh. "On-the-fly" syntax checking information may be incorrect. [C:\Users\kille\Documents\GitHub\TFM-UPM\Practica\Prueba1_demo_v1.0\prueba1_demo.srcs\sources_1\new\top_system.vhd:]
WARNING: [filemgmt 56-199] Attempt to get parsing info during refresh. "On-the-fly" syntax checking information may be incorrect. [C:\Users\kille\Documents\GitHub\TFM-UPM\Practica\Prueba1_demo_v1.0\prueba1_demo.srcs\sources_1\new\apa102_ctrl.vhd:]
WARNING: [filemgmt 56-199] Attempt to get parsing info during refresh. "On-the-fly" syntax checking information may be incorrect. [C:\Users\kille\Documents\GitHub\TFM-UPM\Practica\Prueba1_demo_v1.0\prueba1_demo.srcs\sources_1\new\i2s_transceiver.vhd:]
WARNING: [filemgmt 56-199] Attempt to get parsing info during refresh. "On-the-fly" syntax checking information may be incorrect. [C:\Users\kille\Documents\GitHub\TFM-UPM\Practica\Prueba1_demo_v1.0\prueba1_demo.srcs\sources_1\new\audio_player.vhd:]
WARNING: [filemgmt 56-199] Attempt to get parsing info during refresh. "On-the-fly" syntax checking information may be incorrect. [C:\Users\kille\Documents\GitHub\TFM-UPM\Practica\Prueba1_demo_v1.0\prueba1_demo.srcs\sources_1\new\tas2110_i2c_ctrl.vhd:]
WARNING: [filemgmt 56-199] Attempt to get parsing info during refresh. "On-the-fly" syntax checking information may be incorrect. [C:\Users\kille\Documents\GitHub\TFM-UPM\Practica\Prueba1_demo_v1.0\prueba1_demo.srcs\sources_1\new\apa102_ctrl.vhd:]
WARNING: [filemgmt 56-199] Attempt to get parsing info during refresh. "On-the-fly" syntax checking information may be incorrect. [C:\Users\kille\Documents\GitHub\TFM-UPM\Practica\Prueba1_demo_v1.0\prueba1_demo.srcs\sources_1\new\apa102_ctrl.vhd:]
WARNING: [filemgmt 56-199] Attempt to get parsing info during refresh. "On-the-fly" syntax checking information may be incorrect. [C:\Users\kille\Documents\GitHub\TFM-UPM\Practica\Prueba1_demo_v1.0\prueba1_demo.srcs\sources_1\new\top_system.vhd:]
WARNING: [filemgmt 56-199] Attempt to get parsing info during refresh. "On-the-fly" syntax checking information may be incorrect. [C:\Users\kille\Documents\GitHub\TFM-UPM\Practica\Prueba1_demo_v1.0\prueba1_demo.srcs\sources_1\new\apa102_ctrl.vhd:]
WARNING: [filemgmt 56-199] Attempt to get parsing info during refresh. "On-the-fly" syntax checking information may be incorrect. [C:\Users\kille\Documents\GitHub\TFM-UPM\Practica\Prueba1_demo_v1.0\prueba1_demo.srcs\sources_1\new\i2s_transceiver.vhd:]
WARNING: [filemgmt 56-199] Attempt to get parsing info during refresh. "On-the-fly" syntax checking information may be incorrect. [C:\Users\kille\Documents\GitHub\TFM-UPM\Practica\Prueba1_demo_v1.0\prueba1_demo.srcs\sources_1\new\audio_player.vhd:]
WARNING: [filemgmt 56-199] Attempt to get parsing info during refresh. "On-the-fly" syntax checking information may be incorrect. [C:\Users\kille\Documents\GitHub\TFM-UPM\Practica\Prueba1_demo_v1.0\prueba1_demo.srcs\sources_1\new\tas2110_i2c_ctrl.vhd:]
WARNING: [filemgmt 56-199] Attempt to get parsing info during refresh. "On-the-fly" syntax checking information may be incorrect. [C:\Users\kille\Documents\GitHub\TFM-UPM\Practica\Prueba1_demo_v1.0\prueba1_demo.srcs\sources_1\new\top_system.vhd:]
WARNING: [filemgmt 56-199] Attempt to get parsing info during refresh. "On-the-fly" syntax checking information may be incorrect. [C:\Users\kille\Documents\GitHub\TFM-UPM\Practica\Prueba1_demo_v1.0\prueba1_demo.srcs\sources_1\new\top_system.vhd:]
WARNING: [filemgmt 56-199] Attempt to get parsing info during refresh. "On-the-fly" syntax checking information may be incorrect. [C:\Users\kille\Documents\GitHub\TFM-UPM\Practica\Prueba1_demo_v1.0\prueba1_demo.srcs\sources_1\new\top_system.vhd:]
WARNING: [filemgmt 56-199] Attempt to get parsing info during refresh. "On-the-fly" syntax checking information may be incorrect. [C:\Users\kille\Documents\GitHub\TFM-UPM\Practica\Prueba1_demo_v1.0\prueba1_demo.srcs\sources_1\new\apa102_ctrl.vhd:]
WARNING: [filemgmt 56-199] Attempt to get parsing info during refresh. "On-the-fly" syntax checking information may be incorrect. [C:\Users\kille\Documents\GitHub\TFM-UPM\Practica\Prueba1_demo_v1.0\prueba1_demo.srcs\sources_1\new\i2s_transceiver.vhd:]
WARNING: [filemgmt 56-199] Attempt to get parsing info during refresh. "On-the-fly" syntax checking information may be incorrect. [C:\Users\kille\Documents\GitHub\TFM-UPM\Practica\Prueba1_demo_v1.0\prueba1_demo.srcs\sources_1\new\audio_player.vhd:]
WARNING: [filemgmt 56-199] Attempt to get parsing info during refresh. "On-the-fly" syntax checking information may be incorrect. [C:\Users\kille\Documents\GitHub\TFM-UPM\Practica\Prueba1_demo_v1.0\prueba1_demo.srcs\sources_1\new\tas2110_i2c_ctrl.vhd:]
WARNING: [filemgmt 56-199] Attempt to get parsing info during refresh. "On-the-fly" syntax checking information may be incorrect. [C:\Users\kille\Documents\GitHub\TFM-UPM\Practica\Prueba1_demo_v1.0\prueba1_demo.srcs\sources_1\new\tas2110_i2c_ctrl.vhd:]
WARNING: [filemgmt 56-199] Attempt to get parsing info during refresh. "On-the-fly" syntax checking information may be incorrect. [C:\Users\kille\Documents\GitHub\TFM-UPM\Practica\Prueba1_demo_v1.0\prueba1_demo.srcs\sources_1\new\tas2110_i2c_ctrl.vhd:]
WARNING: [filemgmt 56-199] Attempt to get parsing info during refresh. "On-the-fly" syntax checking information may be incorrect. [C:\Users\kille\Documents\GitHub\TFM-UPM\Practica\Prueba1_demo_v1.0\prueba1_demo.srcs\sources_1\new\top_system.vhd:]
WARNING: [filemgmt 56-199] Attempt to get parsing info during refresh. "On-the-fly" syntax checking information may be incorrect. [C:\Users\kille\Documents\GitHub\TFM-UPM\Practica\Prueba1_demo_v1.0\prueba1_demo.srcs\sources_1\new\apa102_ctrl.vhd:]
WARNING: [filemgmt 56-199] Attempt to get parsing info during refresh. "On-the-fly" syntax checking information may be incorrect. [C:\Users\kille\Documents\GitHub\TFM-UPM\Practica\Prueba1_demo_v1.0\prueba1_demo.srcs\sources_1\new\i2s_transceiver.vhd:]
WARNING: [filemgmt 56-199] Attempt to get parsing info during refresh. "On-the-fly" syntax checking information may be incorrect. [C:\Users\kille\Documents\GitHub\TFM-UPM\Practica\Prueba1_demo_v1.0\prueba1_demo.srcs\sources_1\new\audio_player.vhd:]
WARNING: [filemgmt 56-199] Attempt to get parsing info during refresh. "On-the-fly" syntax checking information may be incorrect. [C:\Users\kille\Documents\GitHub\TFM-UPM\Practica\Prueba1_demo_v1.0\prueba1_demo.srcs\sources_1\new\tas2110_i2c_ctrl.vhd:]
WARNING: [filemgmt 56-199] Attempt to get parsing info during refresh. "On-the-fly" syntax checking information may be incorrect. [C:\Users\kille\Documents\GitHub\TFM-UPM\Practica\Prueba1_demo_v1.0\prueba1_demo.srcs\sources_1\new\audio_player.vhd:]
WARNING: [filemgmt 56-199] Attempt to get parsing info during refresh. "On-the-fly" syntax checking information may be incorrect. [C:\Users\kille\Documents\GitHub\TFM-UPM\Practica\Prueba1_demo_v1.0\prueba1_demo.srcs\sources_1\new\audio_player.vhd:]
WARNING: [filemgmt 56-199] Attempt to get parsing info during refresh. "On-the-fly" syntax checking information may be incorrect. [C:\Users\kille\Documents\GitHub\TFM-UPM\Practica\Prueba1_demo_v1.0\prueba1_demo.srcs\sources_1\new\top_system.vhd:]
WARNING: [filemgmt 56-199] Attempt to get parsing info during refresh. "On-the-fly" syntax checking information may be incorrect. [C:\Users\kille\Documents\GitHub\TFM-UPM\Practica\Prueba1_demo_v1.0\prueba1_demo.srcs\sources_1\new\apa102_ctrl.vhd:]
WARNING: [filemgmt 56-199] Attempt to get parsing info during refresh. "On-the-fly" syntax checking information may be incorrect. [C:\Users\kille\Documents\GitHub\TFM-UPM\Practica\Prueba1_demo_v1.0\prueba1_demo.srcs\sources_1\new\i2s_transceiver.vhd:]
WARNING: [filemgmt 56-199] Attempt to get parsing info during refresh. "On-the-fly" syntax checking information may be incorrect. [C:\Users\kille\Documents\GitHub\TFM-UPM\Practica\Prueba1_demo_v1.0\prueba1_demo.srcs\sources_1\new\audio_player.vhd:]
WARNING: [filemgmt 56-199] Attempt to get parsing info during refresh. "On-the-fly" syntax checking information may be incorrect. [C:\Users\kille\Documents\GitHub\TFM-UPM\Practica\Prueba1_demo_v1.0\prueba1_demo.srcs\sources_1\new\tas2110_i2c_ctrl.vhd:]
WARNING: [filemgmt 56-199] Attempt to get parsing info during refresh. "On-the-fly" syntax checking information may be incorrect. [C:\Users\kille\Documents\GitHub\TFM-UPM\Practica\Prueba1_demo_v1.0\prueba1_demo.srcs\sources_1\new\apa102_ctrl.vhd:]
WARNING: [filemgmt 56-199] Attempt to get parsing info during refresh. "On-the-fly" syntax checking information may be incorrect. [C:\Users\kille\Documents\GitHub\TFM-UPM\Practica\Prueba1_demo_v1.0\prueba1_demo.srcs\sources_1\new\apa102_ctrl.vhd:]
WARNING: [filemgmt 56-199] Attempt to get parsing info during refresh. "On-the-fly" syntax checking information may be incorrect. [C:\Users\kille\Documents\GitHub\TFM-UPM\Practica\Prueba1_demo_v1.0\prueba1_demo.srcs\sources_1\new\top_system.vhd:]
WARNING: [filemgmt 56-199] Attempt to get parsing info during refresh. "On-the-fly" syntax checking information may be incorrect. [C:\Users\kille\Documents\GitHub\TFM-UPM\Practica\Prueba1_demo_v1.0\prueba1_demo.srcs\sources_1\new\apa102_ctrl.vhd:]
WARNING: [filemgmt 56-199] Attempt to get parsing info during refresh. "On-the-fly" syntax checking information may be incorrect. [C:\Users\kille\Documents\GitHub\TFM-UPM\Practica\Prueba1_demo_v1.0\prueba1_demo.srcs\sources_1\new\i2s_transceiver.vhd:]
WARNING: [filemgmt 56-199] Attempt to get parsing info during refresh. "On-the-fly" syntax checking information may be incorrect. [C:\Users\kille\Documents\GitHub\TFM-UPM\Practica\Prueba1_demo_v1.0\prueba1_demo.srcs\sources_1\new\audio_player.vhd:]
WARNING: [filemgmt 56-199] Attempt to get parsing info during refresh. "On-the-fly" syntax checking information may be incorrect. [C:\Users\kille\Documents\GitHub\TFM-UPM\Practica\Prueba1_demo_v1.0\prueba1_demo.srcs\sources_1\new\tas2110_i2c_ctrl.vhd:]
WARNING: [filemgmt 56-199] Attempt to get parsing info during refresh. "On-the-fly" syntax checking information may be incorrect. [C:\Users\kille\Documents\GitHub\TFM-UPM\Practica\Prueba1_demo_v1.0\prueba1_demo.srcs\sources_1\new\i2s_transceiver.vhd:]
WARNING: [filemgmt 56-199] Attempt to get parsing info during refresh. "On-the-fly" syntax checking information may be incorrect. [C:\Users\kille\Documents\GitHub\TFM-UPM\Practica\Prueba1_demo_v1.0\prueba1_demo.srcs\sources_1\new\i2s_transceiver.vhd:]
WARNING: [filemgmt 56-199] Attempt to get parsing info during refresh. "On-the-fly" syntax checking information may be incorrect. [C:\Users\kille\Documents\GitHub\TFM-UPM\Practica\Prueba1_demo_v1.0\prueba1_demo.srcs\sources_1\new\top_system.vhd:]
WARNING: [filemgmt 56-199] Attempt to get parsing info during refresh. "On-the-fly" syntax checking information may be incorrect. [C:\Users\kille\Documents\GitHub\TFM-UPM\Practica\Prueba1_demo_v1.0\prueba1_demo.srcs\sources_1\new\apa102_ctrl.vhd:]
WARNING: [filemgmt 56-199] Attempt to get parsing info during refresh. "On-the-fly" syntax checking information may be incorrect. [C:\Users\kille\Documents\GitHub\TFM-UPM\Practica\Prueba1_demo_v1.0\prueba1_demo.srcs\sources_1\new\i2s_transceiver.vhd:]
WARNING: [filemgmt 56-199] Attempt to get parsing info during refresh. "On-the-fly" syntax checking information may be incorrect. [C:\Users\kille\Documents\GitHub\TFM-UPM\Practica\Prueba1_demo_v1.0\prueba1_demo.srcs\sources_1\new\audio_player.vhd:]
WARNING: [filemgmt 56-199] Attempt to get parsing info during refresh. "On-the-fly" syntax checking information may be incorrect. [C:\Users\kille\Documents\GitHub\TFM-UPM\Practica\Prueba1_demo_v1.0\prueba1_demo.srcs\sources_1\new\tas2110_i2c_ctrl.vhd:]
WARNING: [filemgmt 56-199] Attempt to get parsing info during refresh. "On-the-fly" syntax checking information may be incorrect. [C:\Users\kille\Documents\GitHub\TFM-UPM\Practica\Prueba1_demo_v1.0\prueba1_demo.srcs\sources_1\new\top_system.vhd:]
WARNING: [filemgmt 56-199] Attempt to get parsing info during refresh. "On-the-fly" syntax checking information may be incorrect. [C:\Users\kille\Documents\GitHub\TFM-UPM\Practica\Prueba1_demo_v1.0\prueba1_demo.srcs\sources_1\new\top_system.vhd:]
WARNING: [filemgmt 56-199] Attempt to get parsing info during refresh. "On-the-fly" syntax checking information may be incorrect. [C:\Users\kille\Documents\GitHub\TFM-UPM\Practica\Prueba1_demo_v1.0\prueba1_demo.srcs\sources_1\new\top_system.vhd:]
WARNING: [filemgmt 56-199] Attempt to get parsing info during refresh. "On-the-fly" syntax checking information may be incorrect. [C:\Users\kille\Documents\GitHub\TFM-UPM\Practica\Prueba1_demo_v1.0\prueba1_demo.srcs\sources_1\new\apa102_ctrl.vhd:]
WARNING: [filemgmt 56-199] Attempt to get parsing info during refresh. "On-the-fly" syntax checking information may be incorrect. [C:\Users\kille\Documents\GitHub\TFM-UPM\Practica\Prueba1_demo_v1.0\prueba1_demo.srcs\sources_1\new\i2s_transceiver.vhd:]
WARNING: [filemgmt 56-199] Attempt to get parsing info during refresh. "On-the-fly" syntax checking information may be incorrect. [C:\Users\kille\Documents\GitHub\TFM-UPM\Practica\Prueba1_demo_v1.0\prueba1_demo.srcs\sources_1\new\audio_player.vhd:]
WARNING: [filemgmt 56-199] Attempt to get parsing info during refresh. "On-the-fly" syntax checking information may be incorrect. [C:\Users\kille\Documents\GitHub\TFM-UPM\Practica\Prueba1_demo_v1.0\prueba1_demo.srcs\sources_1\new\tas2110_i2c_ctrl.vhd:]
WARNING: [filemgmt 56-199] Attempt to get parsing info during refresh. "On-the-fly" syntax checking information may be incorrect. [C:\Users\kille\Documents\GitHub\TFM-UPM\Practica\Prueba1_demo_v1.0\prueba1_demo.srcs\sources_1\new\tas2110_i2c_ctrl.vhd:]
WARNING: [filemgmt 56-199] Attempt to get parsing info during refresh. "On-the-fly" syntax checking information may be incorrect. [C:\Users\kille\Documents\GitHub\TFM-UPM\Practica\Prueba1_demo_v1.0\prueba1_demo.srcs\sources_1\new\tas2110_i2c_ctrl.vhd:]
WARNING: [filemgmt 56-199] Attempt to get parsing info during refresh. "On-the-fly" syntax checking information may be incorrect. [C:\Users\kille\Documents\GitHub\TFM-UPM\Practica\Prueba1_demo_v1.0\prueba1_demo.srcs\sources_1\new\top_system.vhd:]
WARNING: [filemgmt 56-199] Attempt to get parsing info during refresh. "On-the-fly" syntax checking information may be incorrect. [C:\Users\kille\Documents\GitHub\TFM-UPM\Practica\Prueba1_demo_v1.0\prueba1_demo.srcs\sources_1\new\apa102_ctrl.vhd:]
WARNING: [filemgmt 56-199] Attempt to get parsing info during refresh. "On-the-fly" syntax checking information may be incorrect. [C:\Users\kille\Documents\GitHub\TFM-UPM\Practica\Prueba1_demo_v1.0\prueba1_demo.srcs\sources_1\new\i2s_transceiver.vhd:]
WARNING: [filemgmt 56-199] Attempt to get parsing info during refresh. "On-the-fly" syntax checking information may be incorrect. [C:\Users\kille\Documents\GitHub\TFM-UPM\Practica\Prueba1_demo_v1.0\prueba1_demo.srcs\sources_1\new\audio_player.vhd:]
WARNING: [filemgmt 56-199] Attempt to get parsing info during refresh. "On-the-fly" syntax checking information may be incorrect. [C:\Users\kille\Documents\GitHub\TFM-UPM\Practica\Prueba1_demo_v1.0\prueba1_demo.srcs\sources_1\new\tas2110_i2c_ctrl.vhd:]
WARNING: [filemgmt 56-199] Attempt to get parsing info during refresh. "On-the-fly" syntax checking information may be incorrect. [C:\Users\kille\Documents\GitHub\TFM-UPM\Practica\Prueba1_demo_v1.0\prueba1_demo.srcs\sources_1\new\i2s_transceiver.vhd:]
WARNING: [filemgmt 56-199] Attempt to get parsing info during refresh. "On-the-fly" syntax checking information may be incorrect. [C:\Users\kille\Documents\GitHub\TFM-UPM\Practica\Prueba1_demo_v1.0\prueba1_demo.srcs\sources_1\new\i2s_transceiver.vhd:]
ERROR: [Common 17-180] Spawn failed: La operación se completó correctamente.

WARNING: [filemgmt 56-199] Attempt to get parsing info during refresh. "On-the-fly" syntax checking information may be incorrect. [C:\Users\kille\Documents\GitHub\TFM-UPM\Practica\Prueba1_demo_v1.0\prueba1_demo.srcs\sources_1\new\top_system.vhd:]
WARNING: [filemgmt 56-199] Attempt to get parsing info during refresh. "On-the-fly" syntax checking information may be incorrect. [C:\Users\kille\Documents\GitHub\TFM-UPM\Practica\Prueba1_demo_v1.0\prueba1_demo.srcs\sources_1\new\apa102_ctrl.vhd:]
WARNING: [filemgmt 56-199] Attempt to get parsing info during refresh. "On-the-fly" syntax checking information may be incorrect. [C:\Users\kille\Documents\GitHub\TFM-UPM\Practica\Prueba1_demo_v1.0\prueba1_demo.srcs\sources_1\new\i2s_transceiver.vhd:]
WARNING: [filemgmt 56-199] Attempt to get parsing info during refresh. "On-the-fly" syntax checking information may be incorrect. [C:\Users\kille\Documents\GitHub\TFM-UPM\Practica\Prueba1_demo_v1.0\prueba1_demo.srcs\sources_1\new\audio_player.vhd:]
WARNING: [filemgmt 56-199] Attempt to get parsing info during refresh. "On-the-fly" syntax checking information may be incorrect. [C:\Users\kille\Documents\GitHub\TFM-UPM\Practica\Prueba1_demo_v1.0\prueba1_demo.srcs\sources_1\new\tas2110_i2c_ctrl.vhd:]
WARNING: [filemgmt 56-199] Attempt to get parsing info during refresh. "On-the-fly" syntax checking information may be incorrect. [C:\Users\kille\Documents\GitHub\TFM-UPM\Practica\Prueba1_demo_v1.0\prueba1_demo.srcs\sources_1\new\apa102_ctrl.vhd:]
WARNING: [filemgmt 56-199] Attempt to get parsing info during refresh. "On-the-fly" syntax checking information may be incorrect. [C:\Users\kille\Documents\GitHub\TFM-UPM\Practica\Prueba1_demo_v1.0\prueba1_demo.srcs\sources_1\new\apa102_ctrl.vhd:]
ERROR: [Common 17-180] Spawn failed: La operación se completó correctamente.

WARNING: [filemgmt 56-199] Attempt to get parsing info during refresh. "On-the-fly" syntax checking information may be incorrect. [C:\Users\kille\Documents\GitHub\TFM-UPM\Practica\Prueba1_demo_v1.0\prueba1_demo.srcs\sources_1\new\top_system.vhd:]
WARNING: [filemgmt 56-199] Attempt to get parsing info during refresh. "On-the-fly" syntax checking information may be incorrect. [C:\Users\kille\Documents\GitHub\TFM-UPM\Practica\Prueba1_demo_v1.0\prueba1_demo.srcs\sources_1\new\apa102_ctrl.vhd:]
WARNING: [filemgmt 56-199] Attempt to get parsing info during refresh. "On-the-fly" syntax checking information may be incorrect. [C:\Users\kille\Documents\GitHub\TFM-UPM\Practica\Prueba1_demo_v1.0\prueba1_demo.srcs\sources_1\new\i2s_transceiver.vhd:]
WARNING: [filemgmt 56-199] Attempt to get parsing info during refresh. "On-the-fly" syntax checking information may be incorrect. [C:\Users\kille\Documents\GitHub\TFM-UPM\Practica\Prueba1_demo_v1.0\prueba1_demo.srcs\sources_1\new\audio_player.vhd:]
WARNING: [filemgmt 56-199] Attempt to get parsing info during refresh. "On-the-fly" syntax checking information may be incorrect. [C:\Users\kille\Documents\GitHub\TFM-UPM\Practica\Prueba1_demo_v1.0\prueba1_demo.srcs\sources_1\new\tas2110_i2c_ctrl.vhd:]
WARNING: [filemgmt 56-199] Attempt to get parsing info during refresh. "On-the-fly" syntax checking information may be incorrect. [C:\Users\kille\Documents\GitHub\TFM-UPM\Practica\Prueba1_demo_v1.0\prueba1_demo.srcs\sources_1\new\tas2110_i2c_ctrl.vhd:]
WARNING: [filemgmt 56-199] Attempt to get parsing info during refresh. "On-the-fly" syntax checking information may be incorrect. [C:\Users\kille\Documents\GitHub\TFM-UPM\Practica\Prueba1_demo_v1.0\prueba1_demo.srcs\sources_1\new\tas2110_i2c_ctrl.vhd:]
WARNING: [filemgmt 56-199] Attempt to get parsing info during refresh. "On-the-fly" syntax checking information may be incorrect. [C:\Users\kille\Documents\GitHub\TFM-UPM\Practica\Prueba1_demo_v1.0\prueba1_demo.srcs\sources_1\new\top_system.vhd:]
WARNING: [filemgmt 56-199] Attempt to get parsing info during refresh. "On-the-fly" syntax checking information may be incorrect. [C:\Users\kille\Documents\GitHub\TFM-UPM\Practica\Prueba1_demo_v1.0\prueba1_demo.srcs\sources_1\new\apa102_ctrl.vhd:]
WARNING: [filemgmt 56-199] Attempt to get parsing info during refresh. "On-the-fly" syntax checking information may be incorrect. [C:\Users\kille\Documents\GitHub\TFM-UPM\Practica\Prueba1_demo_v1.0\prueba1_demo.srcs\sources_1\new\i2s_transceiver.vhd:]
WARNING: [filemgmt 56-199] Attempt to get parsing info during refresh. "On-the-fly" syntax checking information may be incorrect. [C:\Users\kille\Documents\GitHub\TFM-UPM\Practica\Prueba1_demo_v1.0\prueba1_demo.srcs\sources_1\new\audio_player.vhd:]
WARNING: [filemgmt 56-199] Attempt to get parsing info during refresh. "On-the-fly" syntax checking information may be incorrect. [C:\Users\kille\Documents\GitHub\TFM-UPM\Practica\Prueba1_demo_v1.0\prueba1_demo.srcs\sources_1\new\tas2110_i2c_ctrl.vhd:]
WARNING: [filemgmt 56-199] Attempt to get parsing info during refresh. "On-the-fly" syntax checking information may be incorrect. [C:\Users\kille\Documents\GitHub\TFM-UPM\Practica\Prueba1_demo_v1.0\prueba1_demo.srcs\sources_1\new\apa102_ctrl.vhd:]
WARNING: [filemgmt 56-199] Attempt to get parsing info during refresh. "On-the-fly" syntax checking information may be incorrect. [C:\Users\kille\Documents\GitHub\TFM-UPM\Practica\Prueba1_demo_v1.0\prueba1_demo.srcs\sources_1\new\apa102_ctrl.vhd:]
WARNING: [filemgmt 56-199] Attempt to get parsing info during refresh. "On-the-fly" syntax checking information may be incorrect. [C:\Users\kille\Documents\GitHub\TFM-UPM\Practica\Prueba1_demo_v1.0\prueba1_demo.srcs\sources_1\new\top_system.vhd:]
WARNING: [filemgmt 56-199] Attempt to get parsing info during refresh. "On-the-fly" syntax checking information may be incorrect. [C:\Users\kille\Documents\GitHub\TFM-UPM\Practica\Prueba1_demo_v1.0\prueba1_demo.srcs\sources_1\new\apa102_ctrl.vhd:]
WARNING: [filemgmt 56-199] Attempt to get parsing info during refresh. "On-the-fly" syntax checking information may be incorrect. [C:\Users\kille\Documents\GitHub\TFM-UPM\Practica\Prueba1_demo_v1.0\prueba1_demo.srcs\sources_1\new\i2s_transceiver.vhd:]
WARNING: [filemgmt 56-199] Attempt to get parsing info during refresh. "On-the-fly" syntax checking information may be incorrect. [C:\Users\kille\Documents\GitHub\TFM-UPM\Practica\Prueba1_demo_v1.0\prueba1_demo.srcs\sources_1\new\audio_player.vhd:]
WARNING: [filemgmt 56-199] Attempt to get parsing info during refresh. "On-the-fly" syntax checking information may be incorrect. [C:\Users\kille\Documents\GitHub\TFM-UPM\Practica\Prueba1_demo_v1.0\prueba1_demo.srcs\sources_1\new\tas2110_i2c_ctrl.vhd:]
WARNING: [filemgmt 56-199] Attempt to get parsing info during refresh. "On-the-fly" syntax checking information may be incorrect. [C:\Users\kille\Documents\GitHub\TFM-UPM\Practica\Prueba1_demo_v1.0\prueba1_demo.srcs\sources_1\new\i2s_transceiver.vhd:]
WARNING: [filemgmt 56-199] Attempt to get parsing info during refresh. "On-the-fly" syntax checking information may be incorrect. [C:\Users\kille\Documents\GitHub\TFM-UPM\Practica\Prueba1_demo_v1.0\prueba1_demo.srcs\sources_1\new\i2s_transceiver.vhd:]
WARNING: [filemgmt 56-199] Attempt to get parsing info during refresh. "On-the-fly" syntax checking information may be incorrect. [C:\Users\kille\Documents\GitHub\TFM-UPM\Practica\Prueba1_demo_v1.0\prueba1_demo.srcs\sources_1\new\top_system.vhd:]
WARNING: [filemgmt 56-199] Attempt to get parsing info during refresh. "On-the-fly" syntax checking information may be incorrect. [C:\Users\kille\Documents\GitHub\TFM-UPM\Practica\Prueba1_demo_v1.0\prueba1_demo.srcs\sources_1\new\apa102_ctrl.vhd:]
WARNING: [filemgmt 56-199] Attempt to get parsing info during refresh. "On-the-fly" syntax checking information may be incorrect. [C:\Users\kille\Documents\GitHub\TFM-UPM\Practica\Prueba1_demo_v1.0\prueba1_demo.srcs\sources_1\new\i2s_transceiver.vhd:]
WARNING: [filemgmt 56-199] Attempt to get parsing info during refresh. "On-the-fly" syntax checking information may be incorrect. [C:\Users\kille\Documents\GitHub\TFM-UPM\Practica\Prueba1_demo_v1.0\prueba1_demo.srcs\sources_1\new\audio_player.vhd:]
WARNING: [filemgmt 56-199] Attempt to get parsing info during refresh. "On-the-fly" syntax checking information may be incorrect. [C:\Users\kille\Documents\GitHub\TFM-UPM\Practica\Prueba1_demo_v1.0\prueba1_demo.srcs\sources_1\new\tas2110_i2c_ctrl.vhd:]
WARNING: [filemgmt 56-199] Attempt to get parsing info during refresh. "On-the-fly" syntax checking information may be incorrect. [C:\Users\kille\Documents\GitHub\TFM-UPM\Practica\Prueba1_demo_v1.0\prueba1_demo.srcs\sources_1\new\audio_player.vhd:]
WARNING: [filemgmt 56-199] Attempt to get parsing info during refresh. "On-the-fly" syntax checking information may be incorrect. [C:\Users\kille\Documents\GitHub\TFM-UPM\Practica\Prueba1_demo_v1.0\prueba1_demo.srcs\sources_1\new\audio_player.vhd:]
ERROR: [Common 17-180] Spawn failed: La operación se completó correctamente.

WARNING: [filemgmt 56-199] Attempt to get parsing info during refresh. "On-the-fly" syntax checking information may be incorrect. [C:\Users\kille\Documents\GitHub\TFM-UPM\Practica\Prueba1_demo_v1.0\prueba1_demo.srcs\sources_1\new\top_system.vhd:]
WARNING: [filemgmt 56-199] Attempt to get parsing info during refresh. "On-the-fly" syntax checking information may be incorrect. [C:\Users\kille\Documents\GitHub\TFM-UPM\Practica\Prueba1_demo_v1.0\prueba1_demo.srcs\sources_1\new\apa102_ctrl.vhd:]
WARNING: [filemgmt 56-199] Attempt to get parsing info during refresh. "On-the-fly" syntax checking information may be incorrect. [C:\Users\kille\Documents\GitHub\TFM-UPM\Practica\Prueba1_demo_v1.0\prueba1_demo.srcs\sources_1\new\i2s_transceiver.vhd:]
WARNING: [filemgmt 56-199] Attempt to get parsing info during refresh. "On-the-fly" syntax checking information may be incorrect. [C:\Users\kille\Documents\GitHub\TFM-UPM\Practica\Prueba1_demo_v1.0\prueba1_demo.srcs\sources_1\new\audio_player.vhd:]
WARNING: [filemgmt 56-199] Attempt to get parsing info during refresh. "On-the-fly" syntax checking information may be incorrect. [C:\Users\kille\Documents\GitHub\TFM-UPM\Practica\Prueba1_demo_v1.0\prueba1_demo.srcs\sources_1\new\tas2110_i2c_ctrl.vhd:]
WARNING: [filemgmt 56-199] Attempt to get parsing info during refresh. "On-the-fly" syntax checking information may be incorrect. [C:\Users\kille\Documents\GitHub\TFM-UPM\Practica\Prueba1_demo_v1.0\prueba1_demo.srcs\sources_1\new\tas2110_i2c_ctrl.vhd:]
WARNING: [filemgmt 56-199] Attempt to get parsing info during refresh. "On-the-fly" syntax checking information may be incorrect. [C:\Users\kille\Documents\GitHub\TFM-UPM\Practica\Prueba1_demo_v1.0\prueba1_demo.srcs\sources_1\new\tas2110_i2c_ctrl.vhd:]
WARNING: [filemgmt 56-199] Attempt to get parsing info during refresh. "On-the-fly" syntax checking information may be incorrect. [C:\Users\kille\Documents\GitHub\TFM-UPM\Practica\Prueba1_demo_v1.0\prueba1_demo.srcs\sources_1\new\top_system.vhd:]
WARNING: [filemgmt 56-199] Attempt to get parsing info during refresh. "On-the-fly" syntax checking information may be incorrect. [C:\Users\kille\Documents\GitHub\TFM-UPM\Practica\Prueba1_demo_v1.0\prueba1_demo.srcs\sources_1\new\apa102_ctrl.vhd:]
WARNING: [filemgmt 56-199] Attempt to get parsing info during refresh. "On-the-fly" syntax checking information may be incorrect. [C:\Users\kille\Documents\GitHub\TFM-UPM\Practica\Prueba1_demo_v1.0\prueba1_demo.srcs\sources_1\new\i2s_transceiver.vhd:]
WARNING: [filemgmt 56-199] Attempt to get parsing info during refresh. "On-the-fly" syntax checking information may be incorrect. [C:\Users\kille\Documents\GitHub\TFM-UPM\Practica\Prueba1_demo_v1.0\prueba1_demo.srcs\sources_1\new\audio_player.vhd:]
WARNING: [filemgmt 56-199] Attempt to get parsing info during refresh. "On-the-fly" syntax checking information may be incorrect. [C:\Users\kille\Documents\GitHub\TFM-UPM\Practica\Prueba1_demo_v1.0\prueba1_demo.srcs\sources_1\new\tas2110_i2c_ctrl.vhd:]
WARNING: [filemgmt 56-199] Attempt to get parsing info during refresh. "On-the-fly" syntax checking information may be incorrect. [C:\Users\kille\Documents\GitHub\TFM-UPM\Practica\Prueba1_demo_v1.0\prueba1_demo.srcs\sources_1\new\audio_player.vhd:]
WARNING: [filemgmt 56-199] Attempt to get parsing info during refresh. "On-the-fly" syntax checking information may be incorrect. [C:\Users\kille\Documents\GitHub\TFM-UPM\Practica\Prueba1_demo_v1.0\prueba1_demo.srcs\sources_1\new\audio_player.vhd:]
WARNING: [filemgmt 56-199] Attempt to get parsing info during refresh. "On-the-fly" syntax checking information may be incorrect. [C:\Users\kille\Documents\GitHub\TFM-UPM\Practica\Prueba1_demo_v1.0\prueba1_demo.srcs\sources_1\new\top_system.vhd:]
WARNING: [filemgmt 56-199] Attempt to get parsing info during refresh. "On-the-fly" syntax checking information may be incorrect. [C:\Users\kille\Documents\GitHub\TFM-UPM\Practica\Prueba1_demo_v1.0\prueba1_demo.srcs\sources_1\new\apa102_ctrl.vhd:]
WARNING: [filemgmt 56-199] Attempt to get parsing info during refresh. "On-the-fly" syntax checking information may be incorrect. [C:\Users\kille\Documents\GitHub\TFM-UPM\Practica\Prueba1_demo_v1.0\prueba1_demo.srcs\sources_1\new\i2s_transceiver.vhd:]
WARNING: [filemgmt 56-199] Attempt to get parsing info during refresh. "On-the-fly" syntax checking information may be incorrect. [C:\Users\kille\Documents\GitHub\TFM-UPM\Practica\Prueba1_demo_v1.0\prueba1_demo.srcs\sources_1\new\audio_player.vhd:]
WARNING: [filemgmt 56-199] Attempt to get parsing info during refresh. "On-the-fly" syntax checking information may be incorrect. [C:\Users\kille\Documents\GitHub\TFM-UPM\Practica\Prueba1_demo_v1.0\prueba1_demo.srcs\sources_1\new\tas2110_i2c_ctrl.vhd:]
WARNING: [filemgmt 56-199] Attempt to get parsing info during refresh. "On-the-fly" syntax checking information may be incorrect. [C:\Users\kille\Documents\GitHub\TFM-UPM\Practica\Prueba1_demo_v1.0\prueba1_demo.srcs\sources_1\new\apa102_ctrl.vhd:]
WARNING: [filemgmt 56-199] Attempt to get parsing info during refresh. "On-the-fly" syntax checking information may be incorrect. [C:\Users\kille\Documents\GitHub\TFM-UPM\Practica\Prueba1_demo_v1.0\prueba1_demo.srcs\sources_1\new\apa102_ctrl.vhd:]
WARNING: [filemgmt 56-199] Attempt to get parsing info during refresh. "On-the-fly" syntax checking information may be incorrect. [C:\Users\kille\Documents\GitHub\TFM-UPM\Practica\Prueba1_demo_v1.0\prueba1_demo.srcs\sources_1\new\top_system.vhd:]
WARNING: [filemgmt 56-199] Attempt to get parsing info during refresh. "On-the-fly" syntax checking information may be incorrect. [C:\Users\kille\Documents\GitHub\TFM-UPM\Practica\Prueba1_demo_v1.0\prueba1_demo.srcs\sources_1\new\apa102_ctrl.vhd:]
WARNING: [filemgmt 56-199] Attempt to get parsing info during refresh. "On-the-fly" syntax checking information may be incorrect. [C:\Users\kille\Documents\GitHub\TFM-UPM\Practica\Prueba1_demo_v1.0\prueba1_demo.srcs\sources_1\new\i2s_transceiver.vhd:]
WARNING: [filemgmt 56-199] Attempt to get parsing info during refresh. "On-the-fly" syntax checking information may be incorrect. [C:\Users\kille\Documents\GitHub\TFM-UPM\Practica\Prueba1_demo_v1.0\prueba1_demo.srcs\sources_1\new\audio_player.vhd:]
WARNING: [filemgmt 56-199] Attempt to get parsing info during refresh. "On-the-fly" syntax checking information may be incorrect. [C:\Users\kille\Documents\GitHub\TFM-UPM\Practica\Prueba1_demo_v1.0\prueba1_demo.srcs\sources_1\new\tas2110_i2c_ctrl.vhd:]
WARNING: [filemgmt 56-199] Attempt to get parsing info during refresh. "On-the-fly" syntax checking information may be incorrect. [C:\Users\kille\Documents\GitHub\TFM-UPM\Practica\Prueba1_demo_v1.0\prueba1_demo.srcs\sources_1\new\apa102_ctrl.vhd:]
WARNING: [filemgmt 56-199] Attempt to get parsing info during refresh. "On-the-fly" syntax checking information may be incorrect. [C:\Users\kille\Documents\GitHub\TFM-UPM\Practica\Prueba1_demo_v1.0\prueba1_demo.srcs\sources_1\new\apa102_ctrl.vhd:]
WARNING: [filemgmt 56-199] Attempt to get parsing info during refresh. "On-the-fly" syntax checking information may be incorrect. [C:\Users\kille\Documents\GitHub\TFM-UPM\Practica\Prueba1_demo_v1.0\prueba1_demo.srcs\sources_1\new\top_system.vhd:]
WARNING: [filemgmt 56-199] Attempt to get parsing info during refresh. "On-the-fly" syntax checking information may be incorrect. [C:\Users\kille\Documents\GitHub\TFM-UPM\Practica\Prueba1_demo_v1.0\prueba1_demo.srcs\sources_1\new\apa102_ctrl.vhd:]
WARNING: [filemgmt 56-199] Attempt to get parsing info during refresh. "On-the-fly" syntax checking information may be incorrect. [C:\Users\kille\Documents\GitHub\TFM-UPM\Practica\Prueba1_demo_v1.0\prueba1_demo.srcs\sources_1\new\i2s_transceiver.vhd:]
WARNING: [filemgmt 56-199] Attempt to get parsing info during refresh. "On-the-fly" syntax checking information may be incorrect. [C:\Users\kille\Documents\GitHub\TFM-UPM\Practica\Prueba1_demo_v1.0\prueba1_demo.srcs\sources_1\new\audio_player.vhd:]
WARNING: [filemgmt 56-199] Attempt to get parsing info during refresh. "On-the-fly" syntax checking information may be incorrect. [C:\Users\kille\Documents\GitHub\TFM-UPM\Practica\Prueba1_demo_v1.0\prueba1_demo.srcs\sources_1\new\tas2110_i2c_ctrl.vhd:]
WARNING: [filemgmt 56-199] Attempt to get parsing info during refresh. "On-the-fly" syntax checking information may be incorrect. [C:\Users\kille\Documents\GitHub\TFM-UPM\Practica\Prueba1_demo_v1.0\prueba1_demo.srcs\sources_1\new\i2s_transceiver.vhd:]
WARNING: [filemgmt 56-199] Attempt to get parsing info during refresh. "On-the-fly" syntax checking information may be incorrect. [C:\Users\kille\Documents\GitHub\TFM-UPM\Practica\Prueba1_demo_v1.0\prueba1_demo.srcs\sources_1\new\i2s_transceiver.vhd:]
WARNING: [filemgmt 56-199] Attempt to get parsing info during refresh. "On-the-fly" syntax checking information may be incorrect. [C:\Users\kille\Documents\GitHub\TFM-UPM\Practica\Prueba1_demo_v1.0\prueba1_demo.srcs\sources_1\new\top_system.vhd:]
WARNING: [filemgmt 56-199] Attempt to get parsing info during refresh. "On-the-fly" syntax checking information may be incorrect. [C:\Users\kille\Documents\GitHub\TFM-UPM\Practica\Prueba1_demo_v1.0\prueba1_demo.srcs\sources_1\new\apa102_ctrl.vhd:]
WARNING: [filemgmt 56-199] Attempt to get parsing info during refresh. "On-the-fly" syntax checking information may be incorrect. [C:\Users\kille\Documents\GitHub\TFM-UPM\Practica\Prueba1_demo_v1.0\prueba1_demo.srcs\sources_1\new\i2s_transceiver.vhd:]
WARNING: [filemgmt 56-199] Attempt to get parsing info during refresh. "On-the-fly" syntax checking information may be incorrect. [C:\Users\kille\Documents\GitHub\TFM-UPM\Practica\Prueba1_demo_v1.0\prueba1_demo.srcs\sources_1\new\audio_player.vhd:]
WARNING: [filemgmt 56-199] Attempt to get parsing info during refresh. "On-the-fly" syntax checking information may be incorrect. [C:\Users\kille\Documents\GitHub\TFM-UPM\Practica\Prueba1_demo_v1.0\prueba1_demo.srcs\sources_1\new\tas2110_i2c_ctrl.vhd:]
WARNING: [filemgmt 56-199] Attempt to get parsing info during refresh. "On-the-fly" syntax checking information may be incorrect. [C:\Users\kille\Documents\GitHub\TFM-UPM\Practica\Prueba1_demo_v1.0\prueba1_demo.srcs\sources_1\new\tas2110_i2c_ctrl.vhd:]
WARNING: [filemgmt 56-199] Attempt to get parsing info during refresh. "On-the-fly" syntax checking information may be incorrect. [C:\Users\kille\Documents\GitHub\TFM-UPM\Practica\Prueba1_demo_v1.0\prueba1_demo.srcs\sources_1\new\tas2110_i2c_ctrl.vhd:]
ERROR: [Common 17-180] Spawn failed: La operación se completó correctamente.

ERROR: [Common 17-180] Spawn failed: La operación se completó correctamente.

WARNING: [filemgmt 56-199] Attempt to get parsing info during refresh. "On-the-fly" syntax checking information may be incorrect. [C:\Users\kille\Documents\GitHub\TFM-UPM\Practica\Prueba1_demo_v1.0\prueba1_demo.srcs\sources_1\new\top_system.vhd:]
WARNING: [filemgmt 56-199] Attempt to get parsing info during refresh. "On-the-fly" syntax checking information may be incorrect. [C:\Users\kille\Documents\GitHub\TFM-UPM\Practica\Prueba1_demo_v1.0\prueba1_demo.srcs\sources_1\new\apa102_ctrl.vhd:]
WARNING: [filemgmt 56-199] Attempt to get parsing info during refresh. "On-the-fly" syntax checking information may be incorrect. [C:\Users\kille\Documents\GitHub\TFM-UPM\Practica\Prueba1_demo_v1.0\prueba1_demo.srcs\sources_1\new\i2s_transceiver.vhd:]
WARNING: [filemgmt 56-199] Attempt to get parsing info during refresh. "On-the-fly" syntax checking information may be incorrect. [C:\Users\kille\Documents\GitHub\TFM-UPM\Practica\Prueba1_demo_v1.0\prueba1_demo.srcs\sources_1\new\audio_player.vhd:]
WARNING: [filemgmt 56-199] Attempt to get parsing info during refresh. "On-the-fly" syntax checking information may be incorrect. [C:\Users\kille\Documents\GitHub\TFM-UPM\Practica\Prueba1_demo_v1.0\prueba1_demo.srcs\sources_1\new\tas2110_i2c_ctrl.vhd:]
WARNING: [filemgmt 56-199] Attempt to get parsing info during refresh. "On-the-fly" syntax checking information may be incorrect. [C:\Users\kille\Documents\GitHub\TFM-UPM\Practica\Prueba1_demo_v1.0\prueba1_demo.srcs\sources_1\new\top_system.vhd:]
WARNING: [filemgmt 56-199] Attempt to get parsing info during refresh. "On-the-fly" syntax checking information may be incorrect. [C:\Users\kille\Documents\GitHub\TFM-UPM\Practica\Prueba1_demo_v1.0\prueba1_demo.srcs\sources_1\new\top_system.vhd:]
WARNING: [filemgmt 56-199] Attempt to get parsing info during refresh. "On-the-fly" syntax checking information may be incorrect. [C:\Users\kille\Documents\GitHub\TFM-UPM\Practica\Prueba1_demo_v1.0\prueba1_demo.srcs\sources_1\new\top_system.vhd:]
WARNING: [filemgmt 56-199] Attempt to get parsing info during refresh. "On-the-fly" syntax checking information may be incorrect. [C:\Users\kille\Documents\GitHub\TFM-UPM\Practica\Prueba1_demo_v1.0\prueba1_demo.srcs\sources_1\new\apa102_ctrl.vhd:]
WARNING: [filemgmt 56-199] Attempt to get parsing info during refresh. "On-the-fly" syntax checking information may be incorrect. [C:\Users\kille\Documents\GitHub\TFM-UPM\Practica\Prueba1_demo_v1.0\prueba1_demo.srcs\sources_1\new\i2s_transceiver.vhd:]
WARNING: [filemgmt 56-199] Attempt to get parsing info during refresh. "On-the-fly" syntax checking information may be incorrect. [C:\Users\kille\Documents\GitHub\TFM-UPM\Practica\Prueba1_demo_v1.0\prueba1_demo.srcs\sources_1\new\audio_player.vhd:]
WARNING: [filemgmt 56-199] Attempt to get parsing info during refresh. "On-the-fly" syntax checking information may be incorrect. [C:\Users\kille\Documents\GitHub\TFM-UPM\Practica\Prueba1_demo_v1.0\prueba1_demo.srcs\sources_1\new\tas2110_i2c_ctrl.vhd:]
WARNING: [filemgmt 56-199] Attempt to get parsing info during refresh. "On-the-fly" syntax checking information may be incorrect. [C:\Users\kille\Documents\GitHub\TFM-UPM\Practica\Prueba1_demo_v1.0\prueba1_demo.srcs\sources_1\new\tas2110_i2c_ctrl.vhd:]
WARNING: [filemgmt 56-199] Attempt to get parsing info during refresh. "On-the-fly" syntax checking information may be incorrect. [C:\Users\kille\Documents\GitHub\TFM-UPM\Practica\Prueba1_demo_v1.0\prueba1_demo.srcs\sources_1\new\tas2110_i2c_ctrl.vhd:]
WARNING: [filemgmt 56-199] Attempt to get parsing info during refresh. "On-the-fly" syntax checking information may be incorrect. [C:\Users\kille\Documents\GitHub\TFM-UPM\Practica\Prueba1_demo_v1.0\prueba1_demo.srcs\sources_1\new\top_system.vhd:]
WARNING: [filemgmt 56-199] Attempt to get parsing info during refresh. "On-the-fly" syntax checking information may be incorrect. [C:\Users\kille\Documents\GitHub\TFM-UPM\Practica\Prueba1_demo_v1.0\prueba1_demo.srcs\sources_1\new\apa102_ctrl.vhd:]
WARNING: [filemgmt 56-199] Attempt to get parsing info during refresh. "On-the-fly" syntax checking information may be incorrect. [C:\Users\kille\Documents\GitHub\TFM-UPM\Practica\Prueba1_demo_v1.0\prueba1_demo.srcs\sources_1\new\i2s_transceiver.vhd:]
WARNING: [filemgmt 56-199] Attempt to get parsing info during refresh. "On-the-fly" syntax checking information may be incorrect. [C:\Users\kille\Documents\GitHub\TFM-UPM\Practica\Prueba1_demo_v1.0\prueba1_demo.srcs\sources_1\new\audio_player.vhd:]
WARNING: [filemgmt 56-199] Attempt to get parsing info during refresh. "On-the-fly" syntax checking information may be incorrect. [C:\Users\kille\Documents\GitHub\TFM-UPM\Practica\Prueba1_demo_v1.0\prueba1_demo.srcs\sources_1\new\tas2110_i2c_ctrl.vhd:]
WARNING: [filemgmt 56-199] Attempt to get parsing info during refresh. "On-the-fly" syntax checking information may be incorrect. [C:\Users\kille\Documents\GitHub\TFM-UPM\Practica\Prueba1_demo_v1.0\prueba1_demo.srcs\sources_1\new\top_system.vhd:]
WARNING: [filemgmt 56-199] Attempt to get parsing info during refresh. "On-the-fly" syntax checking information may be incorrect. [C:\Users\kille\Documents\GitHub\TFM-UPM\Practica\Prueba1_demo_v1.0\prueba1_demo.srcs\sources_1\new\top_system.vhd:]
WARNING: [filemgmt 56-199] Attempt to get parsing info during refresh. "On-the-fly" syntax checking information may be incorrect. [C:\Users\kille\Documents\GitHub\TFM-UPM\Practica\Prueba1_demo_v1.0\prueba1_demo.srcs\sources_1\new\top_system.vhd:]
WARNING: [filemgmt 56-199] Attempt to get parsing info during refresh. "On-the-fly" syntax checking information may be incorrect. [C:\Users\kille\Documents\GitHub\TFM-UPM\Practica\Prueba1_demo_v1.0\prueba1_demo.srcs\sources_1\new\apa102_ctrl.vhd:]
WARNING: [filemgmt 56-199] Attempt to get parsing info during refresh. "On-the-fly" syntax checking information may be incorrect. [C:\Users\kille\Documents\GitHub\TFM-UPM\Practica\Prueba1_demo_v1.0\prueba1_demo.srcs\sources_1\new\i2s_transceiver.vhd:]
WARNING: [filemgmt 56-199] Attempt to get parsing info during refresh. "On-the-fly" syntax checking information may be incorrect. [C:\Users\kille\Documents\GitHub\TFM-UPM\Practica\Prueba1_demo_v1.0\prueba1_demo.srcs\sources_1\new\audio_player.vhd:]
WARNING: [filemgmt 56-199] Attempt to get parsing info during refresh. "On-the-fly" syntax checking information may be incorrect. [C:\Users\kille\Documents\GitHub\TFM-UPM\Practica\Prueba1_demo_v1.0\prueba1_demo.srcs\sources_1\new\tas2110_i2c_ctrl.vhd:]
WARNING: [filemgmt 56-199] Attempt to get parsing info during refresh. "On-the-fly" syntax checking information may be incorrect. [C:\Users\kille\Documents\GitHub\TFM-UPM\Practica\Prueba1_demo_v1.0\prueba1_demo.srcs\sources_1\new\i2s_transceiver.vhd:]
WARNING: [filemgmt 56-199] Attempt to get parsing info during refresh. "On-the-fly" syntax checking information may be incorrect. [C:\Users\kille\Documents\GitHub\TFM-UPM\Practica\Prueba1_demo_v1.0\prueba1_demo.srcs\sources_1\new\i2s_transceiver.vhd:]
ERROR: [Common 17-180] Spawn failed: La operación se completó correctamente.

ERROR: [Common 17-180] Spawn failed: La operación se completó correctamente.

save_wave_config {C:/Users/kille/Documents/GitHub/TFM-UPM/Practica/Prueba1_demo_v1.0/prueba1_demo.hw/hw_1/wave/hw_ila_data_1/hw_ila_data_1.wcfg}
save_wave_config {C:/Users/kille/Documents/GitHub/TFM-UPM/Practica/Prueba1_demo_v1.0/prueba1_demo.hw/hw_1/wave/hw_ila_data_2/hw_ila_data_2.wcfg}
close_hw_manager
reset_run synth_1
INFO: [Project 1-1161] Replacing file C:/Users/kille/Documents/GitHub/TFM-UPM/Practica/Prueba1_demo_v1.0/prueba1_demo.srcs/utils_1/imports/synth_1/top_system.dcp with file C:/Users/kille/Documents/GitHub/TFM-UPM/Practica/Prueba1_demo_v1.0/prueba1_demo.runs/synth_1/design_1_wrapper.dcp
reset_run design_1_top_system_0_1_synth_1
launch_runs impl_1 -to_step write_bitstream -jobs 12
[Thu Aug  6 17:52:31 2026] Launched design_1_top_system_0_1_synth_1, synth_1...
Run output will be captured here:
design_1_top_system_0_1_synth_1: C:/Users/kille/Documents/GitHub/TFM-UPM/Practica/Prueba1_demo_v1.0/prueba1_demo.runs/design_1_top_system_0_1_synth_1/runme.log
synth_1: C:/Users/kille/Documents/GitHub/TFM-UPM/Practica/Prueba1_demo_v1.0/prueba1_demo.runs/synth_1/runme.log
[Thu Aug  6 17:52:31 2026] Launched impl_1...
Run output will be captured here: C:/Users/kille/Documents/GitHub/TFM-UPM/Practica/Prueba1_demo_v1.0/prueba1_demo.runs/impl_1/runme.log
WARNING: [filemgmt 56-199] Attempt to get parsing info during refresh. "On-the-fly" syntax checking information may be incorrect. [C:\Users\kille\Documents\GitHub\TFM-UPM\Practica\Prueba1_demo_v1.0\prueba1_demo.srcs\sources_1\new\top_system.vhd:]
WARNING: [filemgmt 56-199] Attempt to get parsing info during refresh. "On-the-fly" syntax checking information may be incorrect. [C:\Users\kille\Documents\GitHub\TFM-UPM\Practica\Prueba1_demo_v1.0\prueba1_demo.srcs\sources_1\new\apa102_ctrl.vhd:]
WARNING: [filemgmt 56-199] Attempt to get parsing info during refresh. "On-the-fly" syntax checking information may be incorrect. [C:\Users\kille\Documents\GitHub\TFM-UPM\Practica\Prueba1_demo_v1.0\prueba1_demo.srcs\sources_1\new\i2s_transceiver.vhd:]
WARNING: [filemgmt 56-199] Attempt to get parsing info during refresh. "On-the-fly" syntax checking information may be incorrect. [C:\Users\kille\Documents\GitHub\TFM-UPM\Practica\Prueba1_demo_v1.0\prueba1_demo.srcs\sources_1\new\audio_player.vhd:]
WARNING: [filemgmt 56-199] Attempt to get parsing info during refresh. "On-the-fly" syntax checking information may be incorrect. [C:\Users\kille\Documents\GitHub\TFM-UPM\Practica\Prueba1_demo_v1.0\prueba1_demo.srcs\sources_1\new\tas2110_i2c_ctrl.vhd:]
WARNING: [filemgmt 56-199] Attempt to get parsing info during refresh. "On-the-fly" syntax checking information may be incorrect. [C:\Users\kille\Documents\GitHub\TFM-UPM\Practica\Prueba1_demo_v1.0\prueba1_demo.srcs\sources_1\new\audio_player.vhd:]
WARNING: [filemgmt 56-199] Attempt to get parsing info during refresh. "On-the-fly" syntax checking information may be incorrect. [C:\Users\kille\Documents\GitHub\TFM-UPM\Practica\Prueba1_demo_v1.0\prueba1_demo.srcs\sources_1\new\audio_player.vhd:]
WARNING: [filemgmt 56-199] Attempt to get parsing info during refresh. "On-the-fly" syntax checking information may be incorrect. [C:\Users\kille\Documents\GitHub\TFM-UPM\Practica\Prueba1_demo_v1.0\prueba1_demo.srcs\sources_1\new\top_system.vhd:]
WARNING: [filemgmt 56-199] Attempt to get parsing info during refresh. "On-the-fly" syntax checking information may be incorrect. [C:\Users\kille\Documents\GitHub\TFM-UPM\Practica\Prueba1_demo_v1.0\prueba1_demo.srcs\sources_1\new\apa102_ctrl.vhd:]
WARNING: [filemgmt 56-199] Attempt to get parsing info during refresh. "On-the-fly" syntax checking information may be incorrect. [C:\Users\kille\Documents\GitHub\TFM-UPM\Practica\Prueba1_demo_v1.0\prueba1_demo.srcs\sources_1\new\i2s_transceiver.vhd:]
WARNING: [filemgmt 56-199] Attempt to get parsing info during refresh. "On-the-fly" syntax checking information may be incorrect. [C:\Users\kille\Documents\GitHub\TFM-UPM\Practica\Prueba1_demo_v1.0\prueba1_demo.srcs\sources_1\new\audio_player.vhd:]
WARNING: [filemgmt 56-199] Attempt to get parsing info during refresh. "On-the-fly" syntax checking information may be incorrect. [C:\Users\kille\Documents\GitHub\TFM-UPM\Practica\Prueba1_demo_v1.0\prueba1_demo.srcs\sources_1\new\tas2110_i2c_ctrl.vhd:]
WARNING: [filemgmt 56-199] Attempt to get parsing info during refresh. "On-the-fly" syntax checking information may be incorrect. [C:\Users\kille\Documents\GitHub\TFM-UPM\Practica\Prueba1_demo_v1.0\prueba1_demo.srcs\sources_1\new\tas2110_i2c_ctrl.vhd:]
WARNING: [filemgmt 56-199] Attempt to get parsing info during refresh. "On-the-fly" syntax checking information may be incorrect. [C:\Users\kille\Documents\GitHub\TFM-UPM\Practica\Prueba1_demo_v1.0\prueba1_demo.srcs\sources_1\new\tas2110_i2c_ctrl.vhd:]
WARNING: [filemgmt 56-199] Attempt to get parsing info during refresh. "On-the-fly" syntax checking information may be incorrect. [C:\Users\kille\Documents\GitHub\TFM-UPM\Practica\Prueba1_demo_v1.0\prueba1_demo.srcs\sources_1\new\top_system.vhd:]
WARNING: [filemgmt 56-199] Attempt to get parsing info during refresh. "On-the-fly" syntax checking information may be incorrect. [C:\Users\kille\Documents\GitHub\TFM-UPM\Practica\Prueba1_demo_v1.0\prueba1_demo.srcs\sources_1\new\apa102_ctrl.vhd:]
WARNING: [filemgmt 56-199] Attempt to get parsing info during refresh. "On-the-fly" syntax checking information may be incorrect. [C:\Users\kille\Documents\GitHub\TFM-UPM\Practica\Prueba1_demo_v1.0\prueba1_demo.srcs\sources_1\new\i2s_transceiver.vhd:]
WARNING: [filemgmt 56-199] Attempt to get parsing info during refresh. "On-the-fly" syntax checking information may be incorrect. [C:\Users\kille\Documents\GitHub\TFM-UPM\Practica\Prueba1_demo_v1.0\prueba1_demo.srcs\sources_1\new\audio_player.vhd:]
WARNING: [filemgmt 56-199] Attempt to get parsing info during refresh. "On-the-fly" syntax checking information may be incorrect. [C:\Users\kille\Documents\GitHub\TFM-UPM\Practica\Prueba1_demo_v1.0\prueba1_demo.srcs\sources_1\new\tas2110_i2c_ctrl.vhd:]
WARNING: [filemgmt 56-199] Attempt to get parsing info during refresh. "On-the-fly" syntax checking information may be incorrect. [C:\Users\kille\Documents\GitHub\TFM-UPM\Practica\Prueba1_demo_v1.0\prueba1_demo.srcs\sources_1\new\tas2110_i2c_ctrl.vhd:]
WARNING: [filemgmt 56-199] Attempt to get parsing info during refresh. "On-the-fly" syntax checking information may be incorrect. [C:\Users\kille\Documents\GitHub\TFM-UPM\Practica\Prueba1_demo_v1.0\prueba1_demo.srcs\sources_1\new\tas2110_i2c_ctrl.vhd:]
WARNING: [filemgmt 56-199] Attempt to get parsing info during refresh. "On-the-fly" syntax checking information may be incorrect. [C:\Users\kille\Documents\GitHub\TFM-UPM\Practica\Prueba1_demo_v1.0\prueba1_demo.srcs\sources_1\new\top_system.vhd:]
WARNING: [filemgmt 56-199] Attempt to get parsing info during refresh. "On-the-fly" syntax checking information may be incorrect. [C:\Users\kille\Documents\GitHub\TFM-UPM\Practica\Prueba1_demo_v1.0\prueba1_demo.srcs\sources_1\new\apa102_ctrl.vhd:]
WARNING: [filemgmt 56-199] Attempt to get parsing info during refresh. "On-the-fly" syntax checking information may be incorrect. [C:\Users\kille\Documents\GitHub\TFM-UPM\Practica\Prueba1_demo_v1.0\prueba1_demo.srcs\sources_1\new\i2s_transceiver.vhd:]
WARNING: [filemgmt 56-199] Attempt to get parsing info during refresh. "On-the-fly" syntax checking information may be incorrect. [C:\Users\kille\Documents\GitHub\TFM-UPM\Practica\Prueba1_demo_v1.0\prueba1_demo.srcs\sources_1\new\audio_player.vhd:]
WARNING: [filemgmt 56-199] Attempt to get parsing info during refresh. "On-the-fly" syntax checking information may be incorrect. [C:\Users\kille\Documents\GitHub\TFM-UPM\Practica\Prueba1_demo_v1.0\prueba1_demo.srcs\sources_1\new\tas2110_i2c_ctrl.vhd:]
WARNING: [filemgmt 56-199] Attempt to get parsing info during refresh. "On-the-fly" syntax checking information may be incorrect. [C:\Users\kille\Documents\GitHub\TFM-UPM\Practica\Prueba1_demo_v1.0\prueba1_demo.srcs\sources_1\new\audio_player.vhd:]
WARNING: [filemgmt 56-199] Attempt to get parsing info during refresh. "On-the-fly" syntax checking information may be incorrect. [C:\Users\kille\Documents\GitHub\TFM-UPM\Practica\Prueba1_demo_v1.0\prueba1_demo.srcs\sources_1\new\audio_player.vhd:]
WARNING: [filemgmt 56-199] Attempt to get parsing info during refresh. "On-the-fly" syntax checking information may be incorrect. [C:\Users\kille\Documents\GitHub\TFM-UPM\Practica\Prueba1_demo_v1.0\prueba1_demo.srcs\sources_1\new\top_system.vhd:]
WARNING: [filemgmt 56-199] Attempt to get parsing info during refresh. "On-the-fly" syntax checking information may be incorrect. [C:\Users\kille\Documents\GitHub\TFM-UPM\Practica\Prueba1_demo_v1.0\prueba1_demo.srcs\sources_1\new\apa102_ctrl.vhd:]
WARNING: [filemgmt 56-199] Attempt to get parsing info during refresh. "On-the-fly" syntax checking information may be incorrect. [C:\Users\kille\Documents\GitHub\TFM-UPM\Practica\Prueba1_demo_v1.0\prueba1_demo.srcs\sources_1\new\i2s_transceiver.vhd:]
WARNING: [filemgmt 56-199] Attempt to get parsing info during refresh. "On-the-fly" syntax checking information may be incorrect. [C:\Users\kille\Documents\GitHub\TFM-UPM\Practica\Prueba1_demo_v1.0\prueba1_demo.srcs\sources_1\new\audio_player.vhd:]
WARNING: [filemgmt 56-199] Attempt to get parsing info during refresh. "On-the-fly" syntax checking information may be incorrect. [C:\Users\kille\Documents\GitHub\TFM-UPM\Practica\Prueba1_demo_v1.0\prueba1_demo.srcs\sources_1\new\tas2110_i2c_ctrl.vhd:]
WARNING: [filemgmt 56-199] Attempt to get parsing info during refresh. "On-the-fly" syntax checking information may be incorrect. [C:\Users\kille\Documents\GitHub\TFM-UPM\Practica\Prueba1_demo_v1.0\prueba1_demo.srcs\sources_1\new\i2s_transceiver.vhd:]
WARNING: [filemgmt 56-199] Attempt to get parsing info during refresh. "On-the-fly" syntax checking information may be incorrect. [C:\Users\kille\Documents\GitHub\TFM-UPM\Practica\Prueba1_demo_v1.0\prueba1_demo.srcs\sources_1\new\i2s_transceiver.vhd:]
ERROR: [Common 17-180] Spawn failed: La operación se completó correctamente.

WARNING: [filemgmt 56-199] Attempt to get parsing info during refresh. "On-the-fly" syntax checking information may be incorrect. [C:\Users\kille\Documents\GitHub\TFM-UPM\Practica\Prueba1_demo_v1.0\prueba1_demo.srcs\sources_1\new\top_system.vhd:]
WARNING: [filemgmt 56-199] Attempt to get parsing info during refresh. "On-the-fly" syntax checking information may be incorrect. [C:\Users\kille\Documents\GitHub\TFM-UPM\Practica\Prueba1_demo_v1.0\prueba1_demo.srcs\sources_1\new\apa102_ctrl.vhd:]
WARNING: [filemgmt 56-199] Attempt to get parsing info during refresh. "On-the-fly" syntax checking information may be incorrect. [C:\Users\kille\Documents\GitHub\TFM-UPM\Practica\Prueba1_demo_v1.0\prueba1_demo.srcs\sources_1\new\i2s_transceiver.vhd:]
WARNING: [filemgmt 56-199] Attempt to get parsing info during refresh. "On-the-fly" syntax checking information may be incorrect. [C:\Users\kille\Documents\GitHub\TFM-UPM\Practica\Prueba1_demo_v1.0\prueba1_demo.srcs\sources_1\new\audio_player.vhd:]
WARNING: [filemgmt 56-199] Attempt to get parsing info during refresh. "On-the-fly" syntax checking information may be incorrect. [C:\Users\kille\Documents\GitHub\TFM-UPM\Practica\Prueba1_demo_v1.0\prueba1_demo.srcs\sources_1\new\tas2110_i2c_ctrl.vhd:]
WARNING: [filemgmt 56-199] Attempt to get parsing info during refresh. "On-the-fly" syntax checking information may be incorrect. [C:\Users\kille\Documents\GitHub\TFM-UPM\Practica\Prueba1_demo_v1.0\prueba1_demo.srcs\sources_1\new\top_system.vhd:]
WARNING: [filemgmt 56-199] Attempt to get parsing info during refresh. "On-the-fly" syntax checking information may be incorrect. [C:\Users\kille\Documents\GitHub\TFM-UPM\Practica\Prueba1_demo_v1.0\prueba1_demo.srcs\sources_1\new\top_system.vhd:]
WARNING: [filemgmt 56-199] Attempt to get parsing info during refresh. "On-the-fly" syntax checking information may be incorrect. [C:\Users\kille\Documents\GitHub\TFM-UPM\Practica\Prueba1_demo_v1.0\prueba1_demo.srcs\sources_1\new\top_system.vhd:]
WARNING: [filemgmt 56-199] Attempt to get parsing info during refresh. "On-the-fly" syntax checking information may be incorrect. [C:\Users\kille\Documents\GitHub\TFM-UPM\Practica\Prueba1_demo_v1.0\prueba1_demo.srcs\sources_1\new\apa102_ctrl.vhd:]
WARNING: [filemgmt 56-199] Attempt to get parsing info during refresh. "On-the-fly" syntax checking information may be incorrect. [C:\Users\kille\Documents\GitHub\TFM-UPM\Practica\Prueba1_demo_v1.0\prueba1_demo.srcs\sources_1\new\i2s_transceiver.vhd:]
WARNING: [filemgmt 56-199] Attempt to get parsing info during refresh. "On-the-fly" syntax checking information may be incorrect. [C:\Users\kille\Documents\GitHub\TFM-UPM\Practica\Prueba1_demo_v1.0\prueba1_demo.srcs\sources_1\new\audio_player.vhd:]
WARNING: [filemgmt 56-199] Attempt to get parsing info during refresh. "On-the-fly" syntax checking information may be incorrect. [C:\Users\kille\Documents\GitHub\TFM-UPM\Practica\Prueba1_demo_v1.0\prueba1_demo.srcs\sources_1\new\tas2110_i2c_ctrl.vhd:]
WARNING: [filemgmt 56-199] Attempt to get parsing info during refresh. "On-the-fly" syntax checking information may be incorrect. [C:\Users\kille\Documents\GitHub\TFM-UPM\Practica\Prueba1_demo_v1.0\prueba1_demo.srcs\sources_1\new\audio_player.vhd:]
WARNING: [filemgmt 56-199] Attempt to get parsing info during refresh. "On-the-fly" syntax checking information may be incorrect. [C:\Users\kille\Documents\GitHub\TFM-UPM\Practica\Prueba1_demo_v1.0\prueba1_demo.srcs\sources_1\new\audio_player.vhd:]
WARNING: [filemgmt 56-199] Attempt to get parsing info during refresh. "On-the-fly" syntax checking information may be incorrect. [C:\Users\kille\Documents\GitHub\TFM-UPM\Practica\Prueba1_demo_v1.0\prueba1_demo.srcs\sources_1\new\top_system.vhd:]
WARNING: [filemgmt 56-199] Attempt to get parsing info during refresh. "On-the-fly" syntax checking information may be incorrect. [C:\Users\kille\Documents\GitHub\TFM-UPM\Practica\Prueba1_demo_v1.0\prueba1_demo.srcs\sources_1\new\apa102_ctrl.vhd:]
WARNING: [filemgmt 56-199] Attempt to get parsing info during refresh. "On-the-fly" syntax checking information may be incorrect. [C:\Users\kille\Documents\GitHub\TFM-UPM\Practica\Prueba1_demo_v1.0\prueba1_demo.srcs\sources_1\new\i2s_transceiver.vhd:]
WARNING: [filemgmt 56-199] Attempt to get parsing info during refresh. "On-the-fly" syntax checking information may be incorrect. [C:\Users\kille\Documents\GitHub\TFM-UPM\Practica\Prueba1_demo_v1.0\prueba1_demo.srcs\sources_1\new\audio_player.vhd:]
WARNING: [filemgmt 56-199] Attempt to get parsing info during refresh. "On-the-fly" syntax checking information may be incorrect. [C:\Users\kille\Documents\GitHub\TFM-UPM\Practica\Prueba1_demo_v1.0\prueba1_demo.srcs\sources_1\new\tas2110_i2c_ctrl.vhd:]
WARNING: [filemgmt 56-199] Attempt to get parsing info during refresh. "On-the-fly" syntax checking information may be incorrect. [C:\Users\kille\Documents\GitHub\TFM-UPM\Practica\Prueba1_demo_v1.0\prueba1_demo.srcs\sources_1\new\tas2110_i2c_ctrl.vhd:]
WARNING: [filemgmt 56-199] Attempt to get parsing info during refresh. "On-the-fly" syntax checking information may be incorrect. [C:\Users\kille\Documents\GitHub\TFM-UPM\Practica\Prueba1_demo_v1.0\prueba1_demo.srcs\sources_1\new\tas2110_i2c_ctrl.vhd:]
ERROR: [Common 17-180] Spawn failed: La operación se completó correctamente.

WARNING: [filemgmt 56-199] Attempt to get parsing info during refresh. "On-the-fly" syntax checking information may be incorrect. [C:\Users\kille\Documents\GitHub\TFM-UPM\Practica\Prueba1_demo_v1.0\prueba1_demo.srcs\sources_1\new\top_system.vhd:]
WARNING: [filemgmt 56-199] Attempt to get parsing info during refresh. "On-the-fly" syntax checking information may be incorrect. [C:\Users\kille\Documents\GitHub\TFM-UPM\Practica\Prueba1_demo_v1.0\prueba1_demo.srcs\sources_1\new\apa102_ctrl.vhd:]
WARNING: [filemgmt 56-199] Attempt to get parsing info during refresh. "On-the-fly" syntax checking information may be incorrect. [C:\Users\kille\Documents\GitHub\TFM-UPM\Practica\Prueba1_demo_v1.0\prueba1_demo.srcs\sources_1\new\i2s_transceiver.vhd:]
WARNING: [filemgmt 56-199] Attempt to get parsing info during refresh. "On-the-fly" syntax checking information may be incorrect. [C:\Users\kille\Documents\GitHub\TFM-UPM\Practica\Prueba1_demo_v1.0\prueba1_demo.srcs\sources_1\new\audio_player.vhd:]
WARNING: [filemgmt 56-199] Attempt to get parsing info during refresh. "On-the-fly" syntax checking information may be incorrect. [C:\Users\kille\Documents\GitHub\TFM-UPM\Practica\Prueba1_demo_v1.0\prueba1_demo.srcs\sources_1\new\tas2110_i2c_ctrl.vhd:]
WARNING: [filemgmt 56-199] Attempt to get parsing info during refresh. "On-the-fly" syntax checking information may be incorrect. [C:\Users\kille\Documents\GitHub\TFM-UPM\Practica\Prueba1_demo_v1.0\prueba1_demo.srcs\sources_1\new\apa102_ctrl.vhd:]
WARNING: [filemgmt 56-199] Attempt to get parsing info during refresh. "On-the-fly" syntax checking information may be incorrect. [C:\Users\kille\Documents\GitHub\TFM-UPM\Practica\Prueba1_demo_v1.0\prueba1_demo.srcs\sources_1\new\apa102_ctrl.vhd:]
reset_run impl_1
reset_run synth_1
INFO: [Project 1-1161] Replacing file C:/Users/kille/Documents/GitHub/TFM-UPM/Practica/Prueba1_demo_v1.0/prueba1_demo.srcs/utils_1/imports/synth_1/top_system.dcp with file C:/Users/kille/Documents/GitHub/TFM-UPM/Practica/Prueba1_demo_v1.0/prueba1_demo.runs/synth_1/design_1_wrapper.dcp
report_ip_status -name ip_status 
update_module_reference [get_ips  design_1_top_system_0_1]
INFO: [IP_Flow 19-5107] Inferred bus interface 'reset_n' of definition 'xilinx.com:signal:reset:1.0' (from Xilinx Repository).
INFO: [IP_Flow 19-5107] Inferred bus interface 'sd_reset' of definition 'xilinx.com:signal:reset:1.0' (from Xilinx Repository).
INFO: [IP_Flow 19-5107] Inferred bus interface 'sw0_reset' of definition 'xilinx.com:signal:reset:1.0' (from Xilinx Repository).
INFO: [IP_Flow 19-5107] Inferred bus interface 'led_clk' of definition 'xilinx.com:signal:clock:1.0' (from Xilinx Repository).
INFO: [IP_Flow 19-5107] Inferred bus interface 'sd_clk' of definition 'xilinx.com:signal:clock:1.0' (from Xilinx Repository).
INFO: [IP_Flow 19-4728] Bus Interface 'sd_clk': Added interface parameter 'ASSOCIATED_RESET' with value 'sd_reset'.
CRITICAL WARNING: [IP_Flow 19-4751] Bus Interface 'led_clk': FREQ_HZ bus parameter is missing for output clock interface.
CRITICAL WARNING: [IP_Flow 19-4751] Bus Interface 'sd_clk': FREQ_HZ bus parameter is missing for output clock interface.
INFO: [IP_Flow 19-5107] Inferred bus interface 'reset_n' of definition 'xilinx.com:signal:reset:1.0' (from Xilinx Repository).
INFO: [IP_Flow 19-5107] Inferred bus interface 'sd_reset' of definition 'xilinx.com:signal:reset:1.0' (from Xilinx Repository).
INFO: [IP_Flow 19-5107] Inferred bus interface 'sw0_reset' of definition 'xilinx.com:signal:reset:1.0' (from Xilinx Repository).
INFO: [IP_Flow 19-5107] Inferred bus interface 'led_clk' of definition 'xilinx.com:signal:clock:1.0' (from Xilinx Repository).
INFO: [IP_Flow 19-5107] Inferred bus interface 'sd_clk' of definition 'xilinx.com:signal:clock:1.0' (from Xilinx Repository).
INFO: [IP_Flow 19-4728] Bus Interface 'sd_clk': Added interface parameter 'ASSOCIATED_RESET' with value 'sd_reset'.
CRITICAL WARNING: [IP_Flow 19-4751] Bus Interface 'led_clk': FREQ_HZ bus parameter is missing for output clock interface.
CRITICAL WARNING: [IP_Flow 19-4751] Bus Interface 'sd_clk': FREQ_HZ bus parameter is missing for output clock interface.
Upgrading 'C:/Users/kille/Documents/GitHub/TFM-UPM/Practica/Prueba1_demo_v1.0/prueba1_demo.srcs/sources_1/bd/design_1/design_1.bd'
INFO: [IP_Flow 19-3420] Updated design_1_top_system_0_1 to use current project options
Wrote  : <C:\Users\kille\Documents\GitHub\TFM-UPM\Practica\Prueba1_demo_v1.0\prueba1_demo.srcs\sources_1\bd\design_1\design_1.bd> 
Wrote  : <C:/Users/kille/Documents/GitHub/TFM-UPM/Practica/Prueba1_demo_v1.0/prueba1_demo.srcs/sources_1/bd/design_1/ui/bd_1f5defd0.ui> 
WARNING: [filemgmt 56-199] Attempt to get parsing info during refresh. "On-the-fly" syntax checking information may be incorrect. [C:\Users\kille\Documents\GitHub\TFM-UPM\Practica\Prueba1_demo_v1.0\prueba1_demo.srcs\sources_1\new\top_system.vhd:]
WARNING: [filemgmt 56-199] Attempt to get parsing info during refresh. "On-the-fly" syntax checking information may be incorrect. [C:\Users\kille\Documents\GitHub\TFM-UPM\Practica\Prueba1_demo_v1.0\prueba1_demo.srcs\sources_1\new\apa102_ctrl.vhd:]
WARNING: [filemgmt 56-199] Attempt to get parsing info during refresh. "On-the-fly" syntax checking information may be incorrect. [C:\Users\kille\Documents\GitHub\TFM-UPM\Practica\Prueba1_demo_v1.0\prueba1_demo.srcs\sources_1\new\i2s_transceiver.vhd:]
WARNING: [filemgmt 56-199] Attempt to get parsing info during refresh. "On-the-fly" syntax checking information may be incorrect. [C:\Users\kille\Documents\GitHub\TFM-UPM\Practica\Prueba1_demo_v1.0\prueba1_demo.srcs\sources_1\new\audio_player.vhd:]
WARNING: [filemgmt 56-199] Attempt to get parsing info during refresh. "On-the-fly" syntax checking information may be incorrect. [C:\Users\kille\Documents\GitHub\TFM-UPM\Practica\Prueba1_demo_v1.0\prueba1_demo.srcs\sources_1\new\tas2110_i2c_ctrl.vhd:]
WARNING: [filemgmt 56-199] Attempt to get parsing info during refresh. "On-the-fly" syntax checking information may be incorrect. [C:\Users\kille\Documents\GitHub\TFM-UPM\Practica\Prueba1_demo_v1.0\prueba1_demo.srcs\sources_1\new\i2s_transceiver.vhd:]
WARNING: [filemgmt 56-199] Attempt to get parsing info during refresh. "On-the-fly" syntax checking information may be incorrect. [C:\Users\kille\Documents\GitHub\TFM-UPM\Practica\Prueba1_demo_v1.0\prueba1_demo.srcs\sources_1\new\i2s_transceiver.vhd:]
WARNING: [filemgmt 56-199] Attempt to get parsing info during refresh. "On-the-fly" syntax checking information may be incorrect. [C:\Users\kille\Documents\GitHub\TFM-UPM\Practica\Prueba1_demo_v1.0\prueba1_demo.srcs\sources_1\new\top_system.vhd:]
WARNING: [filemgmt 56-199] Attempt to get parsing info during refresh. "On-the-fly" syntax checking information may be incorrect. [C:\Users\kille\Documents\GitHub\TFM-UPM\Practica\Prueba1_demo_v1.0\prueba1_demo.srcs\sources_1\new\apa102_ctrl.vhd:]
WARNING: [filemgmt 56-199] Attempt to get parsing info during refresh. "On-the-fly" syntax checking information may be incorrect. [C:\Users\kille\Documents\GitHub\TFM-UPM\Practica\Prueba1_demo_v1.0\prueba1_demo.srcs\sources_1\new\i2s_transceiver.vhd:]
WARNING: [filemgmt 56-199] Attempt to get parsing info during refresh. "On-the-fly" syntax checking information may be incorrect. [C:\Users\kille\Documents\GitHub\TFM-UPM\Practica\Prueba1_demo_v1.0\prueba1_demo.srcs\sources_1\new\audio_player.vhd:]
WARNING: [filemgmt 56-199] Attempt to get parsing info during refresh. "On-the-fly" syntax checking information may be incorrect. [C:\Users\kille\Documents\GitHub\TFM-UPM\Practica\Prueba1_demo_v1.0\prueba1_demo.srcs\sources_1\new\tas2110_i2c_ctrl.vhd:]
WARNING: [filemgmt 56-199] Attempt to get parsing info during refresh. "On-the-fly" syntax checking information may be incorrect. [C:\Users\kille\Documents\GitHub\TFM-UPM\Practica\Prueba1_demo_v1.0\prueba1_demo.srcs\sources_1\new\tas2110_i2c_ctrl.vhd:]
WARNING: [filemgmt 56-199] Attempt to get parsing info during refresh. "On-the-fly" syntax checking information may be incorrect. [C:\Users\kille\Documents\GitHub\TFM-UPM\Practica\Prueba1_demo_v1.0\prueba1_demo.srcs\sources_1\new\tas2110_i2c_ctrl.vhd:]
WARNING: [filemgmt 56-199] Attempt to get parsing info during refresh. "On-the-fly" syntax checking information may be incorrect. [C:\Users\kille\Documents\GitHub\TFM-UPM\Practica\Prueba1_demo_v1.0\prueba1_demo.srcs\sources_1\new\top_system.vhd:]
WARNING: [filemgmt 56-199] Attempt to get parsing info during refresh. "On-the-fly" syntax checking information may be incorrect. [C:\Users\kille\Documents\GitHub\TFM-UPM\Practica\Prueba1_demo_v1.0\prueba1_demo.srcs\sources_1\new\apa102_ctrl.vhd:]
WARNING: [filemgmt 56-199] Attempt to get parsing info during refresh. "On-the-fly" syntax checking information may be incorrect. [C:\Users\kille\Documents\GitHub\TFM-UPM\Practica\Prueba1_demo_v1.0\prueba1_demo.srcs\sources_1\new\i2s_transceiver.vhd:]
WARNING: [filemgmt 56-199] Attempt to get parsing info during refresh. "On-the-fly" syntax checking information may be incorrect. [C:\Users\kille\Documents\GitHub\TFM-UPM\Practica\Prueba1_demo_v1.0\prueba1_demo.srcs\sources_1\new\audio_player.vhd:]
WARNING: [filemgmt 56-199] Attempt to get parsing info during refresh. "On-the-fly" syntax checking information may be incorrect. [C:\Users\kille\Documents\GitHub\TFM-UPM\Practica\Prueba1_demo_v1.0\prueba1_demo.srcs\sources_1\new\tas2110_i2c_ctrl.vhd:]
WARNING: [filemgmt 56-199] Attempt to get parsing info during refresh. "On-the-fly" syntax checking information may be incorrect. [C:\Users\kille\Documents\GitHub\TFM-UPM\Practica\Prueba1_demo_v1.0\prueba1_demo.srcs\sources_1\new\apa102_ctrl.vhd:]
WARNING: [filemgmt 56-199] Attempt to get parsing info during refresh. "On-the-fly" syntax checking information may be incorrect. [C:\Users\kille\Documents\GitHub\TFM-UPM\Practica\Prueba1_demo_v1.0\prueba1_demo.srcs\sources_1\new\apa102_ctrl.vhd:]
WARNING: [filemgmt 56-199] Attempt to get parsing info during refresh. "On-the-fly" syntax checking information may be incorrect. [C:\Users\kille\Documents\GitHub\TFM-UPM\Practica\Prueba1_demo_v1.0\prueba1_demo.srcs\sources_1\new\top_system.vhd:]
WARNING: [filemgmt 56-199] Attempt to get parsing info during refresh. "On-the-fly" syntax checking information may be incorrect. [C:\Users\kille\Documents\GitHub\TFM-UPM\Practica\Prueba1_demo_v1.0\prueba1_demo.srcs\sources_1\new\apa102_ctrl.vhd:]
WARNING: [filemgmt 56-199] Attempt to get parsing info during refresh. "On-the-fly" syntax checking information may be incorrect. [C:\Users\kille\Documents\GitHub\TFM-UPM\Practica\Prueba1_demo_v1.0\prueba1_demo.srcs\sources_1\new\i2s_transceiver.vhd:]
WARNING: [filemgmt 56-199] Attempt to get parsing info during refresh. "On-the-fly" syntax checking information may be incorrect. [C:\Users\kille\Documents\GitHub\TFM-UPM\Practica\Prueba1_demo_v1.0\prueba1_demo.srcs\sources_1\new\audio_player.vhd:]
WARNING: [filemgmt 56-199] Attempt to get parsing info during refresh. "On-the-fly" syntax checking information may be incorrect. [C:\Users\kille\Documents\GitHub\TFM-UPM\Practica\Prueba1_demo_v1.0\prueba1_demo.srcs\sources_1\new\tas2110_i2c_ctrl.vhd:]
WARNING: [filemgmt 56-199] Attempt to get parsing info during refresh. "On-the-fly" syntax checking information may be incorrect. [C:\Users\kille\Documents\GitHub\TFM-UPM\Practica\Prueba1_demo_v1.0\prueba1_demo.srcs\sources_1\new\top_system.vhd:]
WARNING: [filemgmt 56-199] Attempt to get parsing info during refresh. "On-the-fly" syntax checking information may be incorrect. [C:\Users\kille\Documents\GitHub\TFM-UPM\Practica\Prueba1_demo_v1.0\prueba1_demo.srcs\sources_1\new\apa102_ctrl.vhd:]
WARNING: [filemgmt 56-199] Attempt to get parsing info during refresh. "On-the-fly" syntax checking information may be incorrect. [C:\Users\kille\Documents\GitHub\TFM-UPM\Practica\Prueba1_demo_v1.0\prueba1_demo.srcs\sources_1\new\i2s_transceiver.vhd:]
WARNING: [filemgmt 56-199] Attempt to get parsing info during refresh. "On-the-fly" syntax checking information may be incorrect. [C:\Users\kille\Documents\GitHub\TFM-UPM\Practica\Prueba1_demo_v1.0\prueba1_demo.srcs\sources_1\new\audio_player.vhd:]
WARNING: [filemgmt 56-199] Attempt to get parsing info during refresh. "On-the-fly" syntax checking information may be incorrect. [C:\Users\kille\Documents\GitHub\TFM-UPM\Practica\Prueba1_demo_v1.0\prueba1_demo.srcs\sources_1\new\tas2110_i2c_ctrl.vhd:]
WARNING: [filemgmt 56-199] Attempt to get parsing info during refresh. "On-the-fly" syntax checking information may be incorrect. [C:\Users\kille\Documents\GitHub\TFM-UPM\Practica\Prueba1_demo_v1.0\prueba1_demo.srcs\sources_1\new\apa102_ctrl.vhd:]
WARNING: [filemgmt 56-199] Attempt to get parsing info during refresh. "On-the-fly" syntax checking information may be incorrect. [C:\Users\kille\Documents\GitHub\TFM-UPM\Practica\Prueba1_demo_v1.0\prueba1_demo.srcs\sources_1\new\apa102_ctrl.vhd:]
ERROR: [Common 17-180] Spawn failed: La operación se completó correctamente.

WARNING: [filemgmt 56-199] Attempt to get parsing info during refresh. "On-the-fly" syntax checking information may be incorrect. [C:\Users\kille\Documents\GitHub\TFM-UPM\Practica\Prueba1_demo_v1.0\prueba1_demo.srcs\sources_1\new\top_system.vhd:]
WARNING: [filemgmt 56-199] Attempt to get parsing info during refresh. "On-the-fly" syntax checking information may be incorrect. [C:\Users\kille\Documents\GitHub\TFM-UPM\Practica\Prueba1_demo_v1.0\prueba1_demo.srcs\sources_1\new\apa102_ctrl.vhd:]
WARNING: [filemgmt 56-199] Attempt to get parsing info during refresh. "On-the-fly" syntax checking information may be incorrect. [C:\Users\kille\Documents\GitHub\TFM-UPM\Practica\Prueba1_demo_v1.0\prueba1_demo.srcs\sources_1\new\i2s_transceiver.vhd:]
WARNING: [filemgmt 56-199] Attempt to get parsing info during refresh. "On-the-fly" syntax checking information may be incorrect. [C:\Users\kille\Documents\GitHub\TFM-UPM\Practica\Prueba1_demo_v1.0\prueba1_demo.srcs\sources_1\new\audio_player.vhd:]
WARNING: [filemgmt 56-199] Attempt to get parsing info during refresh. "On-the-fly" syntax checking information may be incorrect. [C:\Users\kille\Documents\GitHub\TFM-UPM\Practica\Prueba1_demo_v1.0\prueba1_demo.srcs\sources_1\new\tas2110_i2c_ctrl.vhd:]
WARNING: [filemgmt 56-199] Attempt to get parsing info during refresh. "On-the-fly" syntax checking information may be incorrect. [C:\Users\kille\Documents\GitHub\TFM-UPM\Practica\Prueba1_demo_v1.0\prueba1_demo.srcs\sources_1\new\top_system.vhd:]
WARNING: [filemgmt 56-199] Attempt to get parsing info during refresh. "On-the-fly" syntax checking information may be incorrect. [C:\Users\kille\Documents\GitHub\TFM-UPM\Practica\Prueba1_demo_v1.0\prueba1_demo.srcs\sources_1\new\top_system.vhd:]
WARNING: [filemgmt 56-199] Attempt to get parsing info during refresh. "On-the-fly" syntax checking information may be incorrect. [C:\Users\kille\Documents\GitHub\TFM-UPM\Practica\Prueba1_demo_v1.0\prueba1_demo.srcs\sources_1\new\top_system.vhd:]
WARNING: [filemgmt 56-199] Attempt to get parsing info during refresh. "On-the-fly" syntax checking information may be incorrect. [C:\Users\kille\Documents\GitHub\TFM-UPM\Practica\Prueba1_demo_v1.0\prueba1_demo.srcs\sources_1\new\apa102_ctrl.vhd:]
WARNING: [filemgmt 56-199] Attempt to get parsing info during refresh. "On-the-fly" syntax checking information may be incorrect. [C:\Users\kille\Documents\GitHub\TFM-UPM\Practica\Prueba1_demo_v1.0\prueba1_demo.srcs\sources_1\new\i2s_transceiver.vhd:]
WARNING: [filemgmt 56-199] Attempt to get parsing info during refresh. "On-the-fly" syntax checking information may be incorrect. [C:\Users\kille\Documents\GitHub\TFM-UPM\Practica\Prueba1_demo_v1.0\prueba1_demo.srcs\sources_1\new\audio_player.vhd:]
WARNING: [filemgmt 56-199] Attempt to get parsing info during refresh. "On-the-fly" syntax checking information may be incorrect. [C:\Users\kille\Documents\GitHub\TFM-UPM\Practica\Prueba1_demo_v1.0\prueba1_demo.srcs\sources_1\new\tas2110_i2c_ctrl.vhd:]
WARNING: [filemgmt 56-199] Attempt to get parsing info during refresh. "On-the-fly" syntax checking information may be incorrect. [C:\Users\kille\Documents\GitHub\TFM-UPM\Practica\Prueba1_demo_v1.0\prueba1_demo.srcs\sources_1\new\i2s_transceiver.vhd:]
WARNING: [filemgmt 56-199] Attempt to get parsing info during refresh. "On-the-fly" syntax checking information may be incorrect. [C:\Users\kille\Documents\GitHub\TFM-UPM\Practica\Prueba1_demo_v1.0\prueba1_demo.srcs\sources_1\new\i2s_transceiver.vhd:]
ERROR: [Common 17-180] Spawn failed: La operación se completó correctamente.

validate_bd_design
WARNING: [BD 41-1781] Updates have been made to one or more nets/interface connections marked for debug.
Debug nets, which are already connected to any ILA IP core in the block-design, will be automatically available for debug in Hardware Manager.
For unconnected Debug nets, please open synthesized design and use 'Set Up Debug' wizard to insert, modify or delete Debug Cores. 
INFO: [xilinx.com:ip:clk_wiz:6.0-1] /clk_wiz_0 clk_wiz propagate
report_ip_status -name ip_status 
save_bd_design
Wrote  : <C:\Users\kille\Documents\GitHub\TFM-UPM\Practica\Prueba1_demo_v1.0\prueba1_demo.srcs\sources_1\bd\design_1\design_1.bd> 
Wrote  : <C:/Users/kille/Documents/GitHub/TFM-UPM/Practica/Prueba1_demo_v1.0/prueba1_demo.srcs/sources_1/bd/design_1/ui/bd_1f5defd0.ui> 
launch_runs impl_1 -to_step write_bitstream -jobs 12
INFO: [BD 41-1662] The design 'design_1.bd' is already validated. Therefore parameter propagation will not be re-run.
WARNING: [BD 41-3257] Drive strength cannot be preserved for ports connected to net btn_center_0_0_1 as it is marked for debug
WARNING: [BD 41-3256] Drive strength cannot be preserved for ports connected to net btn_right_0_0_1 as it connected to debug IP /system_ila_1 
WARNING: [BD 41-3256] Drive strength cannot be preserved for ports connected to net clk_100Mhz_0_1 as it connected to debug IP /system_ila_0 
WARNING: [BD 41-3257] Drive strength cannot be preserved for ports connected to net top_system_0_dbg_scl_out as it is marked for debug
WARNING: [BD 41-3257] Drive strength cannot be preserved for ports connected to net top_system_0_dbg_sda_out as it is marked for debug
WARNING: [BD 41-3257] Drive strength cannot be preserved for ports connected to net top_system_0_i2s_dout as it is marked for debug
WARNING: [BD 41-3256] Drive strength cannot be preserved for ports connected to net top_system_0_led_clk as it connected to debug IP /system_ila_0 
WARNING: [BD 41-3257] Drive strength cannot be preserved for ports connected to net top_system_0_led_data as it is marked for debug
VHDL Output written to : c:/Users/kille/Documents/GitHub/TFM-UPM/Practica/Prueba1_demo_v1.0/prueba1_demo.gen/sources_1/bd/design_1/synth/design_1.vhd
WARNING: [BD 41-3257] Drive strength cannot be preserved for ports connected to net btn_center_0_0_1 as it is marked for debug
WARNING: [BD 41-3256] Drive strength cannot be preserved for ports connected to net btn_right_0_0_1 as it connected to debug IP /system_ila_1 
WARNING: [BD 41-3256] Drive strength cannot be preserved for ports connected to net clk_100Mhz_0_1 as it connected to debug IP /system_ila_0 
WARNING: [BD 41-3257] Drive strength cannot be preserved for ports connected to net top_system_0_dbg_scl_out as it is marked for debug
WARNING: [BD 41-3257] Drive strength cannot be preserved for ports connected to net top_system_0_dbg_sda_out as it is marked for debug
WARNING: [BD 41-3257] Drive strength cannot be preserved for ports connected to net top_system_0_i2s_dout as it is marked for debug
WARNING: [BD 41-3256] Drive strength cannot be preserved for ports connected to net top_system_0_led_clk as it connected to debug IP /system_ila_0 
WARNING: [BD 41-3257] Drive strength cannot be preserved for ports connected to net top_system_0_led_data as it is marked for debug
VHDL Output written to : c:/Users/kille/Documents/GitHub/TFM-UPM/Practica/Prueba1_demo_v1.0/prueba1_demo.gen/sources_1/bd/design_1/sim/design_1.vhd
VHDL Output written to : c:/Users/kille/Documents/GitHub/TFM-UPM/Practica/Prueba1_demo_v1.0/prueba1_demo.gen/sources_1/bd/design_1/hdl/design_1_wrapper.vhd
INFO: [BD 41-1029] Generation completed for the IP Integrator block top_system_0 .
INFO: [BD 41-1637] Generated targets are already up-to-date for block design 'bd_f60c' - hence not re-generating.
INFO: [BD 41-1637] Generated targets are already up-to-date for block design 'bd_f69c' - hence not re-generating.
INFO: [BD 41-1982] Skipping generation for the cell util_vector_logic_0, which is locked by user.
Exporting to file c:/Users/kille/Documents/GitHub/TFM-UPM/Practica/Prueba1_demo_v1.0/prueba1_demo.gen/sources_1/bd/design_1/hw_handoff/design_1.hwh
Generated Hardware Definition File c:/Users/kille/Documents/GitHub/TFM-UPM/Practica/Prueba1_demo_v1.0/prueba1_demo.gen/sources_1/bd/design_1/synth/design_1.hwdef
[Thu Aug  6 17:58:27 2026] Launched design_1_top_system_0_1_synth_1, synth_1...
Run output will be captured here:
design_1_top_system_0_1_synth_1: C:/Users/kille/Documents/GitHub/TFM-UPM/Practica/Prueba1_demo_v1.0/prueba1_demo.runs/design_1_top_system_0_1_synth_1/runme.log
synth_1: C:/Users/kille/Documents/GitHub/TFM-UPM/Practica/Prueba1_demo_v1.0/prueba1_demo.runs/synth_1/runme.log
[Thu Aug  6 17:58:27 2026] Launched impl_1...
Run output will be captured here: C:/Users/kille/Documents/GitHub/TFM-UPM/Practica/Prueba1_demo_v1.0/prueba1_demo.runs/impl_1/runme.log
ERROR: [Common 17-180] Spawn failed: La operación se completó correctamente.

WARNING: [filemgmt 56-199] Attempt to get parsing info during refresh. "On-the-fly" syntax checking information may be incorrect. [C:\Users\kille\Documents\GitHub\TFM-UPM\Practica\Prueba1_demo_v1.0\prueba1_demo.srcs\sources_1\new\top_system.vhd:]
WARNING: [filemgmt 56-199] Attempt to get parsing info during refresh. "On-the-fly" syntax checking information may be incorrect. [C:\Users\kille\Documents\GitHub\TFM-UPM\Practica\Prueba1_demo_v1.0\prueba1_demo.srcs\sources_1\new\apa102_ctrl.vhd:]
WARNING: [filemgmt 56-199] Attempt to get parsing info during refresh. "On-the-fly" syntax checking information may be incorrect. [C:\Users\kille\Documents\GitHub\TFM-UPM\Practica\Prueba1_demo_v1.0\prueba1_demo.srcs\sources_1\new\i2s_transceiver.vhd:]
WARNING: [filemgmt 56-199] Attempt to get parsing info during refresh. "On-the-fly" syntax checking information may be incorrect. [C:\Users\kille\Documents\GitHub\TFM-UPM\Practica\Prueba1_demo_v1.0\prueba1_demo.srcs\sources_1\new\audio_player.vhd:]
WARNING: [filemgmt 56-199] Attempt to get parsing info during refresh. "On-the-fly" syntax checking information may be incorrect. [C:\Users\kille\Documents\GitHub\TFM-UPM\Practica\Prueba1_demo_v1.0\prueba1_demo.srcs\sources_1\new\tas2110_i2c_ctrl.vhd:]
WARNING: [filemgmt 56-199] Attempt to get parsing info during refresh. "On-the-fly" syntax checking information may be incorrect. [C:\Users\kille\Documents\GitHub\TFM-UPM\Practica\Prueba1_demo_v1.0\prueba1_demo.srcs\sources_1\new\audio_player.vhd:]
WARNING: [filemgmt 56-199] Attempt to get parsing info during refresh. "On-the-fly" syntax checking information may be incorrect. [C:\Users\kille\Documents\GitHub\TFM-UPM\Practica\Prueba1_demo_v1.0\prueba1_demo.srcs\sources_1\new\audio_player.vhd:]
WARNING: [filemgmt 56-199] Attempt to get parsing info during refresh. "On-the-fly" syntax checking information may be incorrect. [C:\Users\kille\Documents\GitHub\TFM-UPM\Practica\Prueba1_demo_v1.0\prueba1_demo.srcs\sources_1\new\top_system.vhd:]
WARNING: [filemgmt 56-199] Attempt to get parsing info during refresh. "On-the-fly" syntax checking information may be incorrect. [C:\Users\kille\Documents\GitHub\TFM-UPM\Practica\Prueba1_demo_v1.0\prueba1_demo.srcs\sources_1\new\apa102_ctrl.vhd:]
WARNING: [filemgmt 56-199] Attempt to get parsing info during refresh. "On-the-fly" syntax checking information may be incorrect. [C:\Users\kille\Documents\GitHub\TFM-UPM\Practica\Prueba1_demo_v1.0\prueba1_demo.srcs\sources_1\new\i2s_transceiver.vhd:]
WARNING: [filemgmt 56-199] Attempt to get parsing info during refresh. "On-the-fly" syntax checking information may be incorrect. [C:\Users\kille\Documents\GitHub\TFM-UPM\Practica\Prueba1_demo_v1.0\prueba1_demo.srcs\sources_1\new\audio_player.vhd:]
WARNING: [filemgmt 56-199] Attempt to get parsing info during refresh. "On-the-fly" syntax checking information may be incorrect. [C:\Users\kille\Documents\GitHub\TFM-UPM\Practica\Prueba1_demo_v1.0\prueba1_demo.srcs\sources_1\new\tas2110_i2c_ctrl.vhd:]
WARNING: [filemgmt 56-199] Attempt to get parsing info during refresh. "On-the-fly" syntax checking information may be incorrect. [C:\Users\kille\Documents\GitHub\TFM-UPM\Practica\Prueba1_demo_v1.0\prueba1_demo.srcs\sources_1\new\tas2110_i2c_ctrl.vhd:]
WARNING: [filemgmt 56-199] Attempt to get parsing info during refresh. "On-the-fly" syntax checking information may be incorrect. [C:\Users\kille\Documents\GitHub\TFM-UPM\Practica\Prueba1_demo_v1.0\prueba1_demo.srcs\sources_1\new\tas2110_i2c_ctrl.vhd:]
WARNING: [filemgmt 56-199] Attempt to get parsing info during refresh. "On-the-fly" syntax checking information may be incorrect. [C:\Users\kille\Documents\GitHub\TFM-UPM\Practica\Prueba1_demo_v1.0\prueba1_demo.srcs\sources_1\new\top_system.vhd:]
WARNING: [filemgmt 56-199] Attempt to get parsing info during refresh. "On-the-fly" syntax checking information may be incorrect. [C:\Users\kille\Documents\GitHub\TFM-UPM\Practica\Prueba1_demo_v1.0\prueba1_demo.srcs\sources_1\new\apa102_ctrl.vhd:]
WARNING: [filemgmt 56-199] Attempt to get parsing info during refresh. "On-the-fly" syntax checking information may be incorrect. [C:\Users\kille\Documents\GitHub\TFM-UPM\Practica\Prueba1_demo_v1.0\prueba1_demo.srcs\sources_1\new\i2s_transceiver.vhd:]
WARNING: [filemgmt 56-199] Attempt to get parsing info during refresh. "On-the-fly" syntax checking information may be incorrect. [C:\Users\kille\Documents\GitHub\TFM-UPM\Practica\Prueba1_demo_v1.0\prueba1_demo.srcs\sources_1\new\audio_player.vhd:]
WARNING: [filemgmt 56-199] Attempt to get parsing info during refresh. "On-the-fly" syntax checking information may be incorrect. [C:\Users\kille\Documents\GitHub\TFM-UPM\Practica\Prueba1_demo_v1.0\prueba1_demo.srcs\sources_1\new\tas2110_i2c_ctrl.vhd:]
WARNING: [filemgmt 56-199] Attempt to get parsing info during refresh. "On-the-fly" syntax checking information may be incorrect. [C:\Users\kille\Documents\GitHub\TFM-UPM\Practica\Prueba1_demo_v1.0\prueba1_demo.srcs\sources_1\new\top_system.vhd:]
WARNING: [filemgmt 56-199] Attempt to get parsing info during refresh. "On-the-fly" syntax checking information may be incorrect. [C:\Users\kille\Documents\GitHub\TFM-UPM\Practica\Prueba1_demo_v1.0\prueba1_demo.srcs\sources_1\new\top_system.vhd:]
WARNING: [filemgmt 56-199] Attempt to get parsing info during refresh. "On-the-fly" syntax checking information may be incorrect. [C:\Users\kille\Documents\GitHub\TFM-UPM\Practica\Prueba1_demo_v1.0\prueba1_demo.srcs\sources_1\new\top_system.vhd:]
WARNING: [filemgmt 56-199] Attempt to get parsing info during refresh. "On-the-fly" syntax checking information may be incorrect. [C:\Users\kille\Documents\GitHub\TFM-UPM\Practica\Prueba1_demo_v1.0\prueba1_demo.srcs\sources_1\new\apa102_ctrl.vhd:]
WARNING: [filemgmt 56-199] Attempt to get parsing info during refresh. "On-the-fly" syntax checking information may be incorrect. [C:\Users\kille\Documents\GitHub\TFM-UPM\Practica\Prueba1_demo_v1.0\prueba1_demo.srcs\sources_1\new\i2s_transceiver.vhd:]
WARNING: [filemgmt 56-199] Attempt to get parsing info during refresh. "On-the-fly" syntax checking information may be incorrect. [C:\Users\kille\Documents\GitHub\TFM-UPM\Practica\Prueba1_demo_v1.0\prueba1_demo.srcs\sources_1\new\audio_player.vhd:]
WARNING: [filemgmt 56-199] Attempt to get parsing info during refresh. "On-the-fly" syntax checking information may be incorrect. [C:\Users\kille\Documents\GitHub\TFM-UPM\Practica\Prueba1_demo_v1.0\prueba1_demo.srcs\sources_1\new\tas2110_i2c_ctrl.vhd:]
WARNING: [filemgmt 56-199] Attempt to get parsing info during refresh. "On-the-fly" syntax checking information may be incorrect. [C:\Users\kille\Documents\GitHub\TFM-UPM\Practica\Prueba1_demo_v1.0\prueba1_demo.srcs\sources_1\new\apa102_ctrl.vhd:]
WARNING: [filemgmt 56-199] Attempt to get parsing info during refresh. "On-the-fly" syntax checking information may be incorrect. [C:\Users\kille\Documents\GitHub\TFM-UPM\Practica\Prueba1_demo_v1.0\prueba1_demo.srcs\sources_1\new\apa102_ctrl.vhd:]
WARNING: [filemgmt 56-199] Attempt to get parsing info during refresh. "On-the-fly" syntax checking information may be incorrect. [C:\Users\kille\Documents\GitHub\TFM-UPM\Practica\Prueba1_demo_v1.0\prueba1_demo.srcs\sources_1\new\top_system.vhd:]
WARNING: [filemgmt 56-199] Attempt to get parsing info during refresh. "On-the-fly" syntax checking information may be incorrect. [C:\Users\kille\Documents\GitHub\TFM-UPM\Practica\Prueba1_demo_v1.0\prueba1_demo.srcs\sources_1\new\apa102_ctrl.vhd:]
WARNING: [filemgmt 56-199] Attempt to get parsing info during refresh. "On-the-fly" syntax checking information may be incorrect. [C:\Users\kille\Documents\GitHub\TFM-UPM\Practica\Prueba1_demo_v1.0\prueba1_demo.srcs\sources_1\new\i2s_transceiver.vhd:]
WARNING: [filemgmt 56-199] Attempt to get parsing info during refresh. "On-the-fly" syntax checking information may be incorrect. [C:\Users\kille\Documents\GitHub\TFM-UPM\Practica\Prueba1_demo_v1.0\prueba1_demo.srcs\sources_1\new\audio_player.vhd:]
WARNING: [filemgmt 56-199] Attempt to get parsing info during refresh. "On-the-fly" syntax checking information may be incorrect. [C:\Users\kille\Documents\GitHub\TFM-UPM\Practica\Prueba1_demo_v1.0\prueba1_demo.srcs\sources_1\new\tas2110_i2c_ctrl.vhd:]
WARNING: [filemgmt 56-199] Attempt to get parsing info during refresh. "On-the-fly" syntax checking information may be incorrect. [C:\Users\kille\Documents\GitHub\TFM-UPM\Practica\Prueba1_demo_v1.0\prueba1_demo.srcs\sources_1\new\audio_player.vhd:]
WARNING: [filemgmt 56-199] Attempt to get parsing info during refresh. "On-the-fly" syntax checking information may be incorrect. [C:\Users\kille\Documents\GitHub\TFM-UPM\Practica\Prueba1_demo_v1.0\prueba1_demo.srcs\sources_1\new\audio_player.vhd:]
ERROR: [Common 17-180] Spawn failed: La operación se completó correctamente.

WARNING: [filemgmt 56-199] Attempt to get parsing info during refresh. "On-the-fly" syntax checking information may be incorrect. [C:\Users\kille\Documents\GitHub\TFM-UPM\Practica\Prueba1_demo_v1.0\prueba1_demo.srcs\sources_1\new\top_system.vhd:]
WARNING: [filemgmt 56-199] Attempt to get parsing info during refresh. "On-the-fly" syntax checking information may be incorrect. [C:\Users\kille\Documents\GitHub\TFM-UPM\Practica\Prueba1_demo_v1.0\prueba1_demo.srcs\sources_1\new\apa102_ctrl.vhd:]
WARNING: [filemgmt 56-199] Attempt to get parsing info during refresh. "On-the-fly" syntax checking information may be incorrect. [C:\Users\kille\Documents\GitHub\TFM-UPM\Practica\Prueba1_demo_v1.0\prueba1_demo.srcs\sources_1\new\i2s_transceiver.vhd:]
WARNING: [filemgmt 56-199] Attempt to get parsing info during refresh. "On-the-fly" syntax checking information may be incorrect. [C:\Users\kille\Documents\GitHub\TFM-UPM\Practica\Prueba1_demo_v1.0\prueba1_demo.srcs\sources_1\new\audio_player.vhd:]
WARNING: [filemgmt 56-199] Attempt to get parsing info during refresh. "On-the-fly" syntax checking information may be incorrect. [C:\Users\kille\Documents\GitHub\TFM-UPM\Practica\Prueba1_demo_v1.0\prueba1_demo.srcs\sources_1\new\tas2110_i2c_ctrl.vhd:]
WARNING: [filemgmt 56-199] Attempt to get parsing info during refresh. "On-the-fly" syntax checking information may be incorrect. [C:\Users\kille\Documents\GitHub\TFM-UPM\Practica\Prueba1_demo_v1.0\prueba1_demo.srcs\sources_1\new\apa102_ctrl.vhd:]
WARNING: [filemgmt 56-199] Attempt to get parsing info during refresh. "On-the-fly" syntax checking information may be incorrect. [C:\Users\kille\Documents\GitHub\TFM-UPM\Practica\Prueba1_demo_v1.0\prueba1_demo.srcs\sources_1\new\apa102_ctrl.vhd:]
WARNING: [filemgmt 56-199] Attempt to get parsing info during refresh. "On-the-fly" syntax checking information may be incorrect. [C:\Users\kille\Documents\GitHub\TFM-UPM\Practica\Prueba1_demo_v1.0\prueba1_demo.srcs\sources_1\new\top_system.vhd:]
WARNING: [filemgmt 56-199] Attempt to get parsing info during refresh. "On-the-fly" syntax checking information may be incorrect. [C:\Users\kille\Documents\GitHub\TFM-UPM\Practica\Prueba1_demo_v1.0\prueba1_demo.srcs\sources_1\new\apa102_ctrl.vhd:]
WARNING: [filemgmt 56-199] Attempt to get parsing info during refresh. "On-the-fly" syntax checking information may be incorrect. [C:\Users\kille\Documents\GitHub\TFM-UPM\Practica\Prueba1_demo_v1.0\prueba1_demo.srcs\sources_1\new\i2s_transceiver.vhd:]
WARNING: [filemgmt 56-199] Attempt to get parsing info during refresh. "On-the-fly" syntax checking information may be incorrect. [C:\Users\kille\Documents\GitHub\TFM-UPM\Practica\Prueba1_demo_v1.0\prueba1_demo.srcs\sources_1\new\audio_player.vhd:]
WARNING: [filemgmt 56-199] Attempt to get parsing info during refresh. "On-the-fly" syntax checking information may be incorrect. [C:\Users\kille\Documents\GitHub\TFM-UPM\Practica\Prueba1_demo_v1.0\prueba1_demo.srcs\sources_1\new\tas2110_i2c_ctrl.vhd:]
WARNING: [filemgmt 56-199] Attempt to get parsing info during refresh. "On-the-fly" syntax checking information may be incorrect. [C:\Users\kille\Documents\GitHub\TFM-UPM\Practica\Prueba1_demo_v1.0\prueba1_demo.srcs\sources_1\new\tas2110_i2c_ctrl.vhd:]
WARNING: [filemgmt 56-199] Attempt to get parsing info during refresh. "On-the-fly" syntax checking information may be incorrect. [C:\Users\kille\Documents\GitHub\TFM-UPM\Practica\Prueba1_demo_v1.0\prueba1_demo.srcs\sources_1\new\tas2110_i2c_ctrl.vhd:]
WARNING: [filemgmt 56-199] Attempt to get parsing info during refresh. "On-the-fly" syntax checking information may be incorrect. [C:\Users\kille\Documents\GitHub\TFM-UPM\Practica\Prueba1_demo_v1.0\prueba1_demo.srcs\sources_1\new\top_system.vhd:]
WARNING: [filemgmt 56-199] Attempt to get parsing info during refresh. "On-the-fly" syntax checking information may be incorrect. [C:\Users\kille\Documents\GitHub\TFM-UPM\Practica\Prueba1_demo_v1.0\prueba1_demo.srcs\sources_1\new\apa102_ctrl.vhd:]
WARNING: [filemgmt 56-199] Attempt to get parsing info during refresh. "On-the-fly" syntax checking information may be incorrect. [C:\Users\kille\Documents\GitHub\TFM-UPM\Practica\Prueba1_demo_v1.0\prueba1_demo.srcs\sources_1\new\i2s_transceiver.vhd:]
WARNING: [filemgmt 56-199] Attempt to get parsing info during refresh. "On-the-fly" syntax checking information may be incorrect. [C:\Users\kille\Documents\GitHub\TFM-UPM\Practica\Prueba1_demo_v1.0\prueba1_demo.srcs\sources_1\new\audio_player.vhd:]
WARNING: [filemgmt 56-199] Attempt to get parsing info during refresh. "On-the-fly" syntax checking information may be incorrect. [C:\Users\kille\Documents\GitHub\TFM-UPM\Practica\Prueba1_demo_v1.0\prueba1_demo.srcs\sources_1\new\tas2110_i2c_ctrl.vhd:]
WARNING: [filemgmt 56-199] Attempt to get parsing info during refresh. "On-the-fly" syntax checking information may be incorrect. [C:\Users\kille\Documents\GitHub\TFM-UPM\Practica\Prueba1_demo_v1.0\prueba1_demo.srcs\sources_1\new\i2s_transceiver.vhd:]
WARNING: [filemgmt 56-199] Attempt to get parsing info during refresh. "On-the-fly" syntax checking information may be incorrect. [C:\Users\kille\Documents\GitHub\TFM-UPM\Practica\Prueba1_demo_v1.0\prueba1_demo.srcs\sources_1\new\i2s_transceiver.vhd:]
WARNING: [filemgmt 56-199] Attempt to get parsing info during refresh. "On-the-fly" syntax checking information may be incorrect. [C:\Users\kille\Documents\GitHub\TFM-UPM\Practica\Prueba1_demo_v1.0\prueba1_demo.srcs\sources_1\new\top_system.vhd:]
WARNING: [filemgmt 56-199] Attempt to get parsing info during refresh. "On-the-fly" syntax checking information may be incorrect. [C:\Users\kille\Documents\GitHub\TFM-UPM\Practica\Prueba1_demo_v1.0\prueba1_demo.srcs\sources_1\new\apa102_ctrl.vhd:]
WARNING: [filemgmt 56-199] Attempt to get parsing info during refresh. "On-the-fly" syntax checking information may be incorrect. [C:\Users\kille\Documents\GitHub\TFM-UPM\Practica\Prueba1_demo_v1.0\prueba1_demo.srcs\sources_1\new\i2s_transceiver.vhd:]
WARNING: [filemgmt 56-199] Attempt to get parsing info during refresh. "On-the-fly" syntax checking information may be incorrect. [C:\Users\kille\Documents\GitHub\TFM-UPM\Practica\Prueba1_demo_v1.0\prueba1_demo.srcs\sources_1\new\audio_player.vhd:]
WARNING: [filemgmt 56-199] Attempt to get parsing info during refresh. "On-the-fly" syntax checking information may be incorrect. [C:\Users\kille\Documents\GitHub\TFM-UPM\Practica\Prueba1_demo_v1.0\prueba1_demo.srcs\sources_1\new\tas2110_i2c_ctrl.vhd:]
WARNING: [filemgmt 56-199] Attempt to get parsing info during refresh. "On-the-fly" syntax checking information may be incorrect. [C:\Users\kille\Documents\GitHub\TFM-UPM\Practica\Prueba1_demo_v1.0\prueba1_demo.srcs\sources_1\new\top_system.vhd:]
WARNING: [filemgmt 56-199] Attempt to get parsing info during refresh. "On-the-fly" syntax checking information may be incorrect. [C:\Users\kille\Documents\GitHub\TFM-UPM\Practica\Prueba1_demo_v1.0\prueba1_demo.srcs\sources_1\new\top_system.vhd:]
ERROR: [Common 17-180] Spawn failed: La operación se completó correctamente.

open_hw_manager
connect_hw_server -allow_non_jtag
INFO: [Labtools 27-2285] Connecting to hw_server url TCP:localhost:3121
INFO: [Labtools 27-2222] Launching hw_server...
INFO: [Labtools 27-2221] Launch Output:

****** Xilinx hw_server v2025.1
  **** Build date : May  6 2025 at 09:15:36
    ** Copyright 1986-2022 Xilinx, Inc. All Rights Reserved.


INFO: [Labtools 27-3415] Connecting to cs_server url TCP:localhost:0
INFO: [Labtools 27-3417] Launching cs_server...
INFO: [Labtools 27-2221] Launch Output:


******** Xilinx cs_server v2025.1.0
  ****** Build date   : May 13 2025-21:15:27
    **** Build number : 2025.1.1747163727
      ** Copyright 2017-2022 Xilinx, Inc. All Rights Reserved.
      ** Copyright 2022-2026 Advanced Micro Devices, Inc. All Rights Reserved.



connect_hw_server: Time (s): cpu = 00:00:00 ; elapsed = 00:00:06 . Memory (MB): peak = 2754.762 ; gain = 0.000
open_hw_target
INFO: [Labtoolstcl 44-466] Opening hw_target localhost:3121/xilinx_tcf/Digilent/210292AD31A3A
set_property PROGRAM.FILE {C:/Users/kille/Documents/GitHub/TFM-UPM/Practica/Prueba1_demo_v1.0/prueba1_demo.runs/impl_1/design_1_wrapper.bit} [get_hw_devices xc7a100t_0]
set_property PROBES.FILE {C:/Users/kille/Documents/GitHub/TFM-UPM/Practica/Prueba1_demo_v1.0/prueba1_demo.runs/impl_1/design_1_wrapper.ltx} [get_hw_devices xc7a100t_0]
set_property FULL_PROBES.FILE {C:/Users/kille/Documents/GitHub/TFM-UPM/Practica/Prueba1_demo_v1.0/prueba1_demo.runs/impl_1/design_1_wrapper.ltx} [get_hw_devices xc7a100t_0]
current_hw_device [get_hw_devices xc7a100t_0]
refresh_hw_device [lindex [get_hw_devices xc7a100t_0] 0]
INFO: [Labtools 27-2302] Device xc7a100t (JTAG device index = 0) is programmed with a design that has 2 ILA core(s).
display_hw_ila_data [ get_hw_ila_data hw_ila_data_1 -of_objects [get_hw_ilas -of_objects [get_hw_devices xc7a100t_0] -filter {CELL_NAME=~"design_1_i/system_ila_0/U0/ila_lib"}]]
display_hw_ila_data [ get_hw_ila_data hw_ila_data_2 -of_objects [get_hw_ilas -of_objects [get_hw_devices xc7a100t_0] -filter {CELL_NAME=~"design_1_i/system_ila_1/U0/ila_lib"}]]
set_property PROBES.FILE {C:/Users/kille/Documents/GitHub/TFM-UPM/Practica/Prueba1_demo_v1.0/prueba1_demo.runs/impl_1/design_1_wrapper.ltx} [get_hw_devices xc7a100t_0]
set_property FULL_PROBES.FILE {C:/Users/kille/Documents/GitHub/TFM-UPM/Practica/Prueba1_demo_v1.0/prueba1_demo.runs/impl_1/design_1_wrapper.ltx} [get_hw_devices xc7a100t_0]
set_property PROGRAM.FILE {C:/Users/kille/Documents/GitHub/TFM-UPM/Practica/Prueba1_demo_v1.0/prueba1_demo.runs/impl_1/design_1_wrapper.bit} [get_hw_devices xc7a100t_0]
program_hw_devices [get_hw_devices xc7a100t_0]
INFO: [Labtools 27-3164] End of startup status: HIGH
refresh_hw_device [lindex [get_hw_devices xc7a100t_0] 0]
INFO: [Labtools 27-2302] Device xc7a100t (JTAG device index = 0) is programmed with a design that has 2 ILA core(s).
WARNING: [filemgmt 56-199] Attempt to get parsing info during refresh. "On-the-fly" syntax checking information may be incorrect. [C:\Users\kille\Documents\GitHub\TFM-UPM\Practica\Prueba1_demo_v1.0\prueba1_demo.srcs\sources_1\new\top_system.vhd:]
WARNING: [filemgmt 56-199] Attempt to get parsing info during refresh. "On-the-fly" syntax checking information may be incorrect. [C:\Users\kille\Documents\GitHub\TFM-UPM\Practica\Prueba1_demo_v1.0\prueba1_demo.srcs\sources_1\new\apa102_ctrl.vhd:]
WARNING: [filemgmt 56-199] Attempt to get parsing info during refresh. "On-the-fly" syntax checking information may be incorrect. [C:\Users\kille\Documents\GitHub\TFM-UPM\Practica\Prueba1_demo_v1.0\prueba1_demo.srcs\sources_1\new\i2s_transceiver.vhd:]
WARNING: [filemgmt 56-199] Attempt to get parsing info during refresh. "On-the-fly" syntax checking information may be incorrect. [C:\Users\kille\Documents\GitHub\TFM-UPM\Practica\Prueba1_demo_v1.0\prueba1_demo.srcs\sources_1\new\audio_player.vhd:]
WARNING: [filemgmt 56-199] Attempt to get parsing info during refresh. "On-the-fly" syntax checking information may be incorrect. [C:\Users\kille\Documents\GitHub\TFM-UPM\Practica\Prueba1_demo_v1.0\prueba1_demo.srcs\sources_1\new\tas2110_i2c_ctrl.vhd:]
WARNING: [filemgmt 56-199] Attempt to get parsing info during refresh. "On-the-fly" syntax checking information may be incorrect. [C:\Users\kille\Documents\GitHub\TFM-UPM\Practica\Prueba1_demo_v1.0\prueba1_demo.srcs\sources_1\new\top_system.vhd:]
WARNING: [filemgmt 56-199] Attempt to get parsing info during refresh. "On-the-fly" syntax checking information may be incorrect. [C:\Users\kille\Documents\GitHub\TFM-UPM\Practica\Prueba1_demo_v1.0\prueba1_demo.srcs\sources_1\new\top_system.vhd:]
WARNING: [filemgmt 56-199] Attempt to get parsing info during refresh. "On-the-fly" syntax checking information may be incorrect. [C:\Users\kille\Documents\GitHub\TFM-UPM\Practica\Prueba1_demo_v1.0\prueba1_demo.srcs\sources_1\new\top_system.vhd:]
WARNING: [filemgmt 56-199] Attempt to get parsing info during refresh. "On-the-fly" syntax checking information may be incorrect. [C:\Users\kille\Documents\GitHub\TFM-UPM\Practica\Prueba1_demo_v1.0\prueba1_demo.srcs\sources_1\new\apa102_ctrl.vhd:]
WARNING: [filemgmt 56-199] Attempt to get parsing info during refresh. "On-the-fly" syntax checking information may be incorrect. [C:\Users\kille\Documents\GitHub\TFM-UPM\Practica\Prueba1_demo_v1.0\prueba1_demo.srcs\sources_1\new\i2s_transceiver.vhd:]
WARNING: [filemgmt 56-199] Attempt to get parsing info during refresh. "On-the-fly" syntax checking information may be incorrect. [C:\Users\kille\Documents\GitHub\TFM-UPM\Practica\Prueba1_demo_v1.0\prueba1_demo.srcs\sources_1\new\audio_player.vhd:]
WARNING: [filemgmt 56-199] Attempt to get parsing info during refresh. "On-the-fly" syntax checking information may be incorrect. [C:\Users\kille\Documents\GitHub\TFM-UPM\Practica\Prueba1_demo_v1.0\prueba1_demo.srcs\sources_1\new\tas2110_i2c_ctrl.vhd:]
WARNING: [filemgmt 56-199] Attempt to get parsing info during refresh. "On-the-fly" syntax checking information may be incorrect. [C:\Users\kille\Documents\GitHub\TFM-UPM\Practica\Prueba1_demo_v1.0\prueba1_demo.srcs\sources_1\new\apa102_ctrl.vhd:]
WARNING: [filemgmt 56-199] Attempt to get parsing info during refresh. "On-the-fly" syntax checking information may be incorrect. [C:\Users\kille\Documents\GitHub\TFM-UPM\Practica\Prueba1_demo_v1.0\prueba1_demo.srcs\sources_1\new\apa102_ctrl.vhd:]
WARNING: [filemgmt 56-199] Attempt to get parsing info during refresh. "On-the-fly" syntax checking information may be incorrect. [C:\Users\kille\Documents\GitHub\TFM-UPM\Practica\Prueba1_demo_v1.0\prueba1_demo.srcs\sources_1\new\top_system.vhd:]
WARNING: [filemgmt 56-199] Attempt to get parsing info during refresh. "On-the-fly" syntax checking information may be incorrect. [C:\Users\kille\Documents\GitHub\TFM-UPM\Practica\Prueba1_demo_v1.0\prueba1_demo.srcs\sources_1\new\apa102_ctrl.vhd:]
WARNING: [filemgmt 56-199] Attempt to get parsing info during refresh. "On-the-fly" syntax checking information may be incorrect. [C:\Users\kille\Documents\GitHub\TFM-UPM\Practica\Prueba1_demo_v1.0\prueba1_demo.srcs\sources_1\new\i2s_transceiver.vhd:]
WARNING: [filemgmt 56-199] Attempt to get parsing info during refresh. "On-the-fly" syntax checking information may be incorrect. [C:\Users\kille\Documents\GitHub\TFM-UPM\Practica\Prueba1_demo_v1.0\prueba1_demo.srcs\sources_1\new\audio_player.vhd:]
WARNING: [filemgmt 56-199] Attempt to get parsing info during refresh. "On-the-fly" syntax checking information may be incorrect. [C:\Users\kille\Documents\GitHub\TFM-UPM\Practica\Prueba1_demo_v1.0\prueba1_demo.srcs\sources_1\new\tas2110_i2c_ctrl.vhd:]
WARNING: [filemgmt 56-199] Attempt to get parsing info during refresh. "On-the-fly" syntax checking information may be incorrect. [C:\Users\kille\Documents\GitHub\TFM-UPM\Practica\Prueba1_demo_v1.0\prueba1_demo.srcs\sources_1\new\audio_player.vhd:]
WARNING: [filemgmt 56-199] Attempt to get parsing info during refresh. "On-the-fly" syntax checking information may be incorrect. [C:\Users\kille\Documents\GitHub\TFM-UPM\Practica\Prueba1_demo_v1.0\prueba1_demo.srcs\sources_1\new\audio_player.vhd:]
WARNING: [filemgmt 56-199] Attempt to get parsing info during refresh. "On-the-fly" syntax checking information may be incorrect. [C:\Users\kille\Documents\GitHub\TFM-UPM\Practica\Prueba1_demo_v1.0\prueba1_demo.srcs\sources_1\new\top_system.vhd:]
WARNING: [filemgmt 56-199] Attempt to get parsing info during refresh. "On-the-fly" syntax checking information may be incorrect. [C:\Users\kille\Documents\GitHub\TFM-UPM\Practica\Prueba1_demo_v1.0\prueba1_demo.srcs\sources_1\new\apa102_ctrl.vhd:]
WARNING: [filemgmt 56-199] Attempt to get parsing info during refresh. "On-the-fly" syntax checking information may be incorrect. [C:\Users\kille\Documents\GitHub\TFM-UPM\Practica\Prueba1_demo_v1.0\prueba1_demo.srcs\sources_1\new\i2s_transceiver.vhd:]
WARNING: [filemgmt 56-199] Attempt to get parsing info during refresh. "On-the-fly" syntax checking information may be incorrect. [C:\Users\kille\Documents\GitHub\TFM-UPM\Practica\Prueba1_demo_v1.0\prueba1_demo.srcs\sources_1\new\audio_player.vhd:]
WARNING: [filemgmt 56-199] Attempt to get parsing info during refresh. "On-the-fly" syntax checking information may be incorrect. [C:\Users\kille\Documents\GitHub\TFM-UPM\Practica\Prueba1_demo_v1.0\prueba1_demo.srcs\sources_1\new\tas2110_i2c_ctrl.vhd:]
WARNING: [filemgmt 56-199] Attempt to get parsing info during refresh. "On-the-fly" syntax checking information may be incorrect. [C:\Users\kille\Documents\GitHub\TFM-UPM\Practica\Prueba1_demo_v1.0\prueba1_demo.srcs\sources_1\new\i2s_transceiver.vhd:]
WARNING: [filemgmt 56-199] Attempt to get parsing info during refresh. "On-the-fly" syntax checking information may be incorrect. [C:\Users\kille\Documents\GitHub\TFM-UPM\Practica\Prueba1_demo_v1.0\prueba1_demo.srcs\sources_1\new\i2s_transceiver.vhd:]
save_wave_config {C:/Users/kille/Documents/GitHub/TFM-UPM/Practica/Prueba1_demo_v1.0/prueba1_demo.hw/hw_1/wave/hw_ila_data_1/hw_ila_data_1.wcfg}
save_wave_config {C:/Users/kille/Documents/GitHub/TFM-UPM/Practica/Prueba1_demo_v1.0/prueba1_demo.hw/hw_1/wave/hw_ila_data_2/hw_ila_data_2.wcfg}
close_hw_manager
WARNING: [filemgmt 56-199] Attempt to get parsing info during refresh. "On-the-fly" syntax checking information may be incorrect. [C:\Users\kille\Documents\GitHub\TFM-UPM\Practica\Prueba1_demo_v1.0\prueba1_demo.srcs\sources_1\new\top_system.vhd:]
WARNING: [filemgmt 56-199] Attempt to get parsing info during refresh. "On-the-fly" syntax checking information may be incorrect. [C:\Users\kille\Documents\GitHub\TFM-UPM\Practica\Prueba1_demo_v1.0\prueba1_demo.srcs\sources_1\new\apa102_ctrl.vhd:]
WARNING: [filemgmt 56-199] Attempt to get parsing info during refresh. "On-the-fly" syntax checking information may be incorrect. [C:\Users\kille\Documents\GitHub\TFM-UPM\Practica\Prueba1_demo_v1.0\prueba1_demo.srcs\sources_1\new\i2s_transceiver.vhd:]
WARNING: [filemgmt 56-199] Attempt to get parsing info during refresh. "On-the-fly" syntax checking information may be incorrect. [C:\Users\kille\Documents\GitHub\TFM-UPM\Practica\Prueba1_demo_v1.0\prueba1_demo.srcs\sources_1\new\audio_player.vhd:]
WARNING: [filemgmt 56-199] Attempt to get parsing info during refresh. "On-the-fly" syntax checking information may be incorrect. [C:\Users\kille\Documents\GitHub\TFM-UPM\Practica\Prueba1_demo_v1.0\prueba1_demo.srcs\sources_1\new\tas2110_i2c_ctrl.vhd:]
WARNING: [filemgmt 56-199] Attempt to get parsing info during refresh. "On-the-fly" syntax checking information may be incorrect. [C:\Users\kille\Documents\GitHub\TFM-UPM\Practica\Prueba1_demo_v1.0\prueba1_demo.srcs\sources_1\new\tas2110_i2c_ctrl.vhd:]
WARNING: [filemgmt 56-199] Attempt to get parsing info during refresh. "On-the-fly" syntax checking information may be incorrect. [C:\Users\kille\Documents\GitHub\TFM-UPM\Practica\Prueba1_demo_v1.0\prueba1_demo.srcs\sources_1\new\tas2110_i2c_ctrl.vhd:]
WARNING: [filemgmt 56-199] Attempt to get parsing info during refresh. "On-the-fly" syntax checking information may be incorrect. [C:\Users\kille\Documents\GitHub\TFM-UPM\Practica\Prueba1_demo_v1.0\prueba1_demo.srcs\sources_1\new\top_system.vhd:]
WARNING: [filemgmt 56-199] Attempt to get parsing info during refresh. "On-the-fly" syntax checking information may be incorrect. [C:\Users\kille\Documents\GitHub\TFM-UPM\Practica\Prueba1_demo_v1.0\prueba1_demo.srcs\sources_1\new\apa102_ctrl.vhd:]
WARNING: [filemgmt 56-199] Attempt to get parsing info during refresh. "On-the-fly" syntax checking information may be incorrect. [C:\Users\kille\Documents\GitHub\TFM-UPM\Practica\Prueba1_demo_v1.0\prueba1_demo.srcs\sources_1\new\i2s_transceiver.vhd:]
WARNING: [filemgmt 56-199] Attempt to get parsing info during refresh. "On-the-fly" syntax checking information may be incorrect. [C:\Users\kille\Documents\GitHub\TFM-UPM\Practica\Prueba1_demo_v1.0\prueba1_demo.srcs\sources_1\new\audio_player.vhd:]
WARNING: [filemgmt 56-199] Attempt to get parsing info during refresh. "On-the-fly" syntax checking information may be incorrect. [C:\Users\kille\Documents\GitHub\TFM-UPM\Practica\Prueba1_demo_v1.0\prueba1_demo.srcs\sources_1\new\tas2110_i2c_ctrl.vhd:]
WARNING: [filemgmt 56-199] Attempt to get parsing info during refresh. "On-the-fly" syntax checking information may be incorrect. [C:\Users\kille\Documents\GitHub\TFM-UPM\Practica\Prueba1_demo_v1.0\prueba1_demo.srcs\sources_1\new\audio_player.vhd:]
WARNING: [filemgmt 56-199] Attempt to get parsing info during refresh. "On-the-fly" syntax checking information may be incorrect. [C:\Users\kille\Documents\GitHub\TFM-UPM\Practica\Prueba1_demo_v1.0\prueba1_demo.srcs\sources_1\new\audio_player.vhd:]
WARNING: [filemgmt 56-199] Attempt to get parsing info during refresh. "On-the-fly" syntax checking information may be incorrect. [C:\Users\kille\Documents\GitHub\TFM-UPM\Practica\Prueba1_demo_v1.0\prueba1_demo.srcs\sources_1\new\top_system.vhd:]
WARNING: [filemgmt 56-199] Attempt to get parsing info during refresh. "On-the-fly" syntax checking information may be incorrect. [C:\Users\kille\Documents\GitHub\TFM-UPM\Practica\Prueba1_demo_v1.0\prueba1_demo.srcs\sources_1\new\apa102_ctrl.vhd:]
WARNING: [filemgmt 56-199] Attempt to get parsing info during refresh. "On-the-fly" syntax checking information may be incorrect. [C:\Users\kille\Documents\GitHub\TFM-UPM\Practica\Prueba1_demo_v1.0\prueba1_demo.srcs\sources_1\new\i2s_transceiver.vhd:]
WARNING: [filemgmt 56-199] Attempt to get parsing info during refresh. "On-the-fly" syntax checking information may be incorrect. [C:\Users\kille\Documents\GitHub\TFM-UPM\Practica\Prueba1_demo_v1.0\prueba1_demo.srcs\sources_1\new\audio_player.vhd:]
WARNING: [filemgmt 56-199] Attempt to get parsing info during refresh. "On-the-fly" syntax checking information may be incorrect. [C:\Users\kille\Documents\GitHub\TFM-UPM\Practica\Prueba1_demo_v1.0\prueba1_demo.srcs\sources_1\new\tas2110_i2c_ctrl.vhd:]
WARNING: [filemgmt 56-199] Attempt to get parsing info during refresh. "On-the-fly" syntax checking information may be incorrect. [C:\Users\kille\Documents\GitHub\TFM-UPM\Practica\Prueba1_demo_v1.0\prueba1_demo.srcs\sources_1\new\i2s_transceiver.vhd:]
WARNING: [filemgmt 56-199] Attempt to get parsing info during refresh. "On-the-fly" syntax checking information may be incorrect. [C:\Users\kille\Documents\GitHub\TFM-UPM\Practica\Prueba1_demo_v1.0\prueba1_demo.srcs\sources_1\new\i2s_transceiver.vhd:]
ERROR: [Common 17-180] Spawn failed: La operación se completó correctamente.

ERROR: [Common 17-180] Spawn failed: La operación se completó correctamente.

INFO: [Device 21-403] Loading part xc7a100tcsg324-1
WARNING: [filemgmt 56-199] Attempt to get parsing info during refresh. "On-the-fly" syntax checking information may be incorrect. [C:\Users\kille\Documents\GitHub\TFM-UPM\Practica\Prueba1_demo_v1.0\prueba1_demo.srcs\sources_1\new\top_system.vhd:]
WARNING: [filemgmt 56-199] Attempt to get parsing info during refresh. "On-the-fly" syntax checking information may be incorrect. [C:\Users\kille\Documents\GitHub\TFM-UPM\Practica\Prueba1_demo_v1.0\prueba1_demo.srcs\sources_1\new\apa102_ctrl.vhd:]
WARNING: [filemgmt 56-199] Attempt to get parsing info during refresh. "On-the-fly" syntax checking information may be incorrect. [C:\Users\kille\Documents\GitHub\TFM-UPM\Practica\Prueba1_demo_v1.0\prueba1_demo.srcs\sources_1\new\i2s_transceiver.vhd:]
WARNING: [filemgmt 56-199] Attempt to get parsing info during refresh. "On-the-fly" syntax checking information may be incorrect. [C:\Users\kille\Documents\GitHub\TFM-UPM\Practica\Prueba1_demo_v1.0\prueba1_demo.srcs\sources_1\new\audio_player.vhd:]
WARNING: [filemgmt 56-199] Attempt to get parsing info during refresh. "On-the-fly" syntax checking information may be incorrect. [C:\Users\kille\Documents\GitHub\TFM-UPM\Practica\Prueba1_demo_v1.0\prueba1_demo.srcs\sources_1\new\tas2110_i2c_ctrl.vhd:]
WARNING: [filemgmt 56-199] Attempt to get parsing info during refresh. "On-the-fly" syntax checking information may be incorrect. [C:\Users\kille\Documents\GitHub\TFM-UPM\Practica\Prueba1_demo_v1.0\prueba1_demo.srcs\sources_1\new\tas2110_i2c_ctrl.vhd:]
WARNING: [filemgmt 56-199] Attempt to get parsing info during refresh. "On-the-fly" syntax checking information may be incorrect. [C:\Users\kille\Documents\GitHub\TFM-UPM\Practica\Prueba1_demo_v1.0\prueba1_demo.srcs\sources_1\new\tas2110_i2c_ctrl.vhd:]
WARNING: [filemgmt 56-199] Attempt to get parsing info during refresh. "On-the-fly" syntax checking information may be incorrect. [C:\Users\kille\Documents\GitHub\TFM-UPM\Practica\Prueba1_demo_v1.0\prueba1_demo.srcs\sources_1\new\top_system.vhd:]
WARNING: [filemgmt 56-199] Attempt to get parsing info during refresh. "On-the-fly" syntax checking information may be incorrect. [C:\Users\kille\Documents\GitHub\TFM-UPM\Practica\Prueba1_demo_v1.0\prueba1_demo.srcs\sources_1\new\apa102_ctrl.vhd:]
WARNING: [filemgmt 56-199] Attempt to get parsing info during refresh. "On-the-fly" syntax checking information may be incorrect. [C:\Users\kille\Documents\GitHub\TFM-UPM\Practica\Prueba1_demo_v1.0\prueba1_demo.srcs\sources_1\new\i2s_transceiver.vhd:]
WARNING: [filemgmt 56-199] Attempt to get parsing info during refresh. "On-the-fly" syntax checking information may be incorrect. [C:\Users\kille\Documents\GitHub\TFM-UPM\Practica\Prueba1_demo_v1.0\prueba1_demo.srcs\sources_1\new\audio_player.vhd:]
WARNING: [filemgmt 56-199] Attempt to get parsing info during refresh. "On-the-fly" syntax checking information may be incorrect. [C:\Users\kille\Documents\GitHub\TFM-UPM\Practica\Prueba1_demo_v1.0\prueba1_demo.srcs\sources_1\new\tas2110_i2c_ctrl.vhd:]
WARNING: [filemgmt 56-199] Attempt to get parsing info during refresh. "On-the-fly" syntax checking information may be incorrect. [C:\Users\kille\Documents\GitHub\TFM-UPM\Practica\Prueba1_demo_v1.0\prueba1_demo.srcs\sources_1\new\top_system.vhd:]
WARNING: [filemgmt 56-199] Attempt to get parsing info during refresh. "On-the-fly" syntax checking information may be incorrect. [C:\Users\kille\Documents\GitHub\TFM-UPM\Practica\Prueba1_demo_v1.0\prueba1_demo.srcs\sources_1\new\top_system.vhd:]
WARNING: [filemgmt 56-199] Attempt to get parsing info during refresh. "On-the-fly" syntax checking information may be incorrect. [C:\Users\kille\Documents\GitHub\TFM-UPM\Practica\Prueba1_demo_v1.0\prueba1_demo.srcs\sources_1\new\top_system.vhd:]
WARNING: [filemgmt 56-199] Attempt to get parsing info during refresh. "On-the-fly" syntax checking information may be incorrect. [C:\Users\kille\Documents\GitHub\TFM-UPM\Practica\Prueba1_demo_v1.0\prueba1_demo.srcs\sources_1\new\apa102_ctrl.vhd:]
WARNING: [filemgmt 56-199] Attempt to get parsing info during refresh. "On-the-fly" syntax checking information may be incorrect. [C:\Users\kille\Documents\GitHub\TFM-UPM\Practica\Prueba1_demo_v1.0\prueba1_demo.srcs\sources_1\new\i2s_transceiver.vhd:]
WARNING: [filemgmt 56-199] Attempt to get parsing info during refresh. "On-the-fly" syntax checking information may be incorrect. [C:\Users\kille\Documents\GitHub\TFM-UPM\Practica\Prueba1_demo_v1.0\prueba1_demo.srcs\sources_1\new\audio_player.vhd:]
WARNING: [filemgmt 56-199] Attempt to get parsing info during refresh. "On-the-fly" syntax checking information may be incorrect. [C:\Users\kille\Documents\GitHub\TFM-UPM\Practica\Prueba1_demo_v1.0\prueba1_demo.srcs\sources_1\new\tas2110_i2c_ctrl.vhd:]
WARNING: [filemgmt 56-199] Attempt to get parsing info during refresh. "On-the-fly" syntax checking information may be incorrect. [C:\Users\kille\Documents\GitHub\TFM-UPM\Practica\Prueba1_demo_v1.0\prueba1_demo.srcs\sources_1\new\i2s_transceiver.vhd:]
WARNING: [filemgmt 56-199] Attempt to get parsing info during refresh. "On-the-fly" syntax checking information may be incorrect. [C:\Users\kille\Documents\GitHub\TFM-UPM\Practica\Prueba1_demo_v1.0\prueba1_demo.srcs\sources_1\new\i2s_transceiver.vhd:]
ERROR: [Common 17-180] Spawn failed: La operación se completó correctamente.

WARNING: [filemgmt 56-199] Attempt to get parsing info during refresh. "On-the-fly" syntax checking information may be incorrect. [C:\Users\kille\Documents\GitHub\TFM-UPM\Practica\Prueba1_demo_v1.0\prueba1_demo.srcs\sources_1\new\top_system.vhd:]
WARNING: [filemgmt 56-199] Attempt to get parsing info during refresh. "On-the-fly" syntax checking information may be incorrect. [C:\Users\kille\Documents\GitHub\TFM-UPM\Practica\Prueba1_demo_v1.0\prueba1_demo.srcs\sources_1\new\apa102_ctrl.vhd:]
WARNING: [filemgmt 56-199] Attempt to get parsing info during refresh. "On-the-fly" syntax checking information may be incorrect. [C:\Users\kille\Documents\GitHub\TFM-UPM\Practica\Prueba1_demo_v1.0\prueba1_demo.srcs\sources_1\new\i2s_transceiver.vhd:]
WARNING: [filemgmt 56-199] Attempt to get parsing info during refresh. "On-the-fly" syntax checking information may be incorrect. [C:\Users\kille\Documents\GitHub\TFM-UPM\Practica\Prueba1_demo_v1.0\prueba1_demo.srcs\sources_1\new\audio_player.vhd:]
WARNING: [filemgmt 56-199] Attempt to get parsing info during refresh. "On-the-fly" syntax checking information may be incorrect. [C:\Users\kille\Documents\GitHub\TFM-UPM\Practica\Prueba1_demo_v1.0\prueba1_demo.srcs\sources_1\new\tas2110_i2c_ctrl.vhd:]
WARNING: [filemgmt 56-199] Attempt to get parsing info during refresh. "On-the-fly" syntax checking information may be incorrect. [C:\Users\kille\Documents\GitHub\TFM-UPM\Practica\Prueba1_demo_v1.0\prueba1_demo.srcs\sources_1\new\apa102_ctrl.vhd:]
WARNING: [filemgmt 56-199] Attempt to get parsing info during refresh. "On-the-fly" syntax checking information may be incorrect. [C:\Users\kille\Documents\GitHub\TFM-UPM\Practica\Prueba1_demo_v1.0\prueba1_demo.srcs\sources_1\new\apa102_ctrl.vhd:]
ERROR: [Common 17-180] Spawn failed: La operación se completó correctamente.

startgroup
set_property CONFIG.USE_LOCKED {true} [get_bd_cells clk_wiz_0]
endgroup
report_ip_status -name ip_status 
update_module_reference [get_ips  design_1_top_system_0_1]
INFO: [IP_Flow 19-5107] Inferred bus interface 'reset_n' of definition 'xilinx.com:signal:reset:1.0' (from Xilinx Repository).
INFO: [IP_Flow 19-5107] Inferred bus interface 'sd_reset' of definition 'xilinx.com:signal:reset:1.0' (from Xilinx Repository).
INFO: [IP_Flow 19-5107] Inferred bus interface 'sw0_reset' of definition 'xilinx.com:signal:reset:1.0' (from Xilinx Repository).
INFO: [IP_Flow 19-5107] Inferred bus interface 'led_clk' of definition 'xilinx.com:signal:clock:1.0' (from Xilinx Repository).
INFO: [IP_Flow 19-5107] Inferred bus interface 'sd_clk' of definition 'xilinx.com:signal:clock:1.0' (from Xilinx Repository).
INFO: [IP_Flow 19-4728] Bus Interface 'sd_clk': Added interface parameter 'ASSOCIATED_RESET' with value 'sd_reset'.
CRITICAL WARNING: [IP_Flow 19-4751] Bus Interface 'led_clk': FREQ_HZ bus parameter is missing for output clock interface.
CRITICAL WARNING: [IP_Flow 19-4751] Bus Interface 'sd_clk': FREQ_HZ bus parameter is missing for output clock interface.
INFO: [IP_Flow 19-5107] Inferred bus interface 'reset_n' of definition 'xilinx.com:signal:reset:1.0' (from Xilinx Repository).
INFO: [IP_Flow 19-5107] Inferred bus interface 'sd_reset' of definition 'xilinx.com:signal:reset:1.0' (from Xilinx Repository).
INFO: [IP_Flow 19-5107] Inferred bus interface 'sw0_reset' of definition 'xilinx.com:signal:reset:1.0' (from Xilinx Repository).
INFO: [IP_Flow 19-5107] Inferred bus interface 'led_clk' of definition 'xilinx.com:signal:clock:1.0' (from Xilinx Repository).
INFO: [IP_Flow 19-5107] Inferred bus interface 'sd_clk' of definition 'xilinx.com:signal:clock:1.0' (from Xilinx Repository).
INFO: [IP_Flow 19-4728] Bus Interface 'sd_clk': Added interface parameter 'ASSOCIATED_RESET' with value 'sd_reset'.
CRITICAL WARNING: [IP_Flow 19-4751] Bus Interface 'led_clk': FREQ_HZ bus parameter is missing for output clock interface.
CRITICAL WARNING: [IP_Flow 19-4751] Bus Interface 'sd_clk': FREQ_HZ bus parameter is missing for output clock interface.
Upgrading 'C:/Users/kille/Documents/GitHub/TFM-UPM/Practica/Prueba1_demo_v1.0/prueba1_demo.srcs/sources_1/bd/design_1/design_1.bd'
INFO: [IP_Flow 19-3420] Updated design_1_top_system_0_1 to use current project options
WARNING: [IP_Flow 19-4698] Upgrade has added port 'pll_locked'
WARNING: [IP_Flow 19-3298] Detected external port differences while upgrading 'design_1_top_system_0_1'. These changes may impact your design.
CRITICAL WARNING: [Coretcl 2-1280] The upgrade of 'design_1_top_system_0_1' has identified issues that may require user intervention. Please verify that the instance is correctly configured, and review any upgrade messages.
Wrote  : <C:\Users\kille\Documents\GitHub\TFM-UPM\Practica\Prueba1_demo_v1.0\prueba1_demo.srcs\sources_1\bd\design_1\design_1.bd> 
Wrote  : <C:/Users/kille/Documents/GitHub/TFM-UPM/Practica/Prueba1_demo_v1.0/prueba1_demo.srcs/sources_1/bd/design_1/ui/bd_1f5defd0.ui> 
WARNING: [filemgmt 56-199] Attempt to get parsing info during refresh. "On-the-fly" syntax checking information may be incorrect. [C:\Users\kille\Documents\GitHub\TFM-UPM\Practica\Prueba1_demo_v1.0\prueba1_demo.srcs\sources_1\new\top_system.vhd:]
WARNING: [filemgmt 56-199] Attempt to get parsing info during refresh. "On-the-fly" syntax checking information may be incorrect. [C:\Users\kille\Documents\GitHub\TFM-UPM\Practica\Prueba1_demo_v1.0\prueba1_demo.srcs\sources_1\new\apa102_ctrl.vhd:]
WARNING: [filemgmt 56-199] Attempt to get parsing info during refresh. "On-the-fly" syntax checking information may be incorrect. [C:\Users\kille\Documents\GitHub\TFM-UPM\Practica\Prueba1_demo_v1.0\prueba1_demo.srcs\sources_1\new\i2s_transceiver.vhd:]
WARNING: [filemgmt 56-199] Attempt to get parsing info during refresh. "On-the-fly" syntax checking information may be incorrect. [C:\Users\kille\Documents\GitHub\TFM-UPM\Practica\Prueba1_demo_v1.0\prueba1_demo.srcs\sources_1\new\audio_player.vhd:]
WARNING: [filemgmt 56-199] Attempt to get parsing info during refresh. "On-the-fly" syntax checking information may be incorrect. [C:\Users\kille\Documents\GitHub\TFM-UPM\Practica\Prueba1_demo_v1.0\prueba1_demo.srcs\sources_1\new\tas2110_i2c_ctrl.vhd:]
WARNING: [filemgmt 56-199] Attempt to get parsing info during refresh. "On-the-fly" syntax checking information may be incorrect. [C:\Users\kille\Documents\GitHub\TFM-UPM\Practica\Prueba1_demo_v1.0\prueba1_demo.srcs\sources_1\new\top_system.vhd:]
WARNING: [filemgmt 56-199] Attempt to get parsing info during refresh. "On-the-fly" syntax checking information may be incorrect. [C:\Users\kille\Documents\GitHub\TFM-UPM\Practica\Prueba1_demo_v1.0\prueba1_demo.srcs\sources_1\new\top_system.vhd:]
WARNING: [filemgmt 56-199] Attempt to get parsing info during refresh. "On-the-fly" syntax checking information may be incorrect. [C:\Users\kille\Documents\GitHub\TFM-UPM\Practica\Prueba1_demo_v1.0\prueba1_demo.srcs\sources_1\new\top_system.vhd:]
WARNING: [filemgmt 56-199] Attempt to get parsing info during refresh. "On-the-fly" syntax checking information may be incorrect. [C:\Users\kille\Documents\GitHub\TFM-UPM\Practica\Prueba1_demo_v1.0\prueba1_demo.srcs\sources_1\new\apa102_ctrl.vhd:]
WARNING: [filemgmt 56-199] Attempt to get parsing info during refresh. "On-the-fly" syntax checking information may be incorrect. [C:\Users\kille\Documents\GitHub\TFM-UPM\Practica\Prueba1_demo_v1.0\prueba1_demo.srcs\sources_1\new\i2s_transceiver.vhd:]
WARNING: [filemgmt 56-199] Attempt to get parsing info during refresh. "On-the-fly" syntax checking information may be incorrect. [C:\Users\kille\Documents\GitHub\TFM-UPM\Practica\Prueba1_demo_v1.0\prueba1_demo.srcs\sources_1\new\audio_player.vhd:]
WARNING: [filemgmt 56-199] Attempt to get parsing info during refresh. "On-the-fly" syntax checking information may be incorrect. [C:\Users\kille\Documents\GitHub\TFM-UPM\Practica\Prueba1_demo_v1.0\prueba1_demo.srcs\sources_1\new\tas2110_i2c_ctrl.vhd:]
WARNING: [filemgmt 56-199] Attempt to get parsing info during refresh. "On-the-fly" syntax checking information may be incorrect. [C:\Users\kille\Documents\GitHub\TFM-UPM\Practica\Prueba1_demo_v1.0\prueba1_demo.srcs\sources_1\new\apa102_ctrl.vhd:]
WARNING: [filemgmt 56-199] Attempt to get parsing info during refresh. "On-the-fly" syntax checking information may be incorrect. [C:\Users\kille\Documents\GitHub\TFM-UPM\Practica\Prueba1_demo_v1.0\prueba1_demo.srcs\sources_1\new\apa102_ctrl.vhd:]
WARNING: [filemgmt 56-199] Attempt to get parsing info during refresh. "On-the-fly" syntax checking information may be incorrect. [C:\Users\kille\Documents\GitHub\TFM-UPM\Practica\Prueba1_demo_v1.0\prueba1_demo.srcs\sources_1\new\top_system.vhd:]
WARNING: [filemgmt 56-199] Attempt to get parsing info during refresh. "On-the-fly" syntax checking information may be incorrect. [C:\Users\kille\Documents\GitHub\TFM-UPM\Practica\Prueba1_demo_v1.0\prueba1_demo.srcs\sources_1\new\apa102_ctrl.vhd:]
WARNING: [filemgmt 56-199] Attempt to get parsing info during refresh. "On-the-fly" syntax checking information may be incorrect. [C:\Users\kille\Documents\GitHub\TFM-UPM\Practica\Prueba1_demo_v1.0\prueba1_demo.srcs\sources_1\new\i2s_transceiver.vhd:]
WARNING: [filemgmt 56-199] Attempt to get parsing info during refresh. "On-the-fly" syntax checking information may be incorrect. [C:\Users\kille\Documents\GitHub\TFM-UPM\Practica\Prueba1_demo_v1.0\prueba1_demo.srcs\sources_1\new\audio_player.vhd:]
WARNING: [filemgmt 56-199] Attempt to get parsing info during refresh. "On-the-fly" syntax checking information may be incorrect. [C:\Users\kille\Documents\GitHub\TFM-UPM\Practica\Prueba1_demo_v1.0\prueba1_demo.srcs\sources_1\new\tas2110_i2c_ctrl.vhd:]
WARNING: [filemgmt 56-199] Attempt to get parsing info during refresh. "On-the-fly" syntax checking information may be incorrect. [C:\Users\kille\Documents\GitHub\TFM-UPM\Practica\Prueba1_demo_v1.0\prueba1_demo.srcs\sources_1\new\audio_player.vhd:]
WARNING: [filemgmt 56-199] Attempt to get parsing info during refresh. "On-the-fly" syntax checking information may be incorrect. [C:\Users\kille\Documents\GitHub\TFM-UPM\Practica\Prueba1_demo_v1.0\prueba1_demo.srcs\sources_1\new\audio_player.vhd:]
ERROR: [Common 17-180] Spawn failed: La operación se completó correctamente.

WARNING: [filemgmt 56-199] Attempt to get parsing info during refresh. "On-the-fly" syntax checking information may be incorrect. [C:\Users\kille\Documents\GitHub\TFM-UPM\Practica\Prueba1_demo_v1.0\prueba1_demo.srcs\sources_1\new\top_system.vhd:]
WARNING: [filemgmt 56-199] Attempt to get parsing info during refresh. "On-the-fly" syntax checking information may be incorrect. [C:\Users\kille\Documents\GitHub\TFM-UPM\Practica\Prueba1_demo_v1.0\prueba1_demo.srcs\sources_1\new\apa102_ctrl.vhd:]
WARNING: [filemgmt 56-199] Attempt to get parsing info during refresh. "On-the-fly" syntax checking information may be incorrect. [C:\Users\kille\Documents\GitHub\TFM-UPM\Practica\Prueba1_demo_v1.0\prueba1_demo.srcs\sources_1\new\i2s_transceiver.vhd:]
WARNING: [filemgmt 56-199] Attempt to get parsing info during refresh. "On-the-fly" syntax checking information may be incorrect. [C:\Users\kille\Documents\GitHub\TFM-UPM\Practica\Prueba1_demo_v1.0\prueba1_demo.srcs\sources_1\new\audio_player.vhd:]
WARNING: [filemgmt 56-199] Attempt to get parsing info during refresh. "On-the-fly" syntax checking information may be incorrect. [C:\Users\kille\Documents\GitHub\TFM-UPM\Practica\Prueba1_demo_v1.0\prueba1_demo.srcs\sources_1\new\tas2110_i2c_ctrl.vhd:]
WARNING: [filemgmt 56-199] Attempt to get parsing info during refresh. "On-the-fly" syntax checking information may be incorrect. [C:\Users\kille\Documents\GitHub\TFM-UPM\Practica\Prueba1_demo_v1.0\prueba1_demo.srcs\sources_1\new\tas2110_i2c_ctrl.vhd:]
WARNING: [filemgmt 56-199] Attempt to get parsing info during refresh. "On-the-fly" syntax checking information may be incorrect. [C:\Users\kille\Documents\GitHub\TFM-UPM\Practica\Prueba1_demo_v1.0\prueba1_demo.srcs\sources_1\new\tas2110_i2c_ctrl.vhd:]
WARNING: [filemgmt 56-199] Attempt to get parsing info during refresh. "On-the-fly" syntax checking information may be incorrect. [C:\Users\kille\Documents\GitHub\TFM-UPM\Practica\Prueba1_demo_v1.0\prueba1_demo.srcs\sources_1\new\top_system.vhd:]
WARNING: [filemgmt 56-199] Attempt to get parsing info during refresh. "On-the-fly" syntax checking information may be incorrect. [C:\Users\kille\Documents\GitHub\TFM-UPM\Practica\Prueba1_demo_v1.0\prueba1_demo.srcs\sources_1\new\apa102_ctrl.vhd:]
WARNING: [filemgmt 56-199] Attempt to get parsing info during refresh. "On-the-fly" syntax checking information may be incorrect. [C:\Users\kille\Documents\GitHub\TFM-UPM\Practica\Prueba1_demo_v1.0\prueba1_demo.srcs\sources_1\new\i2s_transceiver.vhd:]
WARNING: [filemgmt 56-199] Attempt to get parsing info during refresh. "On-the-fly" syntax checking information may be incorrect. [C:\Users\kille\Documents\GitHub\TFM-UPM\Practica\Prueba1_demo_v1.0\prueba1_demo.srcs\sources_1\new\audio_player.vhd:]
WARNING: [filemgmt 56-199] Attempt to get parsing info during refresh. "On-the-fly" syntax checking information may be incorrect. [C:\Users\kille\Documents\GitHub\TFM-UPM\Practica\Prueba1_demo_v1.0\prueba1_demo.srcs\sources_1\new\tas2110_i2c_ctrl.vhd:]
WARNING: [filemgmt 56-199] Attempt to get parsing info during refresh. "On-the-fly" syntax checking information may be incorrect. [C:\Users\kille\Documents\GitHub\TFM-UPM\Practica\Prueba1_demo_v1.0\prueba1_demo.srcs\sources_1\new\top_system.vhd:]
WARNING: [filemgmt 56-199] Attempt to get parsing info during refresh. "On-the-fly" syntax checking information may be incorrect. [C:\Users\kille\Documents\GitHub\TFM-UPM\Practica\Prueba1_demo_v1.0\prueba1_demo.srcs\sources_1\new\top_system.vhd:]
ERROR: [Common 17-180] Spawn failed: La operación se completó correctamente.

WARNING: [filemgmt 56-199] Attempt to get parsing info during refresh. "On-the-fly" syntax checking information may be incorrect. [C:\Users\kille\Documents\GitHub\TFM-UPM\Practica\Prueba1_demo_v1.0\prueba1_demo.srcs\sources_1\new\top_system.vhd:]
WARNING: [filemgmt 56-199] Attempt to get parsing info during refresh. "On-the-fly" syntax checking information may be incorrect. [C:\Users\kille\Documents\GitHub\TFM-UPM\Practica\Prueba1_demo_v1.0\prueba1_demo.srcs\sources_1\new\apa102_ctrl.vhd:]
WARNING: [filemgmt 56-199] Attempt to get parsing info during refresh. "On-the-fly" syntax checking information may be incorrect. [C:\Users\kille\Documents\GitHub\TFM-UPM\Practica\Prueba1_demo_v1.0\prueba1_demo.srcs\sources_1\new\i2s_transceiver.vhd:]
WARNING: [filemgmt 56-199] Attempt to get parsing info during refresh. "On-the-fly" syntax checking information may be incorrect. [C:\Users\kille\Documents\GitHub\TFM-UPM\Practica\Prueba1_demo_v1.0\prueba1_demo.srcs\sources_1\new\audio_player.vhd:]
WARNING: [filemgmt 56-199] Attempt to get parsing info during refresh. "On-the-fly" syntax checking information may be incorrect. [C:\Users\kille\Documents\GitHub\TFM-UPM\Practica\Prueba1_demo_v1.0\prueba1_demo.srcs\sources_1\new\tas2110_i2c_ctrl.vhd:]
WARNING: [filemgmt 56-199] Attempt to get parsing info during refresh. "On-the-fly" syntax checking information may be incorrect. [C:\Users\kille\Documents\GitHub\TFM-UPM\Practica\Prueba1_demo_v1.0\prueba1_demo.srcs\sources_1\new\apa102_ctrl.vhd:]
WARNING: [filemgmt 56-199] Attempt to get parsing info during refresh. "On-the-fly" syntax checking information may be incorrect. [C:\Users\kille\Documents\GitHub\TFM-UPM\Practica\Prueba1_demo_v1.0\prueba1_demo.srcs\sources_1\new\apa102_ctrl.vhd:]
WARNING: [filemgmt 56-199] Attempt to get parsing info during refresh. "On-the-fly" syntax checking information may be incorrect. [C:\Users\kille\Documents\GitHub\TFM-UPM\Practica\Prueba1_demo_v1.0\prueba1_demo.srcs\sources_1\new\top_system.vhd:]
WARNING: [filemgmt 56-199] Attempt to get parsing info during refresh. "On-the-fly" syntax checking information may be incorrect. [C:\Users\kille\Documents\GitHub\TFM-UPM\Practica\Prueba1_demo_v1.0\prueba1_demo.srcs\sources_1\new\apa102_ctrl.vhd:]
WARNING: [filemgmt 56-199] Attempt to get parsing info during refresh. "On-the-fly" syntax checking information may be incorrect. [C:\Users\kille\Documents\GitHub\TFM-UPM\Practica\Prueba1_demo_v1.0\prueba1_demo.srcs\sources_1\new\i2s_transceiver.vhd:]
WARNING: [filemgmt 56-199] Attempt to get parsing info during refresh. "On-the-fly" syntax checking information may be incorrect. [C:\Users\kille\Documents\GitHub\TFM-UPM\Practica\Prueba1_demo_v1.0\prueba1_demo.srcs\sources_1\new\audio_player.vhd:]
WARNING: [filemgmt 56-199] Attempt to get parsing info during refresh. "On-the-fly" syntax checking information may be incorrect. [C:\Users\kille\Documents\GitHub\TFM-UPM\Practica\Prueba1_demo_v1.0\prueba1_demo.srcs\sources_1\new\tas2110_i2c_ctrl.vhd:]
WARNING: [filemgmt 56-199] Attempt to get parsing info during refresh. "On-the-fly" syntax checking information may be incorrect. [C:\Users\kille\Documents\GitHub\TFM-UPM\Practica\Prueba1_demo_v1.0\prueba1_demo.srcs\sources_1\new\tas2110_i2c_ctrl.vhd:]
WARNING: [filemgmt 56-199] Attempt to get parsing info during refresh. "On-the-fly" syntax checking information may be incorrect. [C:\Users\kille\Documents\GitHub\TFM-UPM\Practica\Prueba1_demo_v1.0\prueba1_demo.srcs\sources_1\new\tas2110_i2c_ctrl.vhd:]
connect_bd_net [get_bd_pins clk_wiz_0/locked] [get_bd_pins top_system_0/pll_locked]
ERROR: [Common 17-180] Spawn failed: La operación se completó correctamente.

WARNING: [filemgmt 56-199] Attempt to get parsing info during refresh. "On-the-fly" syntax checking information may be incorrect. [C:\Users\kille\Documents\GitHub\TFM-UPM\Practica\Prueba1_demo_v1.0\prueba1_demo.srcs\sources_1\new\top_system.vhd:]
WARNING: [filemgmt 56-199] Attempt to get parsing info during refresh. "On-the-fly" syntax checking information may be incorrect. [C:\Users\kille\Documents\GitHub\TFM-UPM\Practica\Prueba1_demo_v1.0\prueba1_demo.srcs\sources_1\new\apa102_ctrl.vhd:]
WARNING: [filemgmt 56-199] Attempt to get parsing info during refresh. "On-the-fly" syntax checking information may be incorrect. [C:\Users\kille\Documents\GitHub\TFM-UPM\Practica\Prueba1_demo_v1.0\prueba1_demo.srcs\sources_1\new\i2s_transceiver.vhd:]
WARNING: [filemgmt 56-199] Attempt to get parsing info during refresh. "On-the-fly" syntax checking information may be incorrect. [C:\Users\kille\Documents\GitHub\TFM-UPM\Practica\Prueba1_demo_v1.0\prueba1_demo.srcs\sources_1\new\audio_player.vhd:]
WARNING: [filemgmt 56-199] Attempt to get parsing info during refresh. "On-the-fly" syntax checking information may be incorrect. [C:\Users\kille\Documents\GitHub\TFM-UPM\Practica\Prueba1_demo_v1.0\prueba1_demo.srcs\sources_1\new\tas2110_i2c_ctrl.vhd:]
WARNING: [filemgmt 56-199] Attempt to get parsing info during refresh. "On-the-fly" syntax checking information may be incorrect. [C:\Users\kille\Documents\GitHub\TFM-UPM\Practica\Prueba1_demo_v1.0\prueba1_demo.srcs\sources_1\new\audio_player.vhd:]
WARNING: [filemgmt 56-199] Attempt to get parsing info during refresh. "On-the-fly" syntax checking information may be incorrect. [C:\Users\kille\Documents\GitHub\TFM-UPM\Practica\Prueba1_demo_v1.0\prueba1_demo.srcs\sources_1\new\audio_player.vhd:]
WARNING: [filemgmt 56-199] Attempt to get parsing info during refresh. "On-the-fly" syntax checking information may be incorrect. [C:\Users\kille\Documents\GitHub\TFM-UPM\Practica\Prueba1_demo_v1.0\prueba1_demo.srcs\sources_1\new\top_system.vhd:]
WARNING: [filemgmt 56-199] Attempt to get parsing info during refresh. "On-the-fly" syntax checking information may be incorrect. [C:\Users\kille\Documents\GitHub\TFM-UPM\Practica\Prueba1_demo_v1.0\prueba1_demo.srcs\sources_1\new\apa102_ctrl.vhd:]
WARNING: [filemgmt 56-199] Attempt to get parsing info during refresh. "On-the-fly" syntax checking information may be incorrect. [C:\Users\kille\Documents\GitHub\TFM-UPM\Practica\Prueba1_demo_v1.0\prueba1_demo.srcs\sources_1\new\i2s_transceiver.vhd:]
WARNING: [filemgmt 56-199] Attempt to get parsing info during refresh. "On-the-fly" syntax checking information may be incorrect. [C:\Users\kille\Documents\GitHub\TFM-UPM\Practica\Prueba1_demo_v1.0\prueba1_demo.srcs\sources_1\new\audio_player.vhd:]
WARNING: [filemgmt 56-199] Attempt to get parsing info during refresh. "On-the-fly" syntax checking information may be incorrect. [C:\Users\kille\Documents\GitHub\TFM-UPM\Practica\Prueba1_demo_v1.0\prueba1_demo.srcs\sources_1\new\tas2110_i2c_ctrl.vhd:]
WARNING: [filemgmt 56-199] Attempt to get parsing info during refresh. "On-the-fly" syntax checking information may be incorrect. [C:\Users\kille\Documents\GitHub\TFM-UPM\Practica\Prueba1_demo_v1.0\prueba1_demo.srcs\sources_1\new\top_system.vhd:]
WARNING: [filemgmt 56-199] Attempt to get parsing info during refresh. "On-the-fly" syntax checking information may be incorrect. [C:\Users\kille\Documents\GitHub\TFM-UPM\Practica\Prueba1_demo_v1.0\prueba1_demo.srcs\sources_1\new\top_system.vhd:]
WARNING: [filemgmt 56-199] Attempt to get parsing info during refresh. "On-the-fly" syntax checking information may be incorrect. [C:\Users\kille\Documents\GitHub\TFM-UPM\Practica\Prueba1_demo_v1.0\prueba1_demo.srcs\sources_1\new\top_system.vhd:]
WARNING: [filemgmt 56-199] Attempt to get parsing info during refresh. "On-the-fly" syntax checking information may be incorrect. [C:\Users\kille\Documents\GitHub\TFM-UPM\Practica\Prueba1_demo_v1.0\prueba1_demo.srcs\sources_1\new\apa102_ctrl.vhd:]
WARNING: [filemgmt 56-199] Attempt to get parsing info during refresh. "On-the-fly" syntax checking information may be incorrect. [C:\Users\kille\Documents\GitHub\TFM-UPM\Practica\Prueba1_demo_v1.0\prueba1_demo.srcs\sources_1\new\i2s_transceiver.vhd:]
WARNING: [filemgmt 56-199] Attempt to get parsing info during refresh. "On-the-fly" syntax checking information may be incorrect. [C:\Users\kille\Documents\GitHub\TFM-UPM\Practica\Prueba1_demo_v1.0\prueba1_demo.srcs\sources_1\new\audio_player.vhd:]
WARNING: [filemgmt 56-199] Attempt to get parsing info during refresh. "On-the-fly" syntax checking information may be incorrect. [C:\Users\kille\Documents\GitHub\TFM-UPM\Practica\Prueba1_demo_v1.0\prueba1_demo.srcs\sources_1\new\tas2110_i2c_ctrl.vhd:]
WARNING: [filemgmt 56-199] Attempt to get parsing info during refresh. "On-the-fly" syntax checking information may be incorrect. [C:\Users\kille\Documents\GitHub\TFM-UPM\Practica\Prueba1_demo_v1.0\prueba1_demo.srcs\sources_1\new\tas2110_i2c_ctrl.vhd:]
WARNING: [filemgmt 56-199] Attempt to get parsing info during refresh. "On-the-fly" syntax checking information may be incorrect. [C:\Users\kille\Documents\GitHub\TFM-UPM\Practica\Prueba1_demo_v1.0\prueba1_demo.srcs\sources_1\new\tas2110_i2c_ctrl.vhd:]
WARNING: [filemgmt 56-199] Attempt to get parsing info during refresh. "On-the-fly" syntax checking information may be incorrect. [C:\Users\kille\Documents\GitHub\TFM-UPM\Practica\Prueba1_demo_v1.0\prueba1_demo.srcs\sources_1\new\top_system.vhd:]
WARNING: [filemgmt 56-199] Attempt to get parsing info during refresh. "On-the-fly" syntax checking information may be incorrect. [C:\Users\kille\Documents\GitHub\TFM-UPM\Practica\Prueba1_demo_v1.0\prueba1_demo.srcs\sources_1\new\apa102_ctrl.vhd:]
WARNING: [filemgmt 56-199] Attempt to get parsing info during refresh. "On-the-fly" syntax checking information may be incorrect. [C:\Users\kille\Documents\GitHub\TFM-UPM\Practica\Prueba1_demo_v1.0\prueba1_demo.srcs\sources_1\new\i2s_transceiver.vhd:]
WARNING: [filemgmt 56-199] Attempt to get parsing info during refresh. "On-the-fly" syntax checking information may be incorrect. [C:\Users\kille\Documents\GitHub\TFM-UPM\Practica\Prueba1_demo_v1.0\prueba1_demo.srcs\sources_1\new\audio_player.vhd:]
WARNING: [filemgmt 56-199] Attempt to get parsing info during refresh. "On-the-fly" syntax checking information may be incorrect. [C:\Users\kille\Documents\GitHub\TFM-UPM\Practica\Prueba1_demo_v1.0\prueba1_demo.srcs\sources_1\new\tas2110_i2c_ctrl.vhd:]
WARNING: [filemgmt 56-199] Attempt to get parsing info during refresh. "On-the-fly" syntax checking information may be incorrect. [C:\Users\kille\Documents\GitHub\TFM-UPM\Practica\Prueba1_demo_v1.0\prueba1_demo.srcs\sources_1\new\i2s_transceiver.vhd:]
WARNING: [filemgmt 56-199] Attempt to get parsing info during refresh. "On-the-fly" syntax checking information may be incorrect. [C:\Users\kille\Documents\GitHub\TFM-UPM\Practica\Prueba1_demo_v1.0\prueba1_demo.srcs\sources_1\new\i2s_transceiver.vhd:]
WARNING: [filemgmt 56-199] Attempt to get parsing info during refresh. "On-the-fly" syntax checking information may be incorrect. [C:\Users\kille\Documents\GitHub\TFM-UPM\Practica\Prueba1_demo_v1.0\prueba1_demo.srcs\sources_1\new\top_system.vhd:]
WARNING: [filemgmt 56-199] Attempt to get parsing info during refresh. "On-the-fly" syntax checking information may be incorrect. [C:\Users\kille\Documents\GitHub\TFM-UPM\Practica\Prueba1_demo_v1.0\prueba1_demo.srcs\sources_1\new\apa102_ctrl.vhd:]
WARNING: [filemgmt 56-199] Attempt to get parsing info during refresh. "On-the-fly" syntax checking information may be incorrect. [C:\Users\kille\Documents\GitHub\TFM-UPM\Practica\Prueba1_demo_v1.0\prueba1_demo.srcs\sources_1\new\i2s_transceiver.vhd:]
WARNING: [filemgmt 56-199] Attempt to get parsing info during refresh. "On-the-fly" syntax checking information may be incorrect. [C:\Users\kille\Documents\GitHub\TFM-UPM\Practica\Prueba1_demo_v1.0\prueba1_demo.srcs\sources_1\new\audio_player.vhd:]
WARNING: [filemgmt 56-199] Attempt to get parsing info during refresh. "On-the-fly" syntax checking information may be incorrect. [C:\Users\kille\Documents\GitHub\TFM-UPM\Practica\Prueba1_demo_v1.0\prueba1_demo.srcs\sources_1\new\tas2110_i2c_ctrl.vhd:]
WARNING: [filemgmt 56-199] Attempt to get parsing info during refresh. "On-the-fly" syntax checking information may be incorrect. [C:\Users\kille\Documents\GitHub\TFM-UPM\Practica\Prueba1_demo_v1.0\prueba1_demo.srcs\sources_1\new\audio_player.vhd:]
WARNING: [filemgmt 56-199] Attempt to get parsing info during refresh. "On-the-fly" syntax checking information may be incorrect. [C:\Users\kille\Documents\GitHub\TFM-UPM\Practica\Prueba1_demo_v1.0\prueba1_demo.srcs\sources_1\new\audio_player.vhd:]
ERROR: [Common 17-180] Spawn failed: La operación se completó correctamente.

validate_bd_design
WARNING: [BD 41-1781] Updates have been made to one or more nets/interface connections marked for debug.
Debug nets, which are already connected to any ILA IP core in the block-design, will be automatically available for debug in Hardware Manager.
For unconnected Debug nets, please open synthesized design and use 'Set Up Debug' wizard to insert, modify or delete Debug Cores. 
INFO: [xilinx.com:ip:clk_wiz:6.0-1] /clk_wiz_0 clk_wiz propagate
save_bd_design
Wrote  : <C:\Users\kille\Documents\GitHub\TFM-UPM\Practica\Prueba1_demo_v1.0\prueba1_demo.srcs\sources_1\bd\design_1\design_1.bd> 
Wrote  : <C:/Users/kille/Documents/GitHub/TFM-UPM/Practica/Prueba1_demo_v1.0/prueba1_demo.srcs/sources_1/bd/design_1/ui/bd_1f5defd0.ui> 
report_ip_status -name ip_status 
reset_run synth_1
INFO: [Project 1-1161] Replacing file C:/Users/kille/Documents/GitHub/TFM-UPM/Practica/Prueba1_demo_v1.0/prueba1_demo.srcs/utils_1/imports/synth_1/top_system.dcp with file C:/Users/kille/Documents/GitHub/TFM-UPM/Practica/Prueba1_demo_v1.0/prueba1_demo.runs/synth_1/design_1_wrapper.dcp
reset_run design_1_clk_wiz_0_0_synth_1
launch_runs impl_1 -to_step write_bitstream -jobs 12
INFO: [BD 41-1662] The design 'design_1.bd' is already validated. Therefore parameter propagation will not be re-run.
WARNING: [BD 41-3257] Drive strength cannot be preserved for ports connected to net btn_center_0_0_1 as it is marked for debug
WARNING: [BD 41-3256] Drive strength cannot be preserved for ports connected to net btn_right_0_0_1 as it connected to debug IP /system_ila_1 
WARNING: [BD 41-3256] Drive strength cannot be preserved for ports connected to net clk_100Mhz_0_1 as it connected to debug IP /system_ila_0 
WARNING: [BD 41-3257] Drive strength cannot be preserved for ports connected to net top_system_0_dbg_scl_out as it is marked for debug
WARNING: [BD 41-3257] Drive strength cannot be preserved for ports connected to net top_system_0_dbg_sda_out as it is marked for debug
WARNING: [BD 41-3257] Drive strength cannot be preserved for ports connected to net top_system_0_i2s_dout as it is marked for debug
WARNING: [BD 41-3256] Drive strength cannot be preserved for ports connected to net top_system_0_led_clk as it connected to debug IP /system_ila_0 
WARNING: [BD 41-3257] Drive strength cannot be preserved for ports connected to net top_system_0_led_data as it is marked for debug
VHDL Output written to : c:/Users/kille/Documents/GitHub/TFM-UPM/Practica/Prueba1_demo_v1.0/prueba1_demo.gen/sources_1/bd/design_1/synth/design_1.vhd
WARNING: [BD 41-3257] Drive strength cannot be preserved for ports connected to net btn_center_0_0_1 as it is marked for debug
WARNING: [BD 41-3256] Drive strength cannot be preserved for ports connected to net btn_right_0_0_1 as it connected to debug IP /system_ila_1 
WARNING: [BD 41-3256] Drive strength cannot be preserved for ports connected to net clk_100Mhz_0_1 as it connected to debug IP /system_ila_0 
WARNING: [BD 41-3257] Drive strength cannot be preserved for ports connected to net top_system_0_dbg_scl_out as it is marked for debug
WARNING: [BD 41-3257] Drive strength cannot be preserved for ports connected to net top_system_0_dbg_sda_out as it is marked for debug
WARNING: [BD 41-3257] Drive strength cannot be preserved for ports connected to net top_system_0_i2s_dout as it is marked for debug
WARNING: [BD 41-3256] Drive strength cannot be preserved for ports connected to net top_system_0_led_clk as it connected to debug IP /system_ila_0 
WARNING: [BD 41-3257] Drive strength cannot be preserved for ports connected to net top_system_0_led_data as it is marked for debug
VHDL Output written to : c:/Users/kille/Documents/GitHub/TFM-UPM/Practica/Prueba1_demo_v1.0/prueba1_demo.gen/sources_1/bd/design_1/sim/design_1.vhd
VHDL Output written to : c:/Users/kille/Documents/GitHub/TFM-UPM/Practica/Prueba1_demo_v1.0/prueba1_demo.gen/sources_1/bd/design_1/hdl/design_1_wrapper.vhd
WARNING: [filemgmt 56-199] Attempt to get parsing info during refresh. "On-the-fly" syntax checking information may be incorrect. [C:\Users\kille\Documents\GitHub\TFM-UPM\Practica\Prueba1_demo_v1.0\prueba1_demo.srcs\sources_1\new\top_system.vhd:]
WARNING: [filemgmt 56-199] Attempt to get parsing info during refresh. "On-the-fly" syntax checking information may be incorrect. [C:\Users\kille\Documents\GitHub\TFM-UPM\Practica\Prueba1_demo_v1.0\prueba1_demo.srcs\sources_1\new\apa102_ctrl.vhd:]
WARNING: [filemgmt 56-199] Attempt to get parsing info during refresh. "On-the-fly" syntax checking information may be incorrect. [C:\Users\kille\Documents\GitHub\TFM-UPM\Practica\Prueba1_demo_v1.0\prueba1_demo.srcs\sources_1\new\i2s_transceiver.vhd:]
WARNING: [filemgmt 56-199] Attempt to get parsing info during refresh. "On-the-fly" syntax checking information may be incorrect. [C:\Users\kille\Documents\GitHub\TFM-UPM\Practica\Prueba1_demo_v1.0\prueba1_demo.srcs\sources_1\new\audio_player.vhd:]
WARNING: [filemgmt 56-199] Attempt to get parsing info during refresh. "On-the-fly" syntax checking information may be incorrect. [C:\Users\kille\Documents\GitHub\TFM-UPM\Practica\Prueba1_demo_v1.0\prueba1_demo.srcs\sources_1\new\tas2110_i2c_ctrl.vhd:]
WARNING: [filemgmt 56-199] Attempt to get parsing info during refresh. "On-the-fly" syntax checking information may be incorrect. [C:\Users\kille\Documents\GitHub\TFM-UPM\Practica\Prueba1_demo_v1.0\prueba1_demo.srcs\sources_1\new\tas2110_i2c_ctrl.vhd:]
WARNING: [filemgmt 56-199] Attempt to get parsing info during refresh. "On-the-fly" syntax checking information may be incorrect. [C:\Users\kille\Documents\GitHub\TFM-UPM\Practica\Prueba1_demo_v1.0\prueba1_demo.srcs\sources_1\new\tas2110_i2c_ctrl.vhd:]
WARNING: [filemgmt 56-199] Attempt to get parsing info during refresh. "On-the-fly" syntax checking information may be incorrect. [C:\Users\kille\Documents\GitHub\TFM-UPM\Practica\Prueba1_demo_v1.0\prueba1_demo.srcs\sources_1\new\top_system.vhd:]
WARNING: [filemgmt 56-199] Attempt to get parsing info during refresh. "On-the-fly" syntax checking information may be incorrect. [C:\Users\kille\Documents\GitHub\TFM-UPM\Practica\Prueba1_demo_v1.0\prueba1_demo.srcs\sources_1\new\apa102_ctrl.vhd:]
WARNING: [filemgmt 56-199] Attempt to get parsing info during refresh. "On-the-fly" syntax checking information may be incorrect. [C:\Users\kille\Documents\GitHub\TFM-UPM\Practica\Prueba1_demo_v1.0\prueba1_demo.srcs\sources_1\new\i2s_transceiver.vhd:]
WARNING: [filemgmt 56-199] Attempt to get parsing info during refresh. "On-the-fly" syntax checking information may be incorrect. [C:\Users\kille\Documents\GitHub\TFM-UPM\Practica\Prueba1_demo_v1.0\prueba1_demo.srcs\sources_1\new\audio_player.vhd:]
WARNING: [filemgmt 56-199] Attempt to get parsing info during refresh. "On-the-fly" syntax checking information may be incorrect. [C:\Users\kille\Documents\GitHub\TFM-UPM\Practica\Prueba1_demo_v1.0\prueba1_demo.srcs\sources_1\new\tas2110_i2c_ctrl.vhd:]
WARNING: [filemgmt 56-199] Attempt to get parsing info during refresh. "On-the-fly" syntax checking information may be incorrect. [C:\Users\kille\Documents\GitHub\TFM-UPM\Practica\Prueba1_demo_v1.0\prueba1_demo.srcs\sources_1\new\apa102_ctrl.vhd:]
WARNING: [filemgmt 56-199] Attempt to get parsing info during refresh. "On-the-fly" syntax checking information may be incorrect. [C:\Users\kille\Documents\GitHub\TFM-UPM\Practica\Prueba1_demo_v1.0\prueba1_demo.srcs\sources_1\new\apa102_ctrl.vhd:]
INFO: [BD 41-1029] Generation completed for the IP Integrator block top_system_0 .
INFO: [BD 41-1637] Generated targets are already up-to-date for block design 'bd_f60c' - hence not re-generating.
INFO: [BD 41-1637] Generated targets are already up-to-date for block design 'bd_f69c' - hence not re-generating.
WARNING: [filemgmt 56-199] Attempt to get parsing info during refresh. "On-the-fly" syntax checking information may be incorrect. [C:\Users\kille\Documents\GitHub\TFM-UPM\Practica\Prueba1_demo_v1.0\prueba1_demo.srcs\sources_1\new\top_system.vhd:]
WARNING: [filemgmt 56-199] Attempt to get parsing info during refresh. "On-the-fly" syntax checking information may be incorrect. [C:\Users\kille\Documents\GitHub\TFM-UPM\Practica\Prueba1_demo_v1.0\prueba1_demo.srcs\sources_1\new\apa102_ctrl.vhd:]
WARNING: [filemgmt 56-199] Attempt to get parsing info during refresh. "On-the-fly" syntax checking information may be incorrect. [C:\Users\kille\Documents\GitHub\TFM-UPM\Practica\Prueba1_demo_v1.0\prueba1_demo.srcs\sources_1\new\i2s_transceiver.vhd:]
WARNING: [filemgmt 56-199] Attempt to get parsing info during refresh. "On-the-fly" syntax checking information may be incorrect. [C:\Users\kille\Documents\GitHub\TFM-UPM\Practica\Prueba1_demo_v1.0\prueba1_demo.srcs\sources_1\new\audio_player.vhd:]
WARNING: [filemgmt 56-199] Attempt to get parsing info during refresh. "On-the-fly" syntax checking information may be incorrect. [C:\Users\kille\Documents\GitHub\TFM-UPM\Practica\Prueba1_demo_v1.0\prueba1_demo.srcs\sources_1\new\tas2110_i2c_ctrl.vhd:]
WARNING: [filemgmt 56-199] Attempt to get parsing info during refresh. "On-the-fly" syntax checking information may be incorrect. [C:\Users\kille\Documents\GitHub\TFM-UPM\Practica\Prueba1_demo_v1.0\prueba1_demo.srcs\sources_1\new\audio_player.vhd:]
WARNING: [filemgmt 56-199] Attempt to get parsing info during refresh. "On-the-fly" syntax checking information may be incorrect. [C:\Users\kille\Documents\GitHub\TFM-UPM\Practica\Prueba1_demo_v1.0\prueba1_demo.srcs\sources_1\new\audio_player.vhd:]
WARNING: [filemgmt 56-199] Attempt to get parsing info during refresh. "On-the-fly" syntax checking information may be incorrect. [C:\Users\kille\Documents\GitHub\TFM-UPM\Practica\Prueba1_demo_v1.0\prueba1_demo.srcs\sources_1\new\top_system.vhd:]
WARNING: [filemgmt 56-199] Attempt to get parsing info during refresh. "On-the-fly" syntax checking information may be incorrect. [C:\Users\kille\Documents\GitHub\TFM-UPM\Practica\Prueba1_demo_v1.0\prueba1_demo.srcs\sources_1\new\apa102_ctrl.vhd:]
WARNING: [filemgmt 56-199] Attempt to get parsing info during refresh. "On-the-fly" syntax checking information may be incorrect. [C:\Users\kille\Documents\GitHub\TFM-UPM\Practica\Prueba1_demo_v1.0\prueba1_demo.srcs\sources_1\new\i2s_transceiver.vhd:]
WARNING: [filemgmt 56-199] Attempt to get parsing info during refresh. "On-the-fly" syntax checking information may be incorrect. [C:\Users\kille\Documents\GitHub\TFM-UPM\Practica\Prueba1_demo_v1.0\prueba1_demo.srcs\sources_1\new\audio_player.vhd:]
INFO: [BD 41-1029] Generation completed for the IP Integrator block clk_wiz_0 .
INFO: [BD 41-1982] Skipping generation for the cell util_vector_logic_0, which is locked by user.
Exporting to file c:/Users/kille/Documents/GitHub/TFM-UPM/Practica/Prueba1_demo_v1.0/prueba1_demo.gen/sources_1/bd/design_1/hw_handoff/design_1.hwh
Generated Hardware Definition File c:/Users/kille/Documents/GitHub/TFM-UPM/Practica/Prueba1_demo_v1.0/prueba1_demo.gen/sources_1/bd/design_1/synth/design_1.hwdef
WARNING: [filemgmt 56-199] Attempt to get parsing info during refresh. "On-the-fly" syntax checking information may be incorrect. [C:\Users\kille\Documents\GitHub\TFM-UPM\Practica\Prueba1_demo_v1.0\prueba1_demo.srcs\sources_1\new\top_system.vhd:]
WARNING: [filemgmt 56-199] Attempt to get parsing info during refresh. "On-the-fly" syntax checking information may be incorrect. [C:\Users\kille\Documents\GitHub\TFM-UPM\Practica\Prueba1_demo_v1.0\prueba1_demo.srcs\sources_1\new\apa102_ctrl.vhd:]
WARNING: [filemgmt 56-199] Attempt to get parsing info during refresh. "On-the-fly" syntax checking information may be incorrect. [C:\Users\kille\Documents\GitHub\TFM-UPM\Practica\Prueba1_demo_v1.0\prueba1_demo.srcs\sources_1\new\i2s_transceiver.vhd:]
WARNING: [filemgmt 56-199] Attempt to get parsing info during refresh. "On-the-fly" syntax checking information may be incorrect. [C:\Users\kille\Documents\GitHub\TFM-UPM\Practica\Prueba1_demo_v1.0\prueba1_demo.srcs\sources_1\new\audio_player.vhd:]
WARNING: [filemgmt 56-199] Attempt to get parsing info during refresh. "On-the-fly" syntax checking information may be incorrect. [C:\Users\kille\Documents\GitHub\TFM-UPM\Practica\Prueba1_demo_v1.0\prueba1_demo.srcs\sources_1\new\tas2110_i2c_ctrl.vhd:]
WARNING: [filemgmt 56-199] Attempt to get parsing info during refresh. "On-the-fly" syntax checking information may be incorrect. [C:\Users\kille\Documents\GitHub\TFM-UPM\Practica\Prueba1_demo_v1.0\prueba1_demo.srcs\sources_1\new\apa102_ctrl.vhd:]
WARNING: [filemgmt 56-199] Attempt to get parsing info during refresh. "On-the-fly" syntax checking information may be incorrect. [C:\Users\kille\Documents\GitHub\TFM-UPM\Practica\Prueba1_demo_v1.0\prueba1_demo.srcs\sources_1\new\apa102_ctrl.vhd:]
WARNING: [filemgmt 56-199] Attempt to get parsing info during refresh. "On-the-fly" syntax checking information may be incorrect. [C:\Users\kille\Documents\GitHub\TFM-UPM\Practica\Prueba1_demo_v1.0\prueba1_demo.srcs\sources_1\new\top_system.vhd:]
WARNING: [filemgmt 56-199] Attempt to get parsing info during refresh. "On-the-fly" syntax checking information may be incorrect. [C:\Users\kille\Documents\GitHub\TFM-UPM\Practica\Prueba1_demo_v1.0\prueba1_demo.srcs\sources_1\new\apa102_ctrl.vhd:]
WARNING: [filemgmt 56-199] Attempt to get parsing info during refresh. "On-the-fly" syntax checking information may be incorrect. [C:\Users\kille\Documents\GitHub\TFM-UPM\Practica\Prueba1_demo_v1.0\prueba1_demo.srcs\sources_1\new\i2s_transceiver.vhd:]
WARNING: [filemgmt 56-199] Attempt to get parsing info during refresh. "On-the-fly" syntax checking information may be incorrect. [C:\Users\kille\Documents\GitHub\TFM-UPM\Practica\Prueba1_demo_v1.0\prueba1_demo.srcs\sources_1\new\audio_player.vhd:]
WARNING: [filemgmt 56-199] Attempt to get parsing info during refresh. "On-the-fly" syntax checking information may be incorrect. [C:\Users\kille\Documents\GitHub\TFM-UPM\Practica\Prueba1_demo_v1.0\prueba1_demo.srcs\sources_1\new\tas2110_i2c_ctrl.vhd:]
WARNING: [filemgmt 56-199] Attempt to get parsing info during refresh. "On-the-fly" syntax checking information may be incorrect. [C:\Users\kille\Documents\GitHub\TFM-UPM\Practica\Prueba1_demo_v1.0\prueba1_demo.srcs\sources_1\new\top_system.vhd:]
WARNING: [filemgmt 56-199] Attempt to get parsing info during refresh. "On-the-fly" syntax checking information may be incorrect. [C:\Users\kille\Documents\GitHub\TFM-UPM\Practica\Prueba1_demo_v1.0\prueba1_demo.srcs\sources_1\new\top_system.vhd:]
WARNING: [filemgmt 56-199] Attempt to get parsing info during refresh. "On-the-fly" syntax checking information may be incorrect. [C:\Users\kille\Documents\GitHub\TFM-UPM\Practica\Prueba1_demo_v1.0\prueba1_demo.srcs\sources_1\new\top_system.vhd:]
WARNING: [filemgmt 56-199] Attempt to get parsing info during refresh. "On-the-fly" syntax checking information may be incorrect. [C:\Users\kille\Documents\GitHub\TFM-UPM\Practica\Prueba1_demo_v1.0\prueba1_demo.srcs\sources_1\new\apa102_ctrl.vhd:]
WARNING: [filemgmt 56-199] Attempt to get parsing info during refresh. "On-the-fly" syntax checking information may be incorrect. [C:\Users\kille\Documents\GitHub\TFM-UPM\Practica\Prueba1_demo_v1.0\prueba1_demo.srcs\sources_1\new\i2s_transceiver.vhd:]
WARNING: [filemgmt 56-199] Attempt to get parsing info during refresh. "On-the-fly" syntax checking information may be incorrect. [C:\Users\kille\Documents\GitHub\TFM-UPM\Practica\Prueba1_demo_v1.0\prueba1_demo.srcs\sources_1\new\audio_player.vhd:]
WARNING: [filemgmt 56-199] Attempt to get parsing info during refresh. "On-the-fly" syntax checking information may be incorrect. [C:\Users\kille\Documents\GitHub\TFM-UPM\Practica\Prueba1_demo_v1.0\prueba1_demo.srcs\sources_1\new\tas2110_i2c_ctrl.vhd:]
WARNING: [filemgmt 56-199] Attempt to get parsing info during refresh. "On-the-fly" syntax checking information may be incorrect. [C:\Users\kille\Documents\GitHub\TFM-UPM\Practica\Prueba1_demo_v1.0\prueba1_demo.srcs\sources_1\new\audio_player.vhd:]
WARNING: [filemgmt 56-199] Attempt to get parsing info during refresh. "On-the-fly" syntax checking information may be incorrect. [C:\Users\kille\Documents\GitHub\TFM-UPM\Practica\Prueba1_demo_v1.0\prueba1_demo.srcs\sources_1\new\audio_player.vhd:]
[Thu Aug  6 18:20:32 2026] Launched design_1_clk_wiz_0_0_synth_1, design_1_top_system_0_1_synth_1, synth_1...
Run output will be captured here:
design_1_clk_wiz_0_0_synth_1: C:/Users/kille/Documents/GitHub/TFM-UPM/Practica/Prueba1_demo_v1.0/prueba1_demo.runs/design_1_clk_wiz_0_0_synth_1/runme.log
design_1_top_system_0_1_synth_1: C:/Users/kille/Documents/GitHub/TFM-UPM/Practica/Prueba1_demo_v1.0/prueba1_demo.runs/design_1_top_system_0_1_synth_1/runme.log
synth_1: C:/Users/kille/Documents/GitHub/TFM-UPM/Practica/Prueba1_demo_v1.0/prueba1_demo.runs/synth_1/runme.log
[Thu Aug  6 18:20:32 2026] Launched impl_1...
Run output will be captured here: C:/Users/kille/Documents/GitHub/TFM-UPM/Practica/Prueba1_demo_v1.0/prueba1_demo.runs/impl_1/runme.log
ERROR: [Common 17-180] Spawn failed: La operación se completó correctamente.

WARNING: [filemgmt 56-199] Attempt to get parsing info during refresh. "On-the-fly" syntax checking information may be incorrect. [C:\Users\kille\Documents\GitHub\TFM-UPM\Practica\Prueba1_demo_v1.0\prueba1_demo.srcs\sources_1\new\top_system.vhd:]
WARNING: [filemgmt 56-199] Attempt to get parsing info during refresh. "On-the-fly" syntax checking information may be incorrect. [C:\Users\kille\Documents\GitHub\TFM-UPM\Practica\Prueba1_demo_v1.0\prueba1_demo.srcs\sources_1\new\apa102_ctrl.vhd:]
WARNING: [filemgmt 56-199] Attempt to get parsing info during refresh. "On-the-fly" syntax checking information may be incorrect. [C:\Users\kille\Documents\GitHub\TFM-UPM\Practica\Prueba1_demo_v1.0\prueba1_demo.srcs\sources_1\new\i2s_transceiver.vhd:]
WARNING: [filemgmt 56-199] Attempt to get parsing info during refresh. "On-the-fly" syntax checking information may be incorrect. [C:\Users\kille\Documents\GitHub\TFM-UPM\Practica\Prueba1_demo_v1.0\prueba1_demo.srcs\sources_1\new\audio_player.vhd:]
WARNING: [filemgmt 56-199] Attempt to get parsing info during refresh. "On-the-fly" syntax checking information may be incorrect. [C:\Users\kille\Documents\GitHub\TFM-UPM\Practica\Prueba1_demo_v1.0\prueba1_demo.srcs\sources_1\new\tas2110_i2c_ctrl.vhd:]
WARNING: [filemgmt 56-199] Attempt to get parsing info during refresh. "On-the-fly" syntax checking information may be incorrect. [C:\Users\kille\Documents\GitHub\TFM-UPM\Practica\Prueba1_demo_v1.0\prueba1_demo.srcs\sources_1\new\apa102_ctrl.vhd:]
WARNING: [filemgmt 56-199] Attempt to get parsing info during refresh. "On-the-fly" syntax checking information may be incorrect. [C:\Users\kille\Documents\GitHub\TFM-UPM\Practica\Prueba1_demo_v1.0\prueba1_demo.srcs\sources_1\new\apa102_ctrl.vhd:]
ERROR: [Common 17-180] Spawn failed: La operación se completó correctamente.

WARNING: [filemgmt 56-199] Attempt to get parsing info during refresh. "On-the-fly" syntax checking information may be incorrect. [C:\Users\kille\Documents\GitHub\TFM-UPM\Practica\Prueba1_demo_v1.0\prueba1_demo.srcs\sources_1\new\top_system.vhd:]
WARNING: [filemgmt 56-199] Attempt to get parsing info during refresh. "On-the-fly" syntax checking information may be incorrect. [C:\Users\kille\Documents\GitHub\TFM-UPM\Practica\Prueba1_demo_v1.0\prueba1_demo.srcs\sources_1\new\apa102_ctrl.vhd:]
WARNING: [filemgmt 56-199] Attempt to get parsing info during refresh. "On-the-fly" syntax checking information may be incorrect. [C:\Users\kille\Documents\GitHub\TFM-UPM\Practica\Prueba1_demo_v1.0\prueba1_demo.srcs\sources_1\new\i2s_transceiver.vhd:]
WARNING: [filemgmt 56-199] Attempt to get parsing info during refresh. "On-the-fly" syntax checking information may be incorrect. [C:\Users\kille\Documents\GitHub\TFM-UPM\Practica\Prueba1_demo_v1.0\prueba1_demo.srcs\sources_1\new\audio_player.vhd:]
WARNING: [filemgmt 56-199] Attempt to get parsing info during refresh. "On-the-fly" syntax checking information may be incorrect. [C:\Users\kille\Documents\GitHub\TFM-UPM\Practica\Prueba1_demo_v1.0\prueba1_demo.srcs\sources_1\new\tas2110_i2c_ctrl.vhd:]
WARNING: [filemgmt 56-199] Attempt to get parsing info during refresh. "On-the-fly" syntax checking information may be incorrect. [C:\Users\kille\Documents\GitHub\TFM-UPM\Practica\Prueba1_demo_v1.0\prueba1_demo.srcs\sources_1\new\audio_player.vhd:]
WARNING: [filemgmt 56-199] Attempt to get parsing info during refresh. "On-the-fly" syntax checking information may be incorrect. [C:\Users\kille\Documents\GitHub\TFM-UPM\Practica\Prueba1_demo_v1.0\prueba1_demo.srcs\sources_1\new\audio_player.vhd:]
ERROR: [Common 17-180] Spawn failed: La operación se completó correctamente.

WARNING: [filemgmt 56-199] Attempt to get parsing info during refresh. "On-the-fly" syntax checking information may be incorrect. [C:\Users\kille\Documents\GitHub\TFM-UPM\Practica\Prueba1_demo_v1.0\prueba1_demo.srcs\sources_1\new\top_system.vhd:]
WARNING: [filemgmt 56-199] Attempt to get parsing info during refresh. "On-the-fly" syntax checking information may be incorrect. [C:\Users\kille\Documents\GitHub\TFM-UPM\Practica\Prueba1_demo_v1.0\prueba1_demo.srcs\sources_1\new\apa102_ctrl.vhd:]
WARNING: [filemgmt 56-199] Attempt to get parsing info during refresh. "On-the-fly" syntax checking information may be incorrect. [C:\Users\kille\Documents\GitHub\TFM-UPM\Practica\Prueba1_demo_v1.0\prueba1_demo.srcs\sources_1\new\i2s_transceiver.vhd:]
WARNING: [filemgmt 56-199] Attempt to get parsing info during refresh. "On-the-fly" syntax checking information may be incorrect. [C:\Users\kille\Documents\GitHub\TFM-UPM\Practica\Prueba1_demo_v1.0\prueba1_demo.srcs\sources_1\new\audio_player.vhd:]
WARNING: [filemgmt 56-199] Attempt to get parsing info during refresh. "On-the-fly" syntax checking information may be incorrect. [C:\Users\kille\Documents\GitHub\TFM-UPM\Practica\Prueba1_demo_v1.0\prueba1_demo.srcs\sources_1\new\tas2110_i2c_ctrl.vhd:]
WARNING: [filemgmt 56-199] Attempt to get parsing info during refresh. "On-the-fly" syntax checking information may be incorrect. [C:\Users\kille\Documents\GitHub\TFM-UPM\Practica\Prueba1_demo_v1.0\prueba1_demo.srcs\sources_1\new\audio_player.vhd:]
WARNING: [filemgmt 56-199] Attempt to get parsing info during refresh. "On-the-fly" syntax checking information may be incorrect. [C:\Users\kille\Documents\GitHub\TFM-UPM\Practica\Prueba1_demo_v1.0\prueba1_demo.srcs\sources_1\new\audio_player.vhd:]
ERROR: [Common 17-180] Spawn failed: La operación se completó correctamente.

WARNING: [filemgmt 56-199] Attempt to get parsing info during refresh. "On-the-fly" syntax checking information may be incorrect. [C:\Users\kille\Documents\GitHub\TFM-UPM\Practica\Prueba1_demo_v1.0\prueba1_demo.srcs\sources_1\new\top_system.vhd:]
WARNING: [filemgmt 56-199] Attempt to get parsing info during refresh. "On-the-fly" syntax checking information may be incorrect. [C:\Users\kille\Documents\GitHub\TFM-UPM\Practica\Prueba1_demo_v1.0\prueba1_demo.srcs\sources_1\new\apa102_ctrl.vhd:]
WARNING: [filemgmt 56-199] Attempt to get parsing info during refresh. "On-the-fly" syntax checking information may be incorrect. [C:\Users\kille\Documents\GitHub\TFM-UPM\Practica\Prueba1_demo_v1.0\prueba1_demo.srcs\sources_1\new\i2s_transceiver.vhd:]
WARNING: [filemgmt 56-199] Attempt to get parsing info during refresh. "On-the-fly" syntax checking information may be incorrect. [C:\Users\kille\Documents\GitHub\TFM-UPM\Practica\Prueba1_demo_v1.0\prueba1_demo.srcs\sources_1\new\audio_player.vhd:]
WARNING: [filemgmt 56-199] Attempt to get parsing info during refresh. "On-the-fly" syntax checking information may be incorrect. [C:\Users\kille\Documents\GitHub\TFM-UPM\Practica\Prueba1_demo_v1.0\prueba1_demo.srcs\sources_1\new\tas2110_i2c_ctrl.vhd:]
WARNING: [filemgmt 56-199] Attempt to get parsing info during refresh. "On-the-fly" syntax checking information may be incorrect. [C:\Users\kille\Documents\GitHub\TFM-UPM\Practica\Prueba1_demo_v1.0\prueba1_demo.srcs\sources_1\new\tas2110_i2c_ctrl.vhd:]
WARNING: [filemgmt 56-199] Attempt to get parsing info during refresh. "On-the-fly" syntax checking information may be incorrect. [C:\Users\kille\Documents\GitHub\TFM-UPM\Practica\Prueba1_demo_v1.0\prueba1_demo.srcs\sources_1\new\tas2110_i2c_ctrl.vhd:]
WARNING: [filemgmt 56-199] Attempt to get parsing info during refresh. "On-the-fly" syntax checking information may be incorrect. [C:\Users\kille\Documents\GitHub\TFM-UPM\Practica\Prueba1_demo_v1.0\prueba1_demo.srcs\sources_1\new\top_system.vhd:]
WARNING: [filemgmt 56-199] Attempt to get parsing info during refresh. "On-the-fly" syntax checking information may be incorrect. [C:\Users\kille\Documents\GitHub\TFM-UPM\Practica\Prueba1_demo_v1.0\prueba1_demo.srcs\sources_1\new\apa102_ctrl.vhd:]
WARNING: [filemgmt 56-199] Attempt to get parsing info during refresh. "On-the-fly" syntax checking information may be incorrect. [C:\Users\kille\Documents\GitHub\TFM-UPM\Practica\Prueba1_demo_v1.0\prueba1_demo.srcs\sources_1\new\i2s_transceiver.vhd:]
WARNING: [filemgmt 56-199] Attempt to get parsing info during refresh. "On-the-fly" syntax checking information may be incorrect. [C:\Users\kille\Documents\GitHub\TFM-UPM\Practica\Prueba1_demo_v1.0\prueba1_demo.srcs\sources_1\new\audio_player.vhd:]
WARNING: [filemgmt 56-199] Attempt to get parsing info during refresh. "On-the-fly" syntax checking information may be incorrect. [C:\Users\kille\Documents\GitHub\TFM-UPM\Practica\Prueba1_demo_v1.0\prueba1_demo.srcs\sources_1\new\tas2110_i2c_ctrl.vhd:]
WARNING: [filemgmt 56-199] Attempt to get parsing info during refresh. "On-the-fly" syntax checking information may be incorrect. [C:\Users\kille\Documents\GitHub\TFM-UPM\Practica\Prueba1_demo_v1.0\prueba1_demo.srcs\sources_1\new\top_system.vhd:]
WARNING: [filemgmt 56-199] Attempt to get parsing info during refresh. "On-the-fly" syntax checking information may be incorrect. [C:\Users\kille\Documents\GitHub\TFM-UPM\Practica\Prueba1_demo_v1.0\prueba1_demo.srcs\sources_1\new\top_system.vhd:]
ERROR: [Common 17-180] Spawn failed: La operación se completó correctamente.

WARNING: [filemgmt 56-199] Attempt to get parsing info during refresh. "On-the-fly" syntax checking information may be incorrect. [C:\Users\kille\Documents\GitHub\TFM-UPM\Practica\Prueba1_demo_v1.0\prueba1_demo.srcs\sources_1\new\top_system.vhd:]
WARNING: [filemgmt 56-199] Attempt to get parsing info during refresh. "On-the-fly" syntax checking information may be incorrect. [C:\Users\kille\Documents\GitHub\TFM-UPM\Practica\Prueba1_demo_v1.0\prueba1_demo.srcs\sources_1\new\apa102_ctrl.vhd:]
WARNING: [filemgmt 56-199] Attempt to get parsing info during refresh. "On-the-fly" syntax checking information may be incorrect. [C:\Users\kille\Documents\GitHub\TFM-UPM\Practica\Prueba1_demo_v1.0\prueba1_demo.srcs\sources_1\new\i2s_transceiver.vhd:]
WARNING: [filemgmt 56-199] Attempt to get parsing info during refresh. "On-the-fly" syntax checking information may be incorrect. [C:\Users\kille\Documents\GitHub\TFM-UPM\Practica\Prueba1_demo_v1.0\prueba1_demo.srcs\sources_1\new\audio_player.vhd:]
WARNING: [filemgmt 56-199] Attempt to get parsing info during refresh. "On-the-fly" syntax checking information may be incorrect. [C:\Users\kille\Documents\GitHub\TFM-UPM\Practica\Prueba1_demo_v1.0\prueba1_demo.srcs\sources_1\new\tas2110_i2c_ctrl.vhd:]
WARNING: [filemgmt 56-199] Attempt to get parsing info during refresh. "On-the-fly" syntax checking information may be incorrect. [C:\Users\kille\Documents\GitHub\TFM-UPM\Practica\Prueba1_demo_v1.0\prueba1_demo.srcs\sources_1\new\apa102_ctrl.vhd:]
WARNING: [filemgmt 56-199] Attempt to get parsing info during refresh. "On-the-fly" syntax checking information may be incorrect. [C:\Users\kille\Documents\GitHub\TFM-UPM\Practica\Prueba1_demo_v1.0\prueba1_demo.srcs\sources_1\new\apa102_ctrl.vhd:]
WARNING: [filemgmt 56-199] Attempt to get parsing info during refresh. "On-the-fly" syntax checking information may be incorrect. [C:\Users\kille\Documents\GitHub\TFM-UPM\Practica\Prueba1_demo_v1.0\prueba1_demo.srcs\sources_1\new\top_system.vhd:]
WARNING: [filemgmt 56-199] Attempt to get parsing info during refresh. "On-the-fly" syntax checking information may be incorrect. [C:\Users\kille\Documents\GitHub\TFM-UPM\Practica\Prueba1_demo_v1.0\prueba1_demo.srcs\sources_1\new\apa102_ctrl.vhd:]
WARNING: [filemgmt 56-199] Attempt to get parsing info during refresh. "On-the-fly" syntax checking information may be incorrect. [C:\Users\kille\Documents\GitHub\TFM-UPM\Practica\Prueba1_demo_v1.0\prueba1_demo.srcs\sources_1\new\i2s_transceiver.vhd:]
WARNING: [filemgmt 56-199] Attempt to get parsing info during refresh. "On-the-fly" syntax checking information may be incorrect. [C:\Users\kille\Documents\GitHub\TFM-UPM\Practica\Prueba1_demo_v1.0\prueba1_demo.srcs\sources_1\new\audio_player.vhd:]
WARNING: [filemgmt 56-199] Attempt to get parsing info during refresh. "On-the-fly" syntax checking information may be incorrect. [C:\Users\kille\Documents\GitHub\TFM-UPM\Practica\Prueba1_demo_v1.0\prueba1_demo.srcs\sources_1\new\tas2110_i2c_ctrl.vhd:]
WARNING: [filemgmt 56-199] Attempt to get parsing info during refresh. "On-the-fly" syntax checking information may be incorrect. [C:\Users\kille\Documents\GitHub\TFM-UPM\Practica\Prueba1_demo_v1.0\prueba1_demo.srcs\sources_1\new\tas2110_i2c_ctrl.vhd:]
WARNING: [filemgmt 56-199] Attempt to get parsing info during refresh. "On-the-fly" syntax checking information may be incorrect. [C:\Users\kille\Documents\GitHub\TFM-UPM\Practica\Prueba1_demo_v1.0\prueba1_demo.srcs\sources_1\new\tas2110_i2c_ctrl.vhd:]
ERROR: [Common 17-180] Spawn failed: La operación se completó correctamente.

WARNING: [filemgmt 56-199] Attempt to get parsing info during refresh. "On-the-fly" syntax checking information may be incorrect. [C:\Users\kille\Documents\GitHub\TFM-UPM\Practica\Prueba1_demo_v1.0\prueba1_demo.srcs\sources_1\new\top_system.vhd:]
WARNING: [filemgmt 56-199] Attempt to get parsing info during refresh. "On-the-fly" syntax checking information may be incorrect. [C:\Users\kille\Documents\GitHub\TFM-UPM\Practica\Prueba1_demo_v1.0\prueba1_demo.srcs\sources_1\new\apa102_ctrl.vhd:]
WARNING: [filemgmt 56-199] Attempt to get parsing info during refresh. "On-the-fly" syntax checking information may be incorrect. [C:\Users\kille\Documents\GitHub\TFM-UPM\Practica\Prueba1_demo_v1.0\prueba1_demo.srcs\sources_1\new\i2s_transceiver.vhd:]
WARNING: [filemgmt 56-199] Attempt to get parsing info during refresh. "On-the-fly" syntax checking information may be incorrect. [C:\Users\kille\Documents\GitHub\TFM-UPM\Practica\Prueba1_demo_v1.0\prueba1_demo.srcs\sources_1\new\audio_player.vhd:]
WARNING: [filemgmt 56-199] Attempt to get parsing info during refresh. "On-the-fly" syntax checking information may be incorrect. [C:\Users\kille\Documents\GitHub\TFM-UPM\Practica\Prueba1_demo_v1.0\prueba1_demo.srcs\sources_1\new\tas2110_i2c_ctrl.vhd:]
WARNING: [filemgmt 56-199] Attempt to get parsing info during refresh. "On-the-fly" syntax checking information may be incorrect. [C:\Users\kille\Documents\GitHub\TFM-UPM\Practica\Prueba1_demo_v1.0\prueba1_demo.srcs\sources_1\new\audio_player.vhd:]
WARNING: [filemgmt 56-199] Attempt to get parsing info during refresh. "On-the-fly" syntax checking information may be incorrect. [C:\Users\kille\Documents\GitHub\TFM-UPM\Practica\Prueba1_demo_v1.0\prueba1_demo.srcs\sources_1\new\audio_player.vhd:]
open_hw_manager
connect_hw_server -allow_non_jtag
INFO: [Labtools 27-2285] Connecting to hw_server url TCP:localhost:3121
INFO: [Labtools 27-2222] Launching hw_server...
INFO: [Labtools 27-2221] Launch Output:

****** Xilinx hw_server v2025.1
  **** Build date : May  6 2025 at 09:15:36
    ** Copyright 1986-2022 Xilinx, Inc. All Rights Reserved.


INFO: [Labtools 27-3415] Connecting to cs_server url TCP:localhost:0
INFO: [Labtools 27-3417] Launching cs_server...
INFO: [Labtools 27-2221] Launch Output:


******** Xilinx cs_server v2025.1.0
  ****** Build date   : May 13 2025-21:15:27
    **** Build number : 2025.1.1747163727
      ** Copyright 2017-2022 Xilinx, Inc. All Rights Reserved.
      ** Copyright 2022-2026 Advanced Micro Devices, Inc. All Rights Reserved.



connect_hw_server: Time (s): cpu = 00:00:00 ; elapsed = 00:00:06 . Memory (MB): peak = 2754.762 ; gain = 0.000
open_hw_target
INFO: [Labtoolstcl 44-466] Opening hw_target localhost:3121/xilinx_tcf/Digilent/210292AD31A3A
set_property PROGRAM.FILE {C:/Users/kille/Documents/GitHub/TFM-UPM/Practica/Prueba1_demo_v1.0/prueba1_demo.runs/impl_1/design_1_wrapper.bit} [get_hw_devices xc7a100t_0]
set_property PROBES.FILE {C:/Users/kille/Documents/GitHub/TFM-UPM/Practica/Prueba1_demo_v1.0/prueba1_demo.runs/impl_1/design_1_wrapper.ltx} [get_hw_devices xc7a100t_0]
set_property FULL_PROBES.FILE {C:/Users/kille/Documents/GitHub/TFM-UPM/Practica/Prueba1_demo_v1.0/prueba1_demo.runs/impl_1/design_1_wrapper.ltx} [get_hw_devices xc7a100t_0]
current_hw_device [get_hw_devices xc7a100t_0]
refresh_hw_device [lindex [get_hw_devices xc7a100t_0] 0]
INFO: [Labtools 27-2302] Device xc7a100t (JTAG device index = 0) is programmed with a design that has 2 ILA core(s).
display_hw_ila_data [ get_hw_ila_data hw_ila_data_1 -of_objects [get_hw_ilas -of_objects [get_hw_devices xc7a100t_0] -filter {CELL_NAME=~"design_1_i/system_ila_0/U0/ila_lib"}]]
display_hw_ila_data [ get_hw_ila_data hw_ila_data_2 -of_objects [get_hw_ilas -of_objects [get_hw_devices xc7a100t_0] -filter {CELL_NAME=~"design_1_i/system_ila_1/U0/ila_lib"}]]
set_property PROBES.FILE {C:/Users/kille/Documents/GitHub/TFM-UPM/Practica/Prueba1_demo_v1.0/prueba1_demo.runs/impl_1/design_1_wrapper.ltx} [get_hw_devices xc7a100t_0]
set_property FULL_PROBES.FILE {C:/Users/kille/Documents/GitHub/TFM-UPM/Practica/Prueba1_demo_v1.0/prueba1_demo.runs/impl_1/design_1_wrapper.ltx} [get_hw_devices xc7a100t_0]
set_property PROGRAM.FILE {C:/Users/kille/Documents/GitHub/TFM-UPM/Practica/Prueba1_demo_v1.0/prueba1_demo.runs/impl_1/design_1_wrapper.bit} [get_hw_devices xc7a100t_0]
program_hw_devices [get_hw_devices xc7a100t_0]
INFO: [Labtools 27-3164] End of startup status: HIGH
refresh_hw_device [lindex [get_hw_devices xc7a100t_0] 0]
INFO: [Labtools 27-2302] Device xc7a100t (JTAG device index = 0) is programmed with a design that has 2 ILA core(s).
WARNING: [filemgmt 56-199] Attempt to get parsing info during refresh. "On-the-fly" syntax checking information may be incorrect. [C:\Users\kille\Documents\GitHub\TFM-UPM\Practica\Prueba1_demo_v1.0\prueba1_demo.srcs\sources_1\new\top_system.vhd:]
WARNING: [filemgmt 56-199] Attempt to get parsing info during refresh. "On-the-fly" syntax checking information may be incorrect. [C:\Users\kille\Documents\GitHub\TFM-UPM\Practica\Prueba1_demo_v1.0\prueba1_demo.srcs\sources_1\new\apa102_ctrl.vhd:]
WARNING: [filemgmt 56-199] Attempt to get parsing info during refresh. "On-the-fly" syntax checking information may be incorrect. [C:\Users\kille\Documents\GitHub\TFM-UPM\Practica\Prueba1_demo_v1.0\prueba1_demo.srcs\sources_1\new\i2s_transceiver.vhd:]
WARNING: [filemgmt 56-199] Attempt to get parsing info during refresh. "On-the-fly" syntax checking information may be incorrect. [C:\Users\kille\Documents\GitHub\TFM-UPM\Practica\Prueba1_demo_v1.0\prueba1_demo.srcs\sources_1\new\audio_player.vhd:]
WARNING: [filemgmt 56-199] Attempt to get parsing info during refresh. "On-the-fly" syntax checking information may be incorrect. [C:\Users\kille\Documents\GitHub\TFM-UPM\Practica\Prueba1_demo_v1.0\prueba1_demo.srcs\sources_1\new\tas2110_i2c_ctrl.vhd:]
WARNING: [filemgmt 56-199] Attempt to get parsing info during refresh. "On-the-fly" syntax checking information may be incorrect. [C:\Users\kille\Documents\GitHub\TFM-UPM\Practica\Prueba1_demo_v1.0\prueba1_demo.srcs\sources_1\new\i2s_transceiver.vhd:]
WARNING: [filemgmt 56-199] Attempt to get parsing info during refresh. "On-the-fly" syntax checking information may be incorrect. [C:\Users\kille\Documents\GitHub\TFM-UPM\Practica\Prueba1_demo_v1.0\prueba1_demo.srcs\sources_1\new\i2s_transceiver.vhd:]
WARNING: [filemgmt 56-199] Attempt to get parsing info during refresh. "On-the-fly" syntax checking information may be incorrect. [C:\Users\kille\Documents\GitHub\TFM-UPM\Practica\Prueba1_demo_v1.0\prueba1_demo.srcs\sources_1\new\top_system.vhd:]
WARNING: [filemgmt 56-199] Attempt to get parsing info during refresh. "On-the-fly" syntax checking information may be incorrect. [C:\Users\kille\Documents\GitHub\TFM-UPM\Practica\Prueba1_demo_v1.0\prueba1_demo.srcs\sources_1\new\apa102_ctrl.vhd:]
WARNING: [filemgmt 56-199] Attempt to get parsing info during refresh. "On-the-fly" syntax checking information may be incorrect. [C:\Users\kille\Documents\GitHub\TFM-UPM\Practica\Prueba1_demo_v1.0\prueba1_demo.srcs\sources_1\new\i2s_transceiver.vhd:]
WARNING: [filemgmt 56-199] Attempt to get parsing info during refresh. "On-the-fly" syntax checking information may be incorrect. [C:\Users\kille\Documents\GitHub\TFM-UPM\Practica\Prueba1_demo_v1.0\prueba1_demo.srcs\sources_1\new\audio_player.vhd:]
WARNING: [filemgmt 56-199] Attempt to get parsing info during refresh. "On-the-fly" syntax checking information may be incorrect. [C:\Users\kille\Documents\GitHub\TFM-UPM\Practica\Prueba1_demo_v1.0\prueba1_demo.srcs\sources_1\new\tas2110_i2c_ctrl.vhd:]
WARNING: [filemgmt 56-199] Attempt to get parsing info during refresh. "On-the-fly" syntax checking information may be incorrect. [C:\Users\kille\Documents\GitHub\TFM-UPM\Practica\Prueba1_demo_v1.0\prueba1_demo.srcs\sources_1\new\apa102_ctrl.vhd:]
WARNING: [filemgmt 56-199] Attempt to get parsing info during refresh. "On-the-fly" syntax checking information may be incorrect. [C:\Users\kille\Documents\GitHub\TFM-UPM\Practica\Prueba1_demo_v1.0\prueba1_demo.srcs\sources_1\new\apa102_ctrl.vhd:]
WARNING: [filemgmt 56-199] Attempt to get parsing info during refresh. "On-the-fly" syntax checking information may be incorrect. [C:\Users\kille\Documents\GitHub\TFM-UPM\Practica\Prueba1_demo_v1.0\prueba1_demo.srcs\sources_1\new\top_system.vhd:]
WARNING: [filemgmt 56-199] Attempt to get parsing info during refresh. "On-the-fly" syntax checking information may be incorrect. [C:\Users\kille\Documents\GitHub\TFM-UPM\Practica\Prueba1_demo_v1.0\prueba1_demo.srcs\sources_1\new\apa102_ctrl.vhd:]
WARNING: [filemgmt 56-199] Attempt to get parsing info during refresh. "On-the-fly" syntax checking information may be incorrect. [C:\Users\kille\Documents\GitHub\TFM-UPM\Practica\Prueba1_demo_v1.0\prueba1_demo.srcs\sources_1\new\i2s_transceiver.vhd:]
WARNING: [filemgmt 56-199] Attempt to get parsing info during refresh. "On-the-fly" syntax checking information may be incorrect. [C:\Users\kille\Documents\GitHub\TFM-UPM\Practica\Prueba1_demo_v1.0\prueba1_demo.srcs\sources_1\new\audio_player.vhd:]
WARNING: [filemgmt 56-199] Attempt to get parsing info during refresh. "On-the-fly" syntax checking information may be incorrect. [C:\Users\kille\Documents\GitHub\TFM-UPM\Practica\Prueba1_demo_v1.0\prueba1_demo.srcs\sources_1\new\tas2110_i2c_ctrl.vhd:]
WARNING: [filemgmt 56-199] Attempt to get parsing info during refresh. "On-the-fly" syntax checking information may be incorrect. [C:\Users\kille\Documents\GitHub\TFM-UPM\Practica\Prueba1_demo_v1.0\prueba1_demo.srcs\sources_1\new\audio_player.vhd:]
WARNING: [filemgmt 56-199] Attempt to get parsing info during refresh. "On-the-fly" syntax checking information may be incorrect. [C:\Users\kille\Documents\GitHub\TFM-UPM\Practica\Prueba1_demo_v1.0\prueba1_demo.srcs\sources_1\new\audio_player.vhd:]
WARNING: [filemgmt 56-199] Attempt to get parsing info during refresh. "On-the-fly" syntax checking information may be incorrect. [C:\Users\kille\Documents\GitHub\TFM-UPM\Practica\Prueba1_demo_v1.0\prueba1_demo.srcs\sources_1\new\top_system.vhd:]
WARNING: [filemgmt 56-199] Attempt to get parsing info during refresh. "On-the-fly" syntax checking information may be incorrect. [C:\Users\kille\Documents\GitHub\TFM-UPM\Practica\Prueba1_demo_v1.0\prueba1_demo.srcs\sources_1\new\apa102_ctrl.vhd:]
WARNING: [filemgmt 56-199] Attempt to get parsing info during refresh. "On-the-fly" syntax checking information may be incorrect. [C:\Users\kille\Documents\GitHub\TFM-UPM\Practica\Prueba1_demo_v1.0\prueba1_demo.srcs\sources_1\new\i2s_transceiver.vhd:]
WARNING: [filemgmt 56-199] Attempt to get parsing info during refresh. "On-the-fly" syntax checking information may be incorrect. [C:\Users\kille\Documents\GitHub\TFM-UPM\Practica\Prueba1_demo_v1.0\prueba1_demo.srcs\sources_1\new\audio_player.vhd:]
WARNING: [filemgmt 56-199] Attempt to get parsing info during refresh. "On-the-fly" syntax checking information may be incorrect. [C:\Users\kille\Documents\GitHub\TFM-UPM\Practica\Prueba1_demo_v1.0\prueba1_demo.srcs\sources_1\new\tas2110_i2c_ctrl.vhd:]
WARNING: [filemgmt 56-199] Attempt to get parsing info during refresh. "On-the-fly" syntax checking information may be incorrect. [C:\Users\kille\Documents\GitHub\TFM-UPM\Practica\Prueba1_demo_v1.0\prueba1_demo.srcs\sources_1\new\tas2110_i2c_ctrl.vhd:]
WARNING: [filemgmt 56-199] Attempt to get parsing info during refresh. "On-the-fly" syntax checking information may be incorrect. [C:\Users\kille\Documents\GitHub\TFM-UPM\Practica\Prueba1_demo_v1.0\prueba1_demo.srcs\sources_1\new\tas2110_i2c_ctrl.vhd:]
save_wave_config {C:/Users/kille/Documents/GitHub/TFM-UPM/Practica/Prueba1_demo_v1.0/prueba1_demo.hw/hw_1/wave/hw_ila_data_1/hw_ila_data_1.wcfg}
save_wave_config {C:/Users/kille/Documents/GitHub/TFM-UPM/Practica/Prueba1_demo_v1.0/prueba1_demo.hw/hw_1/wave/hw_ila_data_2/hw_ila_data_2.wcfg}
close_hw_manager
reset_run synth_1
INFO: [Project 1-1161] Replacing file C:/Users/kille/Documents/GitHub/TFM-UPM/Practica/Prueba1_demo_v1.0/prueba1_demo.srcs/utils_1/imports/synth_1/top_system.dcp with file C:/Users/kille/Documents/GitHub/TFM-UPM/Practica/Prueba1_demo_v1.0/prueba1_demo.runs/synth_1/design_1_wrapper.dcp
reset_run design_1_top_system_0_1_synth_1
launch_runs impl_1 -to_step write_bitstream -jobs 12
WARNING: [filemgmt 56-199] Attempt to get parsing info during refresh. "On-the-fly" syntax checking information may be incorrect. [C:\Users\kille\Documents\GitHub\TFM-UPM\Practica\Prueba1_demo_v1.0\prueba1_demo.srcs\sources_1\new\top_system.vhd:]
WARNING: [filemgmt 56-199] Attempt to get parsing info during refresh. "On-the-fly" syntax checking information may be incorrect. [C:\Users\kille\Documents\GitHub\TFM-UPM\Practica\Prueba1_demo_v1.0\prueba1_demo.srcs\sources_1\new\apa102_ctrl.vhd:]
WARNING: [filemgmt 56-199] Attempt to get parsing info during refresh. "On-the-fly" syntax checking information may be incorrect. [C:\Users\kille\Documents\GitHub\TFM-UPM\Practica\Prueba1_demo_v1.0\prueba1_demo.srcs\sources_1\new\i2s_transceiver.vhd:]
WARNING: [filemgmt 56-199] Attempt to get parsing info during refresh. "On-the-fly" syntax checking information may be incorrect. [C:\Users\kille\Documents\GitHub\TFM-UPM\Practica\Prueba1_demo_v1.0\prueba1_demo.srcs\sources_1\new\audio_player.vhd:]
WARNING: [filemgmt 56-199] Attempt to get parsing info during refresh. "On-the-fly" syntax checking information may be incorrect. [C:\Users\kille\Documents\GitHub\TFM-UPM\Practica\Prueba1_demo_v1.0\prueba1_demo.srcs\sources_1\new\tas2110_i2c_ctrl.vhd:]
WARNING: [filemgmt 56-199] Attempt to get parsing info during refresh. "On-the-fly" syntax checking information may be incorrect. [C:\Users\kille\Documents\GitHub\TFM-UPM\Practica\Prueba1_demo_v1.0\prueba1_demo.srcs\sources_1\new\apa102_ctrl.vhd:]
WARNING: [filemgmt 56-199] Attempt to get parsing info during refresh. "On-the-fly" syntax checking information may be incorrect. [C:\Users\kille\Documents\GitHub\TFM-UPM\Practica\Prueba1_demo_v1.0\prueba1_demo.srcs\sources_1\new\apa102_ctrl.vhd:]
WARNING: [filemgmt 56-199] Attempt to get parsing info during refresh. "On-the-fly" syntax checking information may be incorrect. [C:\Users\kille\Documents\GitHub\TFM-UPM\Practica\Prueba1_demo_v1.0\prueba1_demo.srcs\sources_1\new\top_system.vhd:]
WARNING: [filemgmt 56-199] Attempt to get parsing info during refresh. "On-the-fly" syntax checking information may be incorrect. [C:\Users\kille\Documents\GitHub\TFM-UPM\Practica\Prueba1_demo_v1.0\prueba1_demo.srcs\sources_1\new\apa102_ctrl.vhd:]
WARNING: [filemgmt 56-199] Attempt to get parsing info during refresh. "On-the-fly" syntax checking information may be incorrect. [C:\Users\kille\Documents\GitHub\TFM-UPM\Practica\Prueba1_demo_v1.0\prueba1_demo.srcs\sources_1\new\i2s_transceiver.vhd:]
WARNING: [filemgmt 56-199] Attempt to get parsing info during refresh. "On-the-fly" syntax checking information may be incorrect. [C:\Users\kille\Documents\GitHub\TFM-UPM\Practica\Prueba1_demo_v1.0\prueba1_demo.srcs\sources_1\new\audio_player.vhd:]
WARNING: [filemgmt 56-199] Attempt to get parsing info during refresh. "On-the-fly" syntax checking information may be incorrect. [C:\Users\kille\Documents\GitHub\TFM-UPM\Practica\Prueba1_demo_v1.0\prueba1_demo.srcs\sources_1\new\tas2110_i2c_ctrl.vhd:]
WARNING: [filemgmt 56-199] Attempt to get parsing info during refresh. "On-the-fly" syntax checking information may be incorrect. [C:\Users\kille\Documents\GitHub\TFM-UPM\Practica\Prueba1_demo_v1.0\prueba1_demo.srcs\sources_1\new\audio_player.vhd:]
WARNING: [filemgmt 56-199] Attempt to get parsing info during refresh. "On-the-fly" syntax checking information may be incorrect. [C:\Users\kille\Documents\GitHub\TFM-UPM\Practica\Prueba1_demo_v1.0\prueba1_demo.srcs\sources_1\new\audio_player.vhd:]
WARNING: [filemgmt 56-199] Attempt to get parsing info during refresh. "On-the-fly" syntax checking information may be incorrect. [C:\Users\kille\Documents\GitHub\TFM-UPM\Practica\Prueba1_demo_v1.0\prueba1_demo.srcs\sources_1\new\top_system.vhd:]
WARNING: [filemgmt 56-199] Attempt to get parsing info during refresh. "On-the-fly" syntax checking information may be incorrect. [C:\Users\kille\Documents\GitHub\TFM-UPM\Practica\Prueba1_demo_v1.0\prueba1_demo.srcs\sources_1\new\apa102_ctrl.vhd:]
WARNING: [filemgmt 56-199] Attempt to get parsing info during refresh. "On-the-fly" syntax checking information may be incorrect. [C:\Users\kille\Documents\GitHub\TFM-UPM\Practica\Prueba1_demo_v1.0\prueba1_demo.srcs\sources_1\new\i2s_transceiver.vhd:]
WARNING: [filemgmt 56-199] Attempt to get parsing info during refresh. "On-the-fly" syntax checking information may be incorrect. [C:\Users\kille\Documents\GitHub\TFM-UPM\Practica\Prueba1_demo_v1.0\prueba1_demo.srcs\sources_1\new\audio_player.vhd:]
WARNING: [filemgmt 56-199] Attempt to get parsing info during refresh. "On-the-fly" syntax checking information may be incorrect. [C:\Users\kille\Documents\GitHub\TFM-UPM\Practica\Prueba1_demo_v1.0\prueba1_demo.srcs\sources_1\new\tas2110_i2c_ctrl.vhd:]
WARNING: [filemgmt 56-199] Attempt to get parsing info during refresh. "On-the-fly" syntax checking information may be incorrect. [C:\Users\kille\Documents\GitHub\TFM-UPM\Practica\Prueba1_demo_v1.0\prueba1_demo.srcs\sources_1\new\i2s_transceiver.vhd:]
WARNING: [filemgmt 56-199] Attempt to get parsing info during refresh. "On-the-fly" syntax checking information may be incorrect. [C:\Users\kille\Documents\GitHub\TFM-UPM\Practica\Prueba1_demo_v1.0\prueba1_demo.srcs\sources_1\new\i2s_transceiver.vhd:]
[Thu Aug  6 18:31:28 2026] Launched design_1_top_system_0_1_synth_1, synth_1...
Run output will be captured here:
design_1_top_system_0_1_synth_1: C:/Users/kille/Documents/GitHub/TFM-UPM/Practica/Prueba1_demo_v1.0/prueba1_demo.runs/design_1_top_system_0_1_synth_1/runme.log
synth_1: C:/Users/kille/Documents/GitHub/TFM-UPM/Practica/Prueba1_demo_v1.0/prueba1_demo.runs/synth_1/runme.log
[Thu Aug  6 18:31:29 2026] Launched impl_1...
Run output will be captured here: C:/Users/kille/Documents/GitHub/TFM-UPM/Practica/Prueba1_demo_v1.0/prueba1_demo.runs/impl_1/runme.log
ERROR: [Common 17-180] Spawn failed: La operación se completó correctamente.

WARNING: [filemgmt 56-199] Attempt to get parsing info during refresh. "On-the-fly" syntax checking information may be incorrect. [C:\Users\kille\Documents\GitHub\TFM-UPM\Practica\Prueba1_demo_v1.0\prueba1_demo.srcs\sources_1\new\top_system.vhd:]
WARNING: [filemgmt 56-199] Attempt to get parsing info during refresh. "On-the-fly" syntax checking information may be incorrect. [C:\Users\kille\Documents\GitHub\TFM-UPM\Practica\Prueba1_demo_v1.0\prueba1_demo.srcs\sources_1\new\apa102_ctrl.vhd:]
WARNING: [filemgmt 56-199] Attempt to get parsing info during refresh. "On-the-fly" syntax checking information may be incorrect. [C:\Users\kille\Documents\GitHub\TFM-UPM\Practica\Prueba1_demo_v1.0\prueba1_demo.srcs\sources_1\new\i2s_transceiver.vhd:]
WARNING: [filemgmt 56-199] Attempt to get parsing info during refresh. "On-the-fly" syntax checking information may be incorrect. [C:\Users\kille\Documents\GitHub\TFM-UPM\Practica\Prueba1_demo_v1.0\prueba1_demo.srcs\sources_1\new\audio_player.vhd:]
WARNING: [filemgmt 56-199] Attempt to get parsing info during refresh. "On-the-fly" syntax checking information may be incorrect. [C:\Users\kille\Documents\GitHub\TFM-UPM\Practica\Prueba1_demo_v1.0\prueba1_demo.srcs\sources_1\new\tas2110_i2c_ctrl.vhd:]
WARNING: [filemgmt 56-199] Attempt to get parsing info during refresh. "On-the-fly" syntax checking information may be incorrect. [C:\Users\kille\Documents\GitHub\TFM-UPM\Practica\Prueba1_demo_v1.0\prueba1_demo.srcs\sources_1\new\top_system.vhd:]
WARNING: [filemgmt 56-199] Attempt to get parsing info during refresh. "On-the-fly" syntax checking information may be incorrect. [C:\Users\kille\Documents\GitHub\TFM-UPM\Practica\Prueba1_demo_v1.0\prueba1_demo.srcs\sources_1\new\top_system.vhd:]
WARNING: [filemgmt 56-199] Attempt to get parsing info during refresh. "On-the-fly" syntax checking information may be incorrect. [C:\Users\kille\Documents\GitHub\TFM-UPM\Practica\Prueba1_demo_v1.0\prueba1_demo.srcs\sources_1\new\top_system.vhd:]
WARNING: [filemgmt 56-199] Attempt to get parsing info during refresh. "On-the-fly" syntax checking information may be incorrect. [C:\Users\kille\Documents\GitHub\TFM-UPM\Practica\Prueba1_demo_v1.0\prueba1_demo.srcs\sources_1\new\apa102_ctrl.vhd:]
WARNING: [filemgmt 56-199] Attempt to get parsing info during refresh. "On-the-fly" syntax checking information may be incorrect. [C:\Users\kille\Documents\GitHub\TFM-UPM\Practica\Prueba1_demo_v1.0\prueba1_demo.srcs\sources_1\new\i2s_transceiver.vhd:]
WARNING: [filemgmt 56-199] Attempt to get parsing info during refresh. "On-the-fly" syntax checking information may be incorrect. [C:\Users\kille\Documents\GitHub\TFM-UPM\Practica\Prueba1_demo_v1.0\prueba1_demo.srcs\sources_1\new\audio_player.vhd:]
WARNING: [filemgmt 56-199] Attempt to get parsing info during refresh. "On-the-fly" syntax checking information may be incorrect. [C:\Users\kille\Documents\GitHub\TFM-UPM\Practica\Prueba1_demo_v1.0\prueba1_demo.srcs\sources_1\new\tas2110_i2c_ctrl.vhd:]
WARNING: [filemgmt 56-199] Attempt to get parsing info during refresh. "On-the-fly" syntax checking information may be incorrect. [C:\Users\kille\Documents\GitHub\TFM-UPM\Practica\Prueba1_demo_v1.0\prueba1_demo.srcs\sources_1\new\audio_player.vhd:]
WARNING: [filemgmt 56-199] Attempt to get parsing info during refresh. "On-the-fly" syntax checking information may be incorrect. [C:\Users\kille\Documents\GitHub\TFM-UPM\Practica\Prueba1_demo_v1.0\prueba1_demo.srcs\sources_1\new\audio_player.vhd:]
WARNING: [filemgmt 56-199] Attempt to get parsing info during refresh. "On-the-fly" syntax checking information may be incorrect. [C:\Users\kille\Documents\GitHub\TFM-UPM\Practica\Prueba1_demo_v1.0\prueba1_demo.srcs\sources_1\new\top_system.vhd:]
WARNING: [filemgmt 56-199] Attempt to get parsing info during refresh. "On-the-fly" syntax checking information may be incorrect. [C:\Users\kille\Documents\GitHub\TFM-UPM\Practica\Prueba1_demo_v1.0\prueba1_demo.srcs\sources_1\new\apa102_ctrl.vhd:]
WARNING: [filemgmt 56-199] Attempt to get parsing info during refresh. "On-the-fly" syntax checking information may be incorrect. [C:\Users\kille\Documents\GitHub\TFM-UPM\Practica\Prueba1_demo_v1.0\prueba1_demo.srcs\sources_1\new\i2s_transceiver.vhd:]
WARNING: [filemgmt 56-199] Attempt to get parsing info during refresh. "On-the-fly" syntax checking information may be incorrect. [C:\Users\kille\Documents\GitHub\TFM-UPM\Practica\Prueba1_demo_v1.0\prueba1_demo.srcs\sources_1\new\audio_player.vhd:]
WARNING: [filemgmt 56-199] Attempt to get parsing info during refresh. "On-the-fly" syntax checking information may be incorrect. [C:\Users\kille\Documents\GitHub\TFM-UPM\Practica\Prueba1_demo_v1.0\prueba1_demo.srcs\sources_1\new\tas2110_i2c_ctrl.vhd:]
WARNING: [filemgmt 56-199] Attempt to get parsing info during refresh. "On-the-fly" syntax checking information may be incorrect. [C:\Users\kille\Documents\GitHub\TFM-UPM\Practica\Prueba1_demo_v1.0\prueba1_demo.srcs\sources_1\new\i2s_transceiver.vhd:]
WARNING: [filemgmt 56-199] Attempt to get parsing info during refresh. "On-the-fly" syntax checking information may be incorrect. [C:\Users\kille\Documents\GitHub\TFM-UPM\Practica\Prueba1_demo_v1.0\prueba1_demo.srcs\sources_1\new\i2s_transceiver.vhd:]
WARNING: [filemgmt 56-199] Attempt to get parsing info during refresh. "On-the-fly" syntax checking information may be incorrect. [C:\Users\kille\Documents\GitHub\TFM-UPM\Practica\Prueba1_demo_v1.0\prueba1_demo.srcs\sources_1\new\top_system.vhd:]
WARNING: [filemgmt 56-199] Attempt to get parsing info during refresh. "On-the-fly" syntax checking information may be incorrect. [C:\Users\kille\Documents\GitHub\TFM-UPM\Practica\Prueba1_demo_v1.0\prueba1_demo.srcs\sources_1\new\apa102_ctrl.vhd:]
WARNING: [filemgmt 56-199] Attempt to get parsing info during refresh. "On-the-fly" syntax checking information may be incorrect. [C:\Users\kille\Documents\GitHub\TFM-UPM\Practica\Prueba1_demo_v1.0\prueba1_demo.srcs\sources_1\new\i2s_transceiver.vhd:]
WARNING: [filemgmt 56-199] Attempt to get parsing info during refresh. "On-the-fly" syntax checking information may be incorrect. [C:\Users\kille\Documents\GitHub\TFM-UPM\Practica\Prueba1_demo_v1.0\prueba1_demo.srcs\sources_1\new\audio_player.vhd:]
WARNING: [filemgmt 56-199] Attempt to get parsing info during refresh. "On-the-fly" syntax checking information may be incorrect. [C:\Users\kille\Documents\GitHub\TFM-UPM\Practica\Prueba1_demo_v1.0\prueba1_demo.srcs\sources_1\new\tas2110_i2c_ctrl.vhd:]
WARNING: [filemgmt 56-199] Attempt to get parsing info during refresh. "On-the-fly" syntax checking information may be incorrect. [C:\Users\kille\Documents\GitHub\TFM-UPM\Practica\Prueba1_demo_v1.0\prueba1_demo.srcs\sources_1\new\apa102_ctrl.vhd:]
WARNING: [filemgmt 56-199] Attempt to get parsing info during refresh. "On-the-fly" syntax checking information may be incorrect. [C:\Users\kille\Documents\GitHub\TFM-UPM\Practica\Prueba1_demo_v1.0\prueba1_demo.srcs\sources_1\new\apa102_ctrl.vhd:]
startgroup
set_property -dict [list \
  CONFIG.CLKOUT1_JITTER {201.426} \
  CONFIG.CLKOUT1_PHASE_ERROR {98.575} \
  CONFIG.CLKOUT2_JITTER {151.636} \
  CONFIG.CLKOUT2_REQUESTED_OUT_FREQ {50} \
  CONFIG.CLKOUT2_USED {true} \
  CONFIG.MMCM_CLKFBOUT_MULT_F {10.000} \
  CONFIG.MMCM_CLKOUT0_DIVIDE_F {81.375} \
  CONFIG.MMCM_CLKOUT1_DIVIDE {20} \
  CONFIG.MMCM_DIVCLK_DIVIDE {1} \
  CONFIG.NUM_OUT_CLKS {2} \
] [get_bd_cells clk_wiz_0]
endgroup
WARNING: [filemgmt 56-199] Attempt to get parsing info during refresh. "On-the-fly" syntax checking information may be incorrect. [C:\Users\kille\Documents\GitHub\TFM-UPM\Practica\Prueba1_demo_v1.0\prueba1_demo.srcs\sources_1\new\top_system.vhd:]
WARNING: [filemgmt 56-199] Attempt to get parsing info during refresh. "On-the-fly" syntax checking information may be incorrect. [C:\Users\kille\Documents\GitHub\TFM-UPM\Practica\Prueba1_demo_v1.0\prueba1_demo.srcs\sources_1\new\apa102_ctrl.vhd:]
WARNING: [filemgmt 56-199] Attempt to get parsing info during refresh. "On-the-fly" syntax checking information may be incorrect. [C:\Users\kille\Documents\GitHub\TFM-UPM\Practica\Prueba1_demo_v1.0\prueba1_demo.srcs\sources_1\new\i2s_transceiver.vhd:]
WARNING: [filemgmt 56-199] Attempt to get parsing info during refresh. "On-the-fly" syntax checking information may be incorrect. [C:\Users\kille\Documents\GitHub\TFM-UPM\Practica\Prueba1_demo_v1.0\prueba1_demo.srcs\sources_1\new\audio_player.vhd:]
WARNING: [filemgmt 56-199] Attempt to get parsing info during refresh. "On-the-fly" syntax checking information may be incorrect. [C:\Users\kille\Documents\GitHub\TFM-UPM\Practica\Prueba1_demo_v1.0\prueba1_demo.srcs\sources_1\new\tas2110_i2c_ctrl.vhd:]
WARNING: [filemgmt 56-199] Attempt to get parsing info during refresh. "On-the-fly" syntax checking information may be incorrect. [C:\Users\kille\Documents\GitHub\TFM-UPM\Practica\Prueba1_demo_v1.0\prueba1_demo.srcs\sources_1\new\top_system.vhd:]
WARNING: [filemgmt 56-199] Attempt to get parsing info during refresh. "On-the-fly" syntax checking information may be incorrect. [C:\Users\kille\Documents\GitHub\TFM-UPM\Practica\Prueba1_demo_v1.0\prueba1_demo.srcs\sources_1\new\top_system.vhd:]
WARNING: [filemgmt 56-199] Attempt to get parsing info during refresh. "On-the-fly" syntax checking information may be incorrect. [C:\Users\kille\Documents\GitHub\TFM-UPM\Practica\Prueba1_demo_v1.0\prueba1_demo.srcs\sources_1\new\top_system.vhd:]
WARNING: [filemgmt 56-199] Attempt to get parsing info during refresh. "On-the-fly" syntax checking information may be incorrect. [C:\Users\kille\Documents\GitHub\TFM-UPM\Practica\Prueba1_demo_v1.0\prueba1_demo.srcs\sources_1\new\apa102_ctrl.vhd:]
WARNING: [filemgmt 56-199] Attempt to get parsing info during refresh. "On-the-fly" syntax checking information may be incorrect. [C:\Users\kille\Documents\GitHub\TFM-UPM\Practica\Prueba1_demo_v1.0\prueba1_demo.srcs\sources_1\new\i2s_transceiver.vhd:]
WARNING: [filemgmt 56-199] Attempt to get parsing info during refresh. "On-the-fly" syntax checking information may be incorrect. [C:\Users\kille\Documents\GitHub\TFM-UPM\Practica\Prueba1_demo_v1.0\prueba1_demo.srcs\sources_1\new\audio_player.vhd:]
WARNING: [filemgmt 56-199] Attempt to get parsing info during refresh. "On-the-fly" syntax checking information may be incorrect. [C:\Users\kille\Documents\GitHub\TFM-UPM\Practica\Prueba1_demo_v1.0\prueba1_demo.srcs\sources_1\new\tas2110_i2c_ctrl.vhd:]
WARNING: [filemgmt 56-199] Attempt to get parsing info during refresh. "On-the-fly" syntax checking information may be incorrect. [C:\Users\kille\Documents\GitHub\TFM-UPM\Practica\Prueba1_demo_v1.0\prueba1_demo.srcs\sources_1\new\apa102_ctrl.vhd:]
WARNING: [filemgmt 56-199] Attempt to get parsing info during refresh. "On-the-fly" syntax checking information may be incorrect. [C:\Users\kille\Documents\GitHub\TFM-UPM\Practica\Prueba1_demo_v1.0\prueba1_demo.srcs\sources_1\new\apa102_ctrl.vhd:]
WARNING: [filemgmt 56-199] Attempt to get parsing info during refresh. "On-the-fly" syntax checking information may be incorrect. [C:\Users\kille\Documents\GitHub\TFM-UPM\Practica\Prueba1_demo_v1.0\prueba1_demo.srcs\sources_1\new\top_system.vhd:]
WARNING: [filemgmt 56-199] Attempt to get parsing info during refresh. "On-the-fly" syntax checking information may be incorrect. [C:\Users\kille\Documents\GitHub\TFM-UPM\Practica\Prueba1_demo_v1.0\prueba1_demo.srcs\sources_1\new\apa102_ctrl.vhd:]
WARNING: [filemgmt 56-199] Attempt to get parsing info during refresh. "On-the-fly" syntax checking information may be incorrect. [C:\Users\kille\Documents\GitHub\TFM-UPM\Practica\Prueba1_demo_v1.0\prueba1_demo.srcs\sources_1\new\i2s_transceiver.vhd:]
WARNING: [filemgmt 56-199] Attempt to get parsing info during refresh. "On-the-fly" syntax checking information may be incorrect. [C:\Users\kille\Documents\GitHub\TFM-UPM\Practica\Prueba1_demo_v1.0\prueba1_demo.srcs\sources_1\new\audio_player.vhd:]
WARNING: [filemgmt 56-199] Attempt to get parsing info during refresh. "On-the-fly" syntax checking information may be incorrect. [C:\Users\kille\Documents\GitHub\TFM-UPM\Practica\Prueba1_demo_v1.0\prueba1_demo.srcs\sources_1\new\tas2110_i2c_ctrl.vhd:]
WARNING: [filemgmt 56-199] Attempt to get parsing info during refresh. "On-the-fly" syntax checking information may be incorrect. [C:\Users\kille\Documents\GitHub\TFM-UPM\Practica\Prueba1_demo_v1.0\prueba1_demo.srcs\sources_1\new\i2s_transceiver.vhd:]
WARNING: [filemgmt 56-199] Attempt to get parsing info during refresh. "On-the-fly" syntax checking information may be incorrect. [C:\Users\kille\Documents\GitHub\TFM-UPM\Practica\Prueba1_demo_v1.0\prueba1_demo.srcs\sources_1\new\i2s_transceiver.vhd:]
WARNING: [filemgmt 56-199] Attempt to get parsing info during refresh. "On-the-fly" syntax checking information may be incorrect. [C:\Users\kille\Documents\GitHub\TFM-UPM\Practica\Prueba1_demo_v1.0\prueba1_demo.srcs\sources_1\new\top_system.vhd:]
WARNING: [filemgmt 56-199] Attempt to get parsing info during refresh. "On-the-fly" syntax checking information may be incorrect. [C:\Users\kille\Documents\GitHub\TFM-UPM\Practica\Prueba1_demo_v1.0\prueba1_demo.srcs\sources_1\new\apa102_ctrl.vhd:]
WARNING: [filemgmt 56-199] Attempt to get parsing info during refresh. "On-the-fly" syntax checking information may be incorrect. [C:\Users\kille\Documents\GitHub\TFM-UPM\Practica\Prueba1_demo_v1.0\prueba1_demo.srcs\sources_1\new\i2s_transceiver.vhd:]
WARNING: [filemgmt 56-199] Attempt to get parsing info during refresh. "On-the-fly" syntax checking information may be incorrect. [C:\Users\kille\Documents\GitHub\TFM-UPM\Practica\Prueba1_demo_v1.0\prueba1_demo.srcs\sources_1\new\audio_player.vhd:]
WARNING: [filemgmt 56-199] Attempt to get parsing info during refresh. "On-the-fly" syntax checking information may be incorrect. [C:\Users\kille\Documents\GitHub\TFM-UPM\Practica\Prueba1_demo_v1.0\prueba1_demo.srcs\sources_1\new\tas2110_i2c_ctrl.vhd:]
WARNING: [filemgmt 56-199] Attempt to get parsing info during refresh. "On-the-fly" syntax checking information may be incorrect. [C:\Users\kille\Documents\GitHub\TFM-UPM\Practica\Prueba1_demo_v1.0\prueba1_demo.srcs\sources_1\new\audio_player.vhd:]
WARNING: [filemgmt 56-199] Attempt to get parsing info during refresh. "On-the-fly" syntax checking information may be incorrect. [C:\Users\kille\Documents\GitHub\TFM-UPM\Practica\Prueba1_demo_v1.0\prueba1_demo.srcs\sources_1\new\audio_player.vhd:]
WARNING: [filemgmt 56-199] Attempt to get parsing info during refresh. "On-the-fly" syntax checking information may be incorrect. [C:\Users\kille\Documents\GitHub\TFM-UPM\Practica\Prueba1_demo_v1.0\prueba1_demo.srcs\sources_1\new\top_system.vhd:]
WARNING: [filemgmt 56-199] Attempt to get parsing info during refresh. "On-the-fly" syntax checking information may be incorrect. [C:\Users\kille\Documents\GitHub\TFM-UPM\Practica\Prueba1_demo_v1.0\prueba1_demo.srcs\sources_1\new\apa102_ctrl.vhd:]
WARNING: [filemgmt 56-199] Attempt to get parsing info during refresh. "On-the-fly" syntax checking information may be incorrect. [C:\Users\kille\Documents\GitHub\TFM-UPM\Practica\Prueba1_demo_v1.0\prueba1_demo.srcs\sources_1\new\i2s_transceiver.vhd:]
WARNING: [filemgmt 56-199] Attempt to get parsing info during refresh. "On-the-fly" syntax checking information may be incorrect. [C:\Users\kille\Documents\GitHub\TFM-UPM\Practica\Prueba1_demo_v1.0\prueba1_demo.srcs\sources_1\new\audio_player.vhd:]
WARNING: [filemgmt 56-199] Attempt to get parsing info during refresh. "On-the-fly" syntax checking information may be incorrect. [C:\Users\kille\Documents\GitHub\TFM-UPM\Practica\Prueba1_demo_v1.0\prueba1_demo.srcs\sources_1\new\tas2110_i2c_ctrl.vhd:]
WARNING: [filemgmt 56-199] Attempt to get parsing info during refresh. "On-the-fly" syntax checking information may be incorrect. [C:\Users\kille\Documents\GitHub\TFM-UPM\Practica\Prueba1_demo_v1.0\prueba1_demo.srcs\sources_1\new\apa102_ctrl.vhd:]
WARNING: [filemgmt 56-199] Attempt to get parsing info during refresh. "On-the-fly" syntax checking information may be incorrect. [C:\Users\kille\Documents\GitHub\TFM-UPM\Practica\Prueba1_demo_v1.0\prueba1_demo.srcs\sources_1\new\apa102_ctrl.vhd:]
WARNING: [filemgmt 56-199] Attempt to get parsing info during refresh. "On-the-fly" syntax checking information may be incorrect. [C:\Users\kille\Documents\GitHub\TFM-UPM\Practica\Prueba1_demo_v1.0\prueba1_demo.srcs\sources_1\new\top_system.vhd:]
WARNING: [filemgmt 56-199] Attempt to get parsing info during refresh. "On-the-fly" syntax checking information may be incorrect. [C:\Users\kille\Documents\GitHub\TFM-UPM\Practica\Prueba1_demo_v1.0\prueba1_demo.srcs\sources_1\new\apa102_ctrl.vhd:]
WARNING: [filemgmt 56-199] Attempt to get parsing info during refresh. "On-the-fly" syntax checking information may be incorrect. [C:\Users\kille\Documents\GitHub\TFM-UPM\Practica\Prueba1_demo_v1.0\prueba1_demo.srcs\sources_1\new\i2s_transceiver.vhd:]
WARNING: [filemgmt 56-199] Attempt to get parsing info during refresh. "On-the-fly" syntax checking information may be incorrect. [C:\Users\kille\Documents\GitHub\TFM-UPM\Practica\Prueba1_demo_v1.0\prueba1_demo.srcs\sources_1\new\audio_player.vhd:]
WARNING: [filemgmt 56-199] Attempt to get parsing info during refresh. "On-the-fly" syntax checking information may be incorrect. [C:\Users\kille\Documents\GitHub\TFM-UPM\Practica\Prueba1_demo_v1.0\prueba1_demo.srcs\sources_1\new\tas2110_i2c_ctrl.vhd:]
WARNING: [filemgmt 56-199] Attempt to get parsing info during refresh. "On-the-fly" syntax checking information may be incorrect. [C:\Users\kille\Documents\GitHub\TFM-UPM\Practica\Prueba1_demo_v1.0\prueba1_demo.srcs\sources_1\new\tas2110_i2c_ctrl.vhd:]
WARNING: [filemgmt 56-199] Attempt to get parsing info during refresh. "On-the-fly" syntax checking information may be incorrect. [C:\Users\kille\Documents\GitHub\TFM-UPM\Practica\Prueba1_demo_v1.0\prueba1_demo.srcs\sources_1\new\tas2110_i2c_ctrl.vhd:]
WARNING: [filemgmt 56-199] Attempt to get parsing info during refresh. "On-the-fly" syntax checking information may be incorrect. [C:\Users\kille\Documents\GitHub\TFM-UPM\Practica\Prueba1_demo_v1.0\prueba1_demo.srcs\sources_1\new\top_system.vhd:]
WARNING: [filemgmt 56-199] Attempt to get parsing info during refresh. "On-the-fly" syntax checking information may be incorrect. [C:\Users\kille\Documents\GitHub\TFM-UPM\Practica\Prueba1_demo_v1.0\prueba1_demo.srcs\sources_1\new\apa102_ctrl.vhd:]
WARNING: [filemgmt 56-199] Attempt to get parsing info during refresh. "On-the-fly" syntax checking information may be incorrect. [C:\Users\kille\Documents\GitHub\TFM-UPM\Practica\Prueba1_demo_v1.0\prueba1_demo.srcs\sources_1\new\i2s_transceiver.vhd:]
WARNING: [filemgmt 56-199] Attempt to get parsing info during refresh. "On-the-fly" syntax checking information may be incorrect. [C:\Users\kille\Documents\GitHub\TFM-UPM\Practica\Prueba1_demo_v1.0\prueba1_demo.srcs\sources_1\new\audio_player.vhd:]
WARNING: [filemgmt 56-199] Attempt to get parsing info during refresh. "On-the-fly" syntax checking information may be incorrect. [C:\Users\kille\Documents\GitHub\TFM-UPM\Practica\Prueba1_demo_v1.0\prueba1_demo.srcs\sources_1\new\tas2110_i2c_ctrl.vhd:]
WARNING: [filemgmt 56-199] Attempt to get parsing info during refresh. "On-the-fly" syntax checking information may be incorrect. [C:\Users\kille\Documents\GitHub\TFM-UPM\Practica\Prueba1_demo_v1.0\prueba1_demo.srcs\sources_1\new\i2s_transceiver.vhd:]
WARNING: [filemgmt 56-199] Attempt to get parsing info during refresh. "On-the-fly" syntax checking information may be incorrect. [C:\Users\kille\Documents\GitHub\TFM-UPM\Practica\Prueba1_demo_v1.0\prueba1_demo.srcs\sources_1\new\i2s_transceiver.vhd:]
ERROR: [Common 17-180] Spawn failed: La operación se completó correctamente.

WARNING: [filemgmt 56-199] Attempt to get parsing info during refresh. "On-the-fly" syntax checking information may be incorrect. [C:\Users\kille\Documents\GitHub\TFM-UPM\Practica\Prueba1_demo_v1.0\prueba1_demo.srcs\sources_1\new\top_system.vhd:]
WARNING: [filemgmt 56-199] Attempt to get parsing info during refresh. "On-the-fly" syntax checking information may be incorrect. [C:\Users\kille\Documents\GitHub\TFM-UPM\Practica\Prueba1_demo_v1.0\prueba1_demo.srcs\sources_1\new\apa102_ctrl.vhd:]
WARNING: [filemgmt 56-199] Attempt to get parsing info during refresh. "On-the-fly" syntax checking information may be incorrect. [C:\Users\kille\Documents\GitHub\TFM-UPM\Practica\Prueba1_demo_v1.0\prueba1_demo.srcs\sources_1\new\i2s_transceiver.vhd:]
WARNING: [filemgmt 56-199] Attempt to get parsing info during refresh. "On-the-fly" syntax checking information may be incorrect. [C:\Users\kille\Documents\GitHub\TFM-UPM\Practica\Prueba1_demo_v1.0\prueba1_demo.srcs\sources_1\new\audio_player.vhd:]
WARNING: [filemgmt 56-199] Attempt to get parsing info during refresh. "On-the-fly" syntax checking information may be incorrect. [C:\Users\kille\Documents\GitHub\TFM-UPM\Practica\Prueba1_demo_v1.0\prueba1_demo.srcs\sources_1\new\tas2110_i2c_ctrl.vhd:]
WARNING: [filemgmt 56-199] Attempt to get parsing info during refresh. "On-the-fly" syntax checking information may be incorrect. [C:\Users\kille\Documents\GitHub\TFM-UPM\Practica\Prueba1_demo_v1.0\prueba1_demo.srcs\sources_1\new\top_system.vhd:]
WARNING: [filemgmt 56-199] Attempt to get parsing info during refresh. "On-the-fly" syntax checking information may be incorrect. [C:\Users\kille\Documents\GitHub\TFM-UPM\Practica\Prueba1_demo_v1.0\prueba1_demo.srcs\sources_1\new\top_system.vhd:]
ERROR: [Common 17-180] Spawn failed: La operación se completó correctamente.

report_ip_status -name ip_status 
reset_run impl_1
update_module_reference [get_ips  design_1_top_system_0_1]
INFO: [IP_Flow 19-5107] Inferred bus interface 'reset_n' of definition 'xilinx.com:signal:reset:1.0' (from Xilinx Repository).
INFO: [IP_Flow 19-5107] Inferred bus interface 'sd_reset' of definition 'xilinx.com:signal:reset:1.0' (from Xilinx Repository).
INFO: [IP_Flow 19-5107] Inferred bus interface 'sw0_reset' of definition 'xilinx.com:signal:reset:1.0' (from Xilinx Repository).
INFO: [IP_Flow 19-5107] Inferred bus interface 'led_clk' of definition 'xilinx.com:signal:clock:1.0' (from Xilinx Repository).
INFO: [IP_Flow 19-5107] Inferred bus interface 'sd_clk' of definition 'xilinx.com:signal:clock:1.0' (from Xilinx Repository).
INFO: [IP_Flow 19-4728] Bus Interface 'sd_clk': Added interface parameter 'ASSOCIATED_RESET' with value 'sd_reset'.
CRITICAL WARNING: [IP_Flow 19-4751] Bus Interface 'led_clk': FREQ_HZ bus parameter is missing for output clock interface.
CRITICAL WARNING: [IP_Flow 19-4751] Bus Interface 'sd_clk': FREQ_HZ bus parameter is missing for output clock interface.
INFO: [IP_Flow 19-5107] Inferred bus interface 'reset_n' of definition 'xilinx.com:signal:reset:1.0' (from Xilinx Repository).
INFO: [IP_Flow 19-5107] Inferred bus interface 'sd_reset' of definition 'xilinx.com:signal:reset:1.0' (from Xilinx Repository).
INFO: [IP_Flow 19-5107] Inferred bus interface 'sw0_reset' of definition 'xilinx.com:signal:reset:1.0' (from Xilinx Repository).
INFO: [IP_Flow 19-5107] Inferred bus interface 'led_clk' of definition 'xilinx.com:signal:clock:1.0' (from Xilinx Repository).
INFO: [IP_Flow 19-5107] Inferred bus interface 'sd_clk' of definition 'xilinx.com:signal:clock:1.0' (from Xilinx Repository).
INFO: [IP_Flow 19-4728] Bus Interface 'sd_clk': Added interface parameter 'ASSOCIATED_RESET' with value 'sd_reset'.
CRITICAL WARNING: [IP_Flow 19-4751] Bus Interface 'led_clk': FREQ_HZ bus parameter is missing for output clock interface.
CRITICAL WARNING: [IP_Flow 19-4751] Bus Interface 'sd_clk': FREQ_HZ bus parameter is missing for output clock interface.
Upgrading 'C:/Users/kille/Documents/GitHub/TFM-UPM/Practica/Prueba1_demo_v1.0/prueba1_demo.srcs/sources_1/bd/design_1/design_1.bd'
INFO: [IP_Flow 19-3420] Updated design_1_top_system_0_1 to use current project options
WARNING: [IP_Flow 19-4698] Upgrade has added port 'clk_sd'
WARNING: [IP_Flow 19-3298] Detected external port differences while upgrading 'design_1_top_system_0_1'. These changes may impact your design.
CRITICAL WARNING: [Coretcl 2-1280] The upgrade of 'design_1_top_system_0_1' has identified issues that may require user intervention. Please verify that the instance is correctly configured, and review any upgrade messages.
Wrote  : <C:\Users\kille\Documents\GitHub\TFM-UPM\Practica\Prueba1_demo_v1.0\prueba1_demo.srcs\sources_1\bd\design_1\design_1.bd> 
Wrote  : <C:/Users/kille/Documents/GitHub/TFM-UPM/Practica/Prueba1_demo_v1.0/prueba1_demo.srcs/sources_1/bd/design_1/ui/bd_1f5defd0.ui> 
WARNING: [filemgmt 56-199] Attempt to get parsing info during refresh. "On-the-fly" syntax checking information may be incorrect. [C:\Users\kille\Documents\GitHub\TFM-UPM\Practica\Prueba1_demo_v1.0\prueba1_demo.srcs\sources_1\new\top_system.vhd:]
WARNING: [filemgmt 56-199] Attempt to get parsing info during refresh. "On-the-fly" syntax checking information may be incorrect. [C:\Users\kille\Documents\GitHub\TFM-UPM\Practica\Prueba1_demo_v1.0\prueba1_demo.srcs\sources_1\new\apa102_ctrl.vhd:]
WARNING: [filemgmt 56-199] Attempt to get parsing info during refresh. "On-the-fly" syntax checking information may be incorrect. [C:\Users\kille\Documents\GitHub\TFM-UPM\Practica\Prueba1_demo_v1.0\prueba1_demo.srcs\sources_1\new\i2s_transceiver.vhd:]
WARNING: [filemgmt 56-199] Attempt to get parsing info during refresh. "On-the-fly" syntax checking information may be incorrect. [C:\Users\kille\Documents\GitHub\TFM-UPM\Practica\Prueba1_demo_v1.0\prueba1_demo.srcs\sources_1\new\audio_player.vhd:]
WARNING: [filemgmt 56-199] Attempt to get parsing info during refresh. "On-the-fly" syntax checking information may be incorrect. [C:\Users\kille\Documents\GitHub\TFM-UPM\Practica\Prueba1_demo_v1.0\prueba1_demo.srcs\sources_1\new\tas2110_i2c_ctrl.vhd:]
WARNING: [filemgmt 56-199] Attempt to get parsing info during refresh. "On-the-fly" syntax checking information may be incorrect. [C:\Users\kille\Documents\GitHub\TFM-UPM\Practica\Prueba1_demo_v1.0\prueba1_demo.srcs\sources_1\new\apa102_ctrl.vhd:]
WARNING: [filemgmt 56-199] Attempt to get parsing info during refresh. "On-the-fly" syntax checking information may be incorrect. [C:\Users\kille\Documents\GitHub\TFM-UPM\Practica\Prueba1_demo_v1.0\prueba1_demo.srcs\sources_1\new\apa102_ctrl.vhd:]
WARNING: [filemgmt 56-199] Attempt to get parsing info during refresh. "On-the-fly" syntax checking information may be incorrect. [C:\Users\kille\Documents\GitHub\TFM-UPM\Practica\Prueba1_demo_v1.0\prueba1_demo.srcs\sources_1\new\top_system.vhd:]
WARNING: [filemgmt 56-199] Attempt to get parsing info during refresh. "On-the-fly" syntax checking information may be incorrect. [C:\Users\kille\Documents\GitHub\TFM-UPM\Practica\Prueba1_demo_v1.0\prueba1_demo.srcs\sources_1\new\apa102_ctrl.vhd:]
WARNING: [filemgmt 56-199] Attempt to get parsing info during refresh. "On-the-fly" syntax checking information may be incorrect. [C:\Users\kille\Documents\GitHub\TFM-UPM\Practica\Prueba1_demo_v1.0\prueba1_demo.srcs\sources_1\new\i2s_transceiver.vhd:]
WARNING: [filemgmt 56-199] Attempt to get parsing info during refresh. "On-the-fly" syntax checking information may be incorrect. [C:\Users\kille\Documents\GitHub\TFM-UPM\Practica\Prueba1_demo_v1.0\prueba1_demo.srcs\sources_1\new\audio_player.vhd:]
WARNING: [filemgmt 56-199] Attempt to get parsing info during refresh. "On-the-fly" syntax checking information may be incorrect. [C:\Users\kille\Documents\GitHub\TFM-UPM\Practica\Prueba1_demo_v1.0\prueba1_demo.srcs\sources_1\new\tas2110_i2c_ctrl.vhd:]
WARNING: [filemgmt 56-199] Attempt to get parsing info during refresh. "On-the-fly" syntax checking information may be incorrect. [C:\Users\kille\Documents\GitHub\TFM-UPM\Practica\Prueba1_demo_v1.0\prueba1_demo.srcs\sources_1\new\audio_player.vhd:]
WARNING: [filemgmt 56-199] Attempt to get parsing info during refresh. "On-the-fly" syntax checking information may be incorrect. [C:\Users\kille\Documents\GitHub\TFM-UPM\Practica\Prueba1_demo_v1.0\prueba1_demo.srcs\sources_1\new\audio_player.vhd:]
WARNING: [filemgmt 56-199] Attempt to get parsing info during refresh. "On-the-fly" syntax checking information may be incorrect. [C:\Users\kille\Documents\GitHub\TFM-UPM\Practica\Prueba1_demo_v1.0\prueba1_demo.srcs\sources_1\new\top_system.vhd:]
WARNING: [filemgmt 56-199] Attempt to get parsing info during refresh. "On-the-fly" syntax checking information may be incorrect. [C:\Users\kille\Documents\GitHub\TFM-UPM\Practica\Prueba1_demo_v1.0\prueba1_demo.srcs\sources_1\new\apa102_ctrl.vhd:]
WARNING: [filemgmt 56-199] Attempt to get parsing info during refresh. "On-the-fly" syntax checking information may be incorrect. [C:\Users\kille\Documents\GitHub\TFM-UPM\Practica\Prueba1_demo_v1.0\prueba1_demo.srcs\sources_1\new\i2s_transceiver.vhd:]
WARNING: [filemgmt 56-199] Attempt to get parsing info during refresh. "On-the-fly" syntax checking information may be incorrect. [C:\Users\kille\Documents\GitHub\TFM-UPM\Practica\Prueba1_demo_v1.0\prueba1_demo.srcs\sources_1\new\audio_player.vhd:]
WARNING: [filemgmt 56-199] Attempt to get parsing info during refresh. "On-the-fly" syntax checking information may be incorrect. [C:\Users\kille\Documents\GitHub\TFM-UPM\Practica\Prueba1_demo_v1.0\prueba1_demo.srcs\sources_1\new\tas2110_i2c_ctrl.vhd:]
WARNING: [filemgmt 56-199] Attempt to get parsing info during refresh. "On-the-fly" syntax checking information may be incorrect. [C:\Users\kille\Documents\GitHub\TFM-UPM\Practica\Prueba1_demo_v1.0\prueba1_demo.srcs\sources_1\new\tas2110_i2c_ctrl.vhd:]
WARNING: [filemgmt 56-199] Attempt to get parsing info during refresh. "On-the-fly" syntax checking information may be incorrect. [C:\Users\kille\Documents\GitHub\TFM-UPM\Practica\Prueba1_demo_v1.0\prueba1_demo.srcs\sources_1\new\tas2110_i2c_ctrl.vhd:]
ERROR: [Common 17-180] Spawn failed: La operación se completó correctamente.

WARNING: [filemgmt 56-199] Attempt to get parsing info during refresh. "On-the-fly" syntax checking information may be incorrect. [C:\Users\kille\Documents\GitHub\TFM-UPM\Practica\Prueba1_demo_v1.0\prueba1_demo.srcs\sources_1\new\top_system.vhd:]
WARNING: [filemgmt 56-199] Attempt to get parsing info during refresh. "On-the-fly" syntax checking information may be incorrect. [C:\Users\kille\Documents\GitHub\TFM-UPM\Practica\Prueba1_demo_v1.0\prueba1_demo.srcs\sources_1\new\apa102_ctrl.vhd:]
WARNING: [filemgmt 56-199] Attempt to get parsing info during refresh. "On-the-fly" syntax checking information may be incorrect. [C:\Users\kille\Documents\GitHub\TFM-UPM\Practica\Prueba1_demo_v1.0\prueba1_demo.srcs\sources_1\new\i2s_transceiver.vhd:]
WARNING: [filemgmt 56-199] Attempt to get parsing info during refresh. "On-the-fly" syntax checking information may be incorrect. [C:\Users\kille\Documents\GitHub\TFM-UPM\Practica\Prueba1_demo_v1.0\prueba1_demo.srcs\sources_1\new\audio_player.vhd:]
WARNING: [filemgmt 56-199] Attempt to get parsing info during refresh. "On-the-fly" syntax checking information may be incorrect. [C:\Users\kille\Documents\GitHub\TFM-UPM\Practica\Prueba1_demo_v1.0\prueba1_demo.srcs\sources_1\new\tas2110_i2c_ctrl.vhd:]
WARNING: [filemgmt 56-199] Attempt to get parsing info during refresh. "On-the-fly" syntax checking information may be incorrect. [C:\Users\kille\Documents\GitHub\TFM-UPM\Practica\Prueba1_demo_v1.0\prueba1_demo.srcs\sources_1\new\top_system.vhd:]
WARNING: [filemgmt 56-199] Attempt to get parsing info during refresh. "On-the-fly" syntax checking information may be incorrect. [C:\Users\kille\Documents\GitHub\TFM-UPM\Practica\Prueba1_demo_v1.0\prueba1_demo.srcs\sources_1\new\top_system.vhd:]
ERROR: [Common 17-180] Spawn failed: La operación se completó correctamente.

WARNING: [filemgmt 56-199] Attempt to get parsing info during refresh. "On-the-fly" syntax checking information may be incorrect. [C:\Users\kille\Documents\GitHub\TFM-UPM\Practica\Prueba1_demo_v1.0\prueba1_demo.srcs\sources_1\new\top_system.vhd:]
WARNING: [filemgmt 56-199] Attempt to get parsing info during refresh. "On-the-fly" syntax checking information may be incorrect. [C:\Users\kille\Documents\GitHub\TFM-UPM\Practica\Prueba1_demo_v1.0\prueba1_demo.srcs\sources_1\new\apa102_ctrl.vhd:]
WARNING: [filemgmt 56-199] Attempt to get parsing info during refresh. "On-the-fly" syntax checking information may be incorrect. [C:\Users\kille\Documents\GitHub\TFM-UPM\Practica\Prueba1_demo_v1.0\prueba1_demo.srcs\sources_1\new\i2s_transceiver.vhd:]
WARNING: [filemgmt 56-199] Attempt to get parsing info during refresh. "On-the-fly" syntax checking information may be incorrect. [C:\Users\kille\Documents\GitHub\TFM-UPM\Practica\Prueba1_demo_v1.0\prueba1_demo.srcs\sources_1\new\audio_player.vhd:]
WARNING: [filemgmt 56-199] Attempt to get parsing info during refresh. "On-the-fly" syntax checking information may be incorrect. [C:\Users\kille\Documents\GitHub\TFM-UPM\Practica\Prueba1_demo_v1.0\prueba1_demo.srcs\sources_1\new\tas2110_i2c_ctrl.vhd:]
WARNING: [filemgmt 56-199] Attempt to get parsing info during refresh. "On-the-fly" syntax checking information may be incorrect. [C:\Users\kille\Documents\GitHub\TFM-UPM\Practica\Prueba1_demo_v1.0\prueba1_demo.srcs\sources_1\new\top_system.vhd:]
WARNING: [filemgmt 56-199] Attempt to get parsing info during refresh. "On-the-fly" syntax checking information may be incorrect. [C:\Users\kille\Documents\GitHub\TFM-UPM\Practica\Prueba1_demo_v1.0\prueba1_demo.srcs\sources_1\new\top_system.vhd:]
WARNING: [filemgmt 56-199] Attempt to get parsing info during refresh. "On-the-fly" syntax checking information may be incorrect. [C:\Users\kille\Documents\GitHub\TFM-UPM\Practica\Prueba1_demo_v1.0\prueba1_demo.srcs\sources_1\new\top_system.vhd:]
WARNING: [filemgmt 56-199] Attempt to get parsing info during refresh. "On-the-fly" syntax checking information may be incorrect. [C:\Users\kille\Documents\GitHub\TFM-UPM\Practica\Prueba1_demo_v1.0\prueba1_demo.srcs\sources_1\new\apa102_ctrl.vhd:]
WARNING: [filemgmt 56-199] Attempt to get parsing info during refresh. "On-the-fly" syntax checking information may be incorrect. [C:\Users\kille\Documents\GitHub\TFM-UPM\Practica\Prueba1_demo_v1.0\prueba1_demo.srcs\sources_1\new\i2s_transceiver.vhd:]
WARNING: [filemgmt 56-199] Attempt to get parsing info during refresh. "On-the-fly" syntax checking information may be incorrect. [C:\Users\kille\Documents\GitHub\TFM-UPM\Practica\Prueba1_demo_v1.0\prueba1_demo.srcs\sources_1\new\audio_player.vhd:]
WARNING: [filemgmt 56-199] Attempt to get parsing info during refresh. "On-the-fly" syntax checking information may be incorrect. [C:\Users\kille\Documents\GitHub\TFM-UPM\Practica\Prueba1_demo_v1.0\prueba1_demo.srcs\sources_1\new\tas2110_i2c_ctrl.vhd:]
WARNING: [filemgmt 56-199] Attempt to get parsing info during refresh. "On-the-fly" syntax checking information may be incorrect. [C:\Users\kille\Documents\GitHub\TFM-UPM\Practica\Prueba1_demo_v1.0\prueba1_demo.srcs\sources_1\new\tas2110_i2c_ctrl.vhd:]
WARNING: [filemgmt 56-199] Attempt to get parsing info during refresh. "On-the-fly" syntax checking information may be incorrect. [C:\Users\kille\Documents\GitHub\TFM-UPM\Practica\Prueba1_demo_v1.0\prueba1_demo.srcs\sources_1\new\tas2110_i2c_ctrl.vhd:]
WARNING: [filemgmt 56-199] Attempt to get parsing info during refresh. "On-the-fly" syntax checking information may be incorrect. [C:\Users\kille\Documents\GitHub\TFM-UPM\Practica\Prueba1_demo_v1.0\prueba1_demo.srcs\sources_1\new\top_system.vhd:]
WARNING: [filemgmt 56-199] Attempt to get parsing info during refresh. "On-the-fly" syntax checking information may be incorrect. [C:\Users\kille\Documents\GitHub\TFM-UPM\Practica\Prueba1_demo_v1.0\prueba1_demo.srcs\sources_1\new\apa102_ctrl.vhd:]
WARNING: [filemgmt 56-199] Attempt to get parsing info during refresh. "On-the-fly" syntax checking information may be incorrect. [C:\Users\kille\Documents\GitHub\TFM-UPM\Practica\Prueba1_demo_v1.0\prueba1_demo.srcs\sources_1\new\i2s_transceiver.vhd:]
WARNING: [filemgmt 56-199] Attempt to get parsing info during refresh. "On-the-fly" syntax checking information may be incorrect. [C:\Users\kille\Documents\GitHub\TFM-UPM\Practica\Prueba1_demo_v1.0\prueba1_demo.srcs\sources_1\new\audio_player.vhd:]
WARNING: [filemgmt 56-199] Attempt to get parsing info during refresh. "On-the-fly" syntax checking information may be incorrect. [C:\Users\kille\Documents\GitHub\TFM-UPM\Practica\Prueba1_demo_v1.0\prueba1_demo.srcs\sources_1\new\tas2110_i2c_ctrl.vhd:]
WARNING: [filemgmt 56-199] Attempt to get parsing info during refresh. "On-the-fly" syntax checking information may be incorrect. [C:\Users\kille\Documents\GitHub\TFM-UPM\Practica\Prueba1_demo_v1.0\prueba1_demo.srcs\sources_1\new\audio_player.vhd:]
WARNING: [filemgmt 56-199] Attempt to get parsing info during refresh. "On-the-fly" syntax checking information may be incorrect. [C:\Users\kille\Documents\GitHub\TFM-UPM\Practica\Prueba1_demo_v1.0\prueba1_demo.srcs\sources_1\new\audio_player.vhd:]
WARNING: [filemgmt 56-199] Attempt to get parsing info during refresh. "On-the-fly" syntax checking information may be incorrect. [C:\Users\kille\Documents\GitHub\TFM-UPM\Practica\Prueba1_demo_v1.0\prueba1_demo.srcs\sources_1\new\top_system.vhd:]
WARNING: [filemgmt 56-199] Attempt to get parsing info during refresh. "On-the-fly" syntax checking information may be incorrect. [C:\Users\kille\Documents\GitHub\TFM-UPM\Practica\Prueba1_demo_v1.0\prueba1_demo.srcs\sources_1\new\apa102_ctrl.vhd:]
WARNING: [filemgmt 56-199] Attempt to get parsing info during refresh. "On-the-fly" syntax checking information may be incorrect. [C:\Users\kille\Documents\GitHub\TFM-UPM\Practica\Prueba1_demo_v1.0\prueba1_demo.srcs\sources_1\new\i2s_transceiver.vhd:]
WARNING: [filemgmt 56-199] Attempt to get parsing info during refresh. "On-the-fly" syntax checking information may be incorrect. [C:\Users\kille\Documents\GitHub\TFM-UPM\Practica\Prueba1_demo_v1.0\prueba1_demo.srcs\sources_1\new\audio_player.vhd:]
WARNING: [filemgmt 56-199] Attempt to get parsing info during refresh. "On-the-fly" syntax checking information may be incorrect. [C:\Users\kille\Documents\GitHub\TFM-UPM\Practica\Prueba1_demo_v1.0\prueba1_demo.srcs\sources_1\new\tas2110_i2c_ctrl.vhd:]
report_ip_status -name ip_status 
connect_bd_net [get_bd_pins clk_wiz_0/clk_out2] [get_bd_pins top_system_0/clk_sd]
validate_bd_design
WARNING: [BD 41-1781] Updates have been made to one or more nets/interface connections marked for debug.
Debug nets, which are already connected to any ILA IP core in the block-design, will be automatically available for debug in Hardware Manager.
For unconnected Debug nets, please open synthesized design and use 'Set Up Debug' wizard to insert, modify or delete Debug Cores. 
INFO: [xilinx.com:ip:clk_wiz:6.0-1] /clk_wiz_0 clk_wiz propagate
save_bd_design
Wrote  : <C:\Users\kille\Documents\GitHub\TFM-UPM\Practica\Prueba1_demo_v1.0\prueba1_demo.srcs\sources_1\bd\design_1\design_1.bd> 
Wrote  : <C:/Users/kille/Documents/GitHub/TFM-UPM/Practica/Prueba1_demo_v1.0/prueba1_demo.srcs/sources_1/bd/design_1/ui/bd_1f5defd0.ui> 
reset_run synth_1
INFO: [Project 1-1161] Replacing file C:/Users/kille/Documents/GitHub/TFM-UPM/Practica/Prueba1_demo_v1.0/prueba1_demo.srcs/utils_1/imports/synth_1/top_system.dcp with file C:/Users/kille/Documents/GitHub/TFM-UPM/Practica/Prueba1_demo_v1.0/prueba1_demo.runs/synth_1/design_1_wrapper.dcp
reset_run design_1_clk_wiz_0_0_synth_1
WARNING: [filemgmt 56-199] Attempt to get parsing info during refresh. "On-the-fly" syntax checking information may be incorrect. [C:\Users\kille\Documents\GitHub\TFM-UPM\Practica\Prueba1_demo_v1.0\prueba1_demo.srcs\sources_1\new\top_system.vhd:]
WARNING: [filemgmt 56-199] Attempt to get parsing info during refresh. "On-the-fly" syntax checking information may be incorrect. [C:\Users\kille\Documents\GitHub\TFM-UPM\Practica\Prueba1_demo_v1.0\prueba1_demo.srcs\sources_1\new\apa102_ctrl.vhd:]
WARNING: [filemgmt 56-199] Attempt to get parsing info during refresh. "On-the-fly" syntax checking information may be incorrect. [C:\Users\kille\Documents\GitHub\TFM-UPM\Practica\Prueba1_demo_v1.0\prueba1_demo.srcs\sources_1\new\i2s_transceiver.vhd:]
WARNING: [filemgmt 56-199] Attempt to get parsing info during refresh. "On-the-fly" syntax checking information may be incorrect. [C:\Users\kille\Documents\GitHub\TFM-UPM\Practica\Prueba1_demo_v1.0\prueba1_demo.srcs\sources_1\new\audio_player.vhd:]
WARNING: [filemgmt 56-199] Attempt to get parsing info during refresh. "On-the-fly" syntax checking information may be incorrect. [C:\Users\kille\Documents\GitHub\TFM-UPM\Practica\Prueba1_demo_v1.0\prueba1_demo.srcs\sources_1\new\tas2110_i2c_ctrl.vhd:]
WARNING: [filemgmt 56-199] Attempt to get parsing info during refresh. "On-the-fly" syntax checking information may be incorrect. [C:\Users\kille\Documents\GitHub\TFM-UPM\Practica\Prueba1_demo_v1.0\prueba1_demo.srcs\sources_1\new\tas2110_i2c_ctrl.vhd:]
WARNING: [filemgmt 56-199] Attempt to get parsing info during refresh. "On-the-fly" syntax checking information may be incorrect. [C:\Users\kille\Documents\GitHub\TFM-UPM\Practica\Prueba1_demo_v1.0\prueba1_demo.srcs\sources_1\new\tas2110_i2c_ctrl.vhd:]
WARNING: [filemgmt 56-199] Attempt to get parsing info during refresh. "On-the-fly" syntax checking information may be incorrect. [C:\Users\kille\Documents\GitHub\TFM-UPM\Practica\Prueba1_demo_v1.0\prueba1_demo.srcs\sources_1\new\top_system.vhd:]
WARNING: [filemgmt 56-199] Attempt to get parsing info during refresh. "On-the-fly" syntax checking information may be incorrect. [C:\Users\kille\Documents\GitHub\TFM-UPM\Practica\Prueba1_demo_v1.0\prueba1_demo.srcs\sources_1\new\apa102_ctrl.vhd:]
WARNING: [filemgmt 56-199] Attempt to get parsing info during refresh. "On-the-fly" syntax checking information may be incorrect. [C:\Users\kille\Documents\GitHub\TFM-UPM\Practica\Prueba1_demo_v1.0\prueba1_demo.srcs\sources_1\new\i2s_transceiver.vhd:]
WARNING: [filemgmt 56-199] Attempt to get parsing info during refresh. "On-the-fly" syntax checking information may be incorrect. [C:\Users\kille\Documents\GitHub\TFM-UPM\Practica\Prueba1_demo_v1.0\prueba1_demo.srcs\sources_1\new\audio_player.vhd:]
WARNING: [filemgmt 56-199] Attempt to get parsing info during refresh. "On-the-fly" syntax checking information may be incorrect. [C:\Users\kille\Documents\GitHub\TFM-UPM\Practica\Prueba1_demo_v1.0\prueba1_demo.srcs\sources_1\new\tas2110_i2c_ctrl.vhd:]
WARNING: [filemgmt 56-199] Attempt to get parsing info during refresh. "On-the-fly" syntax checking information may be incorrect. [C:\Users\kille\Documents\GitHub\TFM-UPM\Practica\Prueba1_demo_v1.0\prueba1_demo.srcs\sources_1\new\apa102_ctrl.vhd:]
WARNING: [filemgmt 56-199] Attempt to get parsing info during refresh. "On-the-fly" syntax checking information may be incorrect. [C:\Users\kille\Documents\GitHub\TFM-UPM\Practica\Prueba1_demo_v1.0\prueba1_demo.srcs\sources_1\new\apa102_ctrl.vhd:]
WARNING: [filemgmt 56-199] Attempt to get parsing info during refresh. "On-the-fly" syntax checking information may be incorrect. [C:\Users\kille\Documents\GitHub\TFM-UPM\Practica\Prueba1_demo_v1.0\prueba1_demo.srcs\sources_1\new\top_system.vhd:]
WARNING: [filemgmt 56-199] Attempt to get parsing info during refresh. "On-the-fly" syntax checking information may be incorrect. [C:\Users\kille\Documents\GitHub\TFM-UPM\Practica\Prueba1_demo_v1.0\prueba1_demo.srcs\sources_1\new\apa102_ctrl.vhd:]
WARNING: [filemgmt 56-199] Attempt to get parsing info during refresh. "On-the-fly" syntax checking information may be incorrect. [C:\Users\kille\Documents\GitHub\TFM-UPM\Practica\Prueba1_demo_v1.0\prueba1_demo.srcs\sources_1\new\i2s_transceiver.vhd:]
WARNING: [filemgmt 56-199] Attempt to get parsing info during refresh. "On-the-fly" syntax checking information may be incorrect. [C:\Users\kille\Documents\GitHub\TFM-UPM\Practica\Prueba1_demo_v1.0\prueba1_demo.srcs\sources_1\new\audio_player.vhd:]
WARNING: [filemgmt 56-199] Attempt to get parsing info during refresh. "On-the-fly" syntax checking information may be incorrect. [C:\Users\kille\Documents\GitHub\TFM-UPM\Practica\Prueba1_demo_v1.0\prueba1_demo.srcs\sources_1\new\tas2110_i2c_ctrl.vhd:]
WARNING: [filemgmt 56-199] Attempt to get parsing info during refresh. "On-the-fly" syntax checking information may be incorrect. [C:\Users\kille\Documents\GitHub\TFM-UPM\Practica\Prueba1_demo_v1.0\prueba1_demo.srcs\sources_1\new\audio_player.vhd:]
WARNING: [filemgmt 56-199] Attempt to get parsing info during refresh. "On-the-fly" syntax checking information may be incorrect. [C:\Users\kille\Documents\GitHub\TFM-UPM\Practica\Prueba1_demo_v1.0\prueba1_demo.srcs\sources_1\new\audio_player.vhd:]
ERROR: [Common 17-180] Spawn failed: La operación se completó correctamente.

launch_runs impl_1 -to_step write_bitstream -jobs 12
WARNING: [filemgmt 56-199] Attempt to get parsing info during refresh. "On-the-fly" syntax checking information may be incorrect. [C:\Users\kille\Documents\GitHub\TFM-UPM\Practica\Prueba1_demo_v1.0\prueba1_demo.srcs\sources_1\new\top_system.vhd:]
WARNING: [filemgmt 56-199] Attempt to get parsing info during refresh. "On-the-fly" syntax checking information may be incorrect. [C:\Users\kille\Documents\GitHub\TFM-UPM\Practica\Prueba1_demo_v1.0\prueba1_demo.srcs\sources_1\new\apa102_ctrl.vhd:]
WARNING: [filemgmt 56-199] Attempt to get parsing info during refresh. "On-the-fly" syntax checking information may be incorrect. [C:\Users\kille\Documents\GitHub\TFM-UPM\Practica\Prueba1_demo_v1.0\prueba1_demo.srcs\sources_1\new\i2s_transceiver.vhd:]
WARNING: [filemgmt 56-199] Attempt to get parsing info during refresh. "On-the-fly" syntax checking information may be incorrect. [C:\Users\kille\Documents\GitHub\TFM-UPM\Practica\Prueba1_demo_v1.0\prueba1_demo.srcs\sources_1\new\audio_player.vhd:]
WARNING: [filemgmt 56-199] Attempt to get parsing info during refresh. "On-the-fly" syntax checking information may be incorrect. [C:\Users\kille\Documents\GitHub\TFM-UPM\Practica\Prueba1_demo_v1.0\prueba1_demo.srcs\sources_1\new\tas2110_i2c_ctrl.vhd:]
WARNING: [filemgmt 56-199] Attempt to get parsing info during refresh. "On-the-fly" syntax checking information may be incorrect. [C:\Users\kille\Documents\GitHub\TFM-UPM\Practica\Prueba1_demo_v1.0\prueba1_demo.srcs\sources_1\new\top_system.vhd:]
WARNING: [filemgmt 56-199] Attempt to get parsing info during refresh. "On-the-fly" syntax checking information may be incorrect. [C:\Users\kille\Documents\GitHub\TFM-UPM\Practica\Prueba1_demo_v1.0\prueba1_demo.srcs\sources_1\new\top_system.vhd:]
INFO: [BD 41-1662] The design 'design_1.bd' is already validated. Therefore parameter propagation will not be re-run.
WARNING: [BD 41-3257] Drive strength cannot be preserved for ports connected to net btn_center_0_0_1 as it is marked for debug
WARNING: [BD 41-3256] Drive strength cannot be preserved for ports connected to net btn_right_0_0_1 as it connected to debug IP /system_ila_1 
WARNING: [BD 41-3256] Drive strength cannot be preserved for ports connected to net clk_100Mhz_0_1 as it connected to debug IP /system_ila_0 
WARNING: [BD 41-3257] Drive strength cannot be preserved for ports connected to net top_system_0_dbg_scl_out as it is marked for debug
WARNING: [BD 41-3257] Drive strength cannot be preserved for ports connected to net top_system_0_dbg_sda_out as it is marked for debug
WARNING: [BD 41-3257] Drive strength cannot be preserved for ports connected to net top_system_0_i2s_dout as it is marked for debug
WARNING: [BD 41-3256] Drive strength cannot be preserved for ports connected to net top_system_0_led_clk as it connected to debug IP /system_ila_0 
WARNING: [BD 41-3257] Drive strength cannot be preserved for ports connected to net top_system_0_led_data as it is marked for debug
VHDL Output written to : c:/Users/kille/Documents/GitHub/TFM-UPM/Practica/Prueba1_demo_v1.0/prueba1_demo.gen/sources_1/bd/design_1/synth/design_1.vhd
WARNING: [BD 41-3257] Drive strength cannot be preserved for ports connected to net btn_center_0_0_1 as it is marked for debug
WARNING: [BD 41-3256] Drive strength cannot be preserved for ports connected to net btn_right_0_0_1 as it connected to debug IP /system_ila_1 
WARNING: [BD 41-3256] Drive strength cannot be preserved for ports connected to net clk_100Mhz_0_1 as it connected to debug IP /system_ila_0 
WARNING: [BD 41-3257] Drive strength cannot be preserved for ports connected to net top_system_0_dbg_scl_out as it is marked for debug
WARNING: [BD 41-3257] Drive strength cannot be preserved for ports connected to net top_system_0_dbg_sda_out as it is marked for debug
WARNING: [BD 41-3257] Drive strength cannot be preserved for ports connected to net top_system_0_i2s_dout as it is marked for debug
WARNING: [BD 41-3256] Drive strength cannot be preserved for ports connected to net top_system_0_led_clk as it connected to debug IP /system_ila_0 
WARNING: [BD 41-3257] Drive strength cannot be preserved for ports connected to net top_system_0_led_data as it is marked for debug
VHDL Output written to : c:/Users/kille/Documents/GitHub/TFM-UPM/Practica/Prueba1_demo_v1.0/prueba1_demo.gen/sources_1/bd/design_1/sim/design_1.vhd
VHDL Output written to : c:/Users/kille/Documents/GitHub/TFM-UPM/Practica/Prueba1_demo_v1.0/prueba1_demo.gen/sources_1/bd/design_1/hdl/design_1_wrapper.vhd
INFO: [BD 41-1029] Generation completed for the IP Integrator block top_system_0 .
INFO: [BD 41-1637] Generated targets are already up-to-date for block design 'bd_f60c' - hence not re-generating.
INFO: [BD 41-1637] Generated targets are already up-to-date for block design 'bd_f69c' - hence not re-generating.
INFO: [BD 41-1029] Generation completed for the IP Integrator block clk_wiz_0 .
INFO: [BD 41-1982] Skipping generation for the cell util_vector_logic_0, which is locked by user.
Exporting to file c:/Users/kille/Documents/GitHub/TFM-UPM/Practica/Prueba1_demo_v1.0/prueba1_demo.gen/sources_1/bd/design_1/hw_handoff/design_1.hwh
Generated Hardware Definition File c:/Users/kille/Documents/GitHub/TFM-UPM/Practica/Prueba1_demo_v1.0/prueba1_demo.gen/sources_1/bd/design_1/synth/design_1.hwdef
WARNING: [filemgmt 56-199] Attempt to get parsing info during refresh. "On-the-fly" syntax checking information may be incorrect. [C:\Users\kille\Documents\GitHub\TFM-UPM\Practica\Prueba1_demo_v1.0\prueba1_demo.srcs\sources_1\new\top_system.vhd:]
WARNING: [filemgmt 56-199] Attempt to get parsing info during refresh. "On-the-fly" syntax checking information may be incorrect. [C:\Users\kille\Documents\GitHub\TFM-UPM\Practica\Prueba1_demo_v1.0\prueba1_demo.srcs\sources_1\new\apa102_ctrl.vhd:]
WARNING: [filemgmt 56-199] Attempt to get parsing info during refresh. "On-the-fly" syntax checking information may be incorrect. [C:\Users\kille\Documents\GitHub\TFM-UPM\Practica\Prueba1_demo_v1.0\prueba1_demo.srcs\sources_1\new\i2s_transceiver.vhd:]
WARNING: [filemgmt 56-199] Attempt to get parsing info during refresh. "On-the-fly" syntax checking information may be incorrect. [C:\Users\kille\Documents\GitHub\TFM-UPM\Practica\Prueba1_demo_v1.0\prueba1_demo.srcs\sources_1\new\audio_player.vhd:]
WARNING: [filemgmt 56-199] Attempt to get parsing info during refresh. "On-the-fly" syntax checking information may be incorrect. [C:\Users\kille\Documents\GitHub\TFM-UPM\Practica\Prueba1_demo_v1.0\prueba1_demo.srcs\sources_1\new\tas2110_i2c_ctrl.vhd:]
WARNING: [filemgmt 56-199] Attempt to get parsing info during refresh. "On-the-fly" syntax checking information may be incorrect. [C:\Users\kille\Documents\GitHub\TFM-UPM\Practica\Prueba1_demo_v1.0\prueba1_demo.srcs\sources_1\new\top_system.vhd:]
WARNING: [filemgmt 56-199] Attempt to get parsing info during refresh. "On-the-fly" syntax checking information may be incorrect. [C:\Users\kille\Documents\GitHub\TFM-UPM\Practica\Prueba1_demo_v1.0\prueba1_demo.srcs\sources_1\new\top_system.vhd:]
WARNING: [filemgmt 56-199] Attempt to get parsing info during refresh. "On-the-fly" syntax checking information may be incorrect. [C:\Users\kille\Documents\GitHub\TFM-UPM\Practica\Prueba1_demo_v1.0\prueba1_demo.srcs\sources_1\new\top_system.vhd:]
WARNING: [filemgmt 56-199] Attempt to get parsing info during refresh. "On-the-fly" syntax checking information may be incorrect. [C:\Users\kille\Documents\GitHub\TFM-UPM\Practica\Prueba1_demo_v1.0\prueba1_demo.srcs\sources_1\new\apa102_ctrl.vhd:]
WARNING: [filemgmt 56-199] Attempt to get parsing info during refresh. "On-the-fly" syntax checking information may be incorrect. [C:\Users\kille\Documents\GitHub\TFM-UPM\Practica\Prueba1_demo_v1.0\prueba1_demo.srcs\sources_1\new\i2s_transceiver.vhd:]
WARNING: [filemgmt 56-199] Attempt to get parsing info during refresh. "On-the-fly" syntax checking information may be incorrect. [C:\Users\kille\Documents\GitHub\TFM-UPM\Practica\Prueba1_demo_v1.0\prueba1_demo.srcs\sources_1\new\audio_player.vhd:]
WARNING: [filemgmt 56-199] Attempt to get parsing info during refresh. "On-the-fly" syntax checking information may be incorrect. [C:\Users\kille\Documents\GitHub\TFM-UPM\Practica\Prueba1_demo_v1.0\prueba1_demo.srcs\sources_1\new\tas2110_i2c_ctrl.vhd:]
WARNING: [filemgmt 56-199] Attempt to get parsing info during refresh. "On-the-fly" syntax checking information may be incorrect. [C:\Users\kille\Documents\GitHub\TFM-UPM\Practica\Prueba1_demo_v1.0\prueba1_demo.srcs\sources_1\new\tas2110_i2c_ctrl.vhd:]
WARNING: [filemgmt 56-199] Attempt to get parsing info during refresh. "On-the-fly" syntax checking information may be incorrect. [C:\Users\kille\Documents\GitHub\TFM-UPM\Practica\Prueba1_demo_v1.0\prueba1_demo.srcs\sources_1\new\tas2110_i2c_ctrl.vhd:]
[Thu Aug  6 18:38:59 2026] Launched design_1_clk_wiz_0_0_synth_1, design_1_top_system_0_1_synth_1, synth_1...
Run output will be captured here:
design_1_clk_wiz_0_0_synth_1: C:/Users/kille/Documents/GitHub/TFM-UPM/Practica/Prueba1_demo_v1.0/prueba1_demo.runs/design_1_clk_wiz_0_0_synth_1/runme.log
design_1_top_system_0_1_synth_1: C:/Users/kille/Documents/GitHub/TFM-UPM/Practica/Prueba1_demo_v1.0/prueba1_demo.runs/design_1_top_system_0_1_synth_1/runme.log
synth_1: C:/Users/kille/Documents/GitHub/TFM-UPM/Practica/Prueba1_demo_v1.0/prueba1_demo.runs/synth_1/runme.log
[Thu Aug  6 18:38:59 2026] Launched impl_1...
Run output will be captured here: C:/Users/kille/Documents/GitHub/TFM-UPM/Practica/Prueba1_demo_v1.0/prueba1_demo.runs/impl_1/runme.log
launch_runs: Time (s): cpu = 00:00:03 ; elapsed = 00:00:06 . Memory (MB): peak = 2954.176 ; gain = 0.000
reset_run synth_1
reset_run design_1_clk_wiz_0_0_synth_1
WARNING: [filemgmt 56-199] Attempt to get parsing info during refresh. "On-the-fly" syntax checking information may be incorrect. [C:\Users\kille\Documents\GitHub\TFM-UPM\Practica\Prueba1_demo_v1.0\prueba1_demo.srcs\sources_1\new\top_system.vhd:]
WARNING: [filemgmt 56-199] Attempt to get parsing info during refresh. "On-the-fly" syntax checking information may be incorrect. [C:\Users\kille\Documents\GitHub\TFM-UPM\Practica\Prueba1_demo_v1.0\prueba1_demo.srcs\sources_1\new\apa102_ctrl.vhd:]
WARNING: [filemgmt 56-199] Attempt to get parsing info during refresh. "On-the-fly" syntax checking information may be incorrect. [C:\Users\kille\Documents\GitHub\TFM-UPM\Practica\Prueba1_demo_v1.0\prueba1_demo.srcs\sources_1\new\i2s_transceiver.vhd:]
WARNING: [filemgmt 56-199] Attempt to get parsing info during refresh. "On-the-fly" syntax checking information may be incorrect. [C:\Users\kille\Documents\GitHub\TFM-UPM\Practica\Prueba1_demo_v1.0\prueba1_demo.srcs\sources_1\new\audio_player.vhd:]
WARNING: [filemgmt 56-199] Attempt to get parsing info during refresh. "On-the-fly" syntax checking information may be incorrect. [C:\Users\kille\Documents\GitHub\TFM-UPM\Practica\Prueba1_demo_v1.0\prueba1_demo.srcs\sources_1\new\tas2110_i2c_ctrl.vhd:]
WARNING: [filemgmt 56-199] Attempt to get parsing info during refresh. "On-the-fly" syntax checking information may be incorrect. [C:\Users\kille\Documents\GitHub\TFM-UPM\Practica\Prueba1_demo_v1.0\prueba1_demo.srcs\sources_1\new\audio_player.vhd:]
WARNING: [filemgmt 56-199] Attempt to get parsing info during refresh. "On-the-fly" syntax checking information may be incorrect. [C:\Users\kille\Documents\GitHub\TFM-UPM\Practica\Prueba1_demo_v1.0\prueba1_demo.srcs\sources_1\new\audio_player.vhd:]
WARNING: [filemgmt 56-199] Attempt to get parsing info during refresh. "On-the-fly" syntax checking information may be incorrect. [C:\Users\kille\Documents\GitHub\TFM-UPM\Practica\Prueba1_demo_v1.0\prueba1_demo.srcs\sources_1\new\top_system.vhd:]
WARNING: [filemgmt 56-199] Attempt to get parsing info during refresh. "On-the-fly" syntax checking information may be incorrect. [C:\Users\kille\Documents\GitHub\TFM-UPM\Practica\Prueba1_demo_v1.0\prueba1_demo.srcs\sources_1\new\apa102_ctrl.vhd:]
WARNING: [filemgmt 56-199] Attempt to get parsing info during refresh. "On-the-fly" syntax checking information may be incorrect. [C:\Users\kille\Documents\GitHub\TFM-UPM\Practica\Prueba1_demo_v1.0\prueba1_demo.srcs\sources_1\new\i2s_transceiver.vhd:]
WARNING: [filemgmt 56-199] Attempt to get parsing info during refresh. "On-the-fly" syntax checking information may be incorrect. [C:\Users\kille\Documents\GitHub\TFM-UPM\Practica\Prueba1_demo_v1.0\prueba1_demo.srcs\sources_1\new\audio_player.vhd:]
WARNING: [filemgmt 56-199] Attempt to get parsing info during refresh. "On-the-fly" syntax checking information may be incorrect. [C:\Users\kille\Documents\GitHub\TFM-UPM\Practica\Prueba1_demo_v1.0\prueba1_demo.srcs\sources_1\new\tas2110_i2c_ctrl.vhd:]
WARNING: [filemgmt 56-199] Attempt to get parsing info during refresh. "On-the-fly" syntax checking information may be incorrect. [C:\Users\kille\Documents\GitHub\TFM-UPM\Practica\Prueba1_demo_v1.0\prueba1_demo.srcs\sources_1\new\i2s_transceiver.vhd:]
WARNING: [filemgmt 56-199] Attempt to get parsing info during refresh. "On-the-fly" syntax checking information may be incorrect. [C:\Users\kille\Documents\GitHub\TFM-UPM\Practica\Prueba1_demo_v1.0\prueba1_demo.srcs\sources_1\new\i2s_transceiver.vhd:]
WARNING: [Vivado 12-1017] Problems encountered:
1. Failed to delete one or more files in run directory C:/Users/kille/Documents/GitHub/TFM-UPM/Practica/Prueba1_demo_v1.0/prueba1_demo.runs/design_1_clk_wiz_0_0_synth_1

reset_run design_1_top_system_0_1_synth_1
ERROR: [Common 17-180] Spawn failed: La operación se completó correctamente.

WARNING: [filemgmt 56-199] Attempt to get parsing info during refresh. "On-the-fly" syntax checking information may be incorrect. [C:\Users\kille\Documents\GitHub\TFM-UPM\Practica\Prueba1_demo_v1.0\prueba1_demo.srcs\sources_1\new\top_system.vhd:]
WARNING: [filemgmt 56-199] Attempt to get parsing info during refresh. "On-the-fly" syntax checking information may be incorrect. [C:\Users\kille\Documents\GitHub\TFM-UPM\Practica\Prueba1_demo_v1.0\prueba1_demo.srcs\sources_1\new\apa102_ctrl.vhd:]
WARNING: [filemgmt 56-199] Attempt to get parsing info during refresh. "On-the-fly" syntax checking information may be incorrect. [C:\Users\kille\Documents\GitHub\TFM-UPM\Practica\Prueba1_demo_v1.0\prueba1_demo.srcs\sources_1\new\i2s_transceiver.vhd:]
WARNING: [filemgmt 56-199] Attempt to get parsing info during refresh. "On-the-fly" syntax checking information may be incorrect. [C:\Users\kille\Documents\GitHub\TFM-UPM\Practica\Prueba1_demo_v1.0\prueba1_demo.srcs\sources_1\new\audio_player.vhd:]
WARNING: [filemgmt 56-199] Attempt to get parsing info during refresh. "On-the-fly" syntax checking information may be incorrect. [C:\Users\kille\Documents\GitHub\TFM-UPM\Practica\Prueba1_demo_v1.0\prueba1_demo.srcs\sources_1\new\tas2110_i2c_ctrl.vhd:]
WARNING: [filemgmt 56-199] Attempt to get parsing info during refresh. "On-the-fly" syntax checking information may be incorrect. [C:\Users\kille\Documents\GitHub\TFM-UPM\Practica\Prueba1_demo_v1.0\prueba1_demo.srcs\sources_1\new\tas2110_i2c_ctrl.vhd:]
WARNING: [filemgmt 56-199] Attempt to get parsing info during refresh. "On-the-fly" syntax checking information may be incorrect. [C:\Users\kille\Documents\GitHub\TFM-UPM\Practica\Prueba1_demo_v1.0\prueba1_demo.srcs\sources_1\new\tas2110_i2c_ctrl.vhd:]
WARNING: [Vivado 12-1017] Problems encountered:
1. Failed to delete one or more files in run directory C:/Users/kille/Documents/GitHub/TFM-UPM/Practica/Prueba1_demo_v1.0/prueba1_demo.runs/design_1_top_system_0_1_synth_1

ERROR: [Common 17-39] 'reset_runs' failed due to earlier errors.
launch_runs impl_1 -to_step write_bitstream -jobs 12
[Thu Aug  6 18:39:23 2026] Launched design_1_clk_wiz_0_0_synth_1, design_1_top_system_0_1_synth_1, synth_1...
Run output will be captured here:
design_1_clk_wiz_0_0_synth_1: C:/Users/kille/Documents/GitHub/TFM-UPM/Practica/Prueba1_demo_v1.0/prueba1_demo.runs/design_1_clk_wiz_0_0_synth_1/runme.log
design_1_top_system_0_1_synth_1: C:/Users/kille/Documents/GitHub/TFM-UPM/Practica/Prueba1_demo_v1.0/prueba1_demo.runs/design_1_top_system_0_1_synth_1/runme.log
synth_1: C:/Users/kille/Documents/GitHub/TFM-UPM/Practica/Prueba1_demo_v1.0/prueba1_demo.runs/synth_1/runme.log
[Thu Aug  6 18:39:23 2026] Launched impl_1...
Run output will be captured here: C:/Users/kille/Documents/GitHub/TFM-UPM/Practica/Prueba1_demo_v1.0/prueba1_demo.runs/impl_1/runme.log
WARNING: [filemgmt 56-199] Attempt to get parsing info during refresh. "On-the-fly" syntax checking information may be incorrect. [C:\Users\kille\Documents\GitHub\TFM-UPM\Practica\Prueba1_demo_v1.0\prueba1_demo.srcs\sources_1\new\top_system.vhd:]
WARNING: [filemgmt 56-199] Attempt to get parsing info during refresh. "On-the-fly" syntax checking information may be incorrect. [C:\Users\kille\Documents\GitHub\TFM-UPM\Practica\Prueba1_demo_v1.0\prueba1_demo.srcs\sources_1\new\apa102_ctrl.vhd:]
WARNING: [filemgmt 56-199] Attempt to get parsing info during refresh. "On-the-fly" syntax checking information may be incorrect. [C:\Users\kille\Documents\GitHub\TFM-UPM\Practica\Prueba1_demo_v1.0\prueba1_demo.srcs\sources_1\new\i2s_transceiver.vhd:]
WARNING: [filemgmt 56-199] Attempt to get parsing info during refresh. "On-the-fly" syntax checking information may be incorrect. [C:\Users\kille\Documents\GitHub\TFM-UPM\Practica\Prueba1_demo_v1.0\prueba1_demo.srcs\sources_1\new\audio_player.vhd:]
WARNING: [filemgmt 56-199] Attempt to get parsing info during refresh. "On-the-fly" syntax checking information may be incorrect. [C:\Users\kille\Documents\GitHub\TFM-UPM\Practica\Prueba1_demo_v1.0\prueba1_demo.srcs\sources_1\new\tas2110_i2c_ctrl.vhd:]
WARNING: [filemgmt 56-199] Attempt to get parsing info during refresh. "On-the-fly" syntax checking information may be incorrect. [C:\Users\kille\Documents\GitHub\TFM-UPM\Practica\Prueba1_demo_v1.0\prueba1_demo.srcs\sources_1\new\top_system.vhd:]
WARNING: [filemgmt 56-199] Attempt to get parsing info during refresh. "On-the-fly" syntax checking information may be incorrect. [C:\Users\kille\Documents\GitHub\TFM-UPM\Practica\Prueba1_demo_v1.0\prueba1_demo.srcs\sources_1\new\top_system.vhd:]
WARNING: [filemgmt 56-199] Attempt to get parsing info during refresh. "On-the-fly" syntax checking information may be incorrect. [C:\Users\kille\Documents\GitHub\TFM-UPM\Practica\Prueba1_demo_v1.0\prueba1_demo.srcs\sources_1\new\top_system.vhd:]
WARNING: [filemgmt 56-199] Attempt to get parsing info during refresh. "On-the-fly" syntax checking information may be incorrect. [C:\Users\kille\Documents\GitHub\TFM-UPM\Practica\Prueba1_demo_v1.0\prueba1_demo.srcs\sources_1\new\apa102_ctrl.vhd:]
WARNING: [filemgmt 56-199] Attempt to get parsing info during refresh. "On-the-fly" syntax checking information may be incorrect. [C:\Users\kille\Documents\GitHub\TFM-UPM\Practica\Prueba1_demo_v1.0\prueba1_demo.srcs\sources_1\new\i2s_transceiver.vhd:]
WARNING: [filemgmt 56-199] Attempt to get parsing info during refresh. "On-the-fly" syntax checking information may be incorrect. [C:\Users\kille\Documents\GitHub\TFM-UPM\Practica\Prueba1_demo_v1.0\prueba1_demo.srcs\sources_1\new\audio_player.vhd:]
WARNING: [filemgmt 56-199] Attempt to get parsing info during refresh. "On-the-fly" syntax checking information may be incorrect. [C:\Users\kille\Documents\GitHub\TFM-UPM\Practica\Prueba1_demo_v1.0\prueba1_demo.srcs\sources_1\new\tas2110_i2c_ctrl.vhd:]
WARNING: [filemgmt 56-199] Attempt to get parsing info during refresh. "On-the-fly" syntax checking information may be incorrect. [C:\Users\kille\Documents\GitHub\TFM-UPM\Practica\Prueba1_demo_v1.0\prueba1_demo.srcs\sources_1\new\tas2110_i2c_ctrl.vhd:]
WARNING: [filemgmt 56-199] Attempt to get parsing info during refresh. "On-the-fly" syntax checking information may be incorrect. [C:\Users\kille\Documents\GitHub\TFM-UPM\Practica\Prueba1_demo_v1.0\prueba1_demo.srcs\sources_1\new\tas2110_i2c_ctrl.vhd:]
WARNING: [filemgmt 56-199] Attempt to get parsing info during refresh. "On-the-fly" syntax checking information may be incorrect. [C:\Users\kille\Documents\GitHub\TFM-UPM\Practica\Prueba1_demo_v1.0\prueba1_demo.srcs\sources_1\new\top_system.vhd:]
WARNING: [filemgmt 56-199] Attempt to get parsing info during refresh. "On-the-fly" syntax checking information may be incorrect. [C:\Users\kille\Documents\GitHub\TFM-UPM\Practica\Prueba1_demo_v1.0\prueba1_demo.srcs\sources_1\new\apa102_ctrl.vhd:]
WARNING: [filemgmt 56-199] Attempt to get parsing info during refresh. "On-the-fly" syntax checking information may be incorrect. [C:\Users\kille\Documents\GitHub\TFM-UPM\Practica\Prueba1_demo_v1.0\prueba1_demo.srcs\sources_1\new\i2s_transceiver.vhd:]
WARNING: [filemgmt 56-199] Attempt to get parsing info during refresh. "On-the-fly" syntax checking information may be incorrect. [C:\Users\kille\Documents\GitHub\TFM-UPM\Practica\Prueba1_demo_v1.0\prueba1_demo.srcs\sources_1\new\audio_player.vhd:]
WARNING: [filemgmt 56-199] Attempt to get parsing info during refresh. "On-the-fly" syntax checking information may be incorrect. [C:\Users\kille\Documents\GitHub\TFM-UPM\Practica\Prueba1_demo_v1.0\prueba1_demo.srcs\sources_1\new\tas2110_i2c_ctrl.vhd:]
WARNING: [filemgmt 56-199] Attempt to get parsing info during refresh. "On-the-fly" syntax checking information may be incorrect. [C:\Users\kille\Documents\GitHub\TFM-UPM\Practica\Prueba1_demo_v1.0\prueba1_demo.srcs\sources_1\new\i2s_transceiver.vhd:]
WARNING: [filemgmt 56-199] Attempt to get parsing info during refresh. "On-the-fly" syntax checking information may be incorrect. [C:\Users\kille\Documents\GitHub\TFM-UPM\Practica\Prueba1_demo_v1.0\prueba1_demo.srcs\sources_1\new\i2s_transceiver.vhd:]
WARNING: [filemgmt 56-199] Attempt to get parsing info during refresh. "On-the-fly" syntax checking information may be incorrect. [C:\Users\kille\Documents\GitHub\TFM-UPM\Practica\Prueba1_demo_v1.0\prueba1_demo.srcs\sources_1\new\top_system.vhd:]
WARNING: [filemgmt 56-199] Attempt to get parsing info during refresh. "On-the-fly" syntax checking information may be incorrect. [C:\Users\kille\Documents\GitHub\TFM-UPM\Practica\Prueba1_demo_v1.0\prueba1_demo.srcs\sources_1\new\apa102_ctrl.vhd:]
WARNING: [filemgmt 56-199] Attempt to get parsing info during refresh. "On-the-fly" syntax checking information may be incorrect. [C:\Users\kille\Documents\GitHub\TFM-UPM\Practica\Prueba1_demo_v1.0\prueba1_demo.srcs\sources_1\new\i2s_transceiver.vhd:]
WARNING: [filemgmt 56-199] Attempt to get parsing info during refresh. "On-the-fly" syntax checking information may be incorrect. [C:\Users\kille\Documents\GitHub\TFM-UPM\Practica\Prueba1_demo_v1.0\prueba1_demo.srcs\sources_1\new\audio_player.vhd:]
WARNING: [filemgmt 56-199] Attempt to get parsing info during refresh. "On-the-fly" syntax checking information may be incorrect. [C:\Users\kille\Documents\GitHub\TFM-UPM\Practica\Prueba1_demo_v1.0\prueba1_demo.srcs\sources_1\new\tas2110_i2c_ctrl.vhd:]
WARNING: [filemgmt 56-199] Attempt to get parsing info during refresh. "On-the-fly" syntax checking information may be incorrect. [C:\Users\kille\Documents\GitHub\TFM-UPM\Practica\Prueba1_demo_v1.0\prueba1_demo.srcs\sources_1\new\apa102_ctrl.vhd:]
WARNING: [filemgmt 56-199] Attempt to get parsing info during refresh. "On-the-fly" syntax checking information may be incorrect. [C:\Users\kille\Documents\GitHub\TFM-UPM\Practica\Prueba1_demo_v1.0\prueba1_demo.srcs\sources_1\new\apa102_ctrl.vhd:]
ERROR: [Common 17-180] Spawn failed: La operación se completó correctamente.

WARNING: [filemgmt 56-199] Attempt to get parsing info during refresh. "On-the-fly" syntax checking information may be incorrect. [C:\Users\kille\Documents\GitHub\TFM-UPM\Practica\Prueba1_demo_v1.0\prueba1_demo.srcs\sources_1\new\top_system.vhd:]
WARNING: [filemgmt 56-199] Attempt to get parsing info during refresh. "On-the-fly" syntax checking information may be incorrect. [C:\Users\kille\Documents\GitHub\TFM-UPM\Practica\Prueba1_demo_v1.0\prueba1_demo.srcs\sources_1\new\apa102_ctrl.vhd:]
WARNING: [filemgmt 56-199] Attempt to get parsing info during refresh. "On-the-fly" syntax checking information may be incorrect. [C:\Users\kille\Documents\GitHub\TFM-UPM\Practica\Prueba1_demo_v1.0\prueba1_demo.srcs\sources_1\new\i2s_transceiver.vhd:]
WARNING: [filemgmt 56-199] Attempt to get parsing info during refresh. "On-the-fly" syntax checking information may be incorrect. [C:\Users\kille\Documents\GitHub\TFM-UPM\Practica\Prueba1_demo_v1.0\prueba1_demo.srcs\sources_1\new\audio_player.vhd:]
WARNING: [filemgmt 56-199] Attempt to get parsing info during refresh. "On-the-fly" syntax checking information may be incorrect. [C:\Users\kille\Documents\GitHub\TFM-UPM\Practica\Prueba1_demo_v1.0\prueba1_demo.srcs\sources_1\new\tas2110_i2c_ctrl.vhd:]
WARNING: [filemgmt 56-199] Attempt to get parsing info during refresh. "On-the-fly" syntax checking information may be incorrect. [C:\Users\kille\Documents\GitHub\TFM-UPM\Practica\Prueba1_demo_v1.0\prueba1_demo.srcs\sources_1\new\top_system.vhd:]
WARNING: [filemgmt 56-199] Attempt to get parsing info during refresh. "On-the-fly" syntax checking information may be incorrect. [C:\Users\kille\Documents\GitHub\TFM-UPM\Practica\Prueba1_demo_v1.0\prueba1_demo.srcs\sources_1\new\top_system.vhd:]
WARNING: [filemgmt 56-199] Attempt to get parsing info during refresh. "On-the-fly" syntax checking information may be incorrect. [C:\Users\kille\Documents\GitHub\TFM-UPM\Practica\Prueba1_demo_v1.0\prueba1_demo.srcs\sources_1\new\top_system.vhd:]
WARNING: [filemgmt 56-199] Attempt to get parsing info during refresh. "On-the-fly" syntax checking information may be incorrect. [C:\Users\kille\Documents\GitHub\TFM-UPM\Practica\Prueba1_demo_v1.0\prueba1_demo.srcs\sources_1\new\apa102_ctrl.vhd:]
WARNING: [filemgmt 56-199] Attempt to get parsing info during refresh. "On-the-fly" syntax checking information may be incorrect. [C:\Users\kille\Documents\GitHub\TFM-UPM\Practica\Prueba1_demo_v1.0\prueba1_demo.srcs\sources_1\new\i2s_transceiver.vhd:]
WARNING: [filemgmt 56-199] Attempt to get parsing info during refresh. "On-the-fly" syntax checking information may be incorrect. [C:\Users\kille\Documents\GitHub\TFM-UPM\Practica\Prueba1_demo_v1.0\prueba1_demo.srcs\sources_1\new\audio_player.vhd:]
WARNING: [filemgmt 56-199] Attempt to get parsing info during refresh. "On-the-fly" syntax checking information may be incorrect. [C:\Users\kille\Documents\GitHub\TFM-UPM\Practica\Prueba1_demo_v1.0\prueba1_demo.srcs\sources_1\new\tas2110_i2c_ctrl.vhd:]
WARNING: [filemgmt 56-199] Attempt to get parsing info during refresh. "On-the-fly" syntax checking information may be incorrect. [C:\Users\kille\Documents\GitHub\TFM-UPM\Practica\Prueba1_demo_v1.0\prueba1_demo.srcs\sources_1\new\i2s_transceiver.vhd:]
WARNING: [filemgmt 56-199] Attempt to get parsing info during refresh. "On-the-fly" syntax checking information may be incorrect. [C:\Users\kille\Documents\GitHub\TFM-UPM\Practica\Prueba1_demo_v1.0\prueba1_demo.srcs\sources_1\new\i2s_transceiver.vhd:]
WARNING: [filemgmt 56-199] Attempt to get parsing info during refresh. "On-the-fly" syntax checking information may be incorrect. [C:\Users\kille\Documents\GitHub\TFM-UPM\Practica\Prueba1_demo_v1.0\prueba1_demo.srcs\sources_1\new\top_system.vhd:]
WARNING: [filemgmt 56-199] Attempt to get parsing info during refresh. "On-the-fly" syntax checking information may be incorrect. [C:\Users\kille\Documents\GitHub\TFM-UPM\Practica\Prueba1_demo_v1.0\prueba1_demo.srcs\sources_1\new\apa102_ctrl.vhd:]
WARNING: [filemgmt 56-199] Attempt to get parsing info during refresh. "On-the-fly" syntax checking information may be incorrect. [C:\Users\kille\Documents\GitHub\TFM-UPM\Practica\Prueba1_demo_v1.0\prueba1_demo.srcs\sources_1\new\i2s_transceiver.vhd:]
WARNING: [filemgmt 56-199] Attempt to get parsing info during refresh. "On-the-fly" syntax checking information may be incorrect. [C:\Users\kille\Documents\GitHub\TFM-UPM\Practica\Prueba1_demo_v1.0\prueba1_demo.srcs\sources_1\new\audio_player.vhd:]
WARNING: [filemgmt 56-199] Attempt to get parsing info during refresh. "On-the-fly" syntax checking information may be incorrect. [C:\Users\kille\Documents\GitHub\TFM-UPM\Practica\Prueba1_demo_v1.0\prueba1_demo.srcs\sources_1\new\tas2110_i2c_ctrl.vhd:]
WARNING: [filemgmt 56-199] Attempt to get parsing info during refresh. "On-the-fly" syntax checking information may be incorrect. [C:\Users\kille\Documents\GitHub\TFM-UPM\Practica\Prueba1_demo_v1.0\prueba1_demo.srcs\sources_1\new\audio_player.vhd:]
WARNING: [filemgmt 56-199] Attempt to get parsing info during refresh. "On-the-fly" syntax checking information may be incorrect. [C:\Users\kille\Documents\GitHub\TFM-UPM\Practica\Prueba1_demo_v1.0\prueba1_demo.srcs\sources_1\new\audio_player.vhd:]
ERROR: [Common 17-180] Spawn failed: La operación se completó correctamente.

WARNING: [filemgmt 56-199] Attempt to get parsing info during refresh. "On-the-fly" syntax checking information may be incorrect. [C:\Users\kille\Documents\GitHub\TFM-UPM\Practica\Prueba1_demo_v1.0\prueba1_demo.srcs\sources_1\new\top_system.vhd:]
WARNING: [filemgmt 56-199] Attempt to get parsing info during refresh. "On-the-fly" syntax checking information may be incorrect. [C:\Users\kille\Documents\GitHub\TFM-UPM\Practica\Prueba1_demo_v1.0\prueba1_demo.srcs\sources_1\new\apa102_ctrl.vhd:]
WARNING: [filemgmt 56-199] Attempt to get parsing info during refresh. "On-the-fly" syntax checking information may be incorrect. [C:\Users\kille\Documents\GitHub\TFM-UPM\Practica\Prueba1_demo_v1.0\prueba1_demo.srcs\sources_1\new\i2s_transceiver.vhd:]
WARNING: [filemgmt 56-199] Attempt to get parsing info during refresh. "On-the-fly" syntax checking information may be incorrect. [C:\Users\kille\Documents\GitHub\TFM-UPM\Practica\Prueba1_demo_v1.0\prueba1_demo.srcs\sources_1\new\audio_player.vhd:]
WARNING: [filemgmt 56-199] Attempt to get parsing info during refresh. "On-the-fly" syntax checking information may be incorrect. [C:\Users\kille\Documents\GitHub\TFM-UPM\Practica\Prueba1_demo_v1.0\prueba1_demo.srcs\sources_1\new\tas2110_i2c_ctrl.vhd:]
WARNING: [filemgmt 56-199] Attempt to get parsing info during refresh. "On-the-fly" syntax checking information may be incorrect. [C:\Users\kille\Documents\GitHub\TFM-UPM\Practica\Prueba1_demo_v1.0\prueba1_demo.srcs\sources_1\new\apa102_ctrl.vhd:]
WARNING: [filemgmt 56-199] Attempt to get parsing info during refresh. "On-the-fly" syntax checking information may be incorrect. [C:\Users\kille\Documents\GitHub\TFM-UPM\Practica\Prueba1_demo_v1.0\prueba1_demo.srcs\sources_1\new\apa102_ctrl.vhd:]
open_hw_manager
connect_hw_server -allow_non_jtag
INFO: [Labtools 27-2285] Connecting to hw_server url TCP:localhost:3121
INFO: [Labtools 27-2222] Launching hw_server...
INFO: [Labtools 27-2221] Launch Output:

****** Xilinx hw_server v2025.1
  **** Build date : May  6 2025 at 09:15:36
    ** Copyright 1986-2022 Xilinx, Inc. All Rights Reserved.


INFO: [Labtools 27-3415] Connecting to cs_server url TCP:localhost:0
INFO: [Labtools 27-3417] Launching cs_server...
INFO: [Labtools 27-2221] Launch Output:


******** Xilinx cs_server v2025.1.0
  ****** Build date   : May 13 2025-21:15:27
    **** Build number : 2025.1.1747163727
      ** Copyright 2017-2022 Xilinx, Inc. All Rights Reserved.
      ** Copyright 2022-2026 Advanced Micro Devices, Inc. All Rights Reserved.



connect_hw_server: Time (s): cpu = 00:00:01 ; elapsed = 00:00:08 . Memory (MB): peak = 2954.176 ; gain = 0.000
open_hw_target
INFO: [Labtoolstcl 44-466] Opening hw_target localhost:3121/xilinx_tcf/Digilent/210292AD31A3A
set_property PROGRAM.FILE {C:/Users/kille/Documents/GitHub/TFM-UPM/Practica/Prueba1_demo_v1.0/prueba1_demo.runs/impl_1/design_1_wrapper.bit} [get_hw_devices xc7a100t_0]
set_property PROBES.FILE {C:/Users/kille/Documents/GitHub/TFM-UPM/Practica/Prueba1_demo_v1.0/prueba1_demo.runs/impl_1/design_1_wrapper.ltx} [get_hw_devices xc7a100t_0]
set_property FULL_PROBES.FILE {C:/Users/kille/Documents/GitHub/TFM-UPM/Practica/Prueba1_demo_v1.0/prueba1_demo.runs/impl_1/design_1_wrapper.ltx} [get_hw_devices xc7a100t_0]
current_hw_device [get_hw_devices xc7a100t_0]
refresh_hw_device [lindex [get_hw_devices xc7a100t_0] 0]
INFO: [Labtools 27-2302] Device xc7a100t (JTAG device index = 0) is programmed with a design that has 2 ILA core(s).
display_hw_ila_data [ get_hw_ila_data hw_ila_data_1 -of_objects [get_hw_ilas -of_objects [get_hw_devices xc7a100t_0] -filter {CELL_NAME=~"design_1_i/system_ila_0/U0/ila_lib"}]]
display_hw_ila_data [ get_hw_ila_data hw_ila_data_2 -of_objects [get_hw_ilas -of_objects [get_hw_devices xc7a100t_0] -filter {CELL_NAME=~"design_1_i/system_ila_1/U0/ila_lib"}]]
set_property PROBES.FILE {C:/Users/kille/Documents/GitHub/TFM-UPM/Practica/Prueba1_demo_v1.0/prueba1_demo.runs/impl_1/design_1_wrapper.ltx} [get_hw_devices xc7a100t_0]
set_property FULL_PROBES.FILE {C:/Users/kille/Documents/GitHub/TFM-UPM/Practica/Prueba1_demo_v1.0/prueba1_demo.runs/impl_1/design_1_wrapper.ltx} [get_hw_devices xc7a100t_0]
set_property PROGRAM.FILE {C:/Users/kille/Documents/GitHub/TFM-UPM/Practica/Prueba1_demo_v1.0/prueba1_demo.runs/impl_1/design_1_wrapper.bit} [get_hw_devices xc7a100t_0]
program_hw_devices [get_hw_devices xc7a100t_0]
INFO: [Labtools 27-3164] End of startup status: HIGH
refresh_hw_device [lindex [get_hw_devices xc7a100t_0] 0]
INFO: [Labtools 27-2302] Device xc7a100t (JTAG device index = 0) is programmed with a design that has 2 ILA core(s).
set_property PROBES.FILE {C:/Users/kille/Documents/GitHub/TFM-UPM/Practica/Prueba1_demo_v1.0/prueba1_demo.runs/impl_1/design_1_wrapper.ltx} [get_hw_devices xc7a100t_0]
set_property FULL_PROBES.FILE {C:/Users/kille/Documents/GitHub/TFM-UPM/Practica/Prueba1_demo_v1.0/prueba1_demo.runs/impl_1/design_1_wrapper.ltx} [get_hw_devices xc7a100t_0]
set_property PROGRAM.FILE {C:/Users/kille/Documents/GitHub/TFM-UPM/Practica/Prueba1_demo_v1.0/prueba1_demo.runs/impl_1/design_1_wrapper.bit} [get_hw_devices xc7a100t_0]
program_hw_devices [get_hw_devices xc7a100t_0]
INFO: [Labtools 27-3164] End of startup status: HIGH
refresh_hw_device [lindex [get_hw_devices xc7a100t_0] 0]
INFO: [Labtools 27-2302] Device xc7a100t (JTAG device index = 0) is programmed with a design that has 2 ILA core(s).
WARNING: [filemgmt 56-199] Attempt to get parsing info during refresh. "On-the-fly" syntax checking information may be incorrect. [C:\Users\kille\Documents\GitHub\TFM-UPM\Practica\Prueba1_demo_v1.0\prueba1_demo.srcs\sources_1\new\top_system.vhd:]
WARNING: [filemgmt 56-199] Attempt to get parsing info during refresh. "On-the-fly" syntax checking information may be incorrect. [C:\Users\kille\Documents\GitHub\TFM-UPM\Practica\Prueba1_demo_v1.0\prueba1_demo.srcs\sources_1\new\apa102_ctrl.vhd:]
WARNING: [filemgmt 56-199] Attempt to get parsing info during refresh. "On-the-fly" syntax checking information may be incorrect. [C:\Users\kille\Documents\GitHub\TFM-UPM\Practica\Prueba1_demo_v1.0\prueba1_demo.srcs\sources_1\new\i2s_transceiver.vhd:]
WARNING: [filemgmt 56-199] Attempt to get parsing info during refresh. "On-the-fly" syntax checking information may be incorrect. [C:\Users\kille\Documents\GitHub\TFM-UPM\Practica\Prueba1_demo_v1.0\prueba1_demo.srcs\sources_1\new\audio_player.vhd:]
WARNING: [filemgmt 56-199] Attempt to get parsing info during refresh. "On-the-fly" syntax checking information may be incorrect. [C:\Users\kille\Documents\GitHub\TFM-UPM\Practica\Prueba1_demo_v1.0\prueba1_demo.srcs\sources_1\new\tas2110_i2c_ctrl.vhd:]
WARNING: [filemgmt 56-199] Attempt to get parsing info during refresh. "On-the-fly" syntax checking information may be incorrect. [C:\Users\kille\Documents\GitHub\TFM-UPM\Practica\Prueba1_demo_v1.0\prueba1_demo.srcs\sources_1\new\audio_player.vhd:]
WARNING: [filemgmt 56-199] Attempt to get parsing info during refresh. "On-the-fly" syntax checking information may be incorrect. [C:\Users\kille\Documents\GitHub\TFM-UPM\Practica\Prueba1_demo_v1.0\prueba1_demo.srcs\sources_1\new\audio_player.vhd:]
WARNING: [filemgmt 56-199] Attempt to get parsing info during refresh. "On-the-fly" syntax checking information may be incorrect. [C:\Users\kille\Documents\GitHub\TFM-UPM\Practica\Prueba1_demo_v1.0\prueba1_demo.srcs\sources_1\new\top_system.vhd:]
WARNING: [filemgmt 56-199] Attempt to get parsing info during refresh. "On-the-fly" syntax checking information may be incorrect. [C:\Users\kille\Documents\GitHub\TFM-UPM\Practica\Prueba1_demo_v1.0\prueba1_demo.srcs\sources_1\new\apa102_ctrl.vhd:]
WARNING: [filemgmt 56-199] Attempt to get parsing info during refresh. "On-the-fly" syntax checking information may be incorrect. [C:\Users\kille\Documents\GitHub\TFM-UPM\Practica\Prueba1_demo_v1.0\prueba1_demo.srcs\sources_1\new\i2s_transceiver.vhd:]
WARNING: [filemgmt 56-199] Attempt to get parsing info during refresh. "On-the-fly" syntax checking information may be incorrect. [C:\Users\kille\Documents\GitHub\TFM-UPM\Practica\Prueba1_demo_v1.0\prueba1_demo.srcs\sources_1\new\audio_player.vhd:]
WARNING: [filemgmt 56-199] Attempt to get parsing info during refresh. "On-the-fly" syntax checking information may be incorrect. [C:\Users\kille\Documents\GitHub\TFM-UPM\Practica\Prueba1_demo_v1.0\prueba1_demo.srcs\sources_1\new\tas2110_i2c_ctrl.vhd:]
WARNING: [filemgmt 56-199] Attempt to get parsing info during refresh. "On-the-fly" syntax checking information may be incorrect. [C:\Users\kille\Documents\GitHub\TFM-UPM\Practica\Prueba1_demo_v1.0\prueba1_demo.srcs\sources_1\new\i2s_transceiver.vhd:]
WARNING: [filemgmt 56-199] Attempt to get parsing info during refresh. "On-the-fly" syntax checking information may be incorrect. [C:\Users\kille\Documents\GitHub\TFM-UPM\Practica\Prueba1_demo_v1.0\prueba1_demo.srcs\sources_1\new\i2s_transceiver.vhd:]
WARNING: [filemgmt 56-199] Attempt to get parsing info during refresh. "On-the-fly" syntax checking information may be incorrect. [C:\Users\kille\Documents\GitHub\TFM-UPM\Practica\Prueba1_demo_v1.0\prueba1_demo.srcs\sources_1\new\top_system.vhd:]
WARNING: [filemgmt 56-199] Attempt to get parsing info during refresh. "On-the-fly" syntax checking information may be incorrect. [C:\Users\kille\Documents\GitHub\TFM-UPM\Practica\Prueba1_demo_v1.0\prueba1_demo.srcs\sources_1\new\apa102_ctrl.vhd:]
WARNING: [filemgmt 56-199] Attempt to get parsing info during refresh. "On-the-fly" syntax checking information may be incorrect. [C:\Users\kille\Documents\GitHub\TFM-UPM\Practica\Prueba1_demo_v1.0\prueba1_demo.srcs\sources_1\new\i2s_transceiver.vhd:]
WARNING: [filemgmt 56-199] Attempt to get parsing info during refresh. "On-the-fly" syntax checking information may be incorrect. [C:\Users\kille\Documents\GitHub\TFM-UPM\Practica\Prueba1_demo_v1.0\prueba1_demo.srcs\sources_1\new\audio_player.vhd:]
WARNING: [filemgmt 56-199] Attempt to get parsing info during refresh. "On-the-fly" syntax checking information may be incorrect. [C:\Users\kille\Documents\GitHub\TFM-UPM\Practica\Prueba1_demo_v1.0\prueba1_demo.srcs\sources_1\new\tas2110_i2c_ctrl.vhd:]
WARNING: [filemgmt 56-199] Attempt to get parsing info during refresh. "On-the-fly" syntax checking information may be incorrect. [C:\Users\kille\Documents\GitHub\TFM-UPM\Practica\Prueba1_demo_v1.0\prueba1_demo.srcs\sources_1\new\tas2110_i2c_ctrl.vhd:]
WARNING: [filemgmt 56-199] Attempt to get parsing info during refresh. "On-the-fly" syntax checking information may be incorrect. [C:\Users\kille\Documents\GitHub\TFM-UPM\Practica\Prueba1_demo_v1.0\prueba1_demo.srcs\sources_1\new\tas2110_i2c_ctrl.vhd:]
WARNING: [filemgmt 56-199] Attempt to get parsing info during refresh. "On-the-fly" syntax checking information may be incorrect. [C:\Users\kille\Documents\GitHub\TFM-UPM\Practica\Prueba1_demo_v1.0\prueba1_demo.srcs\sources_1\new\top_system.vhd:]
WARNING: [filemgmt 56-199] Attempt to get parsing info during refresh. "On-the-fly" syntax checking information may be incorrect. [C:\Users\kille\Documents\GitHub\TFM-UPM\Practica\Prueba1_demo_v1.0\prueba1_demo.srcs\sources_1\new\apa102_ctrl.vhd:]
WARNING: [filemgmt 56-199] Attempt to get parsing info during refresh. "On-the-fly" syntax checking information may be incorrect. [C:\Users\kille\Documents\GitHub\TFM-UPM\Practica\Prueba1_demo_v1.0\prueba1_demo.srcs\sources_1\new\i2s_transceiver.vhd:]
WARNING: [filemgmt 56-199] Attempt to get parsing info during refresh. "On-the-fly" syntax checking information may be incorrect. [C:\Users\kille\Documents\GitHub\TFM-UPM\Practica\Prueba1_demo_v1.0\prueba1_demo.srcs\sources_1\new\audio_player.vhd:]
WARNING: [filemgmt 56-199] Attempt to get parsing info during refresh. "On-the-fly" syntax checking information may be incorrect. [C:\Users\kille\Documents\GitHub\TFM-UPM\Practica\Prueba1_demo_v1.0\prueba1_demo.srcs\sources_1\new\tas2110_i2c_ctrl.vhd:]
WARNING: [filemgmt 56-199] Attempt to get parsing info during refresh. "On-the-fly" syntax checking information may be incorrect. [C:\Users\kille\Documents\GitHub\TFM-UPM\Practica\Prueba1_demo_v1.0\prueba1_demo.srcs\sources_1\new\apa102_ctrl.vhd:]
WARNING: [filemgmt 56-199] Attempt to get parsing info during refresh. "On-the-fly" syntax checking information may be incorrect. [C:\Users\kille\Documents\GitHub\TFM-UPM\Practica\Prueba1_demo_v1.0\prueba1_demo.srcs\sources_1\new\apa102_ctrl.vhd:]
save_wave_config {C:/Users/kille/Documents/GitHub/TFM-UPM/Practica/Prueba1_demo_v1.0/prueba1_demo.hw/hw_1/wave/hw_ila_data_1/hw_ila_data_1.wcfg}
save_wave_config {C:/Users/kille/Documents/GitHub/TFM-UPM/Practica/Prueba1_demo_v1.0/prueba1_demo.hw/hw_1/wave/hw_ila_data_2/hw_ila_data_2.wcfg}
close_hw_manager
reset_run synth_1
INFO: [Project 1-1161] Replacing file C:/Users/kille/Documents/GitHub/TFM-UPM/Practica/Prueba1_demo_v1.0/prueba1_demo.srcs/utils_1/imports/synth_1/top_system.dcp with file C:/Users/kille/Documents/GitHub/TFM-UPM/Practica/Prueba1_demo_v1.0/prueba1_demo.runs/synth_1/design_1_wrapper.dcp
reset_run design_1_top_system_0_1_synth_1
launch_runs impl_1 -to_step write_bitstream -jobs 12
[Thu Aug  6 18:48:42 2026] Launched design_1_top_system_0_1_synth_1, synth_1...
Run output will be captured here:
design_1_top_system_0_1_synth_1: C:/Users/kille/Documents/GitHub/TFM-UPM/Practica/Prueba1_demo_v1.0/prueba1_demo.runs/design_1_top_system_0_1_synth_1/runme.log
synth_1: C:/Users/kille/Documents/GitHub/TFM-UPM/Practica/Prueba1_demo_v1.0/prueba1_demo.runs/synth_1/runme.log
[Thu Aug  6 18:48:42 2026] Launched impl_1...
Run output will be captured here: C:/Users/kille/Documents/GitHub/TFM-UPM/Practica/Prueba1_demo_v1.0/prueba1_demo.runs/impl_1/runme.log
WARNING: [filemgmt 56-199] Attempt to get parsing info during refresh. "On-the-fly" syntax checking information may be incorrect. [C:\Users\kille\Documents\GitHub\TFM-UPM\Practica\Prueba1_demo_v1.0\prueba1_demo.srcs\sources_1\new\top_system.vhd:]
WARNING: [filemgmt 56-199] Attempt to get parsing info during refresh. "On-the-fly" syntax checking information may be incorrect. [C:\Users\kille\Documents\GitHub\TFM-UPM\Practica\Prueba1_demo_v1.0\prueba1_demo.srcs\sources_1\new\apa102_ctrl.vhd:]
WARNING: [filemgmt 56-199] Attempt to get parsing info during refresh. "On-the-fly" syntax checking information may be incorrect. [C:\Users\kille\Documents\GitHub\TFM-UPM\Practica\Prueba1_demo_v1.0\prueba1_demo.srcs\sources_1\new\i2s_transceiver.vhd:]
WARNING: [filemgmt 56-199] Attempt to get parsing info during refresh. "On-the-fly" syntax checking information may be incorrect. [C:\Users\kille\Documents\GitHub\TFM-UPM\Practica\Prueba1_demo_v1.0\prueba1_demo.srcs\sources_1\new\audio_player.vhd:]
WARNING: [filemgmt 56-199] Attempt to get parsing info during refresh. "On-the-fly" syntax checking information may be incorrect. [C:\Users\kille\Documents\GitHub\TFM-UPM\Practica\Prueba1_demo_v1.0\prueba1_demo.srcs\sources_1\new\tas2110_i2c_ctrl.vhd:]
WARNING: [filemgmt 56-199] Attempt to get parsing info during refresh. "On-the-fly" syntax checking information may be incorrect. [C:\Users\kille\Documents\GitHub\TFM-UPM\Practica\Prueba1_demo_v1.0\prueba1_demo.srcs\sources_1\new\apa102_ctrl.vhd:]
WARNING: [filemgmt 56-199] Attempt to get parsing info during refresh. "On-the-fly" syntax checking information may be incorrect. [C:\Users\kille\Documents\GitHub\TFM-UPM\Practica\Prueba1_demo_v1.0\prueba1_demo.srcs\sources_1\new\apa102_ctrl.vhd:]
WARNING: [filemgmt 56-199] Attempt to get parsing info during refresh. "On-the-fly" syntax checking information may be incorrect. [C:\Users\kille\Documents\GitHub\TFM-UPM\Practica\Prueba1_demo_v1.0\prueba1_demo.srcs\sources_1\new\top_system.vhd:]
WARNING: [filemgmt 56-199] Attempt to get parsing info during refresh. "On-the-fly" syntax checking information may be incorrect. [C:\Users\kille\Documents\GitHub\TFM-UPM\Practica\Prueba1_demo_v1.0\prueba1_demo.srcs\sources_1\new\apa102_ctrl.vhd:]
WARNING: [filemgmt 56-199] Attempt to get parsing info during refresh. "On-the-fly" syntax checking information may be incorrect. [C:\Users\kille\Documents\GitHub\TFM-UPM\Practica\Prueba1_demo_v1.0\prueba1_demo.srcs\sources_1\new\i2s_transceiver.vhd:]
WARNING: [filemgmt 56-199] Attempt to get parsing info during refresh. "On-the-fly" syntax checking information may be incorrect. [C:\Users\kille\Documents\GitHub\TFM-UPM\Practica\Prueba1_demo_v1.0\prueba1_demo.srcs\sources_1\new\audio_player.vhd:]
WARNING: [filemgmt 56-199] Attempt to get parsing info during refresh. "On-the-fly" syntax checking information may be incorrect. [C:\Users\kille\Documents\GitHub\TFM-UPM\Practica\Prueba1_demo_v1.0\prueba1_demo.srcs\sources_1\new\tas2110_i2c_ctrl.vhd:]
WARNING: [filemgmt 56-199] Attempt to get parsing info during refresh. "On-the-fly" syntax checking information may be incorrect. [C:\Users\kille\Documents\GitHub\TFM-UPM\Practica\Prueba1_demo_v1.0\prueba1_demo.srcs\sources_1\new\top_system.vhd:]
WARNING: [filemgmt 56-199] Attempt to get parsing info during refresh. "On-the-fly" syntax checking information may be incorrect. [C:\Users\kille\Documents\GitHub\TFM-UPM\Practica\Prueba1_demo_v1.0\prueba1_demo.srcs\sources_1\new\top_system.vhd:]
WARNING: [filemgmt 56-199] Attempt to get parsing info during refresh. "On-the-fly" syntax checking information may be incorrect. [C:\Users\kille\Documents\GitHub\TFM-UPM\Practica\Prueba1_demo_v1.0\prueba1_demo.srcs\sources_1\new\top_system.vhd:]
WARNING: [filemgmt 56-199] Attempt to get parsing info during refresh. "On-the-fly" syntax checking information may be incorrect. [C:\Users\kille\Documents\GitHub\TFM-UPM\Practica\Prueba1_demo_v1.0\prueba1_demo.srcs\sources_1\new\apa102_ctrl.vhd:]
WARNING: [filemgmt 56-199] Attempt to get parsing info during refresh. "On-the-fly" syntax checking information may be incorrect. [C:\Users\kille\Documents\GitHub\TFM-UPM\Practica\Prueba1_demo_v1.0\prueba1_demo.srcs\sources_1\new\i2s_transceiver.vhd:]
WARNING: [filemgmt 56-199] Attempt to get parsing info during refresh. "On-the-fly" syntax checking information may be incorrect. [C:\Users\kille\Documents\GitHub\TFM-UPM\Practica\Prueba1_demo_v1.0\prueba1_demo.srcs\sources_1\new\audio_player.vhd:]
WARNING: [filemgmt 56-199] Attempt to get parsing info during refresh. "On-the-fly" syntax checking information may be incorrect. [C:\Users\kille\Documents\GitHub\TFM-UPM\Practica\Prueba1_demo_v1.0\prueba1_demo.srcs\sources_1\new\tas2110_i2c_ctrl.vhd:]
WARNING: [filemgmt 56-199] Attempt to get parsing info during refresh. "On-the-fly" syntax checking information may be incorrect. [C:\Users\kille\Documents\GitHub\TFM-UPM\Practica\Prueba1_demo_v1.0\prueba1_demo.srcs\sources_1\new\i2s_transceiver.vhd:]
WARNING: [filemgmt 56-199] Attempt to get parsing info during refresh. "On-the-fly" syntax checking information may be incorrect. [C:\Users\kille\Documents\GitHub\TFM-UPM\Practica\Prueba1_demo_v1.0\prueba1_demo.srcs\sources_1\new\i2s_transceiver.vhd:]
WARNING: [filemgmt 56-199] Attempt to get parsing info during refresh. "On-the-fly" syntax checking information may be incorrect. [C:\Users\kille\Documents\GitHub\TFM-UPM\Practica\Prueba1_demo_v1.0\prueba1_demo.srcs\sources_1\new\top_system.vhd:]
WARNING: [filemgmt 56-199] Attempt to get parsing info during refresh. "On-the-fly" syntax checking information may be incorrect. [C:\Users\kille\Documents\GitHub\TFM-UPM\Practica\Prueba1_demo_v1.0\prueba1_demo.srcs\sources_1\new\apa102_ctrl.vhd:]
WARNING: [filemgmt 56-199] Attempt to get parsing info during refresh. "On-the-fly" syntax checking information may be incorrect. [C:\Users\kille\Documents\GitHub\TFM-UPM\Practica\Prueba1_demo_v1.0\prueba1_demo.srcs\sources_1\new\i2s_transceiver.vhd:]
WARNING: [filemgmt 56-199] Attempt to get parsing info during refresh. "On-the-fly" syntax checking information may be incorrect. [C:\Users\kille\Documents\GitHub\TFM-UPM\Practica\Prueba1_demo_v1.0\prueba1_demo.srcs\sources_1\new\audio_player.vhd:]
WARNING: [filemgmt 56-199] Attempt to get parsing info during refresh. "On-the-fly" syntax checking information may be incorrect. [C:\Users\kille\Documents\GitHub\TFM-UPM\Practica\Prueba1_demo_v1.0\prueba1_demo.srcs\sources_1\new\tas2110_i2c_ctrl.vhd:]
WARNING: [filemgmt 56-199] Attempt to get parsing info during refresh. "On-the-fly" syntax checking information may be incorrect. [C:\Users\kille\Documents\GitHub\TFM-UPM\Practica\Prueba1_demo_v1.0\prueba1_demo.srcs\sources_1\new\audio_player.vhd:]
WARNING: [filemgmt 56-199] Attempt to get parsing info during refresh. "On-the-fly" syntax checking information may be incorrect. [C:\Users\kille\Documents\GitHub\TFM-UPM\Practica\Prueba1_demo_v1.0\prueba1_demo.srcs\sources_1\new\audio_player.vhd:]
ERROR: [Common 17-180] Spawn failed: La operación se completó correctamente.

WARNING: [filemgmt 56-199] Attempt to get parsing info during refresh. "On-the-fly" syntax checking information may be incorrect. [C:\Users\kille\Documents\GitHub\TFM-UPM\Practica\Prueba1_demo_v1.0\prueba1_demo.srcs\sources_1\new\top_system.vhd:]
WARNING: [filemgmt 56-199] Attempt to get parsing info during refresh. "On-the-fly" syntax checking information may be incorrect. [C:\Users\kille\Documents\GitHub\TFM-UPM\Practica\Prueba1_demo_v1.0\prueba1_demo.srcs\sources_1\new\apa102_ctrl.vhd:]
WARNING: [filemgmt 56-199] Attempt to get parsing info during refresh. "On-the-fly" syntax checking information may be incorrect. [C:\Users\kille\Documents\GitHub\TFM-UPM\Practica\Prueba1_demo_v1.0\prueba1_demo.srcs\sources_1\new\i2s_transceiver.vhd:]
WARNING: [filemgmt 56-199] Attempt to get parsing info during refresh. "On-the-fly" syntax checking information may be incorrect. [C:\Users\kille\Documents\GitHub\TFM-UPM\Practica\Prueba1_demo_v1.0\prueba1_demo.srcs\sources_1\new\audio_player.vhd:]
WARNING: [filemgmt 56-199] Attempt to get parsing info during refresh. "On-the-fly" syntax checking information may be incorrect. [C:\Users\kille\Documents\GitHub\TFM-UPM\Practica\Prueba1_demo_v1.0\prueba1_demo.srcs\sources_1\new\tas2110_i2c_ctrl.vhd:]
WARNING: [filemgmt 56-199] Attempt to get parsing info during refresh. "On-the-fly" syntax checking information may be incorrect. [C:\Users\kille\Documents\GitHub\TFM-UPM\Practica\Prueba1_demo_v1.0\prueba1_demo.srcs\sources_1\new\audio_player.vhd:]
WARNING: [filemgmt 56-199] Attempt to get parsing info during refresh. "On-the-fly" syntax checking information may be incorrect. [C:\Users\kille\Documents\GitHub\TFM-UPM\Practica\Prueba1_demo_v1.0\prueba1_demo.srcs\sources_1\new\audio_player.vhd:]
WARNING: [filemgmt 56-199] Attempt to get parsing info during refresh. "On-the-fly" syntax checking information may be incorrect. [C:\Users\kille\Documents\GitHub\TFM-UPM\Practica\Prueba1_demo_v1.0\prueba1_demo.srcs\sources_1\new\top_system.vhd:]
WARNING: [filemgmt 56-199] Attempt to get parsing info during refresh. "On-the-fly" syntax checking information may be incorrect. [C:\Users\kille\Documents\GitHub\TFM-UPM\Practica\Prueba1_demo_v1.0\prueba1_demo.srcs\sources_1\new\apa102_ctrl.vhd:]
WARNING: [filemgmt 56-199] Attempt to get parsing info during refresh. "On-the-fly" syntax checking information may be incorrect. [C:\Users\kille\Documents\GitHub\TFM-UPM\Practica\Prueba1_demo_v1.0\prueba1_demo.srcs\sources_1\new\i2s_transceiver.vhd:]
WARNING: [filemgmt 56-199] Attempt to get parsing info during refresh. "On-the-fly" syntax checking information may be incorrect. [C:\Users\kille\Documents\GitHub\TFM-UPM\Practica\Prueba1_demo_v1.0\prueba1_demo.srcs\sources_1\new\audio_player.vhd:]
WARNING: [filemgmt 56-199] Attempt to get parsing info during refresh. "On-the-fly" syntax checking information may be incorrect. [C:\Users\kille\Documents\GitHub\TFM-UPM\Practica\Prueba1_demo_v1.0\prueba1_demo.srcs\sources_1\new\tas2110_i2c_ctrl.vhd:]
WARNING: [filemgmt 56-199] Attempt to get parsing info during refresh. "On-the-fly" syntax checking information may be incorrect. [C:\Users\kille\Documents\GitHub\TFM-UPM\Practica\Prueba1_demo_v1.0\prueba1_demo.srcs\sources_1\new\tas2110_i2c_ctrl.vhd:]
WARNING: [filemgmt 56-199] Attempt to get parsing info during refresh. "On-the-fly" syntax checking information may be incorrect. [C:\Users\kille\Documents\GitHub\TFM-UPM\Practica\Prueba1_demo_v1.0\prueba1_demo.srcs\sources_1\new\tas2110_i2c_ctrl.vhd:]
WARNING: [filemgmt 56-199] Attempt to get parsing info during refresh. "On-the-fly" syntax checking information may be incorrect. [C:\Users\kille\Documents\GitHub\TFM-UPM\Practica\Prueba1_demo_v1.0\prueba1_demo.srcs\sources_1\new\top_system.vhd:]
WARNING: [filemgmt 56-199] Attempt to get parsing info during refresh. "On-the-fly" syntax checking information may be incorrect. [C:\Users\kille\Documents\GitHub\TFM-UPM\Practica\Prueba1_demo_v1.0\prueba1_demo.srcs\sources_1\new\apa102_ctrl.vhd:]
WARNING: [filemgmt 56-199] Attempt to get parsing info during refresh. "On-the-fly" syntax checking information may be incorrect. [C:\Users\kille\Documents\GitHub\TFM-UPM\Practica\Prueba1_demo_v1.0\prueba1_demo.srcs\sources_1\new\i2s_transceiver.vhd:]
WARNING: [filemgmt 56-199] Attempt to get parsing info during refresh. "On-the-fly" syntax checking information may be incorrect. [C:\Users\kille\Documents\GitHub\TFM-UPM\Practica\Prueba1_demo_v1.0\prueba1_demo.srcs\sources_1\new\audio_player.vhd:]
WARNING: [filemgmt 56-199] Attempt to get parsing info during refresh. "On-the-fly" syntax checking information may be incorrect. [C:\Users\kille\Documents\GitHub\TFM-UPM\Practica\Prueba1_demo_v1.0\prueba1_demo.srcs\sources_1\new\tas2110_i2c_ctrl.vhd:]
WARNING: [filemgmt 56-199] Attempt to get parsing info during refresh. "On-the-fly" syntax checking information may be incorrect. [C:\Users\kille\Documents\GitHub\TFM-UPM\Practica\Prueba1_demo_v1.0\prueba1_demo.srcs\sources_1\new\top_system.vhd:]
WARNING: [filemgmt 56-199] Attempt to get parsing info during refresh. "On-the-fly" syntax checking information may be incorrect. [C:\Users\kille\Documents\GitHub\TFM-UPM\Practica\Prueba1_demo_v1.0\prueba1_demo.srcs\sources_1\new\top_system.vhd:]
WARNING: [filemgmt 56-199] Attempt to get parsing info during refresh. "On-the-fly" syntax checking information may be incorrect. [C:\Users\kille\Documents\GitHub\TFM-UPM\Practica\Prueba1_demo_v1.0\prueba1_demo.srcs\sources_1\new\top_system.vhd:]
WARNING: [filemgmt 56-199] Attempt to get parsing info during refresh. "On-the-fly" syntax checking information may be incorrect. [C:\Users\kille\Documents\GitHub\TFM-UPM\Practica\Prueba1_demo_v1.0\prueba1_demo.srcs\sources_1\new\apa102_ctrl.vhd:]
WARNING: [filemgmt 56-199] Attempt to get parsing info during refresh. "On-the-fly" syntax checking information may be incorrect. [C:\Users\kille\Documents\GitHub\TFM-UPM\Practica\Prueba1_demo_v1.0\prueba1_demo.srcs\sources_1\new\i2s_transceiver.vhd:]
WARNING: [filemgmt 56-199] Attempt to get parsing info during refresh. "On-the-fly" syntax checking information may be incorrect. [C:\Users\kille\Documents\GitHub\TFM-UPM\Practica\Prueba1_demo_v1.0\prueba1_demo.srcs\sources_1\new\audio_player.vhd:]
WARNING: [filemgmt 56-199] Attempt to get parsing info during refresh. "On-the-fly" syntax checking information may be incorrect. [C:\Users\kille\Documents\GitHub\TFM-UPM\Practica\Prueba1_demo_v1.0\prueba1_demo.srcs\sources_1\new\tas2110_i2c_ctrl.vhd:]
WARNING: [filemgmt 56-199] Attempt to get parsing info during refresh. "On-the-fly" syntax checking information may be incorrect. [C:\Users\kille\Documents\GitHub\TFM-UPM\Practica\Prueba1_demo_v1.0\prueba1_demo.srcs\sources_1\new\i2s_transceiver.vhd:]
WARNING: [filemgmt 56-199] Attempt to get parsing info during refresh. "On-the-fly" syntax checking information may be incorrect. [C:\Users\kille\Documents\GitHub\TFM-UPM\Practica\Prueba1_demo_v1.0\prueba1_demo.srcs\sources_1\new\i2s_transceiver.vhd:]
reset_run synth_1
reset_run design_1_top_system_0_1_synth_1
WARNING: [Vivado 12-1017] Problems encountered:
1. Failed to delete one or more files in run directory C:/Users/kille/Documents/GitHub/TFM-UPM/Practica/Prueba1_demo_v1.0/prueba1_demo.runs/design_1_top_system_0_1_synth_1

launch_runs impl_1 -to_step write_bitstream -jobs 12
[Thu Aug  6 18:53:00 2026] Launched design_1_top_system_0_1_synth_1, synth_1...
Run output will be captured here:
design_1_top_system_0_1_synth_1: C:/Users/kille/Documents/GitHub/TFM-UPM/Practica/Prueba1_demo_v1.0/prueba1_demo.runs/design_1_top_system_0_1_synth_1/runme.log
synth_1: C:/Users/kille/Documents/GitHub/TFM-UPM/Practica/Prueba1_demo_v1.0/prueba1_demo.runs/synth_1/runme.log
[Thu Aug  6 18:53:00 2026] Launched impl_1...
Run output will be captured here: C:/Users/kille/Documents/GitHub/TFM-UPM/Practica/Prueba1_demo_v1.0/prueba1_demo.runs/impl_1/runme.log
WARNING: [filemgmt 56-199] Attempt to get parsing info during refresh. "On-the-fly" syntax checking information may be incorrect. [C:\Users\kille\Documents\GitHub\TFM-UPM\Practica\Prueba1_demo_v1.0\prueba1_demo.srcs\sources_1\new\top_system.vhd:]
WARNING: [filemgmt 56-199] Attempt to get parsing info during refresh. "On-the-fly" syntax checking information may be incorrect. [C:\Users\kille\Documents\GitHub\TFM-UPM\Practica\Prueba1_demo_v1.0\prueba1_demo.srcs\sources_1\new\apa102_ctrl.vhd:]
WARNING: [filemgmt 56-199] Attempt to get parsing info during refresh. "On-the-fly" syntax checking information may be incorrect. [C:\Users\kille\Documents\GitHub\TFM-UPM\Practica\Prueba1_demo_v1.0\prueba1_demo.srcs\sources_1\new\i2s_transceiver.vhd:]
WARNING: [filemgmt 56-199] Attempt to get parsing info during refresh. "On-the-fly" syntax checking information may be incorrect. [C:\Users\kille\Documents\GitHub\TFM-UPM\Practica\Prueba1_demo_v1.0\prueba1_demo.srcs\sources_1\new\audio_player.vhd:]
WARNING: [filemgmt 56-199] Attempt to get parsing info during refresh. "On-the-fly" syntax checking information may be incorrect. [C:\Users\kille\Documents\GitHub\TFM-UPM\Practica\Prueba1_demo_v1.0\prueba1_demo.srcs\sources_1\new\tas2110_i2c_ctrl.vhd:]
WARNING: [filemgmt 56-199] Attempt to get parsing info during refresh. "On-the-fly" syntax checking information may be incorrect. [C:\Users\kille\Documents\GitHub\TFM-UPM\Practica\Prueba1_demo_v1.0\prueba1_demo.srcs\sources_1\new\apa102_ctrl.vhd:]
WARNING: [filemgmt 56-199] Attempt to get parsing info during refresh. "On-the-fly" syntax checking information may be incorrect. [C:\Users\kille\Documents\GitHub\TFM-UPM\Practica\Prueba1_demo_v1.0\prueba1_demo.srcs\sources_1\new\apa102_ctrl.vhd:]
WARNING: [filemgmt 56-199] Attempt to get parsing info during refresh. "On-the-fly" syntax checking information may be incorrect. [C:\Users\kille\Documents\GitHub\TFM-UPM\Practica\Prueba1_demo_v1.0\prueba1_demo.srcs\sources_1\new\top_system.vhd:]
WARNING: [filemgmt 56-199] Attempt to get parsing info during refresh. "On-the-fly" syntax checking information may be incorrect. [C:\Users\kille\Documents\GitHub\TFM-UPM\Practica\Prueba1_demo_v1.0\prueba1_demo.srcs\sources_1\new\apa102_ctrl.vhd:]
WARNING: [filemgmt 56-199] Attempt to get parsing info during refresh. "On-the-fly" syntax checking information may be incorrect. [C:\Users\kille\Documents\GitHub\TFM-UPM\Practica\Prueba1_demo_v1.0\prueba1_demo.srcs\sources_1\new\i2s_transceiver.vhd:]
WARNING: [filemgmt 56-199] Attempt to get parsing info during refresh. "On-the-fly" syntax checking information may be incorrect. [C:\Users\kille\Documents\GitHub\TFM-UPM\Practica\Prueba1_demo_v1.0\prueba1_demo.srcs\sources_1\new\audio_player.vhd:]
WARNING: [filemgmt 56-199] Attempt to get parsing info during refresh. "On-the-fly" syntax checking information may be incorrect. [C:\Users\kille\Documents\GitHub\TFM-UPM\Practica\Prueba1_demo_v1.0\prueba1_demo.srcs\sources_1\new\tas2110_i2c_ctrl.vhd:]
WARNING: [filemgmt 56-199] Attempt to get parsing info during refresh. "On-the-fly" syntax checking information may be incorrect. [C:\Users\kille\Documents\GitHub\TFM-UPM\Practica\Prueba1_demo_v1.0\prueba1_demo.srcs\sources_1\new\top_system.vhd:]
WARNING: [filemgmt 56-199] Attempt to get parsing info during refresh. "On-the-fly" syntax checking information may be incorrect. [C:\Users\kille\Documents\GitHub\TFM-UPM\Practica\Prueba1_demo_v1.0\prueba1_demo.srcs\sources_1\new\top_system.vhd:]
WARNING: [filemgmt 56-199] Attempt to get parsing info during refresh. "On-the-fly" syntax checking information may be incorrect. [C:\Users\kille\Documents\GitHub\TFM-UPM\Practica\Prueba1_demo_v1.0\prueba1_demo.srcs\sources_1\new\top_system.vhd:]
WARNING: [filemgmt 56-199] Attempt to get parsing info during refresh. "On-the-fly" syntax checking information may be incorrect. [C:\Users\kille\Documents\GitHub\TFM-UPM\Practica\Prueba1_demo_v1.0\prueba1_demo.srcs\sources_1\new\apa102_ctrl.vhd:]
WARNING: [filemgmt 56-199] Attempt to get parsing info during refresh. "On-the-fly" syntax checking information may be incorrect. [C:\Users\kille\Documents\GitHub\TFM-UPM\Practica\Prueba1_demo_v1.0\prueba1_demo.srcs\sources_1\new\i2s_transceiver.vhd:]
WARNING: [filemgmt 56-199] Attempt to get parsing info during refresh. "On-the-fly" syntax checking information may be incorrect. [C:\Users\kille\Documents\GitHub\TFM-UPM\Practica\Prueba1_demo_v1.0\prueba1_demo.srcs\sources_1\new\audio_player.vhd:]
WARNING: [filemgmt 56-199] Attempt to get parsing info during refresh. "On-the-fly" syntax checking information may be incorrect. [C:\Users\kille\Documents\GitHub\TFM-UPM\Practica\Prueba1_demo_v1.0\prueba1_demo.srcs\sources_1\new\tas2110_i2c_ctrl.vhd:]
WARNING: [filemgmt 56-199] Attempt to get parsing info during refresh. "On-the-fly" syntax checking information may be incorrect. [C:\Users\kille\Documents\GitHub\TFM-UPM\Practica\Prueba1_demo_v1.0\prueba1_demo.srcs\sources_1\new\i2s_transceiver.vhd:]
WARNING: [filemgmt 56-199] Attempt to get parsing info during refresh. "On-the-fly" syntax checking information may be incorrect. [C:\Users\kille\Documents\GitHub\TFM-UPM\Practica\Prueba1_demo_v1.0\prueba1_demo.srcs\sources_1\new\i2s_transceiver.vhd:]
WARNING: [filemgmt 56-199] Attempt to get parsing info during refresh. "On-the-fly" syntax checking information may be incorrect. [C:\Users\kille\Documents\GitHub\TFM-UPM\Practica\Prueba1_demo_v1.0\prueba1_demo.srcs\sources_1\new\top_system.vhd:]
WARNING: [filemgmt 56-199] Attempt to get parsing info during refresh. "On-the-fly" syntax checking information may be incorrect. [C:\Users\kille\Documents\GitHub\TFM-UPM\Practica\Prueba1_demo_v1.0\prueba1_demo.srcs\sources_1\new\apa102_ctrl.vhd:]
WARNING: [filemgmt 56-199] Attempt to get parsing info during refresh. "On-the-fly" syntax checking information may be incorrect. [C:\Users\kille\Documents\GitHub\TFM-UPM\Practica\Prueba1_demo_v1.0\prueba1_demo.srcs\sources_1\new\i2s_transceiver.vhd:]
WARNING: [filemgmt 56-199] Attempt to get parsing info during refresh. "On-the-fly" syntax checking information may be incorrect. [C:\Users\kille\Documents\GitHub\TFM-UPM\Practica\Prueba1_demo_v1.0\prueba1_demo.srcs\sources_1\new\audio_player.vhd:]
WARNING: [filemgmt 56-199] Attempt to get parsing info during refresh. "On-the-fly" syntax checking information may be incorrect. [C:\Users\kille\Documents\GitHub\TFM-UPM\Practica\Prueba1_demo_v1.0\prueba1_demo.srcs\sources_1\new\tas2110_i2c_ctrl.vhd:]
WARNING: [filemgmt 56-199] Attempt to get parsing info during refresh. "On-the-fly" syntax checking information may be incorrect. [C:\Users\kille\Documents\GitHub\TFM-UPM\Practica\Prueba1_demo_v1.0\prueba1_demo.srcs\sources_1\new\tas2110_i2c_ctrl.vhd:]
WARNING: [filemgmt 56-199] Attempt to get parsing info during refresh. "On-the-fly" syntax checking information may be incorrect. [C:\Users\kille\Documents\GitHub\TFM-UPM\Practica\Prueba1_demo_v1.0\prueba1_demo.srcs\sources_1\new\tas2110_i2c_ctrl.vhd:]
open_hw_manager
connect_hw_server -allow_non_jtag
INFO: [Labtools 27-2285] Connecting to hw_server url TCP:localhost:3121
INFO: [Labtools 27-2222] Launching hw_server...
INFO: [Labtools 27-2221] Launch Output:

****** Xilinx hw_server v2025.1
  **** Build date : May  6 2025 at 09:15:36
    ** Copyright 1986-2022 Xilinx, Inc. All Rights Reserved.


INFO: [Labtools 27-3415] Connecting to cs_server url TCP:localhost:0
INFO: [Labtools 27-3417] Launching cs_server...
INFO: [Labtools 27-2221] Launch Output:


******** Xilinx cs_server v2025.1.0
  ****** Build date   : May 13 2025-21:15:27
    **** Build number : 2025.1.1747163727
      ** Copyright 2017-2022 Xilinx, Inc. All Rights Reserved.
      ** Copyright 2022-2026 Advanced Micro Devices, Inc. All Rights Reserved.



connect_hw_server: Time (s): cpu = 00:00:00 ; elapsed = 00:00:06 . Memory (MB): peak = 2954.176 ; gain = 0.000
open_hw_target
INFO: [Labtoolstcl 44-466] Opening hw_target localhost:3121/xilinx_tcf/Digilent/210292AD31A3A
set_property PROGRAM.FILE {C:/Users/kille/Documents/GitHub/TFM-UPM/Practica/Prueba1_demo_v1.0/prueba1_demo.runs/impl_1/design_1_wrapper.bit} [get_hw_devices xc7a100t_0]
set_property PROBES.FILE {C:/Users/kille/Documents/GitHub/TFM-UPM/Practica/Prueba1_demo_v1.0/prueba1_demo.runs/impl_1/design_1_wrapper.ltx} [get_hw_devices xc7a100t_0]
set_property FULL_PROBES.FILE {C:/Users/kille/Documents/GitHub/TFM-UPM/Practica/Prueba1_demo_v1.0/prueba1_demo.runs/impl_1/design_1_wrapper.ltx} [get_hw_devices xc7a100t_0]
current_hw_device [get_hw_devices xc7a100t_0]
refresh_hw_device [lindex [get_hw_devices xc7a100t_0] 0]
INFO: [Labtools 27-2302] Device xc7a100t (JTAG device index = 0) is programmed with a design that has 2 ILA core(s).
display_hw_ila_data [ get_hw_ila_data hw_ila_data_1 -of_objects [get_hw_ilas -of_objects [get_hw_devices xc7a100t_0] -filter {CELL_NAME=~"design_1_i/system_ila_0/U0/ila_lib"}]]
display_hw_ila_data [ get_hw_ila_data hw_ila_data_2 -of_objects [get_hw_ilas -of_objects [get_hw_devices xc7a100t_0] -filter {CELL_NAME=~"design_1_i/system_ila_1/U0/ila_lib"}]]
set_property PROBES.FILE {C:/Users/kille/Documents/GitHub/TFM-UPM/Practica/Prueba1_demo_v1.0/prueba1_demo.runs/impl_1/design_1_wrapper.ltx} [get_hw_devices xc7a100t_0]
set_property FULL_PROBES.FILE {C:/Users/kille/Documents/GitHub/TFM-UPM/Practica/Prueba1_demo_v1.0/prueba1_demo.runs/impl_1/design_1_wrapper.ltx} [get_hw_devices xc7a100t_0]
set_property PROGRAM.FILE {C:/Users/kille/Documents/GitHub/TFM-UPM/Practica/Prueba1_demo_v1.0/prueba1_demo.runs/impl_1/design_1_wrapper.bit} [get_hw_devices xc7a100t_0]
program_hw_devices [get_hw_devices xc7a100t_0]
INFO: [Labtools 27-3164] End of startup status: HIGH
refresh_hw_device [lindex [get_hw_devices xc7a100t_0] 0]
INFO: [Labtools 27-2302] Device xc7a100t (JTAG device index = 0) is programmed with a design that has 2 ILA core(s).
WARNING: [filemgmt 56-199] Attempt to get parsing info during refresh. "On-the-fly" syntax checking information may be incorrect. [C:\Users\kille\Documents\GitHub\TFM-UPM\Practica\Prueba1_demo_v1.0\prueba1_demo.srcs\sources_1\new\top_system.vhd:]
WARNING: [filemgmt 56-199] Attempt to get parsing info during refresh. "On-the-fly" syntax checking information may be incorrect. [C:\Users\kille\Documents\GitHub\TFM-UPM\Practica\Prueba1_demo_v1.0\prueba1_demo.srcs\sources_1\new\apa102_ctrl.vhd:]
WARNING: [filemgmt 56-199] Attempt to get parsing info during refresh. "On-the-fly" syntax checking information may be incorrect. [C:\Users\kille\Documents\GitHub\TFM-UPM\Practica\Prueba1_demo_v1.0\prueba1_demo.srcs\sources_1\new\i2s_transceiver.vhd:]
WARNING: [filemgmt 56-199] Attempt to get parsing info during refresh. "On-the-fly" syntax checking information may be incorrect. [C:\Users\kille\Documents\GitHub\TFM-UPM\Practica\Prueba1_demo_v1.0\prueba1_demo.srcs\sources_1\new\audio_player.vhd:]
WARNING: [filemgmt 56-199] Attempt to get parsing info during refresh. "On-the-fly" syntax checking information may be incorrect. [C:\Users\kille\Documents\GitHub\TFM-UPM\Practica\Prueba1_demo_v1.0\prueba1_demo.srcs\sources_1\new\tas2110_i2c_ctrl.vhd:]
WARNING: [filemgmt 56-199] Attempt to get parsing info during refresh. "On-the-fly" syntax checking information may be incorrect. [C:\Users\kille\Documents\GitHub\TFM-UPM\Practica\Prueba1_demo_v1.0\prueba1_demo.srcs\sources_1\new\audio_player.vhd:]
WARNING: [filemgmt 56-199] Attempt to get parsing info during refresh. "On-the-fly" syntax checking information may be incorrect. [C:\Users\kille\Documents\GitHub\TFM-UPM\Practica\Prueba1_demo_v1.0\prueba1_demo.srcs\sources_1\new\audio_player.vhd:]
WARNING: [filemgmt 56-199] Attempt to get parsing info during refresh. "On-the-fly" syntax checking information may be incorrect. [C:\Users\kille\Documents\GitHub\TFM-UPM\Practica\Prueba1_demo_v1.0\prueba1_demo.srcs\sources_1\new\top_system.vhd:]
WARNING: [filemgmt 56-199] Attempt to get parsing info during refresh. "On-the-fly" syntax checking information may be incorrect. [C:\Users\kille\Documents\GitHub\TFM-UPM\Practica\Prueba1_demo_v1.0\prueba1_demo.srcs\sources_1\new\apa102_ctrl.vhd:]
WARNING: [filemgmt 56-199] Attempt to get parsing info during refresh. "On-the-fly" syntax checking information may be incorrect. [C:\Users\kille\Documents\GitHub\TFM-UPM\Practica\Prueba1_demo_v1.0\prueba1_demo.srcs\sources_1\new\i2s_transceiver.vhd:]
WARNING: [filemgmt 56-199] Attempt to get parsing info during refresh. "On-the-fly" syntax checking information may be incorrect. [C:\Users\kille\Documents\GitHub\TFM-UPM\Practica\Prueba1_demo_v1.0\prueba1_demo.srcs\sources_1\new\audio_player.vhd:]
WARNING: [filemgmt 56-199] Attempt to get parsing info during refresh. "On-the-fly" syntax checking information may be incorrect. [C:\Users\kille\Documents\GitHub\TFM-UPM\Practica\Prueba1_demo_v1.0\prueba1_demo.srcs\sources_1\new\tas2110_i2c_ctrl.vhd:]
WARNING: [filemgmt 56-199] Attempt to get parsing info during refresh. "On-the-fly" syntax checking information may be incorrect. [C:\Users\kille\Documents\GitHub\TFM-UPM\Practica\Prueba1_demo_v1.0\prueba1_demo.srcs\sources_1\new\i2s_transceiver.vhd:]
WARNING: [filemgmt 56-199] Attempt to get parsing info during refresh. "On-the-fly" syntax checking information may be incorrect. [C:\Users\kille\Documents\GitHub\TFM-UPM\Practica\Prueba1_demo_v1.0\prueba1_demo.srcs\sources_1\new\i2s_transceiver.vhd:]
WARNING: [filemgmt 56-199] Attempt to get parsing info during refresh. "On-the-fly" syntax checking information may be incorrect. [C:\Users\kille\Documents\GitHub\TFM-UPM\Practica\Prueba1_demo_v1.0\prueba1_demo.srcs\sources_1\new\top_system.vhd:]
WARNING: [filemgmt 56-199] Attempt to get parsing info during refresh. "On-the-fly" syntax checking information may be incorrect. [C:\Users\kille\Documents\GitHub\TFM-UPM\Practica\Prueba1_demo_v1.0\prueba1_demo.srcs\sources_1\new\apa102_ctrl.vhd:]
WARNING: [filemgmt 56-199] Attempt to get parsing info during refresh. "On-the-fly" syntax checking information may be incorrect. [C:\Users\kille\Documents\GitHub\TFM-UPM\Practica\Prueba1_demo_v1.0\prueba1_demo.srcs\sources_1\new\i2s_transceiver.vhd:]
WARNING: [filemgmt 56-199] Attempt to get parsing info during refresh. "On-the-fly" syntax checking information may be incorrect. [C:\Users\kille\Documents\GitHub\TFM-UPM\Practica\Prueba1_demo_v1.0\prueba1_demo.srcs\sources_1\new\audio_player.vhd:]
WARNING: [filemgmt 56-199] Attempt to get parsing info during refresh. "On-the-fly" syntax checking information may be incorrect. [C:\Users\kille\Documents\GitHub\TFM-UPM\Practica\Prueba1_demo_v1.0\prueba1_demo.srcs\sources_1\new\tas2110_i2c_ctrl.vhd:]
WARNING: [filemgmt 56-199] Attempt to get parsing info during refresh. "On-the-fly" syntax checking information may be incorrect. [C:\Users\kille\Documents\GitHub\TFM-UPM\Practica\Prueba1_demo_v1.0\prueba1_demo.srcs\sources_1\new\top_system.vhd:]
WARNING: [filemgmt 56-199] Attempt to get parsing info during refresh. "On-the-fly" syntax checking information may be incorrect. [C:\Users\kille\Documents\GitHub\TFM-UPM\Practica\Prueba1_demo_v1.0\prueba1_demo.srcs\sources_1\new\top_system.vhd:]
WARNING: [filemgmt 56-199] Attempt to get parsing info during refresh. "On-the-fly" syntax checking information may be incorrect. [C:\Users\kille\Documents\GitHub\TFM-UPM\Practica\Prueba1_demo_v1.0\prueba1_demo.srcs\sources_1\new\top_system.vhd:]
WARNING: [filemgmt 56-199] Attempt to get parsing info during refresh. "On-the-fly" syntax checking information may be incorrect. [C:\Users\kille\Documents\GitHub\TFM-UPM\Practica\Prueba1_demo_v1.0\prueba1_demo.srcs\sources_1\new\apa102_ctrl.vhd:]
WARNING: [filemgmt 56-199] Attempt to get parsing info during refresh. "On-the-fly" syntax checking information may be incorrect. [C:\Users\kille\Documents\GitHub\TFM-UPM\Practica\Prueba1_demo_v1.0\prueba1_demo.srcs\sources_1\new\i2s_transceiver.vhd:]
WARNING: [filemgmt 56-199] Attempt to get parsing info during refresh. "On-the-fly" syntax checking information may be incorrect. [C:\Users\kille\Documents\GitHub\TFM-UPM\Practica\Prueba1_demo_v1.0\prueba1_demo.srcs\sources_1\new\audio_player.vhd:]
WARNING: [filemgmt 56-199] Attempt to get parsing info during refresh. "On-the-fly" syntax checking information may be incorrect. [C:\Users\kille\Documents\GitHub\TFM-UPM\Practica\Prueba1_demo_v1.0\prueba1_demo.srcs\sources_1\new\tas2110_i2c_ctrl.vhd:]
WARNING: [filemgmt 56-199] Attempt to get parsing info during refresh. "On-the-fly" syntax checking information may be incorrect. [C:\Users\kille\Documents\GitHub\TFM-UPM\Practica\Prueba1_demo_v1.0\prueba1_demo.srcs\sources_1\new\apa102_ctrl.vhd:]
WARNING: [filemgmt 56-199] Attempt to get parsing info during refresh. "On-the-fly" syntax checking information may be incorrect. [C:\Users\kille\Documents\GitHub\TFM-UPM\Practica\Prueba1_demo_v1.0\prueba1_demo.srcs\sources_1\new\apa102_ctrl.vhd:]
ERROR: [Common 17-180] Spawn failed: La operación se completó correctamente.

WARNING: [filemgmt 56-199] Attempt to get parsing info during refresh. "On-the-fly" syntax checking information may be incorrect. [C:\Users\kille\Documents\GitHub\TFM-UPM\Practica\Prueba1_demo_v1.0\prueba1_demo.srcs\sources_1\new\top_system.vhd:]
WARNING: [filemgmt 56-199] Attempt to get parsing info during refresh. "On-the-fly" syntax checking information may be incorrect. [C:\Users\kille\Documents\GitHub\TFM-UPM\Practica\Prueba1_demo_v1.0\prueba1_demo.srcs\sources_1\new\apa102_ctrl.vhd:]
WARNING: [filemgmt 56-199] Attempt to get parsing info during refresh. "On-the-fly" syntax checking information may be incorrect. [C:\Users\kille\Documents\GitHub\TFM-UPM\Practica\Prueba1_demo_v1.0\prueba1_demo.srcs\sources_1\new\i2s_transceiver.vhd:]
WARNING: [filemgmt 56-199] Attempt to get parsing info during refresh. "On-the-fly" syntax checking information may be incorrect. [C:\Users\kille\Documents\GitHub\TFM-UPM\Practica\Prueba1_demo_v1.0\prueba1_demo.srcs\sources_1\new\audio_player.vhd:]
WARNING: [filemgmt 56-199] Attempt to get parsing info during refresh. "On-the-fly" syntax checking information may be incorrect. [C:\Users\kille\Documents\GitHub\TFM-UPM\Practica\Prueba1_demo_v1.0\prueba1_demo.srcs\sources_1\new\tas2110_i2c_ctrl.vhd:]
WARNING: [filemgmt 56-199] Attempt to get parsing info during refresh. "On-the-fly" syntax checking information may be incorrect. [C:\Users\kille\Documents\GitHub\TFM-UPM\Practica\Prueba1_demo_v1.0\prueba1_demo.srcs\sources_1\new\top_system.vhd:]
WARNING: [filemgmt 56-199] Attempt to get parsing info during refresh. "On-the-fly" syntax checking information may be incorrect. [C:\Users\kille\Documents\GitHub\TFM-UPM\Practica\Prueba1_demo_v1.0\prueba1_demo.srcs\sources_1\new\top_system.vhd:]
WARNING: [filemgmt 56-199] Attempt to get parsing info during refresh. "On-the-fly" syntax checking information may be incorrect. [C:\Users\kille\Documents\GitHub\TFM-UPM\Practica\Prueba1_demo_v1.0\prueba1_demo.srcs\sources_1\new\top_system.vhd:]
WARNING: [filemgmt 56-199] Attempt to get parsing info during refresh. "On-the-fly" syntax checking information may be incorrect. [C:\Users\kille\Documents\GitHub\TFM-UPM\Practica\Prueba1_demo_v1.0\prueba1_demo.srcs\sources_1\new\apa102_ctrl.vhd:]
WARNING: [filemgmt 56-199] Attempt to get parsing info during refresh. "On-the-fly" syntax checking information may be incorrect. [C:\Users\kille\Documents\GitHub\TFM-UPM\Practica\Prueba1_demo_v1.0\prueba1_demo.srcs\sources_1\new\i2s_transceiver.vhd:]
WARNING: [filemgmt 56-199] Attempt to get parsing info during refresh. "On-the-fly" syntax checking information may be incorrect. [C:\Users\kille\Documents\GitHub\TFM-UPM\Practica\Prueba1_demo_v1.0\prueba1_demo.srcs\sources_1\new\audio_player.vhd:]
WARNING: [filemgmt 56-199] Attempt to get parsing info during refresh. "On-the-fly" syntax checking information may be incorrect. [C:\Users\kille\Documents\GitHub\TFM-UPM\Practica\Prueba1_demo_v1.0\prueba1_demo.srcs\sources_1\new\tas2110_i2c_ctrl.vhd:]
WARNING: [filemgmt 56-199] Attempt to get parsing info during refresh. "On-the-fly" syntax checking information may be incorrect. [C:\Users\kille\Documents\GitHub\TFM-UPM\Practica\Prueba1_demo_v1.0\prueba1_demo.srcs\sources_1\new\audio_player.vhd:]
WARNING: [filemgmt 56-199] Attempt to get parsing info during refresh. "On-the-fly" syntax checking information may be incorrect. [C:\Users\kille\Documents\GitHub\TFM-UPM\Practica\Prueba1_demo_v1.0\prueba1_demo.srcs\sources_1\new\audio_player.vhd:]
WARNING: [filemgmt 56-199] Attempt to get parsing info during refresh. "On-the-fly" syntax checking information may be incorrect. [C:\Users\kille\Documents\GitHub\TFM-UPM\Practica\Prueba1_demo_v1.0\prueba1_demo.srcs\sources_1\new\top_system.vhd:]
WARNING: [filemgmt 56-199] Attempt to get parsing info during refresh. "On-the-fly" syntax checking information may be incorrect. [C:\Users\kille\Documents\GitHub\TFM-UPM\Practica\Prueba1_demo_v1.0\prueba1_demo.srcs\sources_1\new\apa102_ctrl.vhd:]
WARNING: [filemgmt 56-199] Attempt to get parsing info during refresh. "On-the-fly" syntax checking information may be incorrect. [C:\Users\kille\Documents\GitHub\TFM-UPM\Practica\Prueba1_demo_v1.0\prueba1_demo.srcs\sources_1\new\i2s_transceiver.vhd:]
WARNING: [filemgmt 56-199] Attempt to get parsing info during refresh. "On-the-fly" syntax checking information may be incorrect. [C:\Users\kille\Documents\GitHub\TFM-UPM\Practica\Prueba1_demo_v1.0\prueba1_demo.srcs\sources_1\new\audio_player.vhd:]
WARNING: [filemgmt 56-199] Attempt to get parsing info during refresh. "On-the-fly" syntax checking information may be incorrect. [C:\Users\kille\Documents\GitHub\TFM-UPM\Practica\Prueba1_demo_v1.0\prueba1_demo.srcs\sources_1\new\tas2110_i2c_ctrl.vhd:]
WARNING: [filemgmt 56-199] Attempt to get parsing info during refresh. "On-the-fly" syntax checking information may be incorrect. [C:\Users\kille\Documents\GitHub\TFM-UPM\Practica\Prueba1_demo_v1.0\prueba1_demo.srcs\sources_1\new\tas2110_i2c_ctrl.vhd:]
WARNING: [filemgmt 56-199] Attempt to get parsing info during refresh. "On-the-fly" syntax checking information may be incorrect. [C:\Users\kille\Documents\GitHub\TFM-UPM\Practica\Prueba1_demo_v1.0\prueba1_demo.srcs\sources_1\new\tas2110_i2c_ctrl.vhd:]
ERROR: [Common 17-180] Spawn failed: La operación se completó correctamente.

WARNING: [filemgmt 56-199] Attempt to get parsing info during refresh. "On-the-fly" syntax checking information may be incorrect. [C:\Users\kille\Documents\GitHub\TFM-UPM\Practica\Prueba1_demo_v1.0\prueba1_demo.srcs\sources_1\new\top_system.vhd:]
WARNING: [filemgmt 56-199] Attempt to get parsing info during refresh. "On-the-fly" syntax checking information may be incorrect. [C:\Users\kille\Documents\GitHub\TFM-UPM\Practica\Prueba1_demo_v1.0\prueba1_demo.srcs\sources_1\new\apa102_ctrl.vhd:]
WARNING: [filemgmt 56-199] Attempt to get parsing info during refresh. "On-the-fly" syntax checking information may be incorrect. [C:\Users\kille\Documents\GitHub\TFM-UPM\Practica\Prueba1_demo_v1.0\prueba1_demo.srcs\sources_1\new\i2s_transceiver.vhd:]
WARNING: [filemgmt 56-199] Attempt to get parsing info during refresh. "On-the-fly" syntax checking information may be incorrect. [C:\Users\kille\Documents\GitHub\TFM-UPM\Practica\Prueba1_demo_v1.0\prueba1_demo.srcs\sources_1\new\audio_player.vhd:]
WARNING: [filemgmt 56-199] Attempt to get parsing info during refresh. "On-the-fly" syntax checking information may be incorrect. [C:\Users\kille\Documents\GitHub\TFM-UPM\Practica\Prueba1_demo_v1.0\prueba1_demo.srcs\sources_1\new\tas2110_i2c_ctrl.vhd:]
WARNING: [filemgmt 56-199] Attempt to get parsing info during refresh. "On-the-fly" syntax checking information may be incorrect. [C:\Users\kille\Documents\GitHub\TFM-UPM\Practica\Prueba1_demo_v1.0\prueba1_demo.srcs\sources_1\new\apa102_ctrl.vhd:]
WARNING: [filemgmt 56-199] Attempt to get parsing info during refresh. "On-the-fly" syntax checking information may be incorrect. [C:\Users\kille\Documents\GitHub\TFM-UPM\Practica\Prueba1_demo_v1.0\prueba1_demo.srcs\sources_1\new\apa102_ctrl.vhd:]
ERROR: [Common 17-180] Spawn failed: La operación se completó correctamente.

WARNING: [filemgmt 56-199] Attempt to get parsing info during refresh. "On-the-fly" syntax checking information may be incorrect. [C:\Users\kille\Documents\GitHub\TFM-UPM\Practica\Prueba1_demo_v1.0\prueba1_demo.srcs\sources_1\new\top_system.vhd:]
WARNING: [filemgmt 56-199] Attempt to get parsing info during refresh. "On-the-fly" syntax checking information may be incorrect. [C:\Users\kille\Documents\GitHub\TFM-UPM\Practica\Prueba1_demo_v1.0\prueba1_demo.srcs\sources_1\new\apa102_ctrl.vhd:]
WARNING: [filemgmt 56-199] Attempt to get parsing info during refresh. "On-the-fly" syntax checking information may be incorrect. [C:\Users\kille\Documents\GitHub\TFM-UPM\Practica\Prueba1_demo_v1.0\prueba1_demo.srcs\sources_1\new\i2s_transceiver.vhd:]
WARNING: [filemgmt 56-199] Attempt to get parsing info during refresh. "On-the-fly" syntax checking information may be incorrect. [C:\Users\kille\Documents\GitHub\TFM-UPM\Practica\Prueba1_demo_v1.0\prueba1_demo.srcs\sources_1\new\audio_player.vhd:]
WARNING: [filemgmt 56-199] Attempt to get parsing info during refresh. "On-the-fly" syntax checking information may be incorrect. [C:\Users\kille\Documents\GitHub\TFM-UPM\Practica\Prueba1_demo_v1.0\prueba1_demo.srcs\sources_1\new\tas2110_i2c_ctrl.vhd:]
WARNING: [filemgmt 56-199] Attempt to get parsing info during refresh. "On-the-fly" syntax checking information may be incorrect. [C:\Users\kille\Documents\GitHub\TFM-UPM\Practica\Prueba1_demo_v1.0\prueba1_demo.srcs\sources_1\new\top_system.vhd:]
WARNING: [filemgmt 56-199] Attempt to get parsing info during refresh. "On-the-fly" syntax checking information may be incorrect. [C:\Users\kille\Documents\GitHub\TFM-UPM\Practica\Prueba1_demo_v1.0\prueba1_demo.srcs\sources_1\new\top_system.vhd:]
WARNING: [filemgmt 56-199] Attempt to get parsing info during refresh. "On-the-fly" syntax checking information may be incorrect. [C:\Users\kille\Documents\GitHub\TFM-UPM\Practica\Prueba1_demo_v1.0\prueba1_demo.srcs\sources_1\new\top_system.vhd:]
WARNING: [filemgmt 56-199] Attempt to get parsing info during refresh. "On-the-fly" syntax checking information may be incorrect. [C:\Users\kille\Documents\GitHub\TFM-UPM\Practica\Prueba1_demo_v1.0\prueba1_demo.srcs\sources_1\new\apa102_ctrl.vhd:]
WARNING: [filemgmt 56-199] Attempt to get parsing info during refresh. "On-the-fly" syntax checking information may be incorrect. [C:\Users\kille\Documents\GitHub\TFM-UPM\Practica\Prueba1_demo_v1.0\prueba1_demo.srcs\sources_1\new\i2s_transceiver.vhd:]
WARNING: [filemgmt 56-199] Attempt to get parsing info during refresh. "On-the-fly" syntax checking information may be incorrect. [C:\Users\kille\Documents\GitHub\TFM-UPM\Practica\Prueba1_demo_v1.0\prueba1_demo.srcs\sources_1\new\audio_player.vhd:]
WARNING: [filemgmt 56-199] Attempt to get parsing info during refresh. "On-the-fly" syntax checking information may be incorrect. [C:\Users\kille\Documents\GitHub\TFM-UPM\Practica\Prueba1_demo_v1.0\prueba1_demo.srcs\sources_1\new\tas2110_i2c_ctrl.vhd:]
WARNING: [filemgmt 56-199] Attempt to get parsing info during refresh. "On-the-fly" syntax checking information may be incorrect. [C:\Users\kille\Documents\GitHub\TFM-UPM\Practica\Prueba1_demo_v1.0\prueba1_demo.srcs\sources_1\new\tas2110_i2c_ctrl.vhd:]
WARNING: [filemgmt 56-199] Attempt to get parsing info during refresh. "On-the-fly" syntax checking information may be incorrect. [C:\Users\kille\Documents\GitHub\TFM-UPM\Practica\Prueba1_demo_v1.0\prueba1_demo.srcs\sources_1\new\tas2110_i2c_ctrl.vhd:]
WARNING: [filemgmt 56-199] Attempt to get parsing info during refresh. "On-the-fly" syntax checking information may be incorrect. [C:\Users\kille\Documents\GitHub\TFM-UPM\Practica\Prueba1_demo_v1.0\prueba1_demo.srcs\sources_1\new\top_system.vhd:]
WARNING: [filemgmt 56-199] Attempt to get parsing info during refresh. "On-the-fly" syntax checking information may be incorrect. [C:\Users\kille\Documents\GitHub\TFM-UPM\Practica\Prueba1_demo_v1.0\prueba1_demo.srcs\sources_1\new\apa102_ctrl.vhd:]
WARNING: [filemgmt 56-199] Attempt to get parsing info during refresh. "On-the-fly" syntax checking information may be incorrect. [C:\Users\kille\Documents\GitHub\TFM-UPM\Practica\Prueba1_demo_v1.0\prueba1_demo.srcs\sources_1\new\i2s_transceiver.vhd:]
WARNING: [filemgmt 56-199] Attempt to get parsing info during refresh. "On-the-fly" syntax checking information may be incorrect. [C:\Users\kille\Documents\GitHub\TFM-UPM\Practica\Prueba1_demo_v1.0\prueba1_demo.srcs\sources_1\new\audio_player.vhd:]
WARNING: [filemgmt 56-199] Attempt to get parsing info during refresh. "On-the-fly" syntax checking information may be incorrect. [C:\Users\kille\Documents\GitHub\TFM-UPM\Practica\Prueba1_demo_v1.0\prueba1_demo.srcs\sources_1\new\tas2110_i2c_ctrl.vhd:]
WARNING: [filemgmt 56-199] Attempt to get parsing info during refresh. "On-the-fly" syntax checking information may be incorrect. [C:\Users\kille\Documents\GitHub\TFM-UPM\Practica\Prueba1_demo_v1.0\prueba1_demo.srcs\sources_1\new\audio_player.vhd:]
WARNING: [filemgmt 56-199] Attempt to get parsing info during refresh. "On-the-fly" syntax checking information may be incorrect. [C:\Users\kille\Documents\GitHub\TFM-UPM\Practica\Prueba1_demo_v1.0\prueba1_demo.srcs\sources_1\new\audio_player.vhd:]
WARNING: [filemgmt 56-199] Attempt to get parsing info during refresh. "On-the-fly" syntax checking information may be incorrect. [C:\Users\kille\Documents\GitHub\TFM-UPM\Practica\Prueba1_demo_v1.0\prueba1_demo.srcs\sources_1\new\top_system.vhd:]
WARNING: [filemgmt 56-199] Attempt to get parsing info during refresh. "On-the-fly" syntax checking information may be incorrect. [C:\Users\kille\Documents\GitHub\TFM-UPM\Practica\Prueba1_demo_v1.0\prueba1_demo.srcs\sources_1\new\apa102_ctrl.vhd:]
WARNING: [filemgmt 56-199] Attempt to get parsing info during refresh. "On-the-fly" syntax checking information may be incorrect. [C:\Users\kille\Documents\GitHub\TFM-UPM\Practica\Prueba1_demo_v1.0\prueba1_demo.srcs\sources_1\new\i2s_transceiver.vhd:]
WARNING: [filemgmt 56-199] Attempt to get parsing info during refresh. "On-the-fly" syntax checking information may be incorrect. [C:\Users\kille\Documents\GitHub\TFM-UPM\Practica\Prueba1_demo_v1.0\prueba1_demo.srcs\sources_1\new\audio_player.vhd:]
WARNING: [filemgmt 56-199] Attempt to get parsing info during refresh. "On-the-fly" syntax checking information may be incorrect. [C:\Users\kille\Documents\GitHub\TFM-UPM\Practica\Prueba1_demo_v1.0\prueba1_demo.srcs\sources_1\new\tas2110_i2c_ctrl.vhd:]
WARNING: [filemgmt 56-199] Attempt to get parsing info during refresh. "On-the-fly" syntax checking information may be incorrect. [C:\Users\kille\Documents\GitHub\TFM-UPM\Practica\Prueba1_demo_v1.0\prueba1_demo.srcs\sources_1\new\i2s_transceiver.vhd:]
WARNING: [filemgmt 56-199] Attempt to get parsing info during refresh. "On-the-fly" syntax checking information may be incorrect. [C:\Users\kille\Documents\GitHub\TFM-UPM\Practica\Prueba1_demo_v1.0\prueba1_demo.srcs\sources_1\new\i2s_transceiver.vhd:]
ERROR: [Common 17-180] Spawn failed: La operación se completó correctamente.

WARNING: [filemgmt 56-199] Attempt to get parsing info during refresh. "On-the-fly" syntax checking information may be incorrect. [C:\Users\kille\Documents\GitHub\TFM-UPM\Practica\Prueba1_demo_v1.0\prueba1_demo.srcs\sources_1\new\top_system.vhd:]
WARNING: [filemgmt 56-199] Attempt to get parsing info during refresh. "On-the-fly" syntax checking information may be incorrect. [C:\Users\kille\Documents\GitHub\TFM-UPM\Practica\Prueba1_demo_v1.0\prueba1_demo.srcs\sources_1\new\apa102_ctrl.vhd:]
WARNING: [filemgmt 56-199] Attempt to get parsing info during refresh. "On-the-fly" syntax checking information may be incorrect. [C:\Users\kille\Documents\GitHub\TFM-UPM\Practica\Prueba1_demo_v1.0\prueba1_demo.srcs\sources_1\new\i2s_transceiver.vhd:]
WARNING: [filemgmt 56-199] Attempt to get parsing info during refresh. "On-the-fly" syntax checking information may be incorrect. [C:\Users\kille\Documents\GitHub\TFM-UPM\Practica\Prueba1_demo_v1.0\prueba1_demo.srcs\sources_1\new\audio_player.vhd:]
WARNING: [filemgmt 56-199] Attempt to get parsing info during refresh. "On-the-fly" syntax checking information may be incorrect. [C:\Users\kille\Documents\GitHub\TFM-UPM\Practica\Prueba1_demo_v1.0\prueba1_demo.srcs\sources_1\new\tas2110_i2c_ctrl.vhd:]
WARNING: [filemgmt 56-199] Attempt to get parsing info during refresh. "On-the-fly" syntax checking information may be incorrect. [C:\Users\kille\Documents\GitHub\TFM-UPM\Practica\Prueba1_demo_v1.0\prueba1_demo.srcs\sources_1\new\apa102_ctrl.vhd:]
WARNING: [filemgmt 56-199] Attempt to get parsing info during refresh. "On-the-fly" syntax checking information may be incorrect. [C:\Users\kille\Documents\GitHub\TFM-UPM\Practica\Prueba1_demo_v1.0\prueba1_demo.srcs\sources_1\new\apa102_ctrl.vhd:]
WARNING: [filemgmt 56-199] Attempt to get parsing info during refresh. "On-the-fly" syntax checking information may be incorrect. [C:\Users\kille\Documents\GitHub\TFM-UPM\Practica\Prueba1_demo_v1.0\prueba1_demo.srcs\sources_1\new\top_system.vhd:]
WARNING: [filemgmt 56-199] Attempt to get parsing info during refresh. "On-the-fly" syntax checking information may be incorrect. [C:\Users\kille\Documents\GitHub\TFM-UPM\Practica\Prueba1_demo_v1.0\prueba1_demo.srcs\sources_1\new\apa102_ctrl.vhd:]
WARNING: [filemgmt 56-199] Attempt to get parsing info during refresh. "On-the-fly" syntax checking information may be incorrect. [C:\Users\kille\Documents\GitHub\TFM-UPM\Practica\Prueba1_demo_v1.0\prueba1_demo.srcs\sources_1\new\i2s_transceiver.vhd:]
WARNING: [filemgmt 56-199] Attempt to get parsing info during refresh. "On-the-fly" syntax checking information may be incorrect. [C:\Users\kille\Documents\GitHub\TFM-UPM\Practica\Prueba1_demo_v1.0\prueba1_demo.srcs\sources_1\new\audio_player.vhd:]
WARNING: [filemgmt 56-199] Attempt to get parsing info during refresh. "On-the-fly" syntax checking information may be incorrect. [C:\Users\kille\Documents\GitHub\TFM-UPM\Practica\Prueba1_demo_v1.0\prueba1_demo.srcs\sources_1\new\tas2110_i2c_ctrl.vhd:]
WARNING: [filemgmt 56-199] Attempt to get parsing info during refresh. "On-the-fly" syntax checking information may be incorrect. [C:\Users\kille\Documents\GitHub\TFM-UPM\Practica\Prueba1_demo_v1.0\prueba1_demo.srcs\sources_1\new\tas2110_i2c_ctrl.vhd:]
WARNING: [filemgmt 56-199] Attempt to get parsing info during refresh. "On-the-fly" syntax checking information may be incorrect. [C:\Users\kille\Documents\GitHub\TFM-UPM\Practica\Prueba1_demo_v1.0\prueba1_demo.srcs\sources_1\new\tas2110_i2c_ctrl.vhd:]
WARNING: [filemgmt 56-199] Attempt to get parsing info during refresh. "On-the-fly" syntax checking information may be incorrect. [C:\Users\kille\Documents\GitHub\TFM-UPM\Practica\Prueba1_demo_v1.0\prueba1_demo.srcs\sources_1\new\top_system.vhd:]
WARNING: [filemgmt 56-199] Attempt to get parsing info during refresh. "On-the-fly" syntax checking information may be incorrect. [C:\Users\kille\Documents\GitHub\TFM-UPM\Practica\Prueba1_demo_v1.0\prueba1_demo.srcs\sources_1\new\apa102_ctrl.vhd:]
WARNING: [filemgmt 56-199] Attempt to get parsing info during refresh. "On-the-fly" syntax checking information may be incorrect. [C:\Users\kille\Documents\GitHub\TFM-UPM\Practica\Prueba1_demo_v1.0\prueba1_demo.srcs\sources_1\new\i2s_transceiver.vhd:]
WARNING: [filemgmt 56-199] Attempt to get parsing info during refresh. "On-the-fly" syntax checking information may be incorrect. [C:\Users\kille\Documents\GitHub\TFM-UPM\Practica\Prueba1_demo_v1.0\prueba1_demo.srcs\sources_1\new\audio_player.vhd:]
WARNING: [filemgmt 56-199] Attempt to get parsing info during refresh. "On-the-fly" syntax checking information may be incorrect. [C:\Users\kille\Documents\GitHub\TFM-UPM\Practica\Prueba1_demo_v1.0\prueba1_demo.srcs\sources_1\new\tas2110_i2c_ctrl.vhd:]
WARNING: [filemgmt 56-199] Attempt to get parsing info during refresh. "On-the-fly" syntax checking information may be incorrect. [C:\Users\kille\Documents\GitHub\TFM-UPM\Practica\Prueba1_demo_v1.0\prueba1_demo.srcs\sources_1\new\i2s_transceiver.vhd:]
WARNING: [filemgmt 56-199] Attempt to get parsing info during refresh. "On-the-fly" syntax checking information may be incorrect. [C:\Users\kille\Documents\GitHub\TFM-UPM\Practica\Prueba1_demo_v1.0\prueba1_demo.srcs\sources_1\new\i2s_transceiver.vhd:]
WARNING: [filemgmt 56-199] Attempt to get parsing info during refresh. "On-the-fly" syntax checking information may be incorrect. [C:\Users\kille\Documents\GitHub\TFM-UPM\Practica\Prueba1_demo_v1.0\prueba1_demo.srcs\sources_1\new\top_system.vhd:]
WARNING: [filemgmt 56-199] Attempt to get parsing info during refresh. "On-the-fly" syntax checking information may be incorrect. [C:\Users\kille\Documents\GitHub\TFM-UPM\Practica\Prueba1_demo_v1.0\prueba1_demo.srcs\sources_1\new\apa102_ctrl.vhd:]
WARNING: [filemgmt 56-199] Attempt to get parsing info during refresh. "On-the-fly" syntax checking information may be incorrect. [C:\Users\kille\Documents\GitHub\TFM-UPM\Practica\Prueba1_demo_v1.0\prueba1_demo.srcs\sources_1\new\i2s_transceiver.vhd:]
WARNING: [filemgmt 56-199] Attempt to get parsing info during refresh. "On-the-fly" syntax checking information may be incorrect. [C:\Users\kille\Documents\GitHub\TFM-UPM\Practica\Prueba1_demo_v1.0\prueba1_demo.srcs\sources_1\new\audio_player.vhd:]
WARNING: [filemgmt 56-199] Attempt to get parsing info during refresh. "On-the-fly" syntax checking information may be incorrect. [C:\Users\kille\Documents\GitHub\TFM-UPM\Practica\Prueba1_demo_v1.0\prueba1_demo.srcs\sources_1\new\tas2110_i2c_ctrl.vhd:]
WARNING: [filemgmt 56-199] Attempt to get parsing info during refresh. "On-the-fly" syntax checking information may be incorrect. [C:\Users\kille\Documents\GitHub\TFM-UPM\Practica\Prueba1_demo_v1.0\prueba1_demo.srcs\sources_1\new\audio_player.vhd:]
WARNING: [filemgmt 56-199] Attempt to get parsing info during refresh. "On-the-fly" syntax checking information may be incorrect. [C:\Users\kille\Documents\GitHub\TFM-UPM\Practica\Prueba1_demo_v1.0\prueba1_demo.srcs\sources_1\new\audio_player.vhd:]
ERROR: [Common 17-180] Spawn failed: La operación se completó correctamente.

WARNING: [filemgmt 56-199] Attempt to get parsing info during refresh. "On-the-fly" syntax checking information may be incorrect. [C:\Users\kille\Documents\GitHub\TFM-UPM\Practica\Prueba1_demo_v1.0\prueba1_demo.srcs\sources_1\new\top_system.vhd:]
WARNING: [filemgmt 56-199] Attempt to get parsing info during refresh. "On-the-fly" syntax checking information may be incorrect. [C:\Users\kille\Documents\GitHub\TFM-UPM\Practica\Prueba1_demo_v1.0\prueba1_demo.srcs\sources_1\new\apa102_ctrl.vhd:]
WARNING: [filemgmt 56-199] Attempt to get parsing info during refresh. "On-the-fly" syntax checking information may be incorrect. [C:\Users\kille\Documents\GitHub\TFM-UPM\Practica\Prueba1_demo_v1.0\prueba1_demo.srcs\sources_1\new\i2s_transceiver.vhd:]
WARNING: [filemgmt 56-199] Attempt to get parsing info during refresh. "On-the-fly" syntax checking information may be incorrect. [C:\Users\kille\Documents\GitHub\TFM-UPM\Practica\Prueba1_demo_v1.0\prueba1_demo.srcs\sources_1\new\audio_player.vhd:]
WARNING: [filemgmt 56-199] Attempt to get parsing info during refresh. "On-the-fly" syntax checking information may be incorrect. [C:\Users\kille\Documents\GitHub\TFM-UPM\Practica\Prueba1_demo_v1.0\prueba1_demo.srcs\sources_1\new\tas2110_i2c_ctrl.vhd:]
WARNING: [filemgmt 56-199] Attempt to get parsing info during refresh. "On-the-fly" syntax checking information may be incorrect. [C:\Users\kille\Documents\GitHub\TFM-UPM\Practica\Prueba1_demo_v1.0\prueba1_demo.srcs\sources_1\new\top_system.vhd:]
WARNING: [filemgmt 56-199] Attempt to get parsing info during refresh. "On-the-fly" syntax checking information may be incorrect. [C:\Users\kille\Documents\GitHub\TFM-UPM\Practica\Prueba1_demo_v1.0\prueba1_demo.srcs\sources_1\new\top_system.vhd:]
WARNING: [filemgmt 56-199] Attempt to get parsing info during refresh. "On-the-fly" syntax checking information may be incorrect. [C:\Users\kille\Documents\GitHub\TFM-UPM\Practica\Prueba1_demo_v1.0\prueba1_demo.srcs\sources_1\new\top_system.vhd:]
WARNING: [filemgmt 56-199] Attempt to get parsing info during refresh. "On-the-fly" syntax checking information may be incorrect. [C:\Users\kille\Documents\GitHub\TFM-UPM\Practica\Prueba1_demo_v1.0\prueba1_demo.srcs\sources_1\new\apa102_ctrl.vhd:]
WARNING: [filemgmt 56-199] Attempt to get parsing info during refresh. "On-the-fly" syntax checking information may be incorrect. [C:\Users\kille\Documents\GitHub\TFM-UPM\Practica\Prueba1_demo_v1.0\prueba1_demo.srcs\sources_1\new\i2s_transceiver.vhd:]
WARNING: [filemgmt 56-199] Attempt to get parsing info during refresh. "On-the-fly" syntax checking information may be incorrect. [C:\Users\kille\Documents\GitHub\TFM-UPM\Practica\Prueba1_demo_v1.0\prueba1_demo.srcs\sources_1\new\audio_player.vhd:]
WARNING: [filemgmt 56-199] Attempt to get parsing info during refresh. "On-the-fly" syntax checking information may be incorrect. [C:\Users\kille\Documents\GitHub\TFM-UPM\Practica\Prueba1_demo_v1.0\prueba1_demo.srcs\sources_1\new\tas2110_i2c_ctrl.vhd:]
WARNING: [filemgmt 56-199] Attempt to get parsing info during refresh. "On-the-fly" syntax checking information may be incorrect. [C:\Users\kille\Documents\GitHub\TFM-UPM\Practica\Prueba1_demo_v1.0\prueba1_demo.srcs\sources_1\new\audio_player.vhd:]
WARNING: [filemgmt 56-199] Attempt to get parsing info during refresh. "On-the-fly" syntax checking information may be incorrect. [C:\Users\kille\Documents\GitHub\TFM-UPM\Practica\Prueba1_demo_v1.0\prueba1_demo.srcs\sources_1\new\audio_player.vhd:]
WARNING: [filemgmt 56-199] Attempt to get parsing info during refresh. "On-the-fly" syntax checking information may be incorrect. [C:\Users\kille\Documents\GitHub\TFM-UPM\Practica\Prueba1_demo_v1.0\prueba1_demo.srcs\sources_1\new\top_system.vhd:]
WARNING: [filemgmt 56-199] Attempt to get parsing info during refresh. "On-the-fly" syntax checking information may be incorrect. [C:\Users\kille\Documents\GitHub\TFM-UPM\Practica\Prueba1_demo_v1.0\prueba1_demo.srcs\sources_1\new\apa102_ctrl.vhd:]
WARNING: [filemgmt 56-199] Attempt to get parsing info during refresh. "On-the-fly" syntax checking information may be incorrect. [C:\Users\kille\Documents\GitHub\TFM-UPM\Practica\Prueba1_demo_v1.0\prueba1_demo.srcs\sources_1\new\i2s_transceiver.vhd:]
WARNING: [filemgmt 56-199] Attempt to get parsing info during refresh. "On-the-fly" syntax checking information may be incorrect. [C:\Users\kille\Documents\GitHub\TFM-UPM\Practica\Prueba1_demo_v1.0\prueba1_demo.srcs\sources_1\new\audio_player.vhd:]
WARNING: [filemgmt 56-199] Attempt to get parsing info during refresh. "On-the-fly" syntax checking information may be incorrect. [C:\Users\kille\Documents\GitHub\TFM-UPM\Practica\Prueba1_demo_v1.0\prueba1_demo.srcs\sources_1\new\tas2110_i2c_ctrl.vhd:]
WARNING: [filemgmt 56-199] Attempt to get parsing info during refresh. "On-the-fly" syntax checking information may be incorrect. [C:\Users\kille\Documents\GitHub\TFM-UPM\Practica\Prueba1_demo_v1.0\prueba1_demo.srcs\sources_1\new\apa102_ctrl.vhd:]
WARNING: [filemgmt 56-199] Attempt to get parsing info during refresh. "On-the-fly" syntax checking information may be incorrect. [C:\Users\kille\Documents\GitHub\TFM-UPM\Practica\Prueba1_demo_v1.0\prueba1_demo.srcs\sources_1\new\apa102_ctrl.vhd:]
WARNING: [filemgmt 56-199] Attempt to get parsing info during refresh. "On-the-fly" syntax checking information may be incorrect. [C:\Users\kille\Documents\GitHub\TFM-UPM\Practica\Prueba1_demo_v1.0\prueba1_demo.srcs\sources_1\new\top_system.vhd:]
WARNING: [filemgmt 56-199] Attempt to get parsing info during refresh. "On-the-fly" syntax checking information may be incorrect. [C:\Users\kille\Documents\GitHub\TFM-UPM\Practica\Prueba1_demo_v1.0\prueba1_demo.srcs\sources_1\new\apa102_ctrl.vhd:]
WARNING: [filemgmt 56-199] Attempt to get parsing info during refresh. "On-the-fly" syntax checking information may be incorrect. [C:\Users\kille\Documents\GitHub\TFM-UPM\Practica\Prueba1_demo_v1.0\prueba1_demo.srcs\sources_1\new\i2s_transceiver.vhd:]
WARNING: [filemgmt 56-199] Attempt to get parsing info during refresh. "On-the-fly" syntax checking information may be incorrect. [C:\Users\kille\Documents\GitHub\TFM-UPM\Practica\Prueba1_demo_v1.0\prueba1_demo.srcs\sources_1\new\audio_player.vhd:]
WARNING: [filemgmt 56-199] Attempt to get parsing info during refresh. "On-the-fly" syntax checking information may be incorrect. [C:\Users\kille\Documents\GitHub\TFM-UPM\Practica\Prueba1_demo_v1.0\prueba1_demo.srcs\sources_1\new\tas2110_i2c_ctrl.vhd:]
WARNING: [filemgmt 56-199] Attempt to get parsing info during refresh. "On-the-fly" syntax checking information may be incorrect. [C:\Users\kille\Documents\GitHub\TFM-UPM\Practica\Prueba1_demo_v1.0\prueba1_demo.srcs\sources_1\new\tas2110_i2c_ctrl.vhd:]
WARNING: [filemgmt 56-199] Attempt to get parsing info during refresh. "On-the-fly" syntax checking information may be incorrect. [C:\Users\kille\Documents\GitHub\TFM-UPM\Practica\Prueba1_demo_v1.0\prueba1_demo.srcs\sources_1\new\tas2110_i2c_ctrl.vhd:]
save_wave_config {C:/Users/kille/Documents/GitHub/TFM-UPM/Practica/Prueba1_demo_v1.0/prueba1_demo.hw/hw_1/wave/hw_ila_data_1/hw_ila_data_1.wcfg}
save_wave_config {C:/Users/kille/Documents/GitHub/TFM-UPM/Practica/Prueba1_demo_v1.0/prueba1_demo.hw/hw_1/wave/hw_ila_data_2/hw_ila_data_2.wcfg}
close_hw_manager
report_ip_status -name ip_status 
update_module_reference [get_ips  design_1_top_system_0_1]
INFO: [IP_Flow 19-5107] Inferred bus interface 'reset_n' of definition 'xilinx.com:signal:reset:1.0' (from Xilinx Repository).
INFO: [IP_Flow 19-5107] Inferred bus interface 'sd_reset' of definition 'xilinx.com:signal:reset:1.0' (from Xilinx Repository).
INFO: [IP_Flow 19-5107] Inferred bus interface 'sw0_reset' of definition 'xilinx.com:signal:reset:1.0' (from Xilinx Repository).
INFO: [IP_Flow 19-5107] Inferred bus interface 'led_clk' of definition 'xilinx.com:signal:clock:1.0' (from Xilinx Repository).
INFO: [IP_Flow 19-5107] Inferred bus interface 'sd_clk' of definition 'xilinx.com:signal:clock:1.0' (from Xilinx Repository).
INFO: [IP_Flow 19-4728] Bus Interface 'sd_clk': Added interface parameter 'ASSOCIATED_RESET' with value 'sd_reset'.
CRITICAL WARNING: [IP_Flow 19-4751] Bus Interface 'led_clk': FREQ_HZ bus parameter is missing for output clock interface.
CRITICAL WARNING: [IP_Flow 19-4751] Bus Interface 'sd_clk': FREQ_HZ bus parameter is missing for output clock interface.
INFO: [IP_Flow 19-5107] Inferred bus interface 'reset_n' of definition 'xilinx.com:signal:reset:1.0' (from Xilinx Repository).
INFO: [IP_Flow 19-5107] Inferred bus interface 'sd_reset' of definition 'xilinx.com:signal:reset:1.0' (from Xilinx Repository).
INFO: [IP_Flow 19-5107] Inferred bus interface 'sw0_reset' of definition 'xilinx.com:signal:reset:1.0' (from Xilinx Repository).
INFO: [IP_Flow 19-5107] Inferred bus interface 'led_clk' of definition 'xilinx.com:signal:clock:1.0' (from Xilinx Repository).
INFO: [IP_Flow 19-5107] Inferred bus interface 'sd_clk' of definition 'xilinx.com:signal:clock:1.0' (from Xilinx Repository).
INFO: [IP_Flow 19-4728] Bus Interface 'sd_clk': Added interface parameter 'ASSOCIATED_RESET' with value 'sd_reset'.
CRITICAL WARNING: [IP_Flow 19-4751] Bus Interface 'led_clk': FREQ_HZ bus parameter is missing for output clock interface.
CRITICAL WARNING: [IP_Flow 19-4751] Bus Interface 'sd_clk': FREQ_HZ bus parameter is missing for output clock interface.
Upgrading 'C:/Users/kille/Documents/GitHub/TFM-UPM/Practica/Prueba1_demo_v1.0/prueba1_demo.srcs/sources_1/bd/design_1/design_1.bd'
INFO: [IP_Flow 19-3420] Updated design_1_top_system_0_1 to use current project options
Wrote  : <C:\Users\kille\Documents\GitHub\TFM-UPM\Practica\Prueba1_demo_v1.0\prueba1_demo.srcs\sources_1\bd\design_1\design_1.bd> 
Wrote  : <C:/Users/kille/Documents/GitHub/TFM-UPM/Practica/Prueba1_demo_v1.0/prueba1_demo.srcs/sources_1/bd/design_1/ui/bd_1f5defd0.ui> 
WARNING: [filemgmt 56-199] Attempt to get parsing info during refresh. "On-the-fly" syntax checking information may be incorrect. [C:\Users\kille\Documents\GitHub\TFM-UPM\Practica\Prueba1_demo_v1.0\prueba1_demo.srcs\sources_1\new\top_system.vhd:]
WARNING: [filemgmt 56-199] Attempt to get parsing info during refresh. "On-the-fly" syntax checking information may be incorrect. [C:\Users\kille\Documents\GitHub\TFM-UPM\Practica\Prueba1_demo_v1.0\prueba1_demo.srcs\sources_1\new\apa102_ctrl.vhd:]
WARNING: [filemgmt 56-199] Attempt to get parsing info during refresh. "On-the-fly" syntax checking information may be incorrect. [C:\Users\kille\Documents\GitHub\TFM-UPM\Practica\Prueba1_demo_v1.0\prueba1_demo.srcs\sources_1\new\i2s_transceiver.vhd:]
WARNING: [filemgmt 56-199] Attempt to get parsing info during refresh. "On-the-fly" syntax checking information may be incorrect. [C:\Users\kille\Documents\GitHub\TFM-UPM\Practica\Prueba1_demo_v1.0\prueba1_demo.srcs\sources_1\new\audio_player.vhd:]
WARNING: [filemgmt 56-199] Attempt to get parsing info during refresh. "On-the-fly" syntax checking information may be incorrect. [C:\Users\kille\Documents\GitHub\TFM-UPM\Practica\Prueba1_demo_v1.0\prueba1_demo.srcs\sources_1\new\tas2110_i2c_ctrl.vhd:]
WARNING: [filemgmt 56-199] Attempt to get parsing info during refresh. "On-the-fly" syntax checking information may be incorrect. [C:\Users\kille\Documents\GitHub\TFM-UPM\Practica\Prueba1_demo_v1.0\prueba1_demo.srcs\sources_1\new\apa102_ctrl.vhd:]
WARNING: [filemgmt 56-199] Attempt to get parsing info during refresh. "On-the-fly" syntax checking information may be incorrect. [C:\Users\kille\Documents\GitHub\TFM-UPM\Practica\Prueba1_demo_v1.0\prueba1_demo.srcs\sources_1\new\apa102_ctrl.vhd:]
WARNING: [filemgmt 56-199] Attempt to get parsing info during refresh. "On-the-fly" syntax checking information may be incorrect. [C:\Users\kille\Documents\GitHub\TFM-UPM\Practica\Prueba1_demo_v1.0\prueba1_demo.srcs\sources_1\new\top_system.vhd:]
WARNING: [filemgmt 56-199] Attempt to get parsing info during refresh. "On-the-fly" syntax checking information may be incorrect. [C:\Users\kille\Documents\GitHub\TFM-UPM\Practica\Prueba1_demo_v1.0\prueba1_demo.srcs\sources_1\new\apa102_ctrl.vhd:]
WARNING: [filemgmt 56-199] Attempt to get parsing info during refresh. "On-the-fly" syntax checking information may be incorrect. [C:\Users\kille\Documents\GitHub\TFM-UPM\Practica\Prueba1_demo_v1.0\prueba1_demo.srcs\sources_1\new\i2s_transceiver.vhd:]
WARNING: [filemgmt 56-199] Attempt to get parsing info during refresh. "On-the-fly" syntax checking information may be incorrect. [C:\Users\kille\Documents\GitHub\TFM-UPM\Practica\Prueba1_demo_v1.0\prueba1_demo.srcs\sources_1\new\audio_player.vhd:]
WARNING: [filemgmt 56-199] Attempt to get parsing info during refresh. "On-the-fly" syntax checking information may be incorrect. [C:\Users\kille\Documents\GitHub\TFM-UPM\Practica\Prueba1_demo_v1.0\prueba1_demo.srcs\sources_1\new\tas2110_i2c_ctrl.vhd:]
WARNING: [filemgmt 56-199] Attempt to get parsing info during refresh. "On-the-fly" syntax checking information may be incorrect. [C:\Users\kille\Documents\GitHub\TFM-UPM\Practica\Prueba1_demo_v1.0\prueba1_demo.srcs\sources_1\new\tas2110_i2c_ctrl.vhd:]
WARNING: [filemgmt 56-199] Attempt to get parsing info during refresh. "On-the-fly" syntax checking information may be incorrect. [C:\Users\kille\Documents\GitHub\TFM-UPM\Practica\Prueba1_demo_v1.0\prueba1_demo.srcs\sources_1\new\tas2110_i2c_ctrl.vhd:]
WARNING: [filemgmt 56-199] Attempt to get parsing info during refresh. "On-the-fly" syntax checking information may be incorrect. [C:\Users\kille\Documents\GitHub\TFM-UPM\Practica\Prueba1_demo_v1.0\prueba1_demo.srcs\sources_1\new\top_system.vhd:]
WARNING: [filemgmt 56-199] Attempt to get parsing info during refresh. "On-the-fly" syntax checking information may be incorrect. [C:\Users\kille\Documents\GitHub\TFM-UPM\Practica\Prueba1_demo_v1.0\prueba1_demo.srcs\sources_1\new\apa102_ctrl.vhd:]
WARNING: [filemgmt 56-199] Attempt to get parsing info during refresh. "On-the-fly" syntax checking information may be incorrect. [C:\Users\kille\Documents\GitHub\TFM-UPM\Practica\Prueba1_demo_v1.0\prueba1_demo.srcs\sources_1\new\i2s_transceiver.vhd:]
WARNING: [filemgmt 56-199] Attempt to get parsing info during refresh. "On-the-fly" syntax checking information may be incorrect. [C:\Users\kille\Documents\GitHub\TFM-UPM\Practica\Prueba1_demo_v1.0\prueba1_demo.srcs\sources_1\new\audio_player.vhd:]
WARNING: [filemgmt 56-199] Attempt to get parsing info during refresh. "On-the-fly" syntax checking information may be incorrect. [C:\Users\kille\Documents\GitHub\TFM-UPM\Practica\Prueba1_demo_v1.0\prueba1_demo.srcs\sources_1\new\tas2110_i2c_ctrl.vhd:]
WARNING: [filemgmt 56-199] Attempt to get parsing info during refresh. "On-the-fly" syntax checking information may be incorrect. [C:\Users\kille\Documents\GitHub\TFM-UPM\Practica\Prueba1_demo_v1.0\prueba1_demo.srcs\sources_1\new\i2s_transceiver.vhd:]
WARNING: [filemgmt 56-199] Attempt to get parsing info during refresh. "On-the-fly" syntax checking information may be incorrect. [C:\Users\kille\Documents\GitHub\TFM-UPM\Practica\Prueba1_demo_v1.0\prueba1_demo.srcs\sources_1\new\i2s_transceiver.vhd:]
ERROR: [Common 17-180] Spawn failed: La operación se completó correctamente.

ERROR: [Common 17-180] Spawn failed: La operación se completó correctamente.

WARNING: [filemgmt 56-199] Attempt to get parsing info during refresh. "On-the-fly" syntax checking information may be incorrect. [C:\Users\kille\Documents\GitHub\TFM-UPM\Practica\Prueba1_demo_v1.0\prueba1_demo.srcs\sources_1\new\top_system.vhd:]
report_ip_status -name ip_status 
WARNING: [filemgmt 56-199] Attempt to get parsing info during refresh. "On-the-fly" syntax checking information may be incorrect. [C:\Users\kille\Documents\GitHub\TFM-UPM\Practica\Prueba1_demo_v1.0\prueba1_demo.srcs\sources_1\new\top_system.vhd:]
WARNING: [filemgmt 56-199] Attempt to get parsing info during refresh. "On-the-fly" syntax checking information may be incorrect. [C:\Users\kille\Documents\GitHub\TFM-UPM\Practica\Prueba1_demo_v1.0\prueba1_demo.srcs\sources_1\new\apa102_ctrl.vhd:]
WARNING: [filemgmt 56-199] Attempt to get parsing info during refresh. "On-the-fly" syntax checking information may be incorrect. [C:\Users\kille\Documents\GitHub\TFM-UPM\Practica\Prueba1_demo_v1.0\prueba1_demo.srcs\sources_1\new\i2s_transceiver.vhd:]
WARNING: [filemgmt 56-199] Attempt to get parsing info during refresh. "On-the-fly" syntax checking information may be incorrect. [C:\Users\kille\Documents\GitHub\TFM-UPM\Practica\Prueba1_demo_v1.0\prueba1_demo.srcs\sources_1\new\audio_player.vhd:]
WARNING: [filemgmt 56-199] Attempt to get parsing info during refresh. "On-the-fly" syntax checking information may be incorrect. [C:\Users\kille\Documents\GitHub\TFM-UPM\Practica\Prueba1_demo_v1.0\prueba1_demo.srcs\sources_1\new\tas2110_i2c_ctrl.vhd:]
WARNING: [filemgmt 56-199] Attempt to get parsing info during refresh. "On-the-fly" syntax checking information may be incorrect. [C:\Users\kille\Documents\GitHub\TFM-UPM\Practica\Prueba1_demo_v1.0\prueba1_demo.srcs\sources_1\new\tas2110_i2c_ctrl.vhd:]
WARNING: [filemgmt 56-199] Attempt to get parsing info during refresh. "On-the-fly" syntax checking information may be incorrect. [C:\Users\kille\Documents\GitHub\TFM-UPM\Practica\Prueba1_demo_v1.0\prueba1_demo.srcs\sources_1\new\tas2110_i2c_ctrl.vhd:]
WARNING: [filemgmt 56-199] Attempt to get parsing info during refresh. "On-the-fly" syntax checking information may be incorrect. [C:\Users\kille\Documents\GitHub\TFM-UPM\Practica\Prueba1_demo_v1.0\prueba1_demo.srcs\sources_1\new\top_system.vhd:]
WARNING: [filemgmt 56-199] Attempt to get parsing info during refresh. "On-the-fly" syntax checking information may be incorrect. [C:\Users\kille\Documents\GitHub\TFM-UPM\Practica\Prueba1_demo_v1.0\prueba1_demo.srcs\sources_1\new\apa102_ctrl.vhd:]
WARNING: [filemgmt 56-199] Attempt to get parsing info during refresh. "On-the-fly" syntax checking information may be incorrect. [C:\Users\kille\Documents\GitHub\TFM-UPM\Practica\Prueba1_demo_v1.0\prueba1_demo.srcs\sources_1\new\i2s_transceiver.vhd:]
WARNING: [filemgmt 56-199] Attempt to get parsing info during refresh. "On-the-fly" syntax checking information may be incorrect. [C:\Users\kille\Documents\GitHub\TFM-UPM\Practica\Prueba1_demo_v1.0\prueba1_demo.srcs\sources_1\new\audio_player.vhd:]
WARNING: [filemgmt 56-199] Attempt to get parsing info during refresh. "On-the-fly" syntax checking information may be incorrect. [C:\Users\kille\Documents\GitHub\TFM-UPM\Practica\Prueba1_demo_v1.0\prueba1_demo.srcs\sources_1\new\tas2110_i2c_ctrl.vhd:]
WARNING: [filemgmt 56-199] Attempt to get parsing info during refresh. "On-the-fly" syntax checking information may be incorrect. [C:\Users\kille\Documents\GitHub\TFM-UPM\Practica\Prueba1_demo_v1.0\prueba1_demo.srcs\sources_1\new\top_system.vhd:]
WARNING: [filemgmt 56-199] Attempt to get parsing info during refresh. "On-the-fly" syntax checking information may be incorrect. [C:\Users\kille\Documents\GitHub\TFM-UPM\Practica\Prueba1_demo_v1.0\prueba1_demo.srcs\sources_1\new\top_system.vhd:]
WARNING: [filemgmt 56-199] Attempt to get parsing info during refresh. "On-the-fly" syntax checking information may be incorrect. [C:\Users\kille\Documents\GitHub\TFM-UPM\Practica\Prueba1_demo_v1.0\prueba1_demo.srcs\sources_1\new\top_system.vhd:]
WARNING: [filemgmt 56-199] Attempt to get parsing info during refresh. "On-the-fly" syntax checking information may be incorrect. [C:\Users\kille\Documents\GitHub\TFM-UPM\Practica\Prueba1_demo_v1.0\prueba1_demo.srcs\sources_1\new\apa102_ctrl.vhd:]
WARNING: [filemgmt 56-199] Attempt to get parsing info during refresh. "On-the-fly" syntax checking information may be incorrect. [C:\Users\kille\Documents\GitHub\TFM-UPM\Practica\Prueba1_demo_v1.0\prueba1_demo.srcs\sources_1\new\i2s_transceiver.vhd:]
WARNING: [filemgmt 56-199] Attempt to get parsing info during refresh. "On-the-fly" syntax checking information may be incorrect. [C:\Users\kille\Documents\GitHub\TFM-UPM\Practica\Prueba1_demo_v1.0\prueba1_demo.srcs\sources_1\new\audio_player.vhd:]
WARNING: [filemgmt 56-199] Attempt to get parsing info during refresh. "On-the-fly" syntax checking information may be incorrect. [C:\Users\kille\Documents\GitHub\TFM-UPM\Practica\Prueba1_demo_v1.0\prueba1_demo.srcs\sources_1\new\tas2110_i2c_ctrl.vhd:]
WARNING: [filemgmt 56-199] Attempt to get parsing info during refresh. "On-the-fly" syntax checking information may be incorrect. [C:\Users\kille\Documents\GitHub\TFM-UPM\Practica\Prueba1_demo_v1.0\prueba1_demo.srcs\sources_1\new\i2s_transceiver.vhd:]
WARNING: [filemgmt 56-199] Attempt to get parsing info during refresh. "On-the-fly" syntax checking information may be incorrect. [C:\Users\kille\Documents\GitHub\TFM-UPM\Practica\Prueba1_demo_v1.0\prueba1_demo.srcs\sources_1\new\i2s_transceiver.vhd:]
ERROR: [Common 17-180] Spawn failed: La operación se completó correctamente.

WARNING: [filemgmt 56-199] Attempt to get parsing info during refresh. "On-the-fly" syntax checking information may be incorrect. [C:\Users\kille\Documents\GitHub\TFM-UPM\Practica\Prueba1_demo_v1.0\prueba1_demo.srcs\sources_1\new\top_system.vhd:]
WARNING: [filemgmt 56-199] Attempt to get parsing info during refresh. "On-the-fly" syntax checking information may be incorrect. [C:\Users\kille\Documents\GitHub\TFM-UPM\Practica\Prueba1_demo_v1.0\prueba1_demo.srcs\sources_1\new\apa102_ctrl.vhd:]
WARNING: [filemgmt 56-199] Attempt to get parsing info during refresh. "On-the-fly" syntax checking information may be incorrect. [C:\Users\kille\Documents\GitHub\TFM-UPM\Practica\Prueba1_demo_v1.0\prueba1_demo.srcs\sources_1\new\i2s_transceiver.vhd:]
WARNING: [filemgmt 56-199] Attempt to get parsing info during refresh. "On-the-fly" syntax checking information may be incorrect. [C:\Users\kille\Documents\GitHub\TFM-UPM\Practica\Prueba1_demo_v1.0\prueba1_demo.srcs\sources_1\new\audio_player.vhd:]
WARNING: [filemgmt 56-199] Attempt to get parsing info during refresh. "On-the-fly" syntax checking information may be incorrect. [C:\Users\kille\Documents\GitHub\TFM-UPM\Practica\Prueba1_demo_v1.0\prueba1_demo.srcs\sources_1\new\tas2110_i2c_ctrl.vhd:]
WARNING: [filemgmt 56-199] Attempt to get parsing info during refresh. "On-the-fly" syntax checking information may be incorrect. [C:\Users\kille\Documents\GitHub\TFM-UPM\Practica\Prueba1_demo_v1.0\prueba1_demo.srcs\sources_1\new\apa102_ctrl.vhd:]
WARNING: [filemgmt 56-199] Attempt to get parsing info during refresh. "On-the-fly" syntax checking information may be incorrect. [C:\Users\kille\Documents\GitHub\TFM-UPM\Practica\Prueba1_demo_v1.0\prueba1_demo.srcs\sources_1\new\apa102_ctrl.vhd:]
ERROR: [Common 17-180] Spawn failed: La operación se completó correctamente.

reset_run synth_1
INFO: [Project 1-1161] Replacing file C:/Users/kille/Documents/GitHub/TFM-UPM/Practica/Prueba1_demo_v1.0/prueba1_demo.srcs/utils_1/imports/synth_1/top_system.dcp with file C:/Users/kille/Documents/GitHub/TFM-UPM/Practica/Prueba1_demo_v1.0/prueba1_demo.runs/synth_1/design_1_wrapper.dcp
launch_runs impl_1 -to_step write_bitstream -jobs 12
WARNING: [BD 41-1781] Updates have been made to one or more nets/interface connections marked for debug.
Debug nets, which are already connected to any ILA IP core in the block-design, will be automatically available for debug in Hardware Manager.
For unconnected Debug nets, please open synthesized design and use 'Set Up Debug' wizard to insert, modify or delete Debug Cores. 
WARNING: [filemgmt 56-199] Attempt to get parsing info during refresh. "On-the-fly" syntax checking information may be incorrect. [C:\Users\kille\Documents\GitHub\TFM-UPM\Practica\Prueba1_demo_v1.0\prueba1_demo.srcs\sources_1\new\top_system.vhd:]
WARNING: [filemgmt 56-199] Attempt to get parsing info during refresh. "On-the-fly" syntax checking information may be incorrect. [C:\Users\kille\Documents\GitHub\TFM-UPM\Practica\Prueba1_demo_v1.0\prueba1_demo.srcs\sources_1\new\apa102_ctrl.vhd:]
WARNING: [filemgmt 56-199] Attempt to get parsing info during refresh. "On-the-fly" syntax checking information may be incorrect. [C:\Users\kille\Documents\GitHub\TFM-UPM\Practica\Prueba1_demo_v1.0\prueba1_demo.srcs\sources_1\new\i2s_transceiver.vhd:]
WARNING: [filemgmt 56-199] Attempt to get parsing info during refresh. "On-the-fly" syntax checking information may be incorrect. [C:\Users\kille\Documents\GitHub\TFM-UPM\Practica\Prueba1_demo_v1.0\prueba1_demo.srcs\sources_1\new\audio_player.vhd:]
WARNING: [filemgmt 56-199] Attempt to get parsing info during refresh. "On-the-fly" syntax checking information may be incorrect. [C:\Users\kille\Documents\GitHub\TFM-UPM\Practica\Prueba1_demo_v1.0\prueba1_demo.srcs\sources_1\new\tas2110_i2c_ctrl.vhd:]
WARNING: [filemgmt 56-199] Attempt to get parsing info during refresh. "On-the-fly" syntax checking information may be incorrect. [C:\Users\kille\Documents\GitHub\TFM-UPM\Practica\Prueba1_demo_v1.0\prueba1_demo.srcs\sources_1\new\apa102_ctrl.vhd:]
WARNING: [filemgmt 56-199] Attempt to get parsing info during refresh. "On-the-fly" syntax checking information may be incorrect. [C:\Users\kille\Documents\GitHub\TFM-UPM\Practica\Prueba1_demo_v1.0\prueba1_demo.srcs\sources_1\new\apa102_ctrl.vhd:]
WARNING: [filemgmt 56-199] Attempt to get parsing info during refresh. "On-the-fly" syntax checking information may be incorrect. [C:\Users\kille\Documents\GitHub\TFM-UPM\Practica\Prueba1_demo_v1.0\prueba1_demo.srcs\sources_1\new\top_system.vhd:]
WARNING: [filemgmt 56-199] Attempt to get parsing info during refresh. "On-the-fly" syntax checking information may be incorrect. [C:\Users\kille\Documents\GitHub\TFM-UPM\Practica\Prueba1_demo_v1.0\prueba1_demo.srcs\sources_1\new\apa102_ctrl.vhd:]
WARNING: [filemgmt 56-199] Attempt to get parsing info during refresh. "On-the-fly" syntax checking information may be incorrect. [C:\Users\kille\Documents\GitHub\TFM-UPM\Practica\Prueba1_demo_v1.0\prueba1_demo.srcs\sources_1\new\i2s_transceiver.vhd:]
WARNING: [filemgmt 56-199] Attempt to get parsing info during refresh. "On-the-fly" syntax checking information may be incorrect. [C:\Users\kille\Documents\GitHub\TFM-UPM\Practica\Prueba1_demo_v1.0\prueba1_demo.srcs\sources_1\new\audio_player.vhd:]
WARNING: [filemgmt 56-199] Attempt to get parsing info during refresh. "On-the-fly" syntax checking information may be incorrect. [C:\Users\kille\Documents\GitHub\TFM-UPM\Practica\Prueba1_demo_v1.0\prueba1_demo.srcs\sources_1\new\tas2110_i2c_ctrl.vhd:]
WARNING: [filemgmt 56-199] Attempt to get parsing info during refresh. "On-the-fly" syntax checking information may be incorrect. [C:\Users\kille\Documents\GitHub\TFM-UPM\Practica\Prueba1_demo_v1.0\prueba1_demo.srcs\sources_1\new\tas2110_i2c_ctrl.vhd:]
WARNING: [filemgmt 56-199] Attempt to get parsing info during refresh. "On-the-fly" syntax checking information may be incorrect. [C:\Users\kille\Documents\GitHub\TFM-UPM\Practica\Prueba1_demo_v1.0\prueba1_demo.srcs\sources_1\new\tas2110_i2c_ctrl.vhd:]
WARNING: [filemgmt 56-199] Attempt to get parsing info during refresh. "On-the-fly" syntax checking information may be incorrect. [C:\Users\kille\Documents\GitHub\TFM-UPM\Practica\Prueba1_demo_v1.0\prueba1_demo.srcs\sources_1\new\top_system.vhd:]
WARNING: [filemgmt 56-199] Attempt to get parsing info during refresh. "On-the-fly" syntax checking information may be incorrect. [C:\Users\kille\Documents\GitHub\TFM-UPM\Practica\Prueba1_demo_v1.0\prueba1_demo.srcs\sources_1\new\apa102_ctrl.vhd:]
WARNING: [filemgmt 56-199] Attempt to get parsing info during refresh. "On-the-fly" syntax checking information may be incorrect. [C:\Users\kille\Documents\GitHub\TFM-UPM\Practica\Prueba1_demo_v1.0\prueba1_demo.srcs\sources_1\new\i2s_transceiver.vhd:]
WARNING: [filemgmt 56-199] Attempt to get parsing info during refresh. "On-the-fly" syntax checking information may be incorrect. [C:\Users\kille\Documents\GitHub\TFM-UPM\Practica\Prueba1_demo_v1.0\prueba1_demo.srcs\sources_1\new\audio_player.vhd:]
WARNING: [filemgmt 56-199] Attempt to get parsing info during refresh. "On-the-fly" syntax checking information may be incorrect. [C:\Users\kille\Documents\GitHub\TFM-UPM\Practica\Prueba1_demo_v1.0\prueba1_demo.srcs\sources_1\new\tas2110_i2c_ctrl.vhd:]
WARNING: [filemgmt 56-199] Attempt to get parsing info during refresh. "On-the-fly" syntax checking information may be incorrect. [C:\Users\kille\Documents\GitHub\TFM-UPM\Practica\Prueba1_demo_v1.0\prueba1_demo.srcs\sources_1\new\audio_player.vhd:]
WARNING: [filemgmt 56-199] Attempt to get parsing info during refresh. "On-the-fly" syntax checking information may be incorrect. [C:\Users\kille\Documents\GitHub\TFM-UPM\Practica\Prueba1_demo_v1.0\prueba1_demo.srcs\sources_1\new\audio_player.vhd:]
INFO: [xilinx.com:ip:clk_wiz:6.0-1] /clk_wiz_0 clk_wiz propagate
Wrote  : <C:\Users\kille\Documents\GitHub\TFM-UPM\Practica\Prueba1_demo_v1.0\prueba1_demo.srcs\sources_1\bd\design_1\design_1.bd> 
WARNING: [BD 41-3257] Drive strength cannot be preserved for ports connected to net btn_center_0_0_1 as it is marked for debug
WARNING: [BD 41-3256] Drive strength cannot be preserved for ports connected to net btn_right_0_0_1 as it connected to debug IP /system_ila_1 
WARNING: [BD 41-3256] Drive strength cannot be preserved for ports connected to net clk_100Mhz_0_1 as it connected to debug IP /system_ila_0 
WARNING: [BD 41-3257] Drive strength cannot be preserved for ports connected to net top_system_0_dbg_scl_out as it is marked for debug
WARNING: [BD 41-3257] Drive strength cannot be preserved for ports connected to net top_system_0_dbg_sda_out as it is marked for debug
WARNING: [BD 41-3257] Drive strength cannot be preserved for ports connected to net top_system_0_i2s_dout as it is marked for debug
WARNING: [BD 41-3256] Drive strength cannot be preserved for ports connected to net top_system_0_led_clk as it connected to debug IP /system_ila_0 
WARNING: [BD 41-3257] Drive strength cannot be preserved for ports connected to net top_system_0_led_data as it is marked for debug
VHDL Output written to : c:/Users/kille/Documents/GitHub/TFM-UPM/Practica/Prueba1_demo_v1.0/prueba1_demo.gen/sources_1/bd/design_1/synth/design_1.vhd
WARNING: [BD 41-3257] Drive strength cannot be preserved for ports connected to net btn_center_0_0_1 as it is marked for debug
WARNING: [BD 41-3256] Drive strength cannot be preserved for ports connected to net btn_right_0_0_1 as it connected to debug IP /system_ila_1 
WARNING: [BD 41-3256] Drive strength cannot be preserved for ports connected to net clk_100Mhz_0_1 as it connected to debug IP /system_ila_0 
WARNING: [BD 41-3257] Drive strength cannot be preserved for ports connected to net top_system_0_dbg_scl_out as it is marked for debug
WARNING: [BD 41-3257] Drive strength cannot be preserved for ports connected to net top_system_0_dbg_sda_out as it is marked for debug
WARNING: [BD 41-3257] Drive strength cannot be preserved for ports connected to net top_system_0_i2s_dout as it is marked for debug
WARNING: [BD 41-3256] Drive strength cannot be preserved for ports connected to net top_system_0_led_clk as it connected to debug IP /system_ila_0 
WARNING: [BD 41-3257] Drive strength cannot be preserved for ports connected to net top_system_0_led_data as it is marked for debug
VHDL Output written to : c:/Users/kille/Documents/GitHub/TFM-UPM/Practica/Prueba1_demo_v1.0/prueba1_demo.gen/sources_1/bd/design_1/sim/design_1.vhd
VHDL Output written to : c:/Users/kille/Documents/GitHub/TFM-UPM/Practica/Prueba1_demo_v1.0/prueba1_demo.gen/sources_1/bd/design_1/hdl/design_1_wrapper.vhd
ERROR: [Common 17-180] Spawn failed: La operación se completó correctamente.

WARNING: [filemgmt 56-199] Attempt to get parsing info during refresh. "On-the-fly" syntax checking information may be incorrect. [C:\Users\kille\Documents\GitHub\TFM-UPM\Practica\Prueba1_demo_v1.0\prueba1_demo.srcs\sources_1\new\top_system.vhd:]
WARNING: [filemgmt 56-199] Attempt to get parsing info during refresh. "On-the-fly" syntax checking information may be incorrect. [C:\Users\kille\Documents\GitHub\TFM-UPM\Practica\Prueba1_demo_v1.0\prueba1_demo.srcs\sources_1\new\apa102_ctrl.vhd:]
WARNING: [filemgmt 56-199] Attempt to get parsing info during refresh. "On-the-fly" syntax checking information may be incorrect. [C:\Users\kille\Documents\GitHub\TFM-UPM\Practica\Prueba1_demo_v1.0\prueba1_demo.srcs\sources_1\new\i2s_transceiver.vhd:]
WARNING: [filemgmt 56-199] Attempt to get parsing info during refresh. "On-the-fly" syntax checking information may be incorrect. [C:\Users\kille\Documents\GitHub\TFM-UPM\Practica\Prueba1_demo_v1.0\prueba1_demo.srcs\sources_1\new\audio_player.vhd:]
WARNING: [filemgmt 56-199] Attempt to get parsing info during refresh. "On-the-fly" syntax checking information may be incorrect. [C:\Users\kille\Documents\GitHub\TFM-UPM\Practica\Prueba1_demo_v1.0\prueba1_demo.srcs\sources_1\new\tas2110_i2c_ctrl.vhd:]
WARNING: [filemgmt 56-199] Attempt to get parsing info during refresh. "On-the-fly" syntax checking information may be incorrect. [C:\Users\kille\Documents\GitHub\TFM-UPM\Practica\Prueba1_demo_v1.0\prueba1_demo.srcs\sources_1\new\top_system.vhd:]
WARNING: [filemgmt 56-199] Attempt to get parsing info during refresh. "On-the-fly" syntax checking information may be incorrect. [C:\Users\kille\Documents\GitHub\TFM-UPM\Practica\Prueba1_demo_v1.0\prueba1_demo.srcs\sources_1\new\top_system.vhd:]
INFO: [BD 41-1029] Generation completed for the IP Integrator block top_system_0 .
INFO: [BD 41-1637] Generated targets are already up-to-date for block design 'bd_f60c' - hence not re-generating.
INFO: [BD 41-1637] Generated targets are already up-to-date for block design 'bd_f69c' - hence not re-generating.
INFO: [BD 41-1982] Skipping generation for the cell util_vector_logic_0, which is locked by user.
Exporting to file c:/Users/kille/Documents/GitHub/TFM-UPM/Practica/Prueba1_demo_v1.0/prueba1_demo.gen/sources_1/bd/design_1/hw_handoff/design_1.hwh
Generated Hardware Definition File c:/Users/kille/Documents/GitHub/TFM-UPM/Practica/Prueba1_demo_v1.0/prueba1_demo.gen/sources_1/bd/design_1/synth/design_1.hwdef
ERROR: [Vivado 12-4756] Launch of runs aborted due to earlier errors while preparing sub-designs for run execution.
WARNING: [filemgmt 56-199] Attempt to get parsing info during refresh. "On-the-fly" syntax checking information may be incorrect. [C:\Users\kille\Documents\GitHub\TFM-UPM\Practica\Prueba1_demo_v1.0\prueba1_demo.srcs\sources_1\new\top_system.vhd:]
WARNING: [filemgmt 56-199] Attempt to get parsing info during refresh. "On-the-fly" syntax checking information may be incorrect. [C:\Users\kille\Documents\GitHub\TFM-UPM\Practica\Prueba1_demo_v1.0\prueba1_demo.srcs\sources_1\new\apa102_ctrl.vhd:]
WARNING: [filemgmt 56-199] Attempt to get parsing info during refresh. "On-the-fly" syntax checking information may be incorrect. [C:\Users\kille\Documents\GitHub\TFM-UPM\Practica\Prueba1_demo_v1.0\prueba1_demo.srcs\sources_1\new\i2s_transceiver.vhd:]
WARNING: [filemgmt 56-199] Attempt to get parsing info during refresh. "On-the-fly" syntax checking information may be incorrect. [C:\Users\kille\Documents\GitHub\TFM-UPM\Practica\Prueba1_demo_v1.0\prueba1_demo.srcs\sources_1\new\audio_player.vhd:]
WARNING: [filemgmt 56-199] Attempt to get parsing info during refresh. "On-the-fly" syntax checking information may be incorrect. [C:\Users\kille\Documents\GitHub\TFM-UPM\Practica\Prueba1_demo_v1.0\prueba1_demo.srcs\sources_1\new\tas2110_i2c_ctrl.vhd:]
WARNING: [filemgmt 56-199] Attempt to get parsing info during refresh. "On-the-fly" syntax checking information may be incorrect. [C:\Users\kille\Documents\GitHub\TFM-UPM\Practica\Prueba1_demo_v1.0\prueba1_demo.srcs\sources_1\new\i2s_transceiver.vhd:]
WARNING: [filemgmt 56-199] Attempt to get parsing info during refresh. "On-the-fly" syntax checking information may be incorrect. [C:\Users\kille\Documents\GitHub\TFM-UPM\Practica\Prueba1_demo_v1.0\prueba1_demo.srcs\sources_1\new\i2s_transceiver.vhd:]
WARNING: [filemgmt 56-199] Attempt to get parsing info during refresh. "On-the-fly" syntax checking information may be incorrect. [C:\Users\kille\Documents\GitHub\TFM-UPM\Practica\Prueba1_demo_v1.0\prueba1_demo.srcs\sources_1\new\top_system.vhd:]
WARNING: [filemgmt 56-199] Attempt to get parsing info during refresh. "On-the-fly" syntax checking information may be incorrect. [C:\Users\kille\Documents\GitHub\TFM-UPM\Practica\Prueba1_demo_v1.0\prueba1_demo.srcs\sources_1\new\apa102_ctrl.vhd:]
WARNING: [filemgmt 56-199] Attempt to get parsing info during refresh. "On-the-fly" syntax checking information may be incorrect. [C:\Users\kille\Documents\GitHub\TFM-UPM\Practica\Prueba1_demo_v1.0\prueba1_demo.srcs\sources_1\new\i2s_transceiver.vhd:]
WARNING: [filemgmt 56-199] Attempt to get parsing info during refresh. "On-the-fly" syntax checking information may be incorrect. [C:\Users\kille\Documents\GitHub\TFM-UPM\Practica\Prueba1_demo_v1.0\prueba1_demo.srcs\sources_1\new\audio_player.vhd:]
WARNING: [filemgmt 56-199] Attempt to get parsing info during refresh. "On-the-fly" syntax checking information may be incorrect. [C:\Users\kille\Documents\GitHub\TFM-UPM\Practica\Prueba1_demo_v1.0\prueba1_demo.srcs\sources_1\new\tas2110_i2c_ctrl.vhd:]
WARNING: [filemgmt 56-199] Attempt to get parsing info during refresh. "On-the-fly" syntax checking information may be incorrect. [C:\Users\kille\Documents\GitHub\TFM-UPM\Practica\Prueba1_demo_v1.0\prueba1_demo.srcs\sources_1\new\audio_player.vhd:]
WARNING: [filemgmt 56-199] Attempt to get parsing info during refresh. "On-the-fly" syntax checking information may be incorrect. [C:\Users\kille\Documents\GitHub\TFM-UPM\Practica\Prueba1_demo_v1.0\prueba1_demo.srcs\sources_1\new\audio_player.vhd:]
WARNING: [filemgmt 56-199] Attempt to get parsing info during refresh. "On-the-fly" syntax checking information may be incorrect. [C:\Users\kille\Documents\GitHub\TFM-UPM\Practica\Prueba1_demo_v1.0\prueba1_demo.srcs\sources_1\new\top_system.vhd:]
WARNING: [filemgmt 56-199] Attempt to get parsing info during refresh. "On-the-fly" syntax checking information may be incorrect. [C:\Users\kille\Documents\GitHub\TFM-UPM\Practica\Prueba1_demo_v1.0\prueba1_demo.srcs\sources_1\new\apa102_ctrl.vhd:]
WARNING: [filemgmt 56-199] Attempt to get parsing info during refresh. "On-the-fly" syntax checking information may be incorrect. [C:\Users\kille\Documents\GitHub\TFM-UPM\Practica\Prueba1_demo_v1.0\prueba1_demo.srcs\sources_1\new\i2s_transceiver.vhd:]
WARNING: [filemgmt 56-199] Attempt to get parsing info during refresh. "On-the-fly" syntax checking information may be incorrect. [C:\Users\kille\Documents\GitHub\TFM-UPM\Practica\Prueba1_demo_v1.0\prueba1_demo.srcs\sources_1\new\audio_player.vhd:]
WARNING: [filemgmt 56-199] Attempt to get parsing info during refresh. "On-the-fly" syntax checking information may be incorrect. [C:\Users\kille\Documents\GitHub\TFM-UPM\Practica\Prueba1_demo_v1.0\prueba1_demo.srcs\sources_1\new\tas2110_i2c_ctrl.vhd:]
WARNING: [filemgmt 56-199] Attempt to get parsing info during refresh. "On-the-fly" syntax checking information may be incorrect. [C:\Users\kille\Documents\GitHub\TFM-UPM\Practica\Prueba1_demo_v1.0\prueba1_demo.srcs\sources_1\new\tas2110_i2c_ctrl.vhd:]
WARNING: [filemgmt 56-199] Attempt to get parsing info during refresh. "On-the-fly" syntax checking information may be incorrect. [C:\Users\kille\Documents\GitHub\TFM-UPM\Practica\Prueba1_demo_v1.0\prueba1_demo.srcs\sources_1\new\tas2110_i2c_ctrl.vhd:]
WARNING: [filemgmt 56-199] Attempt to get parsing info during refresh. "On-the-fly" syntax checking information may be incorrect. [C:\Users\kille\Documents\GitHub\TFM-UPM\Practica\Prueba1_demo_v1.0\prueba1_demo.srcs\sources_1\new\top_system.vhd:]
WARNING: [filemgmt 56-199] Attempt to get parsing info during refresh. "On-the-fly" syntax checking information may be incorrect. [C:\Users\kille\Documents\GitHub\TFM-UPM\Practica\Prueba1_demo_v1.0\prueba1_demo.srcs\sources_1\new\apa102_ctrl.vhd:]
WARNING: [filemgmt 56-199] Attempt to get parsing info during refresh. "On-the-fly" syntax checking information may be incorrect. [C:\Users\kille\Documents\GitHub\TFM-UPM\Practica\Prueba1_demo_v1.0\prueba1_demo.srcs\sources_1\new\i2s_transceiver.vhd:]
WARNING: [filemgmt 56-199] Attempt to get parsing info during refresh. "On-the-fly" syntax checking information may be incorrect. [C:\Users\kille\Documents\GitHub\TFM-UPM\Practica\Prueba1_demo_v1.0\prueba1_demo.srcs\sources_1\new\audio_player.vhd:]
WARNING: [filemgmt 56-199] Attempt to get parsing info during refresh. "On-the-fly" syntax checking information may be incorrect. [C:\Users\kille\Documents\GitHub\TFM-UPM\Practica\Prueba1_demo_v1.0\prueba1_demo.srcs\sources_1\new\tas2110_i2c_ctrl.vhd:]
WARNING: [filemgmt 56-199] Attempt to get parsing info during refresh. "On-the-fly" syntax checking information may be incorrect. [C:\Users\kille\Documents\GitHub\TFM-UPM\Practica\Prueba1_demo_v1.0\prueba1_demo.srcs\sources_1\new\apa102_ctrl.vhd:]
WARNING: [filemgmt 56-199] Attempt to get parsing info during refresh. "On-the-fly" syntax checking information may be incorrect. [C:\Users\kille\Documents\GitHub\TFM-UPM\Practica\Prueba1_demo_v1.0\prueba1_demo.srcs\sources_1\new\apa102_ctrl.vhd:]
ERROR: [Common 17-180] Spawn failed: La operación se completó correctamente.

WARNING: [filemgmt 56-199] Attempt to get parsing info during refresh. "On-the-fly" syntax checking information may be incorrect. [C:\Users\kille\Documents\GitHub\TFM-UPM\Practica\Prueba1_demo_v1.0\prueba1_demo.srcs\sources_1\new\top_system.vhd:]
WARNING: [filemgmt 56-199] Attempt to get parsing info during refresh. "On-the-fly" syntax checking information may be incorrect. [C:\Users\kille\Documents\GitHub\TFM-UPM\Practica\Prueba1_demo_v1.0\prueba1_demo.srcs\sources_1\new\apa102_ctrl.vhd:]
WARNING: [filemgmt 56-199] Attempt to get parsing info during refresh. "On-the-fly" syntax checking information may be incorrect. [C:\Users\kille\Documents\GitHub\TFM-UPM\Practica\Prueba1_demo_v1.0\prueba1_demo.srcs\sources_1\new\i2s_transceiver.vhd:]
WARNING: [filemgmt 56-199] Attempt to get parsing info during refresh. "On-the-fly" syntax checking information may be incorrect. [C:\Users\kille\Documents\GitHub\TFM-UPM\Practica\Prueba1_demo_v1.0\prueba1_demo.srcs\sources_1\new\audio_player.vhd:]
WARNING: [filemgmt 56-199] Attempt to get parsing info during refresh. "On-the-fly" syntax checking information may be incorrect. [C:\Users\kille\Documents\GitHub\TFM-UPM\Practica\Prueba1_demo_v1.0\prueba1_demo.srcs\sources_1\new\tas2110_i2c_ctrl.vhd:]
WARNING: [filemgmt 56-199] Attempt to get parsing info during refresh. "On-the-fly" syntax checking information may be incorrect. [C:\Users\kille\Documents\GitHub\TFM-UPM\Practica\Prueba1_demo_v1.0\prueba1_demo.srcs\sources_1\new\apa102_ctrl.vhd:]
WARNING: [filemgmt 56-199] Attempt to get parsing info during refresh. "On-the-fly" syntax checking information may be incorrect. [C:\Users\kille\Documents\GitHub\TFM-UPM\Practica\Prueba1_demo_v1.0\prueba1_demo.srcs\sources_1\new\apa102_ctrl.vhd:]
WARNING: [filemgmt 56-199] Attempt to get parsing info during refresh. "On-the-fly" syntax checking information may be incorrect. [C:\Users\kille\Documents\GitHub\TFM-UPM\Practica\Prueba1_demo_v1.0\prueba1_demo.srcs\sources_1\new\top_system.vhd:]
WARNING: [filemgmt 56-199] Attempt to get parsing info during refresh. "On-the-fly" syntax checking information may be incorrect. [C:\Users\kille\Documents\GitHub\TFM-UPM\Practica\Prueba1_demo_v1.0\prueba1_demo.srcs\sources_1\new\apa102_ctrl.vhd:]
WARNING: [filemgmt 56-199] Attempt to get parsing info during refresh. "On-the-fly" syntax checking information may be incorrect. [C:\Users\kille\Documents\GitHub\TFM-UPM\Practica\Prueba1_demo_v1.0\prueba1_demo.srcs\sources_1\new\i2s_transceiver.vhd:]
WARNING: [filemgmt 56-199] Attempt to get parsing info during refresh. "On-the-fly" syntax checking information may be incorrect. [C:\Users\kille\Documents\GitHub\TFM-UPM\Practica\Prueba1_demo_v1.0\prueba1_demo.srcs\sources_1\new\audio_player.vhd:]
WARNING: [filemgmt 56-199] Attempt to get parsing info during refresh. "On-the-fly" syntax checking information may be incorrect. [C:\Users\kille\Documents\GitHub\TFM-UPM\Practica\Prueba1_demo_v1.0\prueba1_demo.srcs\sources_1\new\tas2110_i2c_ctrl.vhd:]
WARNING: [filemgmt 56-199] Attempt to get parsing info during refresh. "On-the-fly" syntax checking information may be incorrect. [C:\Users\kille\Documents\GitHub\TFM-UPM\Practica\Prueba1_demo_v1.0\prueba1_demo.srcs\sources_1\new\tas2110_i2c_ctrl.vhd:]
WARNING: [filemgmt 56-199] Attempt to get parsing info during refresh. "On-the-fly" syntax checking information may be incorrect. [C:\Users\kille\Documents\GitHub\TFM-UPM\Practica\Prueba1_demo_v1.0\prueba1_demo.srcs\sources_1\new\tas2110_i2c_ctrl.vhd:]
WARNING: [filemgmt 56-199] Attempt to get parsing info during refresh. "On-the-fly" syntax checking information may be incorrect. [C:\Users\kille\Documents\GitHub\TFM-UPM\Practica\Prueba1_demo_v1.0\prueba1_demo.srcs\sources_1\new\top_system.vhd:]
WARNING: [filemgmt 56-199] Attempt to get parsing info during refresh. "On-the-fly" syntax checking information may be incorrect. [C:\Users\kille\Documents\GitHub\TFM-UPM\Practica\Prueba1_demo_v1.0\prueba1_demo.srcs\sources_1\new\apa102_ctrl.vhd:]
WARNING: [filemgmt 56-199] Attempt to get parsing info during refresh. "On-the-fly" syntax checking information may be incorrect. [C:\Users\kille\Documents\GitHub\TFM-UPM\Practica\Prueba1_demo_v1.0\prueba1_demo.srcs\sources_1\new\i2s_transceiver.vhd:]
WARNING: [filemgmt 56-199] Attempt to get parsing info during refresh. "On-the-fly" syntax checking information may be incorrect. [C:\Users\kille\Documents\GitHub\TFM-UPM\Practica\Prueba1_demo_v1.0\prueba1_demo.srcs\sources_1\new\audio_player.vhd:]
WARNING: [filemgmt 56-199] Attempt to get parsing info during refresh. "On-the-fly" syntax checking information may be incorrect. [C:\Users\kille\Documents\GitHub\TFM-UPM\Practica\Prueba1_demo_v1.0\prueba1_demo.srcs\sources_1\new\tas2110_i2c_ctrl.vhd:]
WARNING: [filemgmt 56-199] Attempt to get parsing info during refresh. "On-the-fly" syntax checking information may be incorrect. [C:\Users\kille\Documents\GitHub\TFM-UPM\Practica\Prueba1_demo_v1.0\prueba1_demo.srcs\sources_1\new\audio_player.vhd:]
WARNING: [filemgmt 56-199] Attempt to get parsing info during refresh. "On-the-fly" syntax checking information may be incorrect. [C:\Users\kille\Documents\GitHub\TFM-UPM\Practica\Prueba1_demo_v1.0\prueba1_demo.srcs\sources_1\new\audio_player.vhd:]
ERROR: [Common 17-180] Spawn failed: La operación se completó correctamente.

WARNING: [filemgmt 56-199] Attempt to get parsing info during refresh. "On-the-fly" syntax checking information may be incorrect. [C:\Users\kille\Documents\GitHub\TFM-UPM\Practica\Prueba1_demo_v1.0\prueba1_demo.srcs\sources_1\new\top_system.vhd:]
WARNING: [filemgmt 56-199] Attempt to get parsing info during refresh. "On-the-fly" syntax checking information may be incorrect. [C:\Users\kille\Documents\GitHub\TFM-UPM\Practica\Prueba1_demo_v1.0\prueba1_demo.srcs\sources_1\new\apa102_ctrl.vhd:]
WARNING: [filemgmt 56-199] Attempt to get parsing info during refresh. "On-the-fly" syntax checking information may be incorrect. [C:\Users\kille\Documents\GitHub\TFM-UPM\Practica\Prueba1_demo_v1.0\prueba1_demo.srcs\sources_1\new\i2s_transceiver.vhd:]
WARNING: [filemgmt 56-199] Attempt to get parsing info during refresh. "On-the-fly" syntax checking information may be incorrect. [C:\Users\kille\Documents\GitHub\TFM-UPM\Practica\Prueba1_demo_v1.0\prueba1_demo.srcs\sources_1\new\audio_player.vhd:]
WARNING: [filemgmt 56-199] Attempt to get parsing info during refresh. "On-the-fly" syntax checking information may be incorrect. [C:\Users\kille\Documents\GitHub\TFM-UPM\Practica\Prueba1_demo_v1.0\prueba1_demo.srcs\sources_1\new\tas2110_i2c_ctrl.vhd:]
WARNING: [filemgmt 56-199] Attempt to get parsing info during refresh. "On-the-fly" syntax checking information may be incorrect. [C:\Users\kille\Documents\GitHub\TFM-UPM\Practica\Prueba1_demo_v1.0\prueba1_demo.srcs\sources_1\new\top_system.vhd:]
WARNING: [filemgmt 56-199] Attempt to get parsing info during refresh. "On-the-fly" syntax checking information may be incorrect. [C:\Users\kille\Documents\GitHub\TFM-UPM\Practica\Prueba1_demo_v1.0\prueba1_demo.srcs\sources_1\new\top_system.vhd:]
ERROR: [Common 17-180] Spawn failed: La operación se completó correctamente.

launch_runs impl_1 -to_step write_bitstream -jobs 12
[Thu Aug  6 19:07:01 2026] Launched design_1_top_system_0_1_synth_1, synth_1...
Run output will be captured here:
design_1_top_system_0_1_synth_1: C:/Users/kille/Documents/GitHub/TFM-UPM/Practica/Prueba1_demo_v1.0/prueba1_demo.runs/design_1_top_system_0_1_synth_1/runme.log
synth_1: C:/Users/kille/Documents/GitHub/TFM-UPM/Practica/Prueba1_demo_v1.0/prueba1_demo.runs/synth_1/runme.log
[Thu Aug  6 19:07:01 2026] Launched impl_1...
Run output will be captured here: C:/Users/kille/Documents/GitHub/TFM-UPM/Practica/Prueba1_demo_v1.0/prueba1_demo.runs/impl_1/runme.log
open_hw_manager
connect_hw_server -allow_non_jtag
INFO: [Labtools 27-2285] Connecting to hw_server url TCP:localhost:3121
INFO: [Labtools 27-2222] Launching hw_server...
INFO: [Labtools 27-2221] Launch Output:

****** Xilinx hw_server v2025.1
  **** Build date : May  6 2025 at 09:15:36
    ** Copyright 1986-2022 Xilinx, Inc. All Rights Reserved.


INFO: [Labtools 27-3415] Connecting to cs_server url TCP:localhost:0
INFO: [Labtools 27-3417] Launching cs_server...
INFO: [Labtools 27-2221] Launch Output:


******** Xilinx cs_server v2025.1.0
  ****** Build date   : May 13 2025-21:15:27
    **** Build number : 2025.1.1747163727
      ** Copyright 2017-2022 Xilinx, Inc. All Rights Reserved.
      ** Copyright 2022-2026 Advanced Micro Devices, Inc. All Rights Reserved.



connect_hw_server: Time (s): cpu = 00:00:01 ; elapsed = 00:00:07 . Memory (MB): peak = 2954.176 ; gain = 0.000
open_hw_target
INFO: [Labtoolstcl 44-466] Opening hw_target localhost:3121/xilinx_tcf/Digilent/210292AD31A3A
set_property PROGRAM.FILE {C:/Users/kille/Documents/GitHub/TFM-UPM/Practica/Prueba1_demo_v1.0/prueba1_demo.runs/impl_1/design_1_wrapper.bit} [get_hw_devices xc7a100t_0]
set_property PROBES.FILE {C:/Users/kille/Documents/GitHub/TFM-UPM/Practica/Prueba1_demo_v1.0/prueba1_demo.runs/impl_1/design_1_wrapper.ltx} [get_hw_devices xc7a100t_0]
set_property FULL_PROBES.FILE {C:/Users/kille/Documents/GitHub/TFM-UPM/Practica/Prueba1_demo_v1.0/prueba1_demo.runs/impl_1/design_1_wrapper.ltx} [get_hw_devices xc7a100t_0]
current_hw_device [get_hw_devices xc7a100t_0]
refresh_hw_device [lindex [get_hw_devices xc7a100t_0] 0]
INFO: [Labtools 27-2302] Device xc7a100t (JTAG device index = 0) is programmed with a design that has 2 ILA core(s).
display_hw_ila_data [ get_hw_ila_data hw_ila_data_1 -of_objects [get_hw_ilas -of_objects [get_hw_devices xc7a100t_0] -filter {CELL_NAME=~"design_1_i/system_ila_0/U0/ila_lib"}]]
display_hw_ila_data [ get_hw_ila_data hw_ila_data_2 -of_objects [get_hw_ilas -of_objects [get_hw_devices xc7a100t_0] -filter {CELL_NAME=~"design_1_i/system_ila_1/U0/ila_lib"}]]
set_property PROBES.FILE {C:/Users/kille/Documents/GitHub/TFM-UPM/Practica/Prueba1_demo_v1.0/prueba1_demo.runs/impl_1/design_1_wrapper.ltx} [get_hw_devices xc7a100t_0]
set_property FULL_PROBES.FILE {C:/Users/kille/Documents/GitHub/TFM-UPM/Practica/Prueba1_demo_v1.0/prueba1_demo.runs/impl_1/design_1_wrapper.ltx} [get_hw_devices xc7a100t_0]
set_property PROGRAM.FILE {C:/Users/kille/Documents/GitHub/TFM-UPM/Practica/Prueba1_demo_v1.0/prueba1_demo.runs/impl_1/design_1_wrapper.bit} [get_hw_devices xc7a100t_0]
program_hw_devices [get_hw_devices xc7a100t_0]
INFO: [Labtools 27-3164] End of startup status: HIGH
refresh_hw_device [lindex [get_hw_devices xc7a100t_0] 0]
INFO: [Labtools 27-2302] Device xc7a100t (JTAG device index = 0) is programmed with a design that has 2 ILA core(s).
set_property PROBES.FILE {C:/Users/kille/Documents/GitHub/TFM-UPM/Practica/Prueba1_demo_v1.0/prueba1_demo.runs/impl_1/design_1_wrapper.ltx} [get_hw_devices xc7a100t_0]
set_property FULL_PROBES.FILE {C:/Users/kille/Documents/GitHub/TFM-UPM/Practica/Prueba1_demo_v1.0/prueba1_demo.runs/impl_1/design_1_wrapper.ltx} [get_hw_devices xc7a100t_0]
set_property PROGRAM.FILE {C:/Users/kille/Documents/GitHub/TFM-UPM/Practica/Prueba1_demo_v1.0/prueba1_demo.runs/impl_1/design_1_wrapper.bit} [get_hw_devices xc7a100t_0]
program_hw_devices [get_hw_devices xc7a100t_0]
INFO: [Labtools 27-3164] End of startup status: HIGH
refresh_hw_device [lindex [get_hw_devices xc7a100t_0] 0]
INFO: [Labtools 27-2302] Device xc7a100t (JTAG device index = 0) is programmed with a design that has 2 ILA core(s).
WARNING: [filemgmt 56-199] Attempt to get parsing info during refresh. "On-the-fly" syntax checking information may be incorrect. [C:\Users\kille\Documents\GitHub\TFM-UPM\Practica\Prueba1_demo_v1.0\prueba1_demo.srcs\sources_1\new\top_system.vhd:]
WARNING: [filemgmt 56-199] Attempt to get parsing info during refresh. "On-the-fly" syntax checking information may be incorrect. [C:\Users\kille\Documents\GitHub\TFM-UPM\Practica\Prueba1_demo_v1.0\prueba1_demo.srcs\sources_1\new\apa102_ctrl.vhd:]
WARNING: [filemgmt 56-199] Attempt to get parsing info during refresh. "On-the-fly" syntax checking information may be incorrect. [C:\Users\kille\Documents\GitHub\TFM-UPM\Practica\Prueba1_demo_v1.0\prueba1_demo.srcs\sources_1\new\i2s_transceiver.vhd:]
WARNING: [filemgmt 56-199] Attempt to get parsing info during refresh. "On-the-fly" syntax checking information may be incorrect. [C:\Users\kille\Documents\GitHub\TFM-UPM\Practica\Prueba1_demo_v1.0\prueba1_demo.srcs\sources_1\new\audio_player.vhd:]
WARNING: [filemgmt 56-199] Attempt to get parsing info during refresh. "On-the-fly" syntax checking information may be incorrect. [C:\Users\kille\Documents\GitHub\TFM-UPM\Practica\Prueba1_demo_v1.0\prueba1_demo.srcs\sources_1\new\tas2110_i2c_ctrl.vhd:]
WARNING: [filemgmt 56-199] Attempt to get parsing info during refresh. "On-the-fly" syntax checking information may be incorrect. [C:\Users\kille\Documents\GitHub\TFM-UPM\Practica\Prueba1_demo_v1.0\prueba1_demo.srcs\sources_1\new\apa102_ctrl.vhd:]
WARNING: [filemgmt 56-199] Attempt to get parsing info during refresh. "On-the-fly" syntax checking information may be incorrect. [C:\Users\kille\Documents\GitHub\TFM-UPM\Practica\Prueba1_demo_v1.0\prueba1_demo.srcs\sources_1\new\apa102_ctrl.vhd:]
WARNING: [filemgmt 56-199] Attempt to get parsing info during refresh. "On-the-fly" syntax checking information may be incorrect. [C:\Users\kille\Documents\GitHub\TFM-UPM\Practica\Prueba1_demo_v1.0\prueba1_demo.srcs\sources_1\new\top_system.vhd:]
WARNING: [filemgmt 56-199] Attempt to get parsing info during refresh. "On-the-fly" syntax checking information may be incorrect. [C:\Users\kille\Documents\GitHub\TFM-UPM\Practica\Prueba1_demo_v1.0\prueba1_demo.srcs\sources_1\new\apa102_ctrl.vhd:]
WARNING: [filemgmt 56-199] Attempt to get parsing info during refresh. "On-the-fly" syntax checking information may be incorrect. [C:\Users\kille\Documents\GitHub\TFM-UPM\Practica\Prueba1_demo_v1.0\prueba1_demo.srcs\sources_1\new\i2s_transceiver.vhd:]
WARNING: [filemgmt 56-199] Attempt to get parsing info during refresh. "On-the-fly" syntax checking information may be incorrect. [C:\Users\kille\Documents\GitHub\TFM-UPM\Practica\Prueba1_demo_v1.0\prueba1_demo.srcs\sources_1\new\audio_player.vhd:]
WARNING: [filemgmt 56-199] Attempt to get parsing info during refresh. "On-the-fly" syntax checking information may be incorrect. [C:\Users\kille\Documents\GitHub\TFM-UPM\Practica\Prueba1_demo_v1.0\prueba1_demo.srcs\sources_1\new\tas2110_i2c_ctrl.vhd:]
WARNING: [filemgmt 56-199] Attempt to get parsing info during refresh. "On-the-fly" syntax checking information may be incorrect. [C:\Users\kille\Documents\GitHub\TFM-UPM\Practica\Prueba1_demo_v1.0\prueba1_demo.srcs\sources_1\new\top_system.vhd:]
WARNING: [filemgmt 56-199] Attempt to get parsing info during refresh. "On-the-fly" syntax checking information may be incorrect. [C:\Users\kille\Documents\GitHub\TFM-UPM\Practica\Prueba1_demo_v1.0\prueba1_demo.srcs\sources_1\new\top_system.vhd:]
WARNING: [filemgmt 56-199] Attempt to get parsing info during refresh. "On-the-fly" syntax checking information may be incorrect. [C:\Users\kille\Documents\GitHub\TFM-UPM\Practica\Prueba1_demo_v1.0\prueba1_demo.srcs\sources_1\new\top_system.vhd:]
WARNING: [filemgmt 56-199] Attempt to get parsing info during refresh. "On-the-fly" syntax checking information may be incorrect. [C:\Users\kille\Documents\GitHub\TFM-UPM\Practica\Prueba1_demo_v1.0\prueba1_demo.srcs\sources_1\new\apa102_ctrl.vhd:]
WARNING: [filemgmt 56-199] Attempt to get parsing info during refresh. "On-the-fly" syntax checking information may be incorrect. [C:\Users\kille\Documents\GitHub\TFM-UPM\Practica\Prueba1_demo_v1.0\prueba1_demo.srcs\sources_1\new\i2s_transceiver.vhd:]
WARNING: [filemgmt 56-199] Attempt to get parsing info during refresh. "On-the-fly" syntax checking information may be incorrect. [C:\Users\kille\Documents\GitHub\TFM-UPM\Practica\Prueba1_demo_v1.0\prueba1_demo.srcs\sources_1\new\audio_player.vhd:]
WARNING: [filemgmt 56-199] Attempt to get parsing info during refresh. "On-the-fly" syntax checking information may be incorrect. [C:\Users\kille\Documents\GitHub\TFM-UPM\Practica\Prueba1_demo_v1.0\prueba1_demo.srcs\sources_1\new\tas2110_i2c_ctrl.vhd:]
WARNING: [filemgmt 56-199] Attempt to get parsing info during refresh. "On-the-fly" syntax checking information may be incorrect. [C:\Users\kille\Documents\GitHub\TFM-UPM\Practica\Prueba1_demo_v1.0\prueba1_demo.srcs\sources_1\new\audio_player.vhd:]
WARNING: [filemgmt 56-199] Attempt to get parsing info during refresh. "On-the-fly" syntax checking information may be incorrect. [C:\Users\kille\Documents\GitHub\TFM-UPM\Practica\Prueba1_demo_v1.0\prueba1_demo.srcs\sources_1\new\audio_player.vhd:]
WARNING: [filemgmt 56-199] Attempt to get parsing info during refresh. "On-the-fly" syntax checking information may be incorrect. [C:\Users\kille\Documents\GitHub\TFM-UPM\Practica\Prueba1_demo_v1.0\prueba1_demo.srcs\sources_1\new\top_system.vhd:]
WARNING: [filemgmt 56-199] Attempt to get parsing info during refresh. "On-the-fly" syntax checking information may be incorrect. [C:\Users\kille\Documents\GitHub\TFM-UPM\Practica\Prueba1_demo_v1.0\prueba1_demo.srcs\sources_1\new\apa102_ctrl.vhd:]
WARNING: [filemgmt 56-199] Attempt to get parsing info during refresh. "On-the-fly" syntax checking information may be incorrect. [C:\Users\kille\Documents\GitHub\TFM-UPM\Practica\Prueba1_demo_v1.0\prueba1_demo.srcs\sources_1\new\i2s_transceiver.vhd:]
WARNING: [filemgmt 56-199] Attempt to get parsing info during refresh. "On-the-fly" syntax checking information may be incorrect. [C:\Users\kille\Documents\GitHub\TFM-UPM\Practica\Prueba1_demo_v1.0\prueba1_demo.srcs\sources_1\new\audio_player.vhd:]
WARNING: [filemgmt 56-199] Attempt to get parsing info during refresh. "On-the-fly" syntax checking information may be incorrect. [C:\Users\kille\Documents\GitHub\TFM-UPM\Practica\Prueba1_demo_v1.0\prueba1_demo.srcs\sources_1\new\tas2110_i2c_ctrl.vhd:]
WARNING: [filemgmt 56-199] Attempt to get parsing info during refresh. "On-the-fly" syntax checking information may be incorrect. [C:\Users\kille\Documents\GitHub\TFM-UPM\Practica\Prueba1_demo_v1.0\prueba1_demo.srcs\sources_1\new\tas2110_i2c_ctrl.vhd:]
WARNING: [filemgmt 56-199] Attempt to get parsing info during refresh. "On-the-fly" syntax checking information may be incorrect. [C:\Users\kille\Documents\GitHub\TFM-UPM\Practica\Prueba1_demo_v1.0\prueba1_demo.srcs\sources_1\new\tas2110_i2c_ctrl.vhd:]
WARNING: [filemgmt 56-199] Attempt to get parsing info during refresh. "On-the-fly" syntax checking information may be incorrect. [C:\Users\kille\Documents\GitHub\TFM-UPM\Practica\Prueba1_demo_v1.0\prueba1_demo.srcs\sources_1\new\top_system.vhd:]
WARNING: [filemgmt 56-199] Attempt to get parsing info during refresh. "On-the-fly" syntax checking information may be incorrect. [C:\Users\kille\Documents\GitHub\TFM-UPM\Practica\Prueba1_demo_v1.0\prueba1_demo.srcs\sources_1\new\apa102_ctrl.vhd:]
WARNING: [filemgmt 56-199] Attempt to get parsing info during refresh. "On-the-fly" syntax checking information may be incorrect. [C:\Users\kille\Documents\GitHub\TFM-UPM\Practica\Prueba1_demo_v1.0\prueba1_demo.srcs\sources_1\new\i2s_transceiver.vhd:]
WARNING: [filemgmt 56-199] Attempt to get parsing info during refresh. "On-the-fly" syntax checking information may be incorrect. [C:\Users\kille\Documents\GitHub\TFM-UPM\Practica\Prueba1_demo_v1.0\prueba1_demo.srcs\sources_1\new\audio_player.vhd:]
WARNING: [filemgmt 56-199] Attempt to get parsing info during refresh. "On-the-fly" syntax checking information may be incorrect. [C:\Users\kille\Documents\GitHub\TFM-UPM\Practica\Prueba1_demo_v1.0\prueba1_demo.srcs\sources_1\new\tas2110_i2c_ctrl.vhd:]
WARNING: [filemgmt 56-199] Attempt to get parsing info during refresh. "On-the-fly" syntax checking information may be incorrect. [C:\Users\kille\Documents\GitHub\TFM-UPM\Practica\Prueba1_demo_v1.0\prueba1_demo.srcs\sources_1\new\top_system.vhd:]
WARNING: [filemgmt 56-199] Attempt to get parsing info during refresh. "On-the-fly" syntax checking information may be incorrect. [C:\Users\kille\Documents\GitHub\TFM-UPM\Practica\Prueba1_demo_v1.0\prueba1_demo.srcs\sources_1\new\top_system.vhd:]
WARNING: [filemgmt 56-199] Attempt to get parsing info during refresh. "On-the-fly" syntax checking information may be incorrect. [C:\Users\kille\Documents\GitHub\TFM-UPM\Practica\Prueba1_demo_v1.0\prueba1_demo.srcs\sources_1\new\top_system.vhd:]
WARNING: [filemgmt 56-199] Attempt to get parsing info during refresh. "On-the-fly" syntax checking information may be incorrect. [C:\Users\kille\Documents\GitHub\TFM-UPM\Practica\Prueba1_demo_v1.0\prueba1_demo.srcs\sources_1\new\apa102_ctrl.vhd:]
WARNING: [filemgmt 56-199] Attempt to get parsing info during refresh. "On-the-fly" syntax checking information may be incorrect. [C:\Users\kille\Documents\GitHub\TFM-UPM\Practica\Prueba1_demo_v1.0\prueba1_demo.srcs\sources_1\new\i2s_transceiver.vhd:]
WARNING: [filemgmt 56-199] Attempt to get parsing info during refresh. "On-the-fly" syntax checking information may be incorrect. [C:\Users\kille\Documents\GitHub\TFM-UPM\Practica\Prueba1_demo_v1.0\prueba1_demo.srcs\sources_1\new\audio_player.vhd:]
WARNING: [filemgmt 56-199] Attempt to get parsing info during refresh. "On-the-fly" syntax checking information may be incorrect. [C:\Users\kille\Documents\GitHub\TFM-UPM\Practica\Prueba1_demo_v1.0\prueba1_demo.srcs\sources_1\new\tas2110_i2c_ctrl.vhd:]
WARNING: [filemgmt 56-199] Attempt to get parsing info during refresh. "On-the-fly" syntax checking information may be incorrect. [C:\Users\kille\Documents\GitHub\TFM-UPM\Practica\Prueba1_demo_v1.0\prueba1_demo.srcs\sources_1\new\tas2110_i2c_ctrl.vhd:]
WARNING: [filemgmt 56-199] Attempt to get parsing info during refresh. "On-the-fly" syntax checking information may be incorrect. [C:\Users\kille\Documents\GitHub\TFM-UPM\Practica\Prueba1_demo_v1.0\prueba1_demo.srcs\sources_1\new\tas2110_i2c_ctrl.vhd:]
WARNING: [filemgmt 56-199] Attempt to get parsing info during refresh. "On-the-fly" syntax checking information may be incorrect. [C:\Users\kille\Documents\GitHub\TFM-UPM\Practica\Prueba1_demo_v1.0\prueba1_demo.srcs\sources_1\new\top_system.vhd:]
WARNING: [filemgmt 56-199] Attempt to get parsing info during refresh. "On-the-fly" syntax checking information may be incorrect. [C:\Users\kille\Documents\GitHub\TFM-UPM\Practica\Prueba1_demo_v1.0\prueba1_demo.srcs\sources_1\new\apa102_ctrl.vhd:]
WARNING: [filemgmt 56-199] Attempt to get parsing info during refresh. "On-the-fly" syntax checking information may be incorrect. [C:\Users\kille\Documents\GitHub\TFM-UPM\Practica\Prueba1_demo_v1.0\prueba1_demo.srcs\sources_1\new\i2s_transceiver.vhd:]
WARNING: [filemgmt 56-199] Attempt to get parsing info during refresh. "On-the-fly" syntax checking information may be incorrect. [C:\Users\kille\Documents\GitHub\TFM-UPM\Practica\Prueba1_demo_v1.0\prueba1_demo.srcs\sources_1\new\audio_player.vhd:]
WARNING: [filemgmt 56-199] Attempt to get parsing info during refresh. "On-the-fly" syntax checking information may be incorrect. [C:\Users\kille\Documents\GitHub\TFM-UPM\Practica\Prueba1_demo_v1.0\prueba1_demo.srcs\sources_1\new\tas2110_i2c_ctrl.vhd:]
WARNING: [filemgmt 56-199] Attempt to get parsing info during refresh. "On-the-fly" syntax checking information may be incorrect. [C:\Users\kille\Documents\GitHub\TFM-UPM\Practica\Prueba1_demo_v1.0\prueba1_demo.srcs\sources_1\new\audio_player.vhd:]
WARNING: [filemgmt 56-199] Attempt to get parsing info during refresh. "On-the-fly" syntax checking information may be incorrect. [C:\Users\kille\Documents\GitHub\TFM-UPM\Practica\Prueba1_demo_v1.0\prueba1_demo.srcs\sources_1\new\audio_player.vhd:]
ERROR: [Common 17-180] Spawn failed: La operación se completó correctamente.

WARNING: [filemgmt 56-199] Attempt to get parsing info during refresh. "On-the-fly" syntax checking information may be incorrect. [C:\Users\kille\Documents\GitHub\TFM-UPM\Practica\Prueba1_demo_v1.0\prueba1_demo.srcs\sources_1\new\top_system.vhd:]
WARNING: [filemgmt 56-199] Attempt to get parsing info during refresh. "On-the-fly" syntax checking information may be incorrect. [C:\Users\kille\Documents\GitHub\TFM-UPM\Practica\Prueba1_demo_v1.0\prueba1_demo.srcs\sources_1\new\apa102_ctrl.vhd:]
WARNING: [filemgmt 56-199] Attempt to get parsing info during refresh. "On-the-fly" syntax checking information may be incorrect. [C:\Users\kille\Documents\GitHub\TFM-UPM\Practica\Prueba1_demo_v1.0\prueba1_demo.srcs\sources_1\new\i2s_transceiver.vhd:]
WARNING: [filemgmt 56-199] Attempt to get parsing info during refresh. "On-the-fly" syntax checking information may be incorrect. [C:\Users\kille\Documents\GitHub\TFM-UPM\Practica\Prueba1_demo_v1.0\prueba1_demo.srcs\sources_1\new\audio_player.vhd:]
WARNING: [filemgmt 56-199] Attempt to get parsing info during refresh. "On-the-fly" syntax checking information may be incorrect. [C:\Users\kille\Documents\GitHub\TFM-UPM\Practica\Prueba1_demo_v1.0\prueba1_demo.srcs\sources_1\new\tas2110_i2c_ctrl.vhd:]
WARNING: [filemgmt 56-199] Attempt to get parsing info during refresh. "On-the-fly" syntax checking information may be incorrect. [C:\Users\kille\Documents\GitHub\TFM-UPM\Practica\Prueba1_demo_v1.0\prueba1_demo.srcs\sources_1\new\apa102_ctrl.vhd:]
WARNING: [filemgmt 56-199] Attempt to get parsing info during refresh. "On-the-fly" syntax checking information may be incorrect. [C:\Users\kille\Documents\GitHub\TFM-UPM\Practica\Prueba1_demo_v1.0\prueba1_demo.srcs\sources_1\new\apa102_ctrl.vhd:]
WARNING: [filemgmt 56-199] Attempt to get parsing info during refresh. "On-the-fly" syntax checking information may be incorrect. [C:\Users\kille\Documents\GitHub\TFM-UPM\Practica\Prueba1_demo_v1.0\prueba1_demo.srcs\sources_1\new\top_system.vhd:]
WARNING: [filemgmt 56-199] Attempt to get parsing info during refresh. "On-the-fly" syntax checking information may be incorrect. [C:\Users\kille\Documents\GitHub\TFM-UPM\Practica\Prueba1_demo_v1.0\prueba1_demo.srcs\sources_1\new\apa102_ctrl.vhd:]
WARNING: [filemgmt 56-199] Attempt to get parsing info during refresh. "On-the-fly" syntax checking information may be incorrect. [C:\Users\kille\Documents\GitHub\TFM-UPM\Practica\Prueba1_demo_v1.0\prueba1_demo.srcs\sources_1\new\i2s_transceiver.vhd:]
WARNING: [filemgmt 56-199] Attempt to get parsing info during refresh. "On-the-fly" syntax checking information may be incorrect. [C:\Users\kille\Documents\GitHub\TFM-UPM\Practica\Prueba1_demo_v1.0\prueba1_demo.srcs\sources_1\new\audio_player.vhd:]
WARNING: [filemgmt 56-199] Attempt to get parsing info during refresh. "On-the-fly" syntax checking information may be incorrect. [C:\Users\kille\Documents\GitHub\TFM-UPM\Practica\Prueba1_demo_v1.0\prueba1_demo.srcs\sources_1\new\tas2110_i2c_ctrl.vhd:]
WARNING: [filemgmt 56-199] Attempt to get parsing info during refresh. "On-the-fly" syntax checking information may be incorrect. [C:\Users\kille\Documents\GitHub\TFM-UPM\Practica\Prueba1_demo_v1.0\prueba1_demo.srcs\sources_1\new\tas2110_i2c_ctrl.vhd:]
WARNING: [filemgmt 56-199] Attempt to get parsing info during refresh. "On-the-fly" syntax checking information may be incorrect. [C:\Users\kille\Documents\GitHub\TFM-UPM\Practica\Prueba1_demo_v1.0\prueba1_demo.srcs\sources_1\new\tas2110_i2c_ctrl.vhd:]
WARNING: [filemgmt 56-199] Attempt to get parsing info during refresh. "On-the-fly" syntax checking information may be incorrect. [C:\Users\kille\Documents\GitHub\TFM-UPM\Practica\Prueba1_demo_v1.0\prueba1_demo.srcs\sources_1\new\top_system.vhd:]
WARNING: [filemgmt 56-199] Attempt to get parsing info during refresh. "On-the-fly" syntax checking information may be incorrect. [C:\Users\kille\Documents\GitHub\TFM-UPM\Practica\Prueba1_demo_v1.0\prueba1_demo.srcs\sources_1\new\apa102_ctrl.vhd:]
WARNING: [filemgmt 56-199] Attempt to get parsing info during refresh. "On-the-fly" syntax checking information may be incorrect. [C:\Users\kille\Documents\GitHub\TFM-UPM\Practica\Prueba1_demo_v1.0\prueba1_demo.srcs\sources_1\new\i2s_transceiver.vhd:]
WARNING: [filemgmt 56-199] Attempt to get parsing info during refresh. "On-the-fly" syntax checking information may be incorrect. [C:\Users\kille\Documents\GitHub\TFM-UPM\Practica\Prueba1_demo_v1.0\prueba1_demo.srcs\sources_1\new\audio_player.vhd:]
WARNING: [filemgmt 56-199] Attempt to get parsing info during refresh. "On-the-fly" syntax checking information may be incorrect. [C:\Users\kille\Documents\GitHub\TFM-UPM\Practica\Prueba1_demo_v1.0\prueba1_demo.srcs\sources_1\new\tas2110_i2c_ctrl.vhd:]
WARNING: [filemgmt 56-199] Attempt to get parsing info during refresh. "On-the-fly" syntax checking information may be incorrect. [C:\Users\kille\Documents\GitHub\TFM-UPM\Practica\Prueba1_demo_v1.0\prueba1_demo.srcs\sources_1\new\top_system.vhd:]
WARNING: [filemgmt 56-199] Attempt to get parsing info during refresh. "On-the-fly" syntax checking information may be incorrect. [C:\Users\kille\Documents\GitHub\TFM-UPM\Practica\Prueba1_demo_v1.0\prueba1_demo.srcs\sources_1\new\top_system.vhd:]
WARNING: [filemgmt 56-199] Attempt to get parsing info during refresh. "On-the-fly" syntax checking information may be incorrect. [C:\Users\kille\Documents\GitHub\TFM-UPM\Practica\Prueba1_demo_v1.0\prueba1_demo.srcs\sources_1\new\top_system.vhd:]
WARNING: [filemgmt 56-199] Attempt to get parsing info during refresh. "On-the-fly" syntax checking information may be incorrect. [C:\Users\kille\Documents\GitHub\TFM-UPM\Practica\Prueba1_demo_v1.0\prueba1_demo.srcs\sources_1\new\apa102_ctrl.vhd:]
WARNING: [filemgmt 56-199] Attempt to get parsing info during refresh. "On-the-fly" syntax checking information may be incorrect. [C:\Users\kille\Documents\GitHub\TFM-UPM\Practica\Prueba1_demo_v1.0\prueba1_demo.srcs\sources_1\new\i2s_transceiver.vhd:]
WARNING: [filemgmt 56-199] Attempt to get parsing info during refresh. "On-the-fly" syntax checking information may be incorrect. [C:\Users\kille\Documents\GitHub\TFM-UPM\Practica\Prueba1_demo_v1.0\prueba1_demo.srcs\sources_1\new\audio_player.vhd:]
WARNING: [filemgmt 56-199] Attempt to get parsing info during refresh. "On-the-fly" syntax checking information may be incorrect. [C:\Users\kille\Documents\GitHub\TFM-UPM\Practica\Prueba1_demo_v1.0\prueba1_demo.srcs\sources_1\new\tas2110_i2c_ctrl.vhd:]
WARNING: [filemgmt 56-199] Attempt to get parsing info during refresh. "On-the-fly" syntax checking information may be incorrect. [C:\Users\kille\Documents\GitHub\TFM-UPM\Practica\Prueba1_demo_v1.0\prueba1_demo.srcs\sources_1\new\i2s_transceiver.vhd:]
WARNING: [filemgmt 56-199] Attempt to get parsing info during refresh. "On-the-fly" syntax checking information may be incorrect. [C:\Users\kille\Documents\GitHub\TFM-UPM\Practica\Prueba1_demo_v1.0\prueba1_demo.srcs\sources_1\new\i2s_transceiver.vhd:]
WARNING: [filemgmt 56-199] Attempt to get parsing info during refresh. "On-the-fly" syntax checking information may be incorrect. [C:\Users\kille\Documents\GitHub\TFM-UPM\Practica\Prueba1_demo_v1.0\prueba1_demo.srcs\sources_1\new\top_system.vhd:]
WARNING: [filemgmt 56-199] Attempt to get parsing info during refresh. "On-the-fly" syntax checking information may be incorrect. [C:\Users\kille\Documents\GitHub\TFM-UPM\Practica\Prueba1_demo_v1.0\prueba1_demo.srcs\sources_1\new\apa102_ctrl.vhd:]
WARNING: [filemgmt 56-199] Attempt to get parsing info during refresh. "On-the-fly" syntax checking information may be incorrect. [C:\Users\kille\Documents\GitHub\TFM-UPM\Practica\Prueba1_demo_v1.0\prueba1_demo.srcs\sources_1\new\i2s_transceiver.vhd:]
WARNING: [filemgmt 56-199] Attempt to get parsing info during refresh. "On-the-fly" syntax checking information may be incorrect. [C:\Users\kille\Documents\GitHub\TFM-UPM\Practica\Prueba1_demo_v1.0\prueba1_demo.srcs\sources_1\new\audio_player.vhd:]
WARNING: [filemgmt 56-199] Attempt to get parsing info during refresh. "On-the-fly" syntax checking information may be incorrect. [C:\Users\kille\Documents\GitHub\TFM-UPM\Practica\Prueba1_demo_v1.0\prueba1_demo.srcs\sources_1\new\tas2110_i2c_ctrl.vhd:]
WARNING: [filemgmt 56-199] Attempt to get parsing info during refresh. "On-the-fly" syntax checking information may be incorrect. [C:\Users\kille\Documents\GitHub\TFM-UPM\Practica\Prueba1_demo_v1.0\prueba1_demo.srcs\sources_1\new\audio_player.vhd:]
WARNING: [filemgmt 56-199] Attempt to get parsing info during refresh. "On-the-fly" syntax checking information may be incorrect. [C:\Users\kille\Documents\GitHub\TFM-UPM\Practica\Prueba1_demo_v1.0\prueba1_demo.srcs\sources_1\new\audio_player.vhd:]
ERROR: [Common 17-180] Spawn failed: La operación se completó correctamente.

WARNING: [filemgmt 56-199] Attempt to get parsing info during refresh. "On-the-fly" syntax checking information may be incorrect. [C:\Users\kille\Documents\GitHub\TFM-UPM\Practica\Prueba1_demo_v1.0\prueba1_demo.srcs\sources_1\new\top_system.vhd:]
WARNING: [filemgmt 56-199] Attempt to get parsing info during refresh. "On-the-fly" syntax checking information may be incorrect. [C:\Users\kille\Documents\GitHub\TFM-UPM\Practica\Prueba1_demo_v1.0\prueba1_demo.srcs\sources_1\new\apa102_ctrl.vhd:]
WARNING: [filemgmt 56-199] Attempt to get parsing info during refresh. "On-the-fly" syntax checking information may be incorrect. [C:\Users\kille\Documents\GitHub\TFM-UPM\Practica\Prueba1_demo_v1.0\prueba1_demo.srcs\sources_1\new\i2s_transceiver.vhd:]
WARNING: [filemgmt 56-199] Attempt to get parsing info during refresh. "On-the-fly" syntax checking information may be incorrect. [C:\Users\kille\Documents\GitHub\TFM-UPM\Practica\Prueba1_demo_v1.0\prueba1_demo.srcs\sources_1\new\audio_player.vhd:]
WARNING: [filemgmt 56-199] Attempt to get parsing info during refresh. "On-the-fly" syntax checking information may be incorrect. [C:\Users\kille\Documents\GitHub\TFM-UPM\Practica\Prueba1_demo_v1.0\prueba1_demo.srcs\sources_1\new\tas2110_i2c_ctrl.vhd:]
WARNING: [filemgmt 56-199] Attempt to get parsing info during refresh. "On-the-fly" syntax checking information may be incorrect. [C:\Users\kille\Documents\GitHub\TFM-UPM\Practica\Prueba1_demo_v1.0\prueba1_demo.srcs\sources_1\new\audio_player.vhd:]
WARNING: [filemgmt 56-199] Attempt to get parsing info during refresh. "On-the-fly" syntax checking information may be incorrect. [C:\Users\kille\Documents\GitHub\TFM-UPM\Practica\Prueba1_demo_v1.0\prueba1_demo.srcs\sources_1\new\audio_player.vhd:]
WARNING: [filemgmt 56-199] Attempt to get parsing info during refresh. "On-the-fly" syntax checking information may be incorrect. [C:\Users\kille\Documents\GitHub\TFM-UPM\Practica\Prueba1_demo_v1.0\prueba1_demo.srcs\sources_1\new\top_system.vhd:]
WARNING: [filemgmt 56-199] Attempt to get parsing info during refresh. "On-the-fly" syntax checking information may be incorrect. [C:\Users\kille\Documents\GitHub\TFM-UPM\Practica\Prueba1_demo_v1.0\prueba1_demo.srcs\sources_1\new\apa102_ctrl.vhd:]
WARNING: [filemgmt 56-199] Attempt to get parsing info during refresh. "On-the-fly" syntax checking information may be incorrect. [C:\Users\kille\Documents\GitHub\TFM-UPM\Practica\Prueba1_demo_v1.0\prueba1_demo.srcs\sources_1\new\i2s_transceiver.vhd:]
WARNING: [filemgmt 56-199] Attempt to get parsing info during refresh. "On-the-fly" syntax checking information may be incorrect. [C:\Users\kille\Documents\GitHub\TFM-UPM\Practica\Prueba1_demo_v1.0\prueba1_demo.srcs\sources_1\new\audio_player.vhd:]
WARNING: [filemgmt 56-199] Attempt to get parsing info during refresh. "On-the-fly" syntax checking information may be incorrect. [C:\Users\kille\Documents\GitHub\TFM-UPM\Practica\Prueba1_demo_v1.0\prueba1_demo.srcs\sources_1\new\tas2110_i2c_ctrl.vhd:]
WARNING: [filemgmt 56-199] Attempt to get parsing info during refresh. "On-the-fly" syntax checking information may be incorrect. [C:\Users\kille\Documents\GitHub\TFM-UPM\Practica\Prueba1_demo_v1.0\prueba1_demo.srcs\sources_1\new\i2s_transceiver.vhd:]
WARNING: [filemgmt 56-199] Attempt to get parsing info during refresh. "On-the-fly" syntax checking information may be incorrect. [C:\Users\kille\Documents\GitHub\TFM-UPM\Practica\Prueba1_demo_v1.0\prueba1_demo.srcs\sources_1\new\i2s_transceiver.vhd:]
ERROR: [Common 17-180] Spawn failed: La operación se completó correctamente.

WARNING: [filemgmt 56-199] Attempt to get parsing info during refresh. "On-the-fly" syntax checking information may be incorrect. [C:\Users\kille\Documents\GitHub\TFM-UPM\Practica\Prueba1_demo_v1.0\prueba1_demo.srcs\sources_1\new\top_system.vhd:]
WARNING: [filemgmt 56-199] Attempt to get parsing info during refresh. "On-the-fly" syntax checking information may be incorrect. [C:\Users\kille\Documents\GitHub\TFM-UPM\Practica\Prueba1_demo_v1.0\prueba1_demo.srcs\sources_1\new\apa102_ctrl.vhd:]
WARNING: [filemgmt 56-199] Attempt to get parsing info during refresh. "On-the-fly" syntax checking information may be incorrect. [C:\Users\kille\Documents\GitHub\TFM-UPM\Practica\Prueba1_demo_v1.0\prueba1_demo.srcs\sources_1\new\i2s_transceiver.vhd:]
WARNING: [filemgmt 56-199] Attempt to get parsing info during refresh. "On-the-fly" syntax checking information may be incorrect. [C:\Users\kille\Documents\GitHub\TFM-UPM\Practica\Prueba1_demo_v1.0\prueba1_demo.srcs\sources_1\new\audio_player.vhd:]
WARNING: [filemgmt 56-199] Attempt to get parsing info during refresh. "On-the-fly" syntax checking information may be incorrect. [C:\Users\kille\Documents\GitHub\TFM-UPM\Practica\Prueba1_demo_v1.0\prueba1_demo.srcs\sources_1\new\tas2110_i2c_ctrl.vhd:]
WARNING: [filemgmt 56-199] Attempt to get parsing info during refresh. "On-the-fly" syntax checking information may be incorrect. [C:\Users\kille\Documents\GitHub\TFM-UPM\Practica\Prueba1_demo_v1.0\prueba1_demo.srcs\sources_1\new\tas2110_i2c_ctrl.vhd:]
WARNING: [filemgmt 56-199] Attempt to get parsing info during refresh. "On-the-fly" syntax checking information may be incorrect. [C:\Users\kille\Documents\GitHub\TFM-UPM\Practica\Prueba1_demo_v1.0\prueba1_demo.srcs\sources_1\new\tas2110_i2c_ctrl.vhd:]
WARNING: [filemgmt 56-199] Attempt to get parsing info during refresh. "On-the-fly" syntax checking information may be incorrect. [C:\Users\kille\Documents\GitHub\TFM-UPM\Practica\Prueba1_demo_v1.0\prueba1_demo.srcs\sources_1\new\top_system.vhd:]
WARNING: [filemgmt 56-199] Attempt to get parsing info during refresh. "On-the-fly" syntax checking information may be incorrect. [C:\Users\kille\Documents\GitHub\TFM-UPM\Practica\Prueba1_demo_v1.0\prueba1_demo.srcs\sources_1\new\apa102_ctrl.vhd:]
WARNING: [filemgmt 56-199] Attempt to get parsing info during refresh. "On-the-fly" syntax checking information may be incorrect. [C:\Users\kille\Documents\GitHub\TFM-UPM\Practica\Prueba1_demo_v1.0\prueba1_demo.srcs\sources_1\new\i2s_transceiver.vhd:]
WARNING: [filemgmt 56-199] Attempt to get parsing info during refresh. "On-the-fly" syntax checking information may be incorrect. [C:\Users\kille\Documents\GitHub\TFM-UPM\Practica\Prueba1_demo_v1.0\prueba1_demo.srcs\sources_1\new\audio_player.vhd:]
WARNING: [filemgmt 56-199] Attempt to get parsing info during refresh. "On-the-fly" syntax checking information may be incorrect. [C:\Users\kille\Documents\GitHub\TFM-UPM\Practica\Prueba1_demo_v1.0\prueba1_demo.srcs\sources_1\new\tas2110_i2c_ctrl.vhd:]
WARNING: [filemgmt 56-199] Attempt to get parsing info during refresh. "On-the-fly" syntax checking information may be incorrect. [C:\Users\kille\Documents\GitHub\TFM-UPM\Practica\Prueba1_demo_v1.0\prueba1_demo.srcs\sources_1\new\apa102_ctrl.vhd:]
WARNING: [filemgmt 56-199] Attempt to get parsing info during refresh. "On-the-fly" syntax checking information may be incorrect. [C:\Users\kille\Documents\GitHub\TFM-UPM\Practica\Prueba1_demo_v1.0\prueba1_demo.srcs\sources_1\new\apa102_ctrl.vhd:]
WARNING: [filemgmt 56-199] Attempt to get parsing info during refresh. "On-the-fly" syntax checking information may be incorrect. [C:\Users\kille\Documents\GitHub\TFM-UPM\Practica\Prueba1_demo_v1.0\prueba1_demo.srcs\sources_1\new\top_system.vhd:]
WARNING: [filemgmt 56-199] Attempt to get parsing info during refresh. "On-the-fly" syntax checking information may be incorrect. [C:\Users\kille\Documents\GitHub\TFM-UPM\Practica\Prueba1_demo_v1.0\prueba1_demo.srcs\sources_1\new\apa102_ctrl.vhd:]
WARNING: [filemgmt 56-199] Attempt to get parsing info during refresh. "On-the-fly" syntax checking information may be incorrect. [C:\Users\kille\Documents\GitHub\TFM-UPM\Practica\Prueba1_demo_v1.0\prueba1_demo.srcs\sources_1\new\i2s_transceiver.vhd:]
WARNING: [filemgmt 56-199] Attempt to get parsing info during refresh. "On-the-fly" syntax checking information may be incorrect. [C:\Users\kille\Documents\GitHub\TFM-UPM\Practica\Prueba1_demo_v1.0\prueba1_demo.srcs\sources_1\new\audio_player.vhd:]
WARNING: [filemgmt 56-199] Attempt to get parsing info during refresh. "On-the-fly" syntax checking information may be incorrect. [C:\Users\kille\Documents\GitHub\TFM-UPM\Practica\Prueba1_demo_v1.0\prueba1_demo.srcs\sources_1\new\tas2110_i2c_ctrl.vhd:]
WARNING: [filemgmt 56-199] Attempt to get parsing info during refresh. "On-the-fly" syntax checking information may be incorrect. [C:\Users\kille\Documents\GitHub\TFM-UPM\Practica\Prueba1_demo_v1.0\prueba1_demo.srcs\sources_1\new\top_system.vhd:]
WARNING: [filemgmt 56-199] Attempt to get parsing info during refresh. "On-the-fly" syntax checking information may be incorrect. [C:\Users\kille\Documents\GitHub\TFM-UPM\Practica\Prueba1_demo_v1.0\prueba1_demo.srcs\sources_1\new\top_system.vhd:]
WARNING: [filemgmt 56-199] Attempt to get parsing info during refresh. "On-the-fly" syntax checking information may be incorrect. [C:\Users\kille\Documents\GitHub\TFM-UPM\Practica\Prueba1_demo_v1.0\prueba1_demo.srcs\sources_1\new\top_system.vhd:]
WARNING: [filemgmt 56-199] Attempt to get parsing info during refresh. "On-the-fly" syntax checking information may be incorrect. [C:\Users\kille\Documents\GitHub\TFM-UPM\Practica\Prueba1_demo_v1.0\prueba1_demo.srcs\sources_1\new\apa102_ctrl.vhd:]
WARNING: [filemgmt 56-199] Attempt to get parsing info during refresh. "On-the-fly" syntax checking information may be incorrect. [C:\Users\kille\Documents\GitHub\TFM-UPM\Practica\Prueba1_demo_v1.0\prueba1_demo.srcs\sources_1\new\i2s_transceiver.vhd:]
WARNING: [filemgmt 56-199] Attempt to get parsing info during refresh. "On-the-fly" syntax checking information may be incorrect. [C:\Users\kille\Documents\GitHub\TFM-UPM\Practica\Prueba1_demo_v1.0\prueba1_demo.srcs\sources_1\new\audio_player.vhd:]
WARNING: [filemgmt 56-199] Attempt to get parsing info during refresh. "On-the-fly" syntax checking information may be incorrect. [C:\Users\kille\Documents\GitHub\TFM-UPM\Practica\Prueba1_demo_v1.0\prueba1_demo.srcs\sources_1\new\tas2110_i2c_ctrl.vhd:]
WARNING: [filemgmt 56-199] Attempt to get parsing info during refresh. "On-the-fly" syntax checking information may be incorrect. [C:\Users\kille\Documents\GitHub\TFM-UPM\Practica\Prueba1_demo_v1.0\prueba1_demo.srcs\sources_1\new\i2s_transceiver.vhd:]
WARNING: [filemgmt 56-199] Attempt to get parsing info during refresh. "On-the-fly" syntax checking information may be incorrect. [C:\Users\kille\Documents\GitHub\TFM-UPM\Practica\Prueba1_demo_v1.0\prueba1_demo.srcs\sources_1\new\i2s_transceiver.vhd:]
WARNING: [filemgmt 56-199] Attempt to get parsing info during refresh. "On-the-fly" syntax checking information may be incorrect. [C:\Users\kille\Documents\GitHub\TFM-UPM\Practica\Prueba1_demo_v1.0\prueba1_demo.srcs\sources_1\new\top_system.vhd:]
WARNING: [filemgmt 56-199] Attempt to get parsing info during refresh. "On-the-fly" syntax checking information may be incorrect. [C:\Users\kille\Documents\GitHub\TFM-UPM\Practica\Prueba1_demo_v1.0\prueba1_demo.srcs\sources_1\new\apa102_ctrl.vhd:]
WARNING: [filemgmt 56-199] Attempt to get parsing info during refresh. "On-the-fly" syntax checking information may be incorrect. [C:\Users\kille\Documents\GitHub\TFM-UPM\Practica\Prueba1_demo_v1.0\prueba1_demo.srcs\sources_1\new\i2s_transceiver.vhd:]
WARNING: [filemgmt 56-199] Attempt to get parsing info during refresh. "On-the-fly" syntax checking information may be incorrect. [C:\Users\kille\Documents\GitHub\TFM-UPM\Practica\Prueba1_demo_v1.0\prueba1_demo.srcs\sources_1\new\audio_player.vhd:]
WARNING: [filemgmt 56-199] Attempt to get parsing info during refresh. "On-the-fly" syntax checking information may be incorrect. [C:\Users\kille\Documents\GitHub\TFM-UPM\Practica\Prueba1_demo_v1.0\prueba1_demo.srcs\sources_1\new\tas2110_i2c_ctrl.vhd:]
WARNING: [filemgmt 56-199] Attempt to get parsing info during refresh. "On-the-fly" syntax checking information may be incorrect. [C:\Users\kille\Documents\GitHub\TFM-UPM\Practica\Prueba1_demo_v1.0\prueba1_demo.srcs\sources_1\new\i2s_transceiver.vhd:]
WARNING: [filemgmt 56-199] Attempt to get parsing info during refresh. "On-the-fly" syntax checking information may be incorrect. [C:\Users\kille\Documents\GitHub\TFM-UPM\Practica\Prueba1_demo_v1.0\prueba1_demo.srcs\sources_1\new\i2s_transceiver.vhd:]
WARNING: [filemgmt 56-199] Attempt to get parsing info during refresh. "On-the-fly" syntax checking information may be incorrect. [C:\Users\kille\Documents\GitHub\TFM-UPM\Practica\Prueba1_demo_v1.0\prueba1_demo.srcs\sources_1\new\top_system.vhd:]
WARNING: [filemgmt 56-199] Attempt to get parsing info during refresh. "On-the-fly" syntax checking information may be incorrect. [C:\Users\kille\Documents\GitHub\TFM-UPM\Practica\Prueba1_demo_v1.0\prueba1_demo.srcs\sources_1\new\apa102_ctrl.vhd:]
WARNING: [filemgmt 56-199] Attempt to get parsing info during refresh. "On-the-fly" syntax checking information may be incorrect. [C:\Users\kille\Documents\GitHub\TFM-UPM\Practica\Prueba1_demo_v1.0\prueba1_demo.srcs\sources_1\new\i2s_transceiver.vhd:]
WARNING: [filemgmt 56-199] Attempt to get parsing info during refresh. "On-the-fly" syntax checking information may be incorrect. [C:\Users\kille\Documents\GitHub\TFM-UPM\Practica\Prueba1_demo_v1.0\prueba1_demo.srcs\sources_1\new\audio_player.vhd:]
WARNING: [filemgmt 56-199] Attempt to get parsing info during refresh. "On-the-fly" syntax checking information may be incorrect. [C:\Users\kille\Documents\GitHub\TFM-UPM\Practica\Prueba1_demo_v1.0\prueba1_demo.srcs\sources_1\new\tas2110_i2c_ctrl.vhd:]
WARNING: [filemgmt 56-199] Attempt to get parsing info during refresh. "On-the-fly" syntax checking information may be incorrect. [C:\Users\kille\Documents\GitHub\TFM-UPM\Practica\Prueba1_demo_v1.0\prueba1_demo.srcs\sources_1\new\apa102_ctrl.vhd:]
WARNING: [filemgmt 56-199] Attempt to get parsing info during refresh. "On-the-fly" syntax checking information may be incorrect. [C:\Users\kille\Documents\GitHub\TFM-UPM\Practica\Prueba1_demo_v1.0\prueba1_demo.srcs\sources_1\new\apa102_ctrl.vhd:]
WARNING: [filemgmt 56-199] Attempt to get parsing info during refresh. "On-the-fly" syntax checking information may be incorrect. [C:\Users\kille\Documents\GitHub\TFM-UPM\Practica\Prueba1_demo_v1.0\prueba1_demo.srcs\sources_1\new\top_system.vhd:]
WARNING: [filemgmt 56-199] Attempt to get parsing info during refresh. "On-the-fly" syntax checking information may be incorrect. [C:\Users\kille\Documents\GitHub\TFM-UPM\Practica\Prueba1_demo_v1.0\prueba1_demo.srcs\sources_1\new\apa102_ctrl.vhd:]
WARNING: [filemgmt 56-199] Attempt to get parsing info during refresh. "On-the-fly" syntax checking information may be incorrect. [C:\Users\kille\Documents\GitHub\TFM-UPM\Practica\Prueba1_demo_v1.0\prueba1_demo.srcs\sources_1\new\i2s_transceiver.vhd:]
WARNING: [filemgmt 56-199] Attempt to get parsing info during refresh. "On-the-fly" syntax checking information may be incorrect. [C:\Users\kille\Documents\GitHub\TFM-UPM\Practica\Prueba1_demo_v1.0\prueba1_demo.srcs\sources_1\new\audio_player.vhd:]
WARNING: [filemgmt 56-199] Attempt to get parsing info during refresh. "On-the-fly" syntax checking information may be incorrect. [C:\Users\kille\Documents\GitHub\TFM-UPM\Practica\Prueba1_demo_v1.0\prueba1_demo.srcs\sources_1\new\tas2110_i2c_ctrl.vhd:]
WARNING: [filemgmt 56-199] Attempt to get parsing info during refresh. "On-the-fly" syntax checking information may be incorrect. [C:\Users\kille\Documents\GitHub\TFM-UPM\Practica\Prueba1_demo_v1.0\prueba1_demo.srcs\sources_1\new\top_system.vhd:]
WARNING: [filemgmt 56-199] Attempt to get parsing info during refresh. "On-the-fly" syntax checking information may be incorrect. [C:\Users\kille\Documents\GitHub\TFM-UPM\Practica\Prueba1_demo_v1.0\prueba1_demo.srcs\sources_1\new\top_system.vhd:]
WARNING: [filemgmt 56-199] Attempt to get parsing info during refresh. "On-the-fly" syntax checking information may be incorrect. [C:\Users\kille\Documents\GitHub\TFM-UPM\Practica\Prueba1_demo_v1.0\prueba1_demo.srcs\sources_1\new\top_system.vhd:]
WARNING: [filemgmt 56-199] Attempt to get parsing info during refresh. "On-the-fly" syntax checking information may be incorrect. [C:\Users\kille\Documents\GitHub\TFM-UPM\Practica\Prueba1_demo_v1.0\prueba1_demo.srcs\sources_1\new\apa102_ctrl.vhd:]
WARNING: [filemgmt 56-199] Attempt to get parsing info during refresh. "On-the-fly" syntax checking information may be incorrect. [C:\Users\kille\Documents\GitHub\TFM-UPM\Practica\Prueba1_demo_v1.0\prueba1_demo.srcs\sources_1\new\i2s_transceiver.vhd:]
WARNING: [filemgmt 56-199] Attempt to get parsing info during refresh. "On-the-fly" syntax checking information may be incorrect. [C:\Users\kille\Documents\GitHub\TFM-UPM\Practica\Prueba1_demo_v1.0\prueba1_demo.srcs\sources_1\new\audio_player.vhd:]
WARNING: [filemgmt 56-199] Attempt to get parsing info during refresh. "On-the-fly" syntax checking information may be incorrect. [C:\Users\kille\Documents\GitHub\TFM-UPM\Practica\Prueba1_demo_v1.0\prueba1_demo.srcs\sources_1\new\tas2110_i2c_ctrl.vhd:]
WARNING: [filemgmt 56-199] Attempt to get parsing info during refresh. "On-the-fly" syntax checking information may be incorrect. [C:\Users\kille\Documents\GitHub\TFM-UPM\Practica\Prueba1_demo_v1.0\prueba1_demo.srcs\sources_1\new\audio_player.vhd:]
WARNING: [filemgmt 56-199] Attempt to get parsing info during refresh. "On-the-fly" syntax checking information may be incorrect. [C:\Users\kille\Documents\GitHub\TFM-UPM\Practica\Prueba1_demo_v1.0\prueba1_demo.srcs\sources_1\new\audio_player.vhd:]
ERROR: [Common 17-180] Spawn failed: La operación se completó correctamente.

WARNING: [filemgmt 56-199] Attempt to get parsing info during refresh. "On-the-fly" syntax checking information may be incorrect. [C:\Users\kille\Documents\GitHub\TFM-UPM\Practica\Prueba1_demo_v1.0\prueba1_demo.srcs\sources_1\new\top_system.vhd:]
WARNING: [filemgmt 56-199] Attempt to get parsing info during refresh. "On-the-fly" syntax checking information may be incorrect. [C:\Users\kille\Documents\GitHub\TFM-UPM\Practica\Prueba1_demo_v1.0\prueba1_demo.srcs\sources_1\new\apa102_ctrl.vhd:]
WARNING: [filemgmt 56-199] Attempt to get parsing info during refresh. "On-the-fly" syntax checking information may be incorrect. [C:\Users\kille\Documents\GitHub\TFM-UPM\Practica\Prueba1_demo_v1.0\prueba1_demo.srcs\sources_1\new\i2s_transceiver.vhd:]
WARNING: [filemgmt 56-199] Attempt to get parsing info during refresh. "On-the-fly" syntax checking information may be incorrect. [C:\Users\kille\Documents\GitHub\TFM-UPM\Practica\Prueba1_demo_v1.0\prueba1_demo.srcs\sources_1\new\audio_player.vhd:]
WARNING: [filemgmt 56-199] Attempt to get parsing info during refresh. "On-the-fly" syntax checking information may be incorrect. [C:\Users\kille\Documents\GitHub\TFM-UPM\Practica\Prueba1_demo_v1.0\prueba1_demo.srcs\sources_1\new\tas2110_i2c_ctrl.vhd:]
WARNING: [filemgmt 56-199] Attempt to get parsing info during refresh. "On-the-fly" syntax checking information may be incorrect. [C:\Users\kille\Documents\GitHub\TFM-UPM\Practica\Prueba1_demo_v1.0\prueba1_demo.srcs\sources_1\new\audio_player.vhd:]
WARNING: [filemgmt 56-199] Attempt to get parsing info during refresh. "On-the-fly" syntax checking information may be incorrect. [C:\Users\kille\Documents\GitHub\TFM-UPM\Practica\Prueba1_demo_v1.0\prueba1_demo.srcs\sources_1\new\audio_player.vhd:]
WARNING: [filemgmt 56-199] Attempt to get parsing info during refresh. "On-the-fly" syntax checking information may be incorrect. [C:\Users\kille\Documents\GitHub\TFM-UPM\Practica\Prueba1_demo_v1.0\prueba1_demo.srcs\sources_1\new\top_system.vhd:]
WARNING: [filemgmt 56-199] Attempt to get parsing info during refresh. "On-the-fly" syntax checking information may be incorrect. [C:\Users\kille\Documents\GitHub\TFM-UPM\Practica\Prueba1_demo_v1.0\prueba1_demo.srcs\sources_1\new\apa102_ctrl.vhd:]
WARNING: [filemgmt 56-199] Attempt to get parsing info during refresh. "On-the-fly" syntax checking information may be incorrect. [C:\Users\kille\Documents\GitHub\TFM-UPM\Practica\Prueba1_demo_v1.0\prueba1_demo.srcs\sources_1\new\i2s_transceiver.vhd:]
WARNING: [filemgmt 56-199] Attempt to get parsing info during refresh. "On-the-fly" syntax checking information may be incorrect. [C:\Users\kille\Documents\GitHub\TFM-UPM\Practica\Prueba1_demo_v1.0\prueba1_demo.srcs\sources_1\new\audio_player.vhd:]
WARNING: [filemgmt 56-199] Attempt to get parsing info during refresh. "On-the-fly" syntax checking information may be incorrect. [C:\Users\kille\Documents\GitHub\TFM-UPM\Practica\Prueba1_demo_v1.0\prueba1_demo.srcs\sources_1\new\tas2110_i2c_ctrl.vhd:]
WARNING: [filemgmt 56-199] Attempt to get parsing info during refresh. "On-the-fly" syntax checking information may be incorrect. [C:\Users\kille\Documents\GitHub\TFM-UPM\Practica\Prueba1_demo_v1.0\prueba1_demo.srcs\sources_1\new\apa102_ctrl.vhd:]
WARNING: [filemgmt 56-199] Attempt to get parsing info during refresh. "On-the-fly" syntax checking information may be incorrect. [C:\Users\kille\Documents\GitHub\TFM-UPM\Practica\Prueba1_demo_v1.0\prueba1_demo.srcs\sources_1\new\apa102_ctrl.vhd:]
WARNING: [filemgmt 56-199] Attempt to get parsing info during refresh. "On-the-fly" syntax checking information may be incorrect. [C:\Users\kille\Documents\GitHub\TFM-UPM\Practica\Prueba1_demo_v1.0\prueba1_demo.srcs\sources_1\new\top_system.vhd:]
WARNING: [filemgmt 56-199] Attempt to get parsing info during refresh. "On-the-fly" syntax checking information may be incorrect. [C:\Users\kille\Documents\GitHub\TFM-UPM\Practica\Prueba1_demo_v1.0\prueba1_demo.srcs\sources_1\new\apa102_ctrl.vhd:]
WARNING: [filemgmt 56-199] Attempt to get parsing info during refresh. "On-the-fly" syntax checking information may be incorrect. [C:\Users\kille\Documents\GitHub\TFM-UPM\Practica\Prueba1_demo_v1.0\prueba1_demo.srcs\sources_1\new\i2s_transceiver.vhd:]
WARNING: [filemgmt 56-199] Attempt to get parsing info during refresh. "On-the-fly" syntax checking information may be incorrect. [C:\Users\kille\Documents\GitHub\TFM-UPM\Practica\Prueba1_demo_v1.0\prueba1_demo.srcs\sources_1\new\audio_player.vhd:]
WARNING: [filemgmt 56-199] Attempt to get parsing info during refresh. "On-the-fly" syntax checking information may be incorrect. [C:\Users\kille\Documents\GitHub\TFM-UPM\Practica\Prueba1_demo_v1.0\prueba1_demo.srcs\sources_1\new\tas2110_i2c_ctrl.vhd:]
WARNING: [filemgmt 56-199] Attempt to get parsing info during refresh. "On-the-fly" syntax checking information may be incorrect. [C:\Users\kille\Documents\GitHub\TFM-UPM\Practica\Prueba1_demo_v1.0\prueba1_demo.srcs\sources_1\new\top_system.vhd:]
WARNING: [filemgmt 56-199] Attempt to get parsing info during refresh. "On-the-fly" syntax checking information may be incorrect. [C:\Users\kille\Documents\GitHub\TFM-UPM\Practica\Prueba1_demo_v1.0\prueba1_demo.srcs\sources_1\new\top_system.vhd:]
WARNING: [filemgmt 56-199] Attempt to get parsing info during refresh. "On-the-fly" syntax checking information may be incorrect. [C:\Users\kille\Documents\GitHub\TFM-UPM\Practica\Prueba1_demo_v1.0\prueba1_demo.srcs\sources_1\new\top_system.vhd:]
WARNING: [filemgmt 56-199] Attempt to get parsing info during refresh. "On-the-fly" syntax checking information may be incorrect. [C:\Users\kille\Documents\GitHub\TFM-UPM\Practica\Prueba1_demo_v1.0\prueba1_demo.srcs\sources_1\new\apa102_ctrl.vhd:]
WARNING: [filemgmt 56-199] Attempt to get parsing info during refresh. "On-the-fly" syntax checking information may be incorrect. [C:\Users\kille\Documents\GitHub\TFM-UPM\Practica\Prueba1_demo_v1.0\prueba1_demo.srcs\sources_1\new\i2s_transceiver.vhd:]
WARNING: [filemgmt 56-199] Attempt to get parsing info during refresh. "On-the-fly" syntax checking information may be incorrect. [C:\Users\kille\Documents\GitHub\TFM-UPM\Practica\Prueba1_demo_v1.0\prueba1_demo.srcs\sources_1\new\audio_player.vhd:]
WARNING: [filemgmt 56-199] Attempt to get parsing info during refresh. "On-the-fly" syntax checking information may be incorrect. [C:\Users\kille\Documents\GitHub\TFM-UPM\Practica\Prueba1_demo_v1.0\prueba1_demo.srcs\sources_1\new\tas2110_i2c_ctrl.vhd:]
WARNING: [filemgmt 56-199] Attempt to get parsing info during refresh. "On-the-fly" syntax checking information may be incorrect. [C:\Users\kille\Documents\GitHub\TFM-UPM\Practica\Prueba1_demo_v1.0\prueba1_demo.srcs\sources_1\new\i2s_transceiver.vhd:]
WARNING: [filemgmt 56-199] Attempt to get parsing info during refresh. "On-the-fly" syntax checking information may be incorrect. [C:\Users\kille\Documents\GitHub\TFM-UPM\Practica\Prueba1_demo_v1.0\prueba1_demo.srcs\sources_1\new\i2s_transceiver.vhd:]
ERROR: [Common 17-180] Spawn failed: La operación se completó correctamente.

reset_run synth_1
INFO: [Project 1-1161] Replacing file C:/Users/kille/Documents/GitHub/TFM-UPM/Practica/Prueba1_demo_v1.0/prueba1_demo.srcs/utils_1/imports/synth_1/top_system.dcp with file C:/Users/kille/Documents/GitHub/TFM-UPM/Practica/Prueba1_demo_v1.0/prueba1_demo.runs/synth_1/design_1_wrapper.dcp
reset_run design_1_top_system_0_1_synth_1
report_ip_status -name ip_status 
WARNING: [filemgmt 56-199] Attempt to get parsing info during refresh. "On-the-fly" syntax checking information may be incorrect. [C:\Users\kille\Documents\GitHub\TFM-UPM\Practica\Prueba1_demo_v1.0\prueba1_demo.srcs\sources_1\new\top_system.vhd:]
WARNING: [filemgmt 56-199] Attempt to get parsing info during refresh. "On-the-fly" syntax checking information may be incorrect. [C:\Users\kille\Documents\GitHub\TFM-UPM\Practica\Prueba1_demo_v1.0\prueba1_demo.srcs\sources_1\new\apa102_ctrl.vhd:]
WARNING: [filemgmt 56-199] Attempt to get parsing info during refresh. "On-the-fly" syntax checking information may be incorrect. [C:\Users\kille\Documents\GitHub\TFM-UPM\Practica\Prueba1_demo_v1.0\prueba1_demo.srcs\sources_1\new\i2s_transceiver.vhd:]
WARNING: [filemgmt 56-199] Attempt to get parsing info during refresh. "On-the-fly" syntax checking information may be incorrect. [C:\Users\kille\Documents\GitHub\TFM-UPM\Practica\Prueba1_demo_v1.0\prueba1_demo.srcs\sources_1\new\audio_player.vhd:]
WARNING: [filemgmt 56-199] Attempt to get parsing info during refresh. "On-the-fly" syntax checking information may be incorrect. [C:\Users\kille\Documents\GitHub\TFM-UPM\Practica\Prueba1_demo_v1.0\prueba1_demo.srcs\sources_1\new\tas2110_i2c_ctrl.vhd:]
WARNING: [filemgmt 56-199] Attempt to get parsing info during refresh. "On-the-fly" syntax checking information may be incorrect. [C:\Users\kille\Documents\GitHub\TFM-UPM\Practica\Prueba1_demo_v1.0\prueba1_demo.srcs\sources_1\new\top_system.vhd:]
WARNING: [filemgmt 56-199] Attempt to get parsing info during refresh. "On-the-fly" syntax checking information may be incorrect. [C:\Users\kille\Documents\GitHub\TFM-UPM\Practica\Prueba1_demo_v1.0\prueba1_demo.srcs\sources_1\new\top_system.vhd:]
WARNING: [filemgmt 56-199] Attempt to get parsing info during refresh. "On-the-fly" syntax checking information may be incorrect. [C:\Users\kille\Documents\GitHub\TFM-UPM\Practica\Prueba1_demo_v1.0\prueba1_demo.srcs\sources_1\new\top_system.vhd:]
WARNING: [filemgmt 56-199] Attempt to get parsing info during refresh. "On-the-fly" syntax checking information may be incorrect. [C:\Users\kille\Documents\GitHub\TFM-UPM\Practica\Prueba1_demo_v1.0\prueba1_demo.srcs\sources_1\new\apa102_ctrl.vhd:]
WARNING: [filemgmt 56-199] Attempt to get parsing info during refresh. "On-the-fly" syntax checking information may be incorrect. [C:\Users\kille\Documents\GitHub\TFM-UPM\Practica\Prueba1_demo_v1.0\prueba1_demo.srcs\sources_1\new\i2s_transceiver.vhd:]
WARNING: [filemgmt 56-199] Attempt to get parsing info during refresh. "On-the-fly" syntax checking information may be incorrect. [C:\Users\kille\Documents\GitHub\TFM-UPM\Practica\Prueba1_demo_v1.0\prueba1_demo.srcs\sources_1\new\audio_player.vhd:]
WARNING: [filemgmt 56-199] Attempt to get parsing info during refresh. "On-the-fly" syntax checking information may be incorrect. [C:\Users\kille\Documents\GitHub\TFM-UPM\Practica\Prueba1_demo_v1.0\prueba1_demo.srcs\sources_1\new\tas2110_i2c_ctrl.vhd:]
WARNING: [filemgmt 56-199] Attempt to get parsing info during refresh. "On-the-fly" syntax checking information may be incorrect. [C:\Users\kille\Documents\GitHub\TFM-UPM\Practica\Prueba1_demo_v1.0\prueba1_demo.srcs\sources_1\new\audio_player.vhd:]
WARNING: [filemgmt 56-199] Attempt to get parsing info during refresh. "On-the-fly" syntax checking information may be incorrect. [C:\Users\kille\Documents\GitHub\TFM-UPM\Practica\Prueba1_demo_v1.0\prueba1_demo.srcs\sources_1\new\audio_player.vhd:]
save_wave_config {C:/Users/kille/Documents/GitHub/TFM-UPM/Practica/Prueba1_demo_v1.0/prueba1_demo.hw/hw_1/wave/hw_ila_data_1/hw_ila_data_1.wcfg}
save_wave_config {C:/Users/kille/Documents/GitHub/TFM-UPM/Practica/Prueba1_demo_v1.0/prueba1_demo.hw/hw_1/wave/hw_ila_data_2/hw_ila_data_2.wcfg}
close_hw_manager
ERROR: [Common 17-180] Spawn failed: La operación se completó correctamente.

ERROR: [Common 17-180] Spawn failed: La operación se completó correctamente.

WARNING: [filemgmt 56-199] Attempt to get parsing info during refresh. "On-the-fly" syntax checking information may be incorrect. [C:\Users\kille\Documents\GitHub\TFM-UPM\Practica\Prueba1_demo_v1.0\prueba1_demo.srcs\sources_1\new\top_system.vhd:]
WARNING: [filemgmt 56-199] Attempt to get parsing info during refresh. "On-the-fly" syntax checking information may be incorrect. [C:\Users\kille\Documents\GitHub\TFM-UPM\Practica\Prueba1_demo_v1.0\prueba1_demo.srcs\sources_1\new\apa102_ctrl.vhd:]
WARNING: [filemgmt 56-199] Attempt to get parsing info during refresh. "On-the-fly" syntax checking information may be incorrect. [C:\Users\kille\Documents\GitHub\TFM-UPM\Practica\Prueba1_demo_v1.0\prueba1_demo.srcs\sources_1\new\i2s_transceiver.vhd:]
WARNING: [filemgmt 56-199] Attempt to get parsing info during refresh. "On-the-fly" syntax checking information may be incorrect. [C:\Users\kille\Documents\GitHub\TFM-UPM\Practica\Prueba1_demo_v1.0\prueba1_demo.srcs\sources_1\new\audio_player.vhd:]
WARNING: [filemgmt 56-199] Attempt to get parsing info during refresh. "On-the-fly" syntax checking information may be incorrect. [C:\Users\kille\Documents\GitHub\TFM-UPM\Practica\Prueba1_demo_v1.0\prueba1_demo.srcs\sources_1\new\tas2110_i2c_ctrl.vhd:]
WARNING: [filemgmt 56-199] Attempt to get parsing info during refresh. "On-the-fly" syntax checking information may be incorrect. [C:\Users\kille\Documents\GitHub\TFM-UPM\Practica\Prueba1_demo_v1.0\prueba1_demo.srcs\sources_1\new\tas2110_i2c_ctrl.vhd:]
WARNING: [filemgmt 56-199] Attempt to get parsing info during refresh. "On-the-fly" syntax checking information may be incorrect. [C:\Users\kille\Documents\GitHub\TFM-UPM\Practica\Prueba1_demo_v1.0\prueba1_demo.srcs\sources_1\new\tas2110_i2c_ctrl.vhd:]
WARNING: [filemgmt 56-199] Attempt to get parsing info during refresh. "On-the-fly" syntax checking information may be incorrect. [C:\Users\kille\Documents\GitHub\TFM-UPM\Practica\Prueba1_demo_v1.0\prueba1_demo.srcs\sources_1\new\top_system.vhd:]
WARNING: [filemgmt 56-199] Attempt to get parsing info during refresh. "On-the-fly" syntax checking information may be incorrect. [C:\Users\kille\Documents\GitHub\TFM-UPM\Practica\Prueba1_demo_v1.0\prueba1_demo.srcs\sources_1\new\apa102_ctrl.vhd:]
WARNING: [filemgmt 56-199] Attempt to get parsing info during refresh. "On-the-fly" syntax checking information may be incorrect. [C:\Users\kille\Documents\GitHub\TFM-UPM\Practica\Prueba1_demo_v1.0\prueba1_demo.srcs\sources_1\new\i2s_transceiver.vhd:]
WARNING: [filemgmt 56-199] Attempt to get parsing info during refresh. "On-the-fly" syntax checking information may be incorrect. [C:\Users\kille\Documents\GitHub\TFM-UPM\Practica\Prueba1_demo_v1.0\prueba1_demo.srcs\sources_1\new\audio_player.vhd:]
WARNING: [filemgmt 56-199] Attempt to get parsing info during refresh. "On-the-fly" syntax checking information may be incorrect. [C:\Users\kille\Documents\GitHub\TFM-UPM\Practica\Prueba1_demo_v1.0\prueba1_demo.srcs\sources_1\new\tas2110_i2c_ctrl.vhd:]
WARNING: [filemgmt 56-199] Attempt to get parsing info during refresh. "On-the-fly" syntax checking information may be incorrect. [C:\Users\kille\Documents\GitHub\TFM-UPM\Practica\Prueba1_demo_v1.0\prueba1_demo.srcs\sources_1\new\apa102_ctrl.vhd:]
WARNING: [filemgmt 56-199] Attempt to get parsing info during refresh. "On-the-fly" syntax checking information may be incorrect. [C:\Users\kille\Documents\GitHub\TFM-UPM\Practica\Prueba1_demo_v1.0\prueba1_demo.srcs\sources_1\new\apa102_ctrl.vhd:]
ERROR: [Common 17-39] 'close_hw_manager' failed due to earlier errors.
update_module_reference [get_ips  design_1_top_system_0_1]
INFO: [IP_Flow 19-5107] Inferred bus interface 'reset_n' of definition 'xilinx.com:signal:reset:1.0' (from Xilinx Repository).
INFO: [IP_Flow 19-5107] Inferred bus interface 'sd_reset' of definition 'xilinx.com:signal:reset:1.0' (from Xilinx Repository).
INFO: [IP_Flow 19-5107] Inferred bus interface 'sw0_reset' of definition 'xilinx.com:signal:reset:1.0' (from Xilinx Repository).
INFO: [IP_Flow 19-5107] Inferred bus interface 'led_clk' of definition 'xilinx.com:signal:clock:1.0' (from Xilinx Repository).
INFO: [IP_Flow 19-5107] Inferred bus interface 'sd_clk' of definition 'xilinx.com:signal:clock:1.0' (from Xilinx Repository).
INFO: [IP_Flow 19-4728] Bus Interface 'sd_clk': Added interface parameter 'ASSOCIATED_RESET' with value 'sd_reset'.
CRITICAL WARNING: [IP_Flow 19-4751] Bus Interface 'led_clk': FREQ_HZ bus parameter is missing for output clock interface.
CRITICAL WARNING: [IP_Flow 19-4751] Bus Interface 'sd_clk': FREQ_HZ bus parameter is missing for output clock interface.
INFO: [IP_Flow 19-5107] Inferred bus interface 'reset_n' of definition 'xilinx.com:signal:reset:1.0' (from Xilinx Repository).
INFO: [IP_Flow 19-5107] Inferred bus interface 'sd_reset' of definition 'xilinx.com:signal:reset:1.0' (from Xilinx Repository).
INFO: [IP_Flow 19-5107] Inferred bus interface 'sw0_reset' of definition 'xilinx.com:signal:reset:1.0' (from Xilinx Repository).
INFO: [IP_Flow 19-5107] Inferred bus interface 'led_clk' of definition 'xilinx.com:signal:clock:1.0' (from Xilinx Repository).
INFO: [IP_Flow 19-5107] Inferred bus interface 'sd_clk' of definition 'xilinx.com:signal:clock:1.0' (from Xilinx Repository).
INFO: [IP_Flow 19-4728] Bus Interface 'sd_clk': Added interface parameter 'ASSOCIATED_RESET' with value 'sd_reset'.
CRITICAL WARNING: [IP_Flow 19-4751] Bus Interface 'led_clk': FREQ_HZ bus parameter is missing for output clock interface.
CRITICAL WARNING: [IP_Flow 19-4751] Bus Interface 'sd_clk': FREQ_HZ bus parameter is missing for output clock interface.
Upgrading 'C:/Users/kille/Documents/GitHub/TFM-UPM/Practica/Prueba1_demo_v1.0/prueba1_demo.srcs/sources_1/bd/design_1/design_1.bd'
INFO: [IP_Flow 19-3420] Updated design_1_top_system_0_1 to use current project options
Wrote  : <C:\Users\kille\Documents\GitHub\TFM-UPM\Practica\Prueba1_demo_v1.0\prueba1_demo.srcs\sources_1\bd\design_1\design_1.bd> 
WARNING: [filemgmt 56-199] Attempt to get parsing info during refresh. "On-the-fly" syntax checking information may be incorrect. [C:\Users\kille\Documents\GitHub\TFM-UPM\Practica\Prueba1_demo_v1.0\prueba1_demo.srcs\sources_1\new\top_system.vhd:]
WARNING: [filemgmt 56-199] Attempt to get parsing info during refresh. "On-the-fly" syntax checking information may be incorrect. [C:\Users\kille\Documents\GitHub\TFM-UPM\Practica\Prueba1_demo_v1.0\prueba1_demo.srcs\sources_1\new\apa102_ctrl.vhd:]
WARNING: [filemgmt 56-199] Attempt to get parsing info during refresh. "On-the-fly" syntax checking information may be incorrect. [C:\Users\kille\Documents\GitHub\TFM-UPM\Practica\Prueba1_demo_v1.0\prueba1_demo.srcs\sources_1\new\i2s_transceiver.vhd:]
WARNING: [filemgmt 56-199] Attempt to get parsing info during refresh. "On-the-fly" syntax checking information may be incorrect. [C:\Users\kille\Documents\GitHub\TFM-UPM\Practica\Prueba1_demo_v1.0\prueba1_demo.srcs\sources_1\new\audio_player.vhd:]
WARNING: [filemgmt 56-199] Attempt to get parsing info during refresh. "On-the-fly" syntax checking information may be incorrect. [C:\Users\kille\Documents\GitHub\TFM-UPM\Practica\Prueba1_demo_v1.0\prueba1_demo.srcs\sources_1\new\tas2110_i2c_ctrl.vhd:]
WARNING: [filemgmt 56-199] Attempt to get parsing info during refresh. "On-the-fly" syntax checking information may be incorrect. [C:\Users\kille\Documents\GitHub\TFM-UPM\Practica\Prueba1_demo_v1.0\prueba1_demo.srcs\sources_1\new\tas2110_i2c_ctrl.vhd:]
WARNING: [filemgmt 56-199] Attempt to get parsing info during refresh. "On-the-fly" syntax checking information may be incorrect. [C:\Users\kille\Documents\GitHub\TFM-UPM\Practica\Prueba1_demo_v1.0\prueba1_demo.srcs\sources_1\new\tas2110_i2c_ctrl.vhd:]
WARNING: [filemgmt 56-199] Attempt to get parsing info during refresh. "On-the-fly" syntax checking information may be incorrect. [C:\Users\kille\Documents\GitHub\TFM-UPM\Practica\Prueba1_demo_v1.0\prueba1_demo.srcs\sources_1\new\top_system.vhd:]
WARNING: [filemgmt 56-199] Attempt to get parsing info during refresh. "On-the-fly" syntax checking information may be incorrect. [C:\Users\kille\Documents\GitHub\TFM-UPM\Practica\Prueba1_demo_v1.0\prueba1_demo.srcs\sources_1\new\apa102_ctrl.vhd:]
WARNING: [filemgmt 56-199] Attempt to get parsing info during refresh. "On-the-fly" syntax checking information may be incorrect. [C:\Users\kille\Documents\GitHub\TFM-UPM\Practica\Prueba1_demo_v1.0\prueba1_demo.srcs\sources_1\new\i2s_transceiver.vhd:]
WARNING: [filemgmt 56-199] Attempt to get parsing info during refresh. "On-the-fly" syntax checking information may be incorrect. [C:\Users\kille\Documents\GitHub\TFM-UPM\Practica\Prueba1_demo_v1.0\prueba1_demo.srcs\sources_1\new\audio_player.vhd:]
WARNING: [filemgmt 56-199] Attempt to get parsing info during refresh. "On-the-fly" syntax checking information may be incorrect. [C:\Users\kille\Documents\GitHub\TFM-UPM\Practica\Prueba1_demo_v1.0\prueba1_demo.srcs\sources_1\new\tas2110_i2c_ctrl.vhd:]
WARNING: [filemgmt 56-199] Attempt to get parsing info during refresh. "On-the-fly" syntax checking information may be incorrect. [C:\Users\kille\Documents\GitHub\TFM-UPM\Practica\Prueba1_demo_v1.0\prueba1_demo.srcs\sources_1\new\audio_player.vhd:]
WARNING: [filemgmt 56-199] Attempt to get parsing info during refresh. "On-the-fly" syntax checking information may be incorrect. [C:\Users\kille\Documents\GitHub\TFM-UPM\Practica\Prueba1_demo_v1.0\prueba1_demo.srcs\sources_1\new\audio_player.vhd:]
ERROR: [Common 17-180] Spawn failed: La operación se completó correctamente.

WARNING: [filemgmt 56-199] Attempt to get parsing info during refresh. "On-the-fly" syntax checking information may be incorrect. [C:\Users\kille\Documents\GitHub\TFM-UPM\Practica\Prueba1_demo_v1.0\prueba1_demo.srcs\sources_1\new\top_system.vhd:]
WARNING: [filemgmt 56-199] Attempt to get parsing info during refresh. "On-the-fly" syntax checking information may be incorrect. [C:\Users\kille\Documents\GitHub\TFM-UPM\Practica\Prueba1_demo_v1.0\prueba1_demo.srcs\sources_1\new\apa102_ctrl.vhd:]
WARNING: [filemgmt 56-199] Attempt to get parsing info during refresh. "On-the-fly" syntax checking information may be incorrect. [C:\Users\kille\Documents\GitHub\TFM-UPM\Practica\Prueba1_demo_v1.0\prueba1_demo.srcs\sources_1\new\i2s_transceiver.vhd:]
WARNING: [filemgmt 56-199] Attempt to get parsing info during refresh. "On-the-fly" syntax checking information may be incorrect. [C:\Users\kille\Documents\GitHub\TFM-UPM\Practica\Prueba1_demo_v1.0\prueba1_demo.srcs\sources_1\new\audio_player.vhd:]
WARNING: [filemgmt 56-199] Attempt to get parsing info during refresh. "On-the-fly" syntax checking information may be incorrect. [C:\Users\kille\Documents\GitHub\TFM-UPM\Practica\Prueba1_demo_v1.0\prueba1_demo.srcs\sources_1\new\tas2110_i2c_ctrl.vhd:]
WARNING: [filemgmt 56-199] Attempt to get parsing info during refresh. "On-the-fly" syntax checking information may be incorrect. [C:\Users\kille\Documents\GitHub\TFM-UPM\Practica\Prueba1_demo_v1.0\prueba1_demo.srcs\sources_1\new\apa102_ctrl.vhd:]
WARNING: [filemgmt 56-199] Attempt to get parsing info during refresh. "On-the-fly" syntax checking information may be incorrect. [C:\Users\kille\Documents\GitHub\TFM-UPM\Practica\Prueba1_demo_v1.0\prueba1_demo.srcs\sources_1\new\apa102_ctrl.vhd:]
WARNING: [filemgmt 56-199] Attempt to get parsing info during refresh. "On-the-fly" syntax checking information may be incorrect. [C:\Users\kille\Documents\GitHub\TFM-UPM\Practica\Prueba1_demo_v1.0\prueba1_demo.srcs\sources_1\new\top_system.vhd:]
WARNING: [filemgmt 56-199] Attempt to get parsing info during refresh. "On-the-fly" syntax checking information may be incorrect. [C:\Users\kille\Documents\GitHub\TFM-UPM\Practica\Prueba1_demo_v1.0\prueba1_demo.srcs\sources_1\new\apa102_ctrl.vhd:]
WARNING: [filemgmt 56-199] Attempt to get parsing info during refresh. "On-the-fly" syntax checking information may be incorrect. [C:\Users\kille\Documents\GitHub\TFM-UPM\Practica\Prueba1_demo_v1.0\prueba1_demo.srcs\sources_1\new\i2s_transceiver.vhd:]
WARNING: [filemgmt 56-199] Attempt to get parsing info during refresh. "On-the-fly" syntax checking information may be incorrect. [C:\Users\kille\Documents\GitHub\TFM-UPM\Practica\Prueba1_demo_v1.0\prueba1_demo.srcs\sources_1\new\audio_player.vhd:]
WARNING: [filemgmt 56-199] Attempt to get parsing info during refresh. "On-the-fly" syntax checking information may be incorrect. [C:\Users\kille\Documents\GitHub\TFM-UPM\Practica\Prueba1_demo_v1.0\prueba1_demo.srcs\sources_1\new\tas2110_i2c_ctrl.vhd:]
WARNING: [filemgmt 56-199] Attempt to get parsing info during refresh. "On-the-fly" syntax checking information may be incorrect. [C:\Users\kille\Documents\GitHub\TFM-UPM\Practica\Prueba1_demo_v1.0\prueba1_demo.srcs\sources_1\new\apa102_ctrl.vhd:]
WARNING: [filemgmt 56-199] Attempt to get parsing info during refresh. "On-the-fly" syntax checking information may be incorrect. [C:\Users\kille\Documents\GitHub\TFM-UPM\Practica\Prueba1_demo_v1.0\prueba1_demo.srcs\sources_1\new\apa102_ctrl.vhd:]
WARNING: [filemgmt 56-199] Attempt to get parsing info during refresh. "On-the-fly" syntax checking information may be incorrect. [C:\Users\kille\Documents\GitHub\TFM-UPM\Practica\Prueba1_demo_v1.0\prueba1_demo.srcs\sources_1\new\top_system.vhd:]
WARNING: [filemgmt 56-199] Attempt to get parsing info during refresh. "On-the-fly" syntax checking information may be incorrect. [C:\Users\kille\Documents\GitHub\TFM-UPM\Practica\Prueba1_demo_v1.0\prueba1_demo.srcs\sources_1\new\apa102_ctrl.vhd:]
WARNING: [filemgmt 56-199] Attempt to get parsing info during refresh. "On-the-fly" syntax checking information may be incorrect. [C:\Users\kille\Documents\GitHub\TFM-UPM\Practica\Prueba1_demo_v1.0\prueba1_demo.srcs\sources_1\new\i2s_transceiver.vhd:]
WARNING: [filemgmt 56-199] Attempt to get parsing info during refresh. "On-the-fly" syntax checking information may be incorrect. [C:\Users\kille\Documents\GitHub\TFM-UPM\Practica\Prueba1_demo_v1.0\prueba1_demo.srcs\sources_1\new\audio_player.vhd:]
WARNING: [filemgmt 56-199] Attempt to get parsing info during refresh. "On-the-fly" syntax checking information may be incorrect. [C:\Users\kille\Documents\GitHub\TFM-UPM\Practica\Prueba1_demo_v1.0\prueba1_demo.srcs\sources_1\new\tas2110_i2c_ctrl.vhd:]
WARNING: [filemgmt 56-199] Attempt to get parsing info during refresh. "On-the-fly" syntax checking information may be incorrect. [C:\Users\kille\Documents\GitHub\TFM-UPM\Practica\Prueba1_demo_v1.0\prueba1_demo.srcs\sources_1\new\tas2110_i2c_ctrl.vhd:]
WARNING: [filemgmt 56-199] Attempt to get parsing info during refresh. "On-the-fly" syntax checking information may be incorrect. [C:\Users\kille\Documents\GitHub\TFM-UPM\Practica\Prueba1_demo_v1.0\prueba1_demo.srcs\sources_1\new\tas2110_i2c_ctrl.vhd:]
WARNING: [filemgmt 56-199] Attempt to get parsing info during refresh. "On-the-fly" syntax checking information may be incorrect. [C:\Users\kille\Documents\GitHub\TFM-UPM\Practica\Prueba1_demo_v1.0\prueba1_demo.srcs\sources_1\new\top_system.vhd:]
WARNING: [filemgmt 56-199] Attempt to get parsing info during refresh. "On-the-fly" syntax checking information may be incorrect. [C:\Users\kille\Documents\GitHub\TFM-UPM\Practica\Prueba1_demo_v1.0\prueba1_demo.srcs\sources_1\new\apa102_ctrl.vhd:]
WARNING: [filemgmt 56-199] Attempt to get parsing info during refresh. "On-the-fly" syntax checking information may be incorrect. [C:\Users\kille\Documents\GitHub\TFM-UPM\Practica\Prueba1_demo_v1.0\prueba1_demo.srcs\sources_1\new\i2s_transceiver.vhd:]
WARNING: [filemgmt 56-199] Attempt to get parsing info during refresh. "On-the-fly" syntax checking information may be incorrect. [C:\Users\kille\Documents\GitHub\TFM-UPM\Practica\Prueba1_demo_v1.0\prueba1_demo.srcs\sources_1\new\audio_player.vhd:]
WARNING: [filemgmt 56-199] Attempt to get parsing info during refresh. "On-the-fly" syntax checking information may be incorrect. [C:\Users\kille\Documents\GitHub\TFM-UPM\Practica\Prueba1_demo_v1.0\prueba1_demo.srcs\sources_1\new\tas2110_i2c_ctrl.vhd:]
WARNING: [filemgmt 56-199] Attempt to get parsing info during refresh. "On-the-fly" syntax checking information may be incorrect. [C:\Users\kille\Documents\GitHub\TFM-UPM\Practica\Prueba1_demo_v1.0\prueba1_demo.srcs\sources_1\new\top_system.vhd:]
WARNING: [filemgmt 56-199] Attempt to get parsing info during refresh. "On-the-fly" syntax checking information may be incorrect. [C:\Users\kille\Documents\GitHub\TFM-UPM\Practica\Prueba1_demo_v1.0\prueba1_demo.srcs\sources_1\new\top_system.vhd:]
ERROR: [Common 17-180] Spawn failed: La operación se completó correctamente.

WARNING: [filemgmt 56-199] Attempt to get parsing info during refresh. "On-the-fly" syntax checking information may be incorrect. [C:\Users\kille\Documents\GitHub\TFM-UPM\Practica\Prueba1_demo_v1.0\prueba1_demo.srcs\sources_1\new\top_system.vhd:]
WARNING: [filemgmt 56-199] Attempt to get parsing info during refresh. "On-the-fly" syntax checking information may be incorrect. [C:\Users\kille\Documents\GitHub\TFM-UPM\Practica\Prueba1_demo_v1.0\prueba1_demo.srcs\sources_1\new\apa102_ctrl.vhd:]
WARNING: [filemgmt 56-199] Attempt to get parsing info during refresh. "On-the-fly" syntax checking information may be incorrect. [C:\Users\kille\Documents\GitHub\TFM-UPM\Practica\Prueba1_demo_v1.0\prueba1_demo.srcs\sources_1\new\i2s_transceiver.vhd:]
WARNING: [filemgmt 56-199] Attempt to get parsing info during refresh. "On-the-fly" syntax checking information may be incorrect. [C:\Users\kille\Documents\GitHub\TFM-UPM\Practica\Prueba1_demo_v1.0\prueba1_demo.srcs\sources_1\new\audio_player.vhd:]
WARNING: [filemgmt 56-199] Attempt to get parsing info during refresh. "On-the-fly" syntax checking information may be incorrect. [C:\Users\kille\Documents\GitHub\TFM-UPM\Practica\Prueba1_demo_v1.0\prueba1_demo.srcs\sources_1\new\tas2110_i2c_ctrl.vhd:]
WARNING: [filemgmt 56-199] Attempt to get parsing info during refresh. "On-the-fly" syntax checking information may be incorrect. [C:\Users\kille\Documents\GitHub\TFM-UPM\Practica\Prueba1_demo_v1.0\prueba1_demo.srcs\sources_1\new\audio_player.vhd:]
WARNING: [filemgmt 56-199] Attempt to get parsing info during refresh. "On-the-fly" syntax checking information may be incorrect. [C:\Users\kille\Documents\GitHub\TFM-UPM\Practica\Prueba1_demo_v1.0\prueba1_demo.srcs\sources_1\new\audio_player.vhd:]
report_ip_status -name ip_status 
launch_runs impl_1 -to_step write_bitstream -jobs 12
WARNING: [BD 41-1781] Updates have been made to one or more nets/interface connections marked for debug.
Debug nets, which are already connected to any ILA IP core in the block-design, will be automatically available for debug in Hardware Manager.
For unconnected Debug nets, please open synthesized design and use 'Set Up Debug' wizard to insert, modify or delete Debug Cores. 
INFO: [xilinx.com:ip:clk_wiz:6.0-1] /clk_wiz_0 clk_wiz propagate
Wrote  : <C:\Users\kille\Documents\GitHub\TFM-UPM\Practica\Prueba1_demo_v1.0\prueba1_demo.srcs\sources_1\bd\design_1\design_1.bd> 
WARNING: [BD 41-3257] Drive strength cannot be preserved for ports connected to net btn_center_0_0_1 as it is marked for debug
WARNING: [BD 41-3256] Drive strength cannot be preserved for ports connected to net btn_right_0_0_1 as it connected to debug IP /system_ila_1 
WARNING: [BD 41-3256] Drive strength cannot be preserved for ports connected to net clk_100Mhz_0_1 as it connected to debug IP /system_ila_0 
WARNING: [BD 41-3257] Drive strength cannot be preserved for ports connected to net top_system_0_dbg_scl_out as it is marked for debug
WARNING: [BD 41-3257] Drive strength cannot be preserved for ports connected to net top_system_0_dbg_sda_out as it is marked for debug
WARNING: [BD 41-3257] Drive strength cannot be preserved for ports connected to net top_system_0_i2s_dout as it is marked for debug
WARNING: [BD 41-3256] Drive strength cannot be preserved for ports connected to net top_system_0_led_clk as it connected to debug IP /system_ila_0 
WARNING: [BD 41-3257] Drive strength cannot be preserved for ports connected to net top_system_0_led_data as it is marked for debug
VHDL Output written to : c:/Users/kille/Documents/GitHub/TFM-UPM/Practica/Prueba1_demo_v1.0/prueba1_demo.gen/sources_1/bd/design_1/synth/design_1.vhd
WARNING: [BD 41-3257] Drive strength cannot be preserved for ports connected to net btn_center_0_0_1 as it is marked for debug
WARNING: [BD 41-3256] Drive strength cannot be preserved for ports connected to net btn_right_0_0_1 as it connected to debug IP /system_ila_1 
WARNING: [BD 41-3256] Drive strength cannot be preserved for ports connected to net clk_100Mhz_0_1 as it connected to debug IP /system_ila_0 
WARNING: [BD 41-3257] Drive strength cannot be preserved for ports connected to net top_system_0_dbg_scl_out as it is marked for debug
WARNING: [BD 41-3257] Drive strength cannot be preserved for ports connected to net top_system_0_dbg_sda_out as it is marked for debug
WARNING: [BD 41-3257] Drive strength cannot be preserved for ports connected to net top_system_0_i2s_dout as it is marked for debug
WARNING: [BD 41-3256] Drive strength cannot be preserved for ports connected to net top_system_0_led_clk as it connected to debug IP /system_ila_0 
WARNING: [BD 41-3257] Drive strength cannot be preserved for ports connected to net top_system_0_led_data as it is marked for debug
VHDL Output written to : c:/Users/kille/Documents/GitHub/TFM-UPM/Practica/Prueba1_demo_v1.0/prueba1_demo.gen/sources_1/bd/design_1/sim/design_1.vhd
VHDL Output written to : c:/Users/kille/Documents/GitHub/TFM-UPM/Practica/Prueba1_demo_v1.0/prueba1_demo.gen/sources_1/bd/design_1/hdl/design_1_wrapper.vhd
INFO: [BD 41-1029] Generation completed for the IP Integrator block top_system_0 .
INFO: [BD 41-1637] Generated targets are already up-to-date for block design 'bd_f60c' - hence not re-generating.
INFO: [BD 41-1637] Generated targets are already up-to-date for block design 'bd_f69c' - hence not re-generating.
INFO: [BD 41-1982] Skipping generation for the cell util_vector_logic_0, which is locked by user.
Exporting to file c:/Users/kille/Documents/GitHub/TFM-UPM/Practica/Prueba1_demo_v1.0/prueba1_demo.gen/sources_1/bd/design_1/hw_handoff/design_1.hwh
Generated Hardware Definition File c:/Users/kille/Documents/GitHub/TFM-UPM/Practica/Prueba1_demo_v1.0/prueba1_demo.gen/sources_1/bd/design_1/synth/design_1.hwdef
[Thu Aug  6 19:22:29 2026] Launched design_1_top_system_0_1_synth_1, synth_1...
Run output will be captured here:
design_1_top_system_0_1_synth_1: C:/Users/kille/Documents/GitHub/TFM-UPM/Practica/Prueba1_demo_v1.0/prueba1_demo.runs/design_1_top_system_0_1_synth_1/runme.log
synth_1: C:/Users/kille/Documents/GitHub/TFM-UPM/Practica/Prueba1_demo_v1.0/prueba1_demo.runs/synth_1/runme.log
[Thu Aug  6 19:22:29 2026] Launched impl_1...
Run output will be captured here: C:/Users/kille/Documents/GitHub/TFM-UPM/Practica/Prueba1_demo_v1.0/prueba1_demo.runs/impl_1/runme.log
WARNING: [filemgmt 56-199] Attempt to get parsing info during refresh. "On-the-fly" syntax checking information may be incorrect. [C:\Users\kille\Documents\GitHub\TFM-UPM\Practica\Prueba1_demo_v1.0\prueba1_demo.srcs\sources_1\new\top_system.vhd:]
WARNING: [filemgmt 56-199] Attempt to get parsing info during refresh. "On-the-fly" syntax checking information may be incorrect. [C:\Users\kille\Documents\GitHub\TFM-UPM\Practica\Prueba1_demo_v1.0\prueba1_demo.srcs\sources_1\new\apa102_ctrl.vhd:]
WARNING: [filemgmt 56-199] Attempt to get parsing info during refresh. "On-the-fly" syntax checking information may be incorrect. [C:\Users\kille\Documents\GitHub\TFM-UPM\Practica\Prueba1_demo_v1.0\prueba1_demo.srcs\sources_1\new\i2s_transceiver.vhd:]
WARNING: [filemgmt 56-199] Attempt to get parsing info during refresh. "On-the-fly" syntax checking information may be incorrect. [C:\Users\kille\Documents\GitHub\TFM-UPM\Practica\Prueba1_demo_v1.0\prueba1_demo.srcs\sources_1\new\audio_player.vhd:]
WARNING: [filemgmt 56-199] Attempt to get parsing info during refresh. "On-the-fly" syntax checking information may be incorrect. [C:\Users\kille\Documents\GitHub\TFM-UPM\Practica\Prueba1_demo_v1.0\prueba1_demo.srcs\sources_1\new\tas2110_i2c_ctrl.vhd:]
WARNING: [filemgmt 56-199] Attempt to get parsing info during refresh. "On-the-fly" syntax checking information may be incorrect. [C:\Users\kille\Documents\GitHub\TFM-UPM\Practica\Prueba1_demo_v1.0\prueba1_demo.srcs\sources_1\new\audio_player.vhd:]
WARNING: [filemgmt 56-199] Attempt to get parsing info during refresh. "On-the-fly" syntax checking information may be incorrect. [C:\Users\kille\Documents\GitHub\TFM-UPM\Practica\Prueba1_demo_v1.0\prueba1_demo.srcs\sources_1\new\audio_player.vhd:]
WARNING: [filemgmt 56-199] Attempt to get parsing info during refresh. "On-the-fly" syntax checking information may be incorrect. [C:\Users\kille\Documents\GitHub\TFM-UPM\Practica\Prueba1_demo_v1.0\prueba1_demo.srcs\sources_1\new\top_system.vhd:]
WARNING: [filemgmt 56-199] Attempt to get parsing info during refresh. "On-the-fly" syntax checking information may be incorrect. [C:\Users\kille\Documents\GitHub\TFM-UPM\Practica\Prueba1_demo_v1.0\prueba1_demo.srcs\sources_1\new\apa102_ctrl.vhd:]
WARNING: [filemgmt 56-199] Attempt to get parsing info during refresh. "On-the-fly" syntax checking information may be incorrect. [C:\Users\kille\Documents\GitHub\TFM-UPM\Practica\Prueba1_demo_v1.0\prueba1_demo.srcs\sources_1\new\i2s_transceiver.vhd:]
WARNING: [filemgmt 56-199] Attempt to get parsing info during refresh. "On-the-fly" syntax checking information may be incorrect. [C:\Users\kille\Documents\GitHub\TFM-UPM\Practica\Prueba1_demo_v1.0\prueba1_demo.srcs\sources_1\new\audio_player.vhd:]
WARNING: [filemgmt 56-199] Attempt to get parsing info during refresh. "On-the-fly" syntax checking information may be incorrect. [C:\Users\kille\Documents\GitHub\TFM-UPM\Practica\Prueba1_demo_v1.0\prueba1_demo.srcs\sources_1\new\tas2110_i2c_ctrl.vhd:]
WARNING: [filemgmt 56-199] Attempt to get parsing info during refresh. "On-the-fly" syntax checking information may be incorrect. [C:\Users\kille\Documents\GitHub\TFM-UPM\Practica\Prueba1_demo_v1.0\prueba1_demo.srcs\sources_1\new\tas2110_i2c_ctrl.vhd:]
WARNING: [filemgmt 56-199] Attempt to get parsing info during refresh. "On-the-fly" syntax checking information may be incorrect. [C:\Users\kille\Documents\GitHub\TFM-UPM\Practica\Prueba1_demo_v1.0\prueba1_demo.srcs\sources_1\new\tas2110_i2c_ctrl.vhd:]
ERROR: [Common 17-180] Spawn failed: La operación se completó correctamente.

WARNING: [filemgmt 56-199] Attempt to get parsing info during refresh. "On-the-fly" syntax checking information may be incorrect. [C:\Users\kille\Documents\GitHub\TFM-UPM\Practica\Prueba1_demo_v1.0\prueba1_demo.srcs\sources_1\new\top_system.vhd:]
WARNING: [filemgmt 56-199] Attempt to get parsing info during refresh. "On-the-fly" syntax checking information may be incorrect. [C:\Users\kille\Documents\GitHub\TFM-UPM\Practica\Prueba1_demo_v1.0\prueba1_demo.srcs\sources_1\new\apa102_ctrl.vhd:]
WARNING: [filemgmt 56-199] Attempt to get parsing info during refresh. "On-the-fly" syntax checking information may be incorrect. [C:\Users\kille\Documents\GitHub\TFM-UPM\Practica\Prueba1_demo_v1.0\prueba1_demo.srcs\sources_1\new\i2s_transceiver.vhd:]
WARNING: [filemgmt 56-199] Attempt to get parsing info during refresh. "On-the-fly" syntax checking information may be incorrect. [C:\Users\kille\Documents\GitHub\TFM-UPM\Practica\Prueba1_demo_v1.0\prueba1_demo.srcs\sources_1\new\audio_player.vhd:]
WARNING: [filemgmt 56-199] Attempt to get parsing info during refresh. "On-the-fly" syntax checking information may be incorrect. [C:\Users\kille\Documents\GitHub\TFM-UPM\Practica\Prueba1_demo_v1.0\prueba1_demo.srcs\sources_1\new\tas2110_i2c_ctrl.vhd:]
WARNING: [filemgmt 56-199] Attempt to get parsing info during refresh. "On-the-fly" syntax checking information may be incorrect. [C:\Users\kille\Documents\GitHub\TFM-UPM\Practica\Prueba1_demo_v1.0\prueba1_demo.srcs\sources_1\new\apa102_ctrl.vhd:]
WARNING: [filemgmt 56-199] Attempt to get parsing info during refresh. "On-the-fly" syntax checking information may be incorrect. [C:\Users\kille\Documents\GitHub\TFM-UPM\Practica\Prueba1_demo_v1.0\prueba1_demo.srcs\sources_1\new\apa102_ctrl.vhd:]
WARNING: [filemgmt 56-199] Attempt to get parsing info during refresh. "On-the-fly" syntax checking information may be incorrect. [C:\Users\kille\Documents\GitHub\TFM-UPM\Practica\Prueba1_demo_v1.0\prueba1_demo.srcs\sources_1\new\top_system.vhd:]
WARNING: [filemgmt 56-199] Attempt to get parsing info during refresh. "On-the-fly" syntax checking information may be incorrect. [C:\Users\kille\Documents\GitHub\TFM-UPM\Practica\Prueba1_demo_v1.0\prueba1_demo.srcs\sources_1\new\apa102_ctrl.vhd:]
WARNING: [filemgmt 56-199] Attempt to get parsing info during refresh. "On-the-fly" syntax checking information may be incorrect. [C:\Users\kille\Documents\GitHub\TFM-UPM\Practica\Prueba1_demo_v1.0\prueba1_demo.srcs\sources_1\new\i2s_transceiver.vhd:]
WARNING: [filemgmt 56-199] Attempt to get parsing info during refresh. "On-the-fly" syntax checking information may be incorrect. [C:\Users\kille\Documents\GitHub\TFM-UPM\Practica\Prueba1_demo_v1.0\prueba1_demo.srcs\sources_1\new\audio_player.vhd:]
WARNING: [filemgmt 56-199] Attempt to get parsing info during refresh. "On-the-fly" syntax checking information may be incorrect. [C:\Users\kille\Documents\GitHub\TFM-UPM\Practica\Prueba1_demo_v1.0\prueba1_demo.srcs\sources_1\new\tas2110_i2c_ctrl.vhd:]
WARNING: [filemgmt 56-199] Attempt to get parsing info during refresh. "On-the-fly" syntax checking information may be incorrect. [C:\Users\kille\Documents\GitHub\TFM-UPM\Practica\Prueba1_demo_v1.0\prueba1_demo.srcs\sources_1\new\apa102_ctrl.vhd:]
WARNING: [filemgmt 56-199] Attempt to get parsing info during refresh. "On-the-fly" syntax checking information may be incorrect. [C:\Users\kille\Documents\GitHub\TFM-UPM\Practica\Prueba1_demo_v1.0\prueba1_demo.srcs\sources_1\new\apa102_ctrl.vhd:]
WARNING: [filemgmt 56-199] Attempt to get parsing info during refresh. "On-the-fly" syntax checking information may be incorrect. [C:\Users\kille\Documents\GitHub\TFM-UPM\Practica\Prueba1_demo_v1.0\prueba1_demo.srcs\sources_1\new\top_system.vhd:]
WARNING: [filemgmt 56-199] Attempt to get parsing info during refresh. "On-the-fly" syntax checking information may be incorrect. [C:\Users\kille\Documents\GitHub\TFM-UPM\Practica\Prueba1_demo_v1.0\prueba1_demo.srcs\sources_1\new\apa102_ctrl.vhd:]
WARNING: [filemgmt 56-199] Attempt to get parsing info during refresh. "On-the-fly" syntax checking information may be incorrect. [C:\Users\kille\Documents\GitHub\TFM-UPM\Practica\Prueba1_demo_v1.0\prueba1_demo.srcs\sources_1\new\i2s_transceiver.vhd:]
WARNING: [filemgmt 56-199] Attempt to get parsing info during refresh. "On-the-fly" syntax checking information may be incorrect. [C:\Users\kille\Documents\GitHub\TFM-UPM\Practica\Prueba1_demo_v1.0\prueba1_demo.srcs\sources_1\new\audio_player.vhd:]
WARNING: [filemgmt 56-199] Attempt to get parsing info during refresh. "On-the-fly" syntax checking information may be incorrect. [C:\Users\kille\Documents\GitHub\TFM-UPM\Practica\Prueba1_demo_v1.0\prueba1_demo.srcs\sources_1\new\tas2110_i2c_ctrl.vhd:]
WARNING: [filemgmt 56-199] Attempt to get parsing info during refresh. "On-the-fly" syntax checking information may be incorrect. [C:\Users\kille\Documents\GitHub\TFM-UPM\Practica\Prueba1_demo_v1.0\prueba1_demo.srcs\sources_1\new\tas2110_i2c_ctrl.vhd:]
WARNING: [filemgmt 56-199] Attempt to get parsing info during refresh. "On-the-fly" syntax checking information may be incorrect. [C:\Users\kille\Documents\GitHub\TFM-UPM\Practica\Prueba1_demo_v1.0\prueba1_demo.srcs\sources_1\new\tas2110_i2c_ctrl.vhd:]
WARNING: [filemgmt 56-199] Attempt to get parsing info during refresh. "On-the-fly" syntax checking information may be incorrect. [C:\Users\kille\Documents\GitHub\TFM-UPM\Practica\Prueba1_demo_v1.0\prueba1_demo.srcs\sources_1\new\top_system.vhd:]
WARNING: [filemgmt 56-199] Attempt to get parsing info during refresh. "On-the-fly" syntax checking information may be incorrect. [C:\Users\kille\Documents\GitHub\TFM-UPM\Practica\Prueba1_demo_v1.0\prueba1_demo.srcs\sources_1\new\apa102_ctrl.vhd:]
WARNING: [filemgmt 56-199] Attempt to get parsing info during refresh. "On-the-fly" syntax checking information may be incorrect. [C:\Users\kille\Documents\GitHub\TFM-UPM\Practica\Prueba1_demo_v1.0\prueba1_demo.srcs\sources_1\new\i2s_transceiver.vhd:]
WARNING: [filemgmt 56-199] Attempt to get parsing info during refresh. "On-the-fly" syntax checking information may be incorrect. [C:\Users\kille\Documents\GitHub\TFM-UPM\Practica\Prueba1_demo_v1.0\prueba1_demo.srcs\sources_1\new\audio_player.vhd:]
WARNING: [filemgmt 56-199] Attempt to get parsing info during refresh. "On-the-fly" syntax checking information may be incorrect. [C:\Users\kille\Documents\GitHub\TFM-UPM\Practica\Prueba1_demo_v1.0\prueba1_demo.srcs\sources_1\new\tas2110_i2c_ctrl.vhd:]
WARNING: [filemgmt 56-199] Attempt to get parsing info during refresh. "On-the-fly" syntax checking information may be incorrect. [C:\Users\kille\Documents\GitHub\TFM-UPM\Practica\Prueba1_demo_v1.0\prueba1_demo.srcs\sources_1\new\audio_player.vhd:]
WARNING: [filemgmt 56-199] Attempt to get parsing info during refresh. "On-the-fly" syntax checking information may be incorrect. [C:\Users\kille\Documents\GitHub\TFM-UPM\Practica\Prueba1_demo_v1.0\prueba1_demo.srcs\sources_1\new\audio_player.vhd:]
ERROR: [Common 17-180] Spawn failed: La operación se completó correctamente.

WARNING: [filemgmt 56-199] Attempt to get parsing info during refresh. "On-the-fly" syntax checking information may be incorrect. [C:\Users\kille\Documents\GitHub\TFM-UPM\Practica\Prueba1_demo_v1.0\prueba1_demo.srcs\sources_1\new\top_system.vhd:]
WARNING: [filemgmt 56-199] Attempt to get parsing info during refresh. "On-the-fly" syntax checking information may be incorrect. [C:\Users\kille\Documents\GitHub\TFM-UPM\Practica\Prueba1_demo_v1.0\prueba1_demo.srcs\sources_1\new\apa102_ctrl.vhd:]
WARNING: [filemgmt 56-199] Attempt to get parsing info during refresh. "On-the-fly" syntax checking information may be incorrect. [C:\Users\kille\Documents\GitHub\TFM-UPM\Practica\Prueba1_demo_v1.0\prueba1_demo.srcs\sources_1\new\i2s_transceiver.vhd:]
WARNING: [filemgmt 56-199] Attempt to get parsing info during refresh. "On-the-fly" syntax checking information may be incorrect. [C:\Users\kille\Documents\GitHub\TFM-UPM\Practica\Prueba1_demo_v1.0\prueba1_demo.srcs\sources_1\new\audio_player.vhd:]
WARNING: [filemgmt 56-199] Attempt to get parsing info during refresh. "On-the-fly" syntax checking information may be incorrect. [C:\Users\kille\Documents\GitHub\TFM-UPM\Practica\Prueba1_demo_v1.0\prueba1_demo.srcs\sources_1\new\tas2110_i2c_ctrl.vhd:]
WARNING: [filemgmt 56-199] Attempt to get parsing info during refresh. "On-the-fly" syntax checking information may be incorrect. [C:\Users\kille\Documents\GitHub\TFM-UPM\Practica\Prueba1_demo_v1.0\prueba1_demo.srcs\sources_1\new\top_system.vhd:]
WARNING: [filemgmt 56-199] Attempt to get parsing info during refresh. "On-the-fly" syntax checking information may be incorrect. [C:\Users\kille\Documents\GitHub\TFM-UPM\Practica\Prueba1_demo_v1.0\prueba1_demo.srcs\sources_1\new\top_system.vhd:]
WARNING: [filemgmt 56-199] Attempt to get parsing info during refresh. "On-the-fly" syntax checking information may be incorrect. [C:\Users\kille\Documents\GitHub\TFM-UPM\Practica\Prueba1_demo_v1.0\prueba1_demo.srcs\sources_1\new\top_system.vhd:]
WARNING: [filemgmt 56-199] Attempt to get parsing info during refresh. "On-the-fly" syntax checking information may be incorrect. [C:\Users\kille\Documents\GitHub\TFM-UPM\Practica\Prueba1_demo_v1.0\prueba1_demo.srcs\sources_1\new\apa102_ctrl.vhd:]
WARNING: [filemgmt 56-199] Attempt to get parsing info during refresh. "On-the-fly" syntax checking information may be incorrect. [C:\Users\kille\Documents\GitHub\TFM-UPM\Practica\Prueba1_demo_v1.0\prueba1_demo.srcs\sources_1\new\i2s_transceiver.vhd:]
WARNING: [filemgmt 56-199] Attempt to get parsing info during refresh. "On-the-fly" syntax checking information may be incorrect. [C:\Users\kille\Documents\GitHub\TFM-UPM\Practica\Prueba1_demo_v1.0\prueba1_demo.srcs\sources_1\new\audio_player.vhd:]
WARNING: [filemgmt 56-199] Attempt to get parsing info during refresh. "On-the-fly" syntax checking information may be incorrect. [C:\Users\kille\Documents\GitHub\TFM-UPM\Practica\Prueba1_demo_v1.0\prueba1_demo.srcs\sources_1\new\tas2110_i2c_ctrl.vhd:]
WARNING: [filemgmt 56-199] Attempt to get parsing info during refresh. "On-the-fly" syntax checking information may be incorrect. [C:\Users\kille\Documents\GitHub\TFM-UPM\Practica\Prueba1_demo_v1.0\prueba1_demo.srcs\sources_1\new\top_system.vhd:]
WARNING: [filemgmt 56-199] Attempt to get parsing info during refresh. "On-the-fly" syntax checking information may be incorrect. [C:\Users\kille\Documents\GitHub\TFM-UPM\Practica\Prueba1_demo_v1.0\prueba1_demo.srcs\sources_1\new\top_system.vhd:]
WARNING: [filemgmt 56-199] Attempt to get parsing info during refresh. "On-the-fly" syntax checking information may be incorrect. [C:\Users\kille\Documents\GitHub\TFM-UPM\Practica\Prueba1_demo_v1.0\prueba1_demo.srcs\sources_1\new\top_system.vhd:]
WARNING: [filemgmt 56-199] Attempt to get parsing info during refresh. "On-the-fly" syntax checking information may be incorrect. [C:\Users\kille\Documents\GitHub\TFM-UPM\Practica\Prueba1_demo_v1.0\prueba1_demo.srcs\sources_1\new\apa102_ctrl.vhd:]
WARNING: [filemgmt 56-199] Attempt to get parsing info during refresh. "On-the-fly" syntax checking information may be incorrect. [C:\Users\kille\Documents\GitHub\TFM-UPM\Practica\Prueba1_demo_v1.0\prueba1_demo.srcs\sources_1\new\i2s_transceiver.vhd:]
WARNING: [filemgmt 56-199] Attempt to get parsing info during refresh. "On-the-fly" syntax checking information may be incorrect. [C:\Users\kille\Documents\GitHub\TFM-UPM\Practica\Prueba1_demo_v1.0\prueba1_demo.srcs\sources_1\new\audio_player.vhd:]
WARNING: [filemgmt 56-199] Attempt to get parsing info during refresh. "On-the-fly" syntax checking information may be incorrect. [C:\Users\kille\Documents\GitHub\TFM-UPM\Practica\Prueba1_demo_v1.0\prueba1_demo.srcs\sources_1\new\tas2110_i2c_ctrl.vhd:]
WARNING: [filemgmt 56-199] Attempt to get parsing info during refresh. "On-the-fly" syntax checking information may be incorrect. [C:\Users\kille\Documents\GitHub\TFM-UPM\Practica\Prueba1_demo_v1.0\prueba1_demo.srcs\sources_1\new\i2s_transceiver.vhd:]
WARNING: [filemgmt 56-199] Attempt to get parsing info during refresh. "On-the-fly" syntax checking information may be incorrect. [C:\Users\kille\Documents\GitHub\TFM-UPM\Practica\Prueba1_demo_v1.0\prueba1_demo.srcs\sources_1\new\i2s_transceiver.vhd:]
WARNING: [filemgmt 56-199] Attempt to get parsing info during refresh. "On-the-fly" syntax checking information may be incorrect. [C:\Users\kille\Documents\GitHub\TFM-UPM\Practica\Prueba1_demo_v1.0\prueba1_demo.srcs\sources_1\new\top_system.vhd:]
WARNING: [filemgmt 56-199] Attempt to get parsing info during refresh. "On-the-fly" syntax checking information may be incorrect. [C:\Users\kille\Documents\GitHub\TFM-UPM\Practica\Prueba1_demo_v1.0\prueba1_demo.srcs\sources_1\new\apa102_ctrl.vhd:]
WARNING: [filemgmt 56-199] Attempt to get parsing info during refresh. "On-the-fly" syntax checking information may be incorrect. [C:\Users\kille\Documents\GitHub\TFM-UPM\Practica\Prueba1_demo_v1.0\prueba1_demo.srcs\sources_1\new\i2s_transceiver.vhd:]
WARNING: [filemgmt 56-199] Attempt to get parsing info during refresh. "On-the-fly" syntax checking information may be incorrect. [C:\Users\kille\Documents\GitHub\TFM-UPM\Practica\Prueba1_demo_v1.0\prueba1_demo.srcs\sources_1\new\audio_player.vhd:]
WARNING: [filemgmt 56-199] Attempt to get parsing info during refresh. "On-the-fly" syntax checking information may be incorrect. [C:\Users\kille\Documents\GitHub\TFM-UPM\Practica\Prueba1_demo_v1.0\prueba1_demo.srcs\sources_1\new\tas2110_i2c_ctrl.vhd:]
WARNING: [filemgmt 56-199] Attempt to get parsing info during refresh. "On-the-fly" syntax checking information may be incorrect. [C:\Users\kille\Documents\GitHub\TFM-UPM\Practica\Prueba1_demo_v1.0\prueba1_demo.srcs\sources_1\new\tas2110_i2c_ctrl.vhd:]
WARNING: [filemgmt 56-199] Attempt to get parsing info during refresh. "On-the-fly" syntax checking information may be incorrect. [C:\Users\kille\Documents\GitHub\TFM-UPM\Practica\Prueba1_demo_v1.0\prueba1_demo.srcs\sources_1\new\tas2110_i2c_ctrl.vhd:]
ERROR: [Common 17-180] Spawn failed: La operación se completó correctamente.

WARNING: [filemgmt 56-199] Attempt to get parsing info during refresh. "On-the-fly" syntax checking information may be incorrect. [C:\Users\kille\Documents\GitHub\TFM-UPM\Practica\Prueba1_demo_v1.0\prueba1_demo.srcs\sources_1\new\top_system.vhd:]
WARNING: [filemgmt 56-199] Attempt to get parsing info during refresh. "On-the-fly" syntax checking information may be incorrect. [C:\Users\kille\Documents\GitHub\TFM-UPM\Practica\Prueba1_demo_v1.0\prueba1_demo.srcs\sources_1\new\apa102_ctrl.vhd:]
WARNING: [filemgmt 56-199] Attempt to get parsing info during refresh. "On-the-fly" syntax checking information may be incorrect. [C:\Users\kille\Documents\GitHub\TFM-UPM\Practica\Prueba1_demo_v1.0\prueba1_demo.srcs\sources_1\new\i2s_transceiver.vhd:]
WARNING: [filemgmt 56-199] Attempt to get parsing info during refresh. "On-the-fly" syntax checking information may be incorrect. [C:\Users\kille\Documents\GitHub\TFM-UPM\Practica\Prueba1_demo_v1.0\prueba1_demo.srcs\sources_1\new\audio_player.vhd:]
WARNING: [filemgmt 56-199] Attempt to get parsing info during refresh. "On-the-fly" syntax checking information may be incorrect. [C:\Users\kille\Documents\GitHub\TFM-UPM\Practica\Prueba1_demo_v1.0\prueba1_demo.srcs\sources_1\new\tas2110_i2c_ctrl.vhd:]
WARNING: [filemgmt 56-199] Attempt to get parsing info during refresh. "On-the-fly" syntax checking information may be incorrect. [C:\Users\kille\Documents\GitHub\TFM-UPM\Practica\Prueba1_demo_v1.0\prueba1_demo.srcs\sources_1\new\apa102_ctrl.vhd:]
WARNING: [filemgmt 56-199] Attempt to get parsing info during refresh. "On-the-fly" syntax checking information may be incorrect. [C:\Users\kille\Documents\GitHub\TFM-UPM\Practica\Prueba1_demo_v1.0\prueba1_demo.srcs\sources_1\new\apa102_ctrl.vhd:]
ERROR: [Common 17-180] Spawn failed: La operación se completó correctamente.

