#-----------------------------------------------------------
# Vivado v2025.1 (64-bit)
# SW Build 6140274 on Thu May 22 00:12:29 MDT 2025
# IP Build 6138677 on Thu May 22 03:10:11 MDT 2025
# SharedData Build 6139179 on Tue May 20 17:58:58 MDT 2025
# Start of session at: Wed Aug  5 17:19:27 2026
# Process ID         : 16412
# Current directory  : C:/Users/kille/Documents/GitHub/TFM-UPM/Practica/Prueba1_demo_v1.0
# Command line       : vivado.exe -gui_launcher_event rodinguilauncherevent18960 C:\Users\kille\Documents\GitHub\TFM-UPM\Practica\Prueba1_demo_v1.0\prueba1_demo.xpr
# Log file           : C:/Users/kille/Documents/GitHub/TFM-UPM/Practica/Prueba1_demo_v1.0/vivado.log
# Journal file       : C:/Users/kille/Documents/GitHub/TFM-UPM/Practica/Prueba1_demo_v1.0\vivado.jou
# Running On         : Samsung_Book_3
# Platform           : Windows Server 2016 or Windows 10
# Operating System   : 26200
# Processor Detail   : 13th Gen Intel(R) Core(TM) i5-1335U
# CPU Frequency      : 2496 MHz
# CPU Physical cores : 10
# CPU Logical cores  : 12
# Host memory        : 8257 MB
# Swap memory        : 18253 MB
# Total Virtual      : 26511 MB
# Available Virtual  : 9264 MB
#-----------------------------------------------------------
start_guioopen_project C:/Users/kille/Documents/GitHub/TFM-UPM/Practica/Prueba1_demo_v1.0/prueba1_demo.xprWARNING: [Board 49-26] cannot add Board Part xilinx.com:emb-plus-vpr-4616:part0:1.0 available at C:/AMD/2025.1/data/xhub/boards\XilinxBoardStore\boards\Xilinx\emb-plus-vpr-4616\1.0\board.xml as part xcve2302-sfva784-2mp-e-s specified in board_part file is either invalid or not available
WARNING: [Board 49-26] cannot add Board Part xilinx.com:emb-plus-vpr-4616:part0:1.1 available at C:/AMD/2025.1/data/xhub/boards\XilinxBoardStore\boards\Xilinx\emb-plus-vpr-4616\1.1\board.xml as part xcve2302-sfva784-2mp-e-s specified in board_part file is either invalid or not available
WARNING: [Board 49-26] cannot add Board Part xilinx.com:k24c:part0:1.0 available at C:/AMD/2025.1/data/xhub/boards\XilinxBoardStore\boards\Xilinx\k24c\1.0\board.xml as part xck24-ubva530-2lv-c specified in board_part file is either invalid or not available
WARNING: [Board 49-26] cannot add Board Part xilinx.com:k24c:part0:1.1 available at C:/AMD/2025.1/data/xhub/boards\XilinxBoardStore\boards\Xilinx\k24c\1.1\board.xml as part xck24-ubva530-2lv-c specified in board_part file is either invalid or not available
WARNING: [Board 49-26] cannot add Board Part xilinx.com:k24i:part0:1.0 available at C:/AMD/2025.1/data/xhub/boards\XilinxBoardStore\boards\Xilinx\k24i\1.0\board.xml as part xck24-ubva530-2lvi-i specified in board_part file is either invalid or not available
WARNING: [Board 49-26] cannot add Board Part xilinx.com:k26c:part0:1.2 available at C:/AMD/2025.1/data/xhub/boards\XilinxBoardStore\boards\Xilinx\k26c\1.2\board.xml as part xck26-sfvc784-2lv-c specified in board_part file is either invalid or not available
WARNING: [Board 49-26] cannot add Board Part xilinx.com:k26c:part0:1.3 available at C:/AMD/2025.1/data/xhub/boards\XilinxBoardStore\boards\Xilinx\k26c\1.3\board.xml as part xck26-sfvc784-2lv-c specified in board_part file is either invalid or not available
WARNING: [Board 49-26] cannot add Board Part xilinx.com:k26c:part0:1.4 available at C:/AMD/2025.1/data/xhub/boards\XilinxBoardStore\boards\Xilinx\k26c\1.4\board.xml as part xck26-sfvc784-2lv-c specified in board_part file is either invalid or not available
WARNING: [Board 49-26] cannot add Board Part xilinx.com:k26i:part0:1.2 available at C:/AMD/2025.1/data/xhub/boards\XilinxBoardStore\boards\Xilinx\k26i\1.2\board.xml as part xck26-sfvc784-2lvi-i specified in board_part file is either invalid or not available
WARNING: [Board 49-26] cannot add Board Part xilinx.com:k26i:part0:1.3 available at C:/AMD/2025.1/data/xhub/boards\XilinxBoardStore\boards\Xilinx\k26i\1.3\board.xml as part xck26-sfvc784-2lvi-i specified in board_part file is either invalid or not available
WARNING: [Board 49-26] cannot add Board Part xilinx.com:k26i:part0:1.4 available at C:/AMD/2025.1/data/xhub/boards\XilinxBoardStore\boards\Xilinx\k26i\1.4\board.xml as part xck26-sfvc784-2lvi-i specified in board_part file is either invalid or not available
WARNING: [Board 49-26] cannot add Board Part xilinx.com:kcu105:part0:1.6 available at C:/AMD/2025.1/data/xhub/boards\XilinxBoardStore\boards\Xilinx\kcu105\1.6\board.xml as part xcku040-ffva1156-2-e specified in board_part file is either invalid or not available
WARNING: [Board 49-26] cannot add Board Part xilinx.com:kcu105:part0:1.7 available at C:/AMD/2025.1/data/xhub/boards\XilinxBoardStore\boards\Xilinx\kcu105\1.7\board.xml as part xcku040-ffva1156-2-e specified in board_part file is either invalid or not available
WARNING: [Board 49-26] cannot add Board Part xilinx.com:kcu116:part0:1.4 available at C:/AMD/2025.1/data/xhub/boards\XilinxBoardStore\boards\Xilinx\kcu116\1.4\board.xml as part xcku5p-ffvb676-2-e specified in board_part file is either invalid or not available
WARNING: [Board 49-26] cannot add Board Part xilinx.com:kcu116:part0:1.5 available at C:/AMD/2025.1/data/xhub/boards\XilinxBoardStore\boards\Xilinx\kcu116\1.5\board.xml as part xcku5p-ffvb676-2-e specified in board_part file is either invalid or not available
WARNING: [Board 49-26] cannot add Board Part xilinx.com:kcu1500:part0:1.2 available at C:/AMD/2025.1/data/xhub/boards\XilinxBoardStore\boards\Xilinx\kcu1500\1.2\board.xml as part xcku115-flvb2104-2-e specified in board_part file is either invalid or not available
WARNING: [Board 49-26] cannot add Board Part xilinx.com:kd240_som:part0:1.0 available at C:/AMD/2025.1/data/xhub/boards\XilinxBoardStore\boards\Xilinx\kd240_som\1.0\board.xml as part xck24-ubva530-2lv-c specified in board_part file is either invalid or not available
WARNING: [Board 49-26] cannot add Board Part xilinx.com:kd240_som:part0:1.1 available at C:/AMD/2025.1/data/xhub/boards\XilinxBoardStore\boards\Xilinx\kd240_som\1.1\board.xml as part xck24-ubva530-2lv-c specified in board_part file is either invalid or not available
WARNING: [Board 49-26] cannot add Board Part xilinx.com:kr260_som:part0:1.0 available at C:/AMD/2025.1/data/xhub/boards\XilinxBoardStore\boards\Xilinx\kr260_som\1.0\board.xml as part xck26-sfvc784-2lv-c specified in board_part file is either invalid or not available
WARNING: [Board 49-26] cannot add Board Part xilinx.com:kr260_som:part0:1.1 available at C:/AMD/2025.1/data/xhub/boards\XilinxBoardStore\boards\Xilinx\kr260_som\1.1\board.xml as part xck26-sfvc784-2lv-c specified in board_part file is either invalid or not available
WARNING: [Board 49-26] cannot add Board Part xilinx.com:kv260_som:part0:1.2 available at C:/AMD/2025.1/data/xhub/boards\XilinxBoardStore\boards\Xilinx\kv260_som\1.2\board.xml as part xck26-sfvc784-2lv-c specified in board_part file is either invalid or not available
WARNING: [Board 49-26] cannot add Board Part xilinx.com:kv260_som:part0:1.3 available at C:/AMD/2025.1/data/xhub/boards\XilinxBoardStore\boards\Xilinx\kv260_som\1.3\board.xml as part xck26-sfvc784-2lv-c specified in board_part file is either invalid or not available
WARNING: [Board 49-26] cannot add Board Part xilinx.com:kv260_som:part0:1.4 available at C:/AMD/2025.1/data/xhub/boards\XilinxBoardStore\boards\Xilinx\kv260_som\1.4\board.xml as part xck26-sfvc784-2lv-c specified in board_part file is either invalid or not available
WARNING: [Board 49-26] cannot add Board Part xilinx.com:scu35:part0:1.0 available at C:/AMD/2025.1/data/xhub/boards\XilinxBoardStore\boards\Xilinx\scu35\1.0\board.xml as part xcsu35p-sbvb625-2-e specified in board_part file is either invalid or not available
WARNING: [Board 49-26] cannot add Board Part xilinx.com:v80:part0:1.0 available at C:/AMD/2025.1/data/xhub/boards\XilinxBoardStore\boards\Xilinx\v80\1.0\board.xml as part xcv80-lsva4737-2mhp-e-s specified in board_part file is either invalid or not available
WARNING: [Board 49-26] cannot add Board Part xilinx.com:vck190:part0:2.2 available at C:/AMD/2025.1/data/xhub/boards\XilinxBoardStore\boards\Xilinx\vck190\production\2.2\board.xml as part xcvc1902-vsva2197-2mp-e-s specified in board_part file is either invalid or not available
WARNING: [Board 49-26] cannot add Board Part xilinx.com:vck190:part0:3.0 available at C:/AMD/2025.1/data/xhub/boards\XilinxBoardStore\boards\Xilinx\vck190\production\3.0\board.xml as part xcvc1902-vsva2197-2mp-e-s specified in board_part file is either invalid or not available
WARNING: [Board 49-26] cannot add Board Part xilinx.com:vck190:part0:3.1 available at C:/AMD/2025.1/data/xhub/boards\XilinxBoardStore\boards\Xilinx\vck190\production\3.1\board.xml as part xcvc1902-vsva2197-2mp-e-s specified in board_part file is either invalid or not available
WARNING: [Board 49-26] cannot add Board Part xilinx.com:vck190:part0:3.2 available at C:/AMD/2025.1/data/xhub/boards\XilinxBoardStore\boards\Xilinx\vck190\production\3.2\board.xml as part xcvc1902-vsva2197-2mp-e-s specified in board_part file is either invalid or not available
WARNING: [Board 49-26] cannot add Board Part xilinx.com:vck190:part0:3.3 available at C:/AMD/2025.1/data/xhub/boards\XilinxBoardStore\boards\Xilinx\vck190\production\3.3\board.xml as part xcvc1902-vsva2197-2mp-e-s specified in board_part file is either invalid or not available
WARNING: [Board 49-26] cannot add Board Part xilinx.com:vck190:part0:3.4 available at C:/AMD/2025.1/data/xhub/boards\XilinxBoardStore\boards\Xilinx\vck190\production\3.4\board.xml as part xcvc1902-vsva2197-2mp-e-s specified in board_part file is either invalid or not available
WARNING: [Board 49-26] cannot add Board Part xilinx.com:vck190_newl:part0:1.0 available at C:/AMD/2025.1/data/xhub/boards\XilinxBoardStore\boards\Xilinx\vck190_newl\production\1.0\board.xml as part xcvc1902-vsva2197-2mp-e-s specified in board_part file is either invalid or not available
WARNING: [Board 49-26] cannot add Board Part xilinx.com:vck190_newl:part0:1.1 available at C:/AMD/2025.1/data/xhub/boards\XilinxBoardStore\boards\Xilinx\vck190_newl\production\1.1\board.xml as part xcvc1902-vsva2197-2mp-e-s specified in board_part file is either invalid or not available
WARNING: [Board 49-26] cannot add Board Part xilinx.com:vck190_newl:part0:1.2 available at C:/AMD/2025.1/data/xhub/boards\XilinxBoardStore\boards\Xilinx\vck190_newl\production\1.2\board.xml as part xcvc1902-vsva2197-2mp-e-s specified in board_part file is either invalid or not available
WARNING: [Board 49-26] cannot add Board Part xilinx.com:vck190_newl:part0:1.3 available at C:/AMD/2025.1/data/xhub/boards\XilinxBoardStore\boards\Xilinx\vck190_newl\production\1.3\board.xml as part xcvc1902-vsva2197-2mp-e-s specified in board_part file is either invalid or not available
WARNING: [Board 49-26] cannot add Board Part xilinx.com:vcu108:part0:1.6 available at C:/AMD/2025.1/data/xhub/boards\XilinxBoardStore\boards\Xilinx\vcu108\1.6\board.xml as part xcvu095-ffva2104-2-e specified in board_part file is either invalid or not available
WARNING: [Board 49-26] cannot add Board Part xilinx.com:vcu108:part0:1.7 available at C:/AMD/2025.1/data/xhub/boards\XilinxBoardStore\boards\Xilinx\vcu108\1.7\board.xml as part xcvu095-ffva2104-2-e specified in board_part file is either invalid or not available
WARNING: [Board 49-26] cannot add Board Part xilinx.com:vcu110:part0:1.4 available at C:/AMD/2025.1/data/xhub/boards\XilinxBoardStore\boards\Xilinx\vcu110\1.4\board.xml as part xcvu190-flgc2104-2-e specified in board_part file is either invalid or not available
WARNING: [Board 49-26] cannot add Board Part xilinx.com:vcu118:part0:2.0 available at C:/AMD/2025.1/data/xhub/boards\XilinxBoardStore\boards\Xilinx\vcu118\2.0\board.xml as part xcvu9p-flga2104-2l-e specified in board_part file is either invalid or not available
WARNING: [Board 49-26] cannot add Board Part xilinx.com:vcu118:part0:2.3 available at C:/AMD/2025.1/data/xhub/boards\XilinxBoardStore\boards\Xilinx\vcu118\2.3\board.xml as part xcvu9p-flga2104-2l-e specified in board_part file is either invalid or not available
WARNING: [Board 49-26] cannot add Board Part xilinx.com:vcu118:part0:2.4 available at C:/AMD/2025.1/data/xhub/boards\XilinxBoardStore\boards\Xilinx\vcu118\2.4\board.xml as part xcvu9p-flga2104-2l-e specified in board_part file is either invalid or not available
WARNING: [Board 49-26] cannot add Board Part xilinx.com:vcu128:part0:1.0 available at C:/AMD/2025.1/data/xhub/boards\XilinxBoardStore\boards\Xilinx\vcu128\production\1.0\board.xml as part xcvu37p-fsvh2892-2l-e specified in board_part file is either invalid or not available
WARNING: [Board 49-26] cannot add Board Part xilinx.com:vcu129:part0:1.0 available at C:/AMD/2025.1/data/xhub/boards\XilinxBoardStore\boards\Xilinx\vcu129\production\1.0\board.xml as part xcvu29p-fsga2577-2l-e specified in board_part file is either invalid or not available
WARNING: [Board 49-26] cannot add Board Part xilinx.com:vcu1525:part0:1.3 available at C:/AMD/2025.1/data/xhub/boards\XilinxBoardStore\boards\Xilinx\vcu1525\1.3\board.xml as part xcvu9p-fsgd2104-2l-e specified in board_part file is either invalid or not available
WARNING: [Board 49-26] cannot add Board Part xilinx.com:vek280:part0:1.0 available at C:/AMD/2025.1/data/xhub/boards\XilinxBoardStore\boards\Xilinx\vek280\production\1.0\board.xml as part xcve2802-vsvh1760-2mp-e-s specified in board_part file is either invalid or not available
WARNING: [Board 49-26] cannot add Board Part xilinx.com:vek280:part0:1.1 available at C:/AMD/2025.1/data/xhub/boards\XilinxBoardStore\boards\Xilinx\vek280\production\1.1\board.xml as part xcve2802-vsvh1760-2mp-e-s specified in board_part file is either invalid or not available
WARNING: [Board 49-26] cannot add Board Part xilinx.com:vek280:part0:1.2 available at C:/AMD/2025.1/data/xhub/boards\XilinxBoardStore\boards\Xilinx\vek280\production\1.2\board.xml as part xcve2802-vsvh1760-2mp-e-s specified in board_part file is either invalid or not available
WARNING: [Board 49-26] cannot add Board Part xilinx.com:vek385:part0:1.0 available at C:/AMD/2025.1/data/xhub/boards\XilinxBoardStore\boards\Xilinx\vek385\1.0\board.xml as part xc2ve3858-ssva2112-2mp-e-s specified in board_part file is either invalid or not available
WARNING: [Board 49-26] cannot add Board Part xilinx.com:vermeo_t1_mpsoc:part0:1.0 available at C:/AMD/2025.1/data/xhub/boards\XilinxBoardStore\boards\Xilinx\vermeo_t1_mpsoc\1.0\board.xml as part xczu19eg-ffvd1760-2l-e specified in board_part file is either invalid or not available
WARNING: [Board 49-26] cannot add Board Part xilinx.com:vermeo_t1_rfsoc:part0:1.0 available at C:/AMD/2025.1/data/xhub/boards\XilinxBoardStore\boards\Xilinx\vermeo_t1_rfsoc\1.0\board.xml as part xczu21dr-ffvd1156-2l-e specified in board_part file is either invalid or not available
WARNING: [Board 49-26] cannot add Board Part xilinx.com:vhk158:part0:1.0 available at C:/AMD/2025.1/data/xhub/boards\XilinxBoardStore\boards\Xilinx\vhk158\production\1.0\board.xml as part xcvh1582-vsva3697-2mp-e-s specified in board_part file is either invalid or not available
WARNING: [Board 49-26] cannot add Board Part xilinx.com:vhk158:part0:1.1 available at C:/AMD/2025.1/data/xhub/boards\XilinxBoardStore\boards\Xilinx\vhk158\production\1.1\board.xml as part xcvh1582-vsva3697-2mp-e-s specified in board_part file is either invalid or not available
WARNING: [Board 49-26] cannot add Board Part xilinx.com:vhk158:part0:1.2 available at C:/AMD/2025.1/data/xhub/boards\XilinxBoardStore\boards\Xilinx\vhk158\production\1.2\board.xml as part xcvh1582-vsva3697-2mp-e-s specified in board_part file is either invalid or not available
WARNING: [Board 49-26] cannot add Board Part xilinx.com:vmk180:part0:2.2 available at C:/AMD/2025.1/data/xhub/boards\XilinxBoardStore\boards\Xilinx\vmk180\production\2.2\board.xml as part xcvm1802-vsva2197-2mp-e-s specified in board_part file is either invalid or not available
WARNING: [Board 49-26] cannot add Board Part xilinx.com:vmk180:part0:3.0 available at C:/AMD/2025.1/data/xhub/boards\XilinxBoardStore\boards\Xilinx\vmk180\production\3.0\board.xml as part xcvm1802-vsva2197-2mp-e-s specified in board_part file is either invalid or not available
WARNING: [Board 49-26] cannot add Board Part xilinx.com:vmk180:part0:3.1 available at C:/AMD/2025.1/data/xhub/boards\XilinxBoardStore\boards\Xilinx\vmk180\production\3.1\board.xml as part xcvm1802-vsva2197-2mp-e-s specified in board_part file is either invalid or not available
WARNING: [Board 49-26] cannot add Board Part xilinx.com:vmk180:part0:3.2 available at C:/AMD/2025.1/data/xhub/boards\XilinxBoardStore\boards\Xilinx\vmk180\production\3.2\board.xml as part xcvm1802-vsva2197-2mp-e-s specified in board_part file is either invalid or not available
WARNING: [Board 49-26] cannot add Board Part xilinx.com:vmk180:part0:3.3 available at C:/AMD/2025.1/data/xhub/boards\XilinxBoardStore\boards\Xilinx\vmk180\production\3.3\board.xml as part xcvm1802-vsva2197-2mp-e-s specified in board_part file is either invalid or not available
WARNING: [Board 49-26] cannot add Board Part xilinx.com:vmk180_newl:part0:1.0 available at C:/AMD/2025.1/data/xhub/boards\XilinxBoardStore\boards\Xilinx\vmk180_newl\production\1.0\board.xml as part xcvm1802-vsva2197-2mp-e-s specified in board_part file is either invalid or not available
WARNING: [Board 49-26] cannot add Board Part xilinx.com:vmk180_newl:part0:1.1 available at C:/AMD/2025.1/data/xhub/boards\XilinxBoardStore\boards\Xilinx\vmk180_newl\production\1.1\board.xml as part xcvm1802-vsva2197-2mp-e-s specified in board_part file is either invalid or not available
WARNING: [Board 49-26] cannot add Board Part xilinx.com:vpk120:part0:1.0 available at C:/AMD/2025.1/data/xhub/boards\XilinxBoardStore\boards\Xilinx\vpk120\production\1.0\board.xml as part xcvp1202-vsva2785-2mp-e-s specified in board_part file is either invalid or not available
WARNING: [Board 49-26] cannot add Board Part xilinx.com:vpk120:part0:1.1 available at C:/AMD/2025.1/data/xhub/boards\XilinxBoardStore\boards\Xilinx\vpk120\production\1.1\board.xml as part xcvp1202-vsva2785-2mp-e-s specified in board_part file is either invalid or not available
WARNING: [Board 49-26] cannot add Board Part xilinx.com:vpk120:part0:1.2 available at C:/AMD/2025.1/data/xhub/boards\XilinxBoardStore\boards\Xilinx\vpk120\production\1.2\board.xml as part xcvp1202-vsva2785-2mp-e-s specified in board_part file is either invalid or not available
WARNING: [Board 49-26] cannot add Board Part xilinx.com:vpk180:part0:1.0 available at C:/AMD/2025.1/data/xhub/boards\XilinxBoardStore\boards\Xilinx\vpk180\production\1.0\board.xml as part xcvp1802-lsvc4072-2mp-e-s specified in board_part file is either invalid or not available
WARNING: [Board 49-26] cannot add Board Part xilinx.com:vpk180:part0:1.1 available at C:/AMD/2025.1/data/xhub/boards\XilinxBoardStore\boards\Xilinx\vpk180\production\1.1\board.xml as part xcvp1802-lsvc4072-2mp-e-s specified in board_part file is either invalid or not available
WARNING: [Board 49-26] cannot add Board Part xilinx.com:vpk180:part0:1.2 available at C:/AMD/2025.1/data/xhub/boards\XilinxBoardStore\boards\Xilinx\vpk180\production\1.2\board.xml as part xcvp1802-lsvc4072-2mp-e-s specified in board_part file is either invalid or not available
WARNING: [Board 49-26] cannot add Board Part xilinx.com:zcu102:part0:3.3 available at C:/AMD/2025.1/data/xhub/boards\XilinxBoardStore\boards\Xilinx\zcu102\3.3\board.xml as part xczu9eg-ffvb1156-2-e specified in board_part file is either invalid or not available
WARNING: [Board 49-26] cannot add Board Part xilinx.com:zcu102:part0:3.4 available at C:/AMD/2025.1/data/xhub/boards\XilinxBoardStore\boards\Xilinx\zcu102\3.4\board.xml as part xczu9eg-ffvb1156-2-e specified in board_part file is either invalid or not available
WARNING: [Board 49-26] cannot add Board Part xilinx.com:zcu104:part0:1.1 available at C:/AMD/2025.1/data/xhub/boards\XilinxBoardStore\boards\Xilinx\zcu104\1.1\board.xml as part xczu7ev-ffvc1156-2-e specified in board_part file is either invalid or not available
WARNING: [Board 49-26] cannot add Board Part xilinx.com:zcu106:part0:2.4 available at C:/AMD/2025.1/data/xhub/boards\XilinxBoardStore\boards\Xilinx\zcu106\2.4\board.xml as part xczu7ev-ffvc1156-2-e specified in board_part file is either invalid or not available
WARNING: [Board 49-26] cannot add Board Part xilinx.com:zcu106:part0:2.5 available at C:/AMD/2025.1/data/xhub/boards\XilinxBoardStore\boards\Xilinx\zcu106\2.5\board.xml as part xczu7ev-ffvc1156-2-e specified in board_part file is either invalid or not available
WARNING: [Board 49-26] cannot add Board Part xilinx.com:zcu106:part0:2.6 available at C:/AMD/2025.1/data/xhub/boards\XilinxBoardStore\boards\Xilinx\zcu106\2.6\board.xml as part xczu7ev-ffvc1156-2-e specified in board_part file is either invalid or not available
WARNING: [Board 49-26] cannot add Board Part xilinx.com:zcu111:part0:1.2 available at C:/AMD/2025.1/data/xhub/boards\XilinxBoardStore\boards\Xilinx\zcu111\1.2\board.xml as part xczu28dr-ffvg1517-2-e specified in board_part file is either invalid or not available
WARNING: [Board 49-26] cannot add Board Part xilinx.com:zcu111:part0:1.3 available at C:/AMD/2025.1/data/xhub/boards\XilinxBoardStore\boards\Xilinx\zcu111\1.3\board.xml as part xczu28dr-ffvg1517-2-e specified in board_part file is either invalid or not available
WARNING: [Board 49-26] cannot add Board Part xilinx.com:zcu111:part0:1.4 available at C:/AMD/2025.1/data/xhub/boards\XilinxBoardStore\boards\Xilinx\zcu111\1.4\board.xml as part xczu28dr-ffvg1517-2-e specified in board_part file is either invalid or not available
WARNING: [Board 49-26] cannot add Board Part xilinx.com:zcu1275:part0:1.0 available at C:/AMD/2025.1/data/xhub/boards\XilinxBoardStore\boards\Xilinx\zcu1275\1.0\board.xml as part xczu29dr-ffvf1760-2-e specified in board_part file is either invalid or not available
WARNING: [Board 49-26] cannot add Board Part xilinx.com:zcu1285:part0:1.0 available at C:/AMD/2025.1/data/xhub/boards\XilinxBoardStore\boards\Xilinx\zcu1285\1.0\board.xml as part xczu39dr-ffvf1760-2-i specified in board_part file is either invalid or not available
WARNING: [Board 49-26] cannot add Board Part xilinx.com:zcu208:part0:2.0 available at C:/AMD/2025.1/data/xhub/boards\XilinxBoardStore\boards\Xilinx\zcu208\production\2.0\board.xml as part xczu48dr-fsvg1517-2-e specified in board_part file is either invalid or not available
WARNING: [Board 49-26] cannot add Board Part xilinx.com:zcu208ld:part0:2.0 available at C:/AMD/2025.1/data/xhub/boards\XilinxBoardStore\boards\Xilinx\zcu208ld\production\2.0\board.xml as part xczu58dr-fsvg1517-2-i specified in board_part file is either invalid or not available
WARNING: [Board 49-26] cannot add Board Part xilinx.com:zcu216:part0:2.0 available at C:/AMD/2025.1/data/xhub/boards\XilinxBoardStore\boards\Xilinx\zcu216\production\2.0\board.xml as part xczu49dr-ffvf1760-2-e specified in board_part file is either invalid or not available
WARNING: [Board 49-26] cannot add Board Part xilinx.com:zcu216ld:part0:2.0 available at C:/AMD/2025.1/data/xhub/boards\XilinxBoardStore\boards\Xilinx\zcu216ld\production\2.0\board.xml as part xczu59dr-ffvf1760-2-i specified in board_part file is either invalid or not available
WARNING: [Board 49-26] cannot add Board Part xilinx.com:zcu670:part0:2.0 available at C:/AMD/2025.1/data/xhub/boards\XilinxBoardStore\boards\Xilinx\zcu670\2.0\board.xml as part xczu67dr-fsve1156-2-i specified in board_part file is either invalid or not available
WARNING: [Board 49-26] cannot add Board Part xilinx.com:zcu670ld:part0:1.0 available at C:/AMD/2025.1/data/xhub/boards\XilinxBoardStore\boards\Xilinx\zcu670ld\1.0\board.xml as part xczu57dr-fsve1156-2-i specified in board_part file is either invalid or not available
CRITICAL WARNING: [Project 1-19] Could not find the file 'C:/Users/kille/Documents/GitHub/TFM-UPM/Practica/Prueba1/prueba_v1.0.srcs/sources_1/new/sd_audio_streamer.vhd'.
CRITICAL WARNING: [Project 1-19] Could not find the file 'C:/Users/kille/Documents/GitHub/TFM-UPM/Practica/Prueba1/prueba_v1.0.srcs/sources_1/new/sd_controller.vhd'.
CRITICAL WARNING: [Project 1-19] Could not find the file 'C:/Users/kille/Documents/GitHub/TFM-UPM/Practica/Prueba1/prueba_v1.0.srcs/sources_1/new/spi_master.vhd'.
Scanning sources...
Finished scanning sources
WARNING: [Board 49-26] cannot add Board Part xilinx.com:emb-plus-vpr-4616:part0:1.0 available at C:/AMD/2025.1/data/xhub/boards\XilinxBoardStore\boards\Xilinx\emb-plus-vpr-4616\1.0\board.xml as part xcve2302-sfva784-2mp-e-s specified in board_part file is either invalid or not available
WARNING: [Board 49-26] cannot add Board Part xilinx.com:emb-plus-vpr-4616:part0:1.1 available at C:/AMD/2025.1/data/xhub/boards\XilinxBoardStore\boards\Xilinx\emb-plus-vpr-4616\1.1\board.xml as part xcve2302-sfva784-2mp-e-s specified in board_part file is either invalid or not available
WARNING: [Board 49-26] cannot add Board Part xilinx.com:k24c:part0:1.0 available at C:/AMD/2025.1/data/xhub/boards\XilinxBoardStore\boards\Xilinx\k24c\1.0\board.xml as part xck24-ubva530-2lv-c specified in board_part file is either invalid or not available
WARNING: [Board 49-26] cannot add Board Part xilinx.com:k24c:part0:1.1 available at C:/AMD/2025.1/data/xhub/boards\XilinxBoardStore\boards\Xilinx\k24c\1.1\board.xml as part xck24-ubva530-2lv-c specified in board_part file is either invalid or not available
WARNING: [Board 49-26] cannot add Board Part xilinx.com:k24i:part0:1.0 available at C:/AMD/2025.1/data/xhub/boards\XilinxBoardStore\boards\Xilinx\k24i\1.0\board.xml as part xck24-ubva530-2lvi-i specified in board_part file is either invalid or not available
WARNING: [Board 49-26] cannot add Board Part xilinx.com:k26c:part0:1.2 available at C:/AMD/2025.1/data/xhub/boards\XilinxBoardStore\boards\Xilinx\k26c\1.2\board.xml as part xck26-sfvc784-2lv-c specified in board_part file is either invalid or not available
WARNING: [Board 49-26] cannot add Board Part xilinx.com:k26c:part0:1.3 available at C:/AMD/2025.1/data/xhub/boards\XilinxBoardStore\boards\Xilinx\k26c\1.3\board.xml as part xck26-sfvc784-2lv-c specified in board_part file is either invalid or not available
WARNING: [Board 49-26] cannot add Board Part xilinx.com:k26c:part0:1.4 available at C:/AMD/2025.1/data/xhub/boards\XilinxBoardStore\boards\Xilinx\k26c\1.4\board.xml as part xck26-sfvc784-2lv-c specified in board_part file is either invalid or not available
WARNING: [Board 49-26] cannot add Board Part xilinx.com:k26i:part0:1.2 available at C:/AMD/2025.1/data/xhub/boards\XilinxBoardStore\boards\Xilinx\k26i\1.2\board.xml as part xck26-sfvc784-2lvi-i specified in board_part file is either invalid or not available
WARNING: [Board 49-26] cannot add Board Part xilinx.com:k26i:part0:1.3 available at C:/AMD/2025.1/data/xhub/boards\XilinxBoardStore\boards\Xilinx\k26i\1.3\board.xml as part xck26-sfvc784-2lvi-i specified in board_part file is either invalid or not available
WARNING: [Board 49-26] cannot add Board Part xilinx.com:k26i:part0:1.4 available at C:/AMD/2025.1/data/xhub/boards\XilinxBoardStore\boards\Xilinx\k26i\1.4\board.xml as part xck26-sfvc784-2lvi-i specified in board_part file is either invalid or not available
WARNING: [Board 49-26] cannot add Board Part xilinx.com:kcu105:part0:1.6 available at C:/AMD/2025.1/data/xhub/boards\XilinxBoardStore\boards\Xilinx\kcu105\1.6\board.xml as part xcku040-ffva1156-2-e specified in board_part file is either invalid or not available
WARNING: [Board 49-26] cannot add Board Part xilinx.com:kcu105:part0:1.7 available at C:/AMD/2025.1/data/xhub/boards\XilinxBoardStore\boards\Xilinx\kcu105\1.7\board.xml as part xcku040-ffva1156-2-e specified in board_part file is either invalid or not available
WARNING: [Board 49-26] cannot add Board Part xilinx.com:kcu116:part0:1.4 available at C:/AMD/2025.1/data/xhub/boards\XilinxBoardStore\boards\Xilinx\kcu116\1.4\board.xml as part xcku5p-ffvb676-2-e specified in board_part file is either invalid or not available
WARNING: [Board 49-26] cannot add Board Part xilinx.com:kcu116:part0:1.5 available at C:/AMD/2025.1/data/xhub/boards\XilinxBoardStore\boards\Xilinx\kcu116\1.5\board.xml as part xcku5p-ffvb676-2-e specified in board_part file is either invalid or not available
WARNING: [Board 49-26] cannot add Board Part xilinx.com:kcu1500:part0:1.2 available at C:/AMD/2025.1/data/xhub/boards\XilinxBoardStore\boards\Xilinx\kcu1500\1.2\board.xml as part xcku115-flvb2104-2-e specified in board_part file is either invalid or not available
WARNING: [Board 49-26] cannot add Board Part xilinx.com:kd240_som:part0:1.0 available at C:/AMD/2025.1/data/xhub/boards\XilinxBoardStore\boards\Xilinx\kd240_som\1.0\board.xml as part xck24-ubva530-2lv-c specified in board_part file is either invalid or not available
INFO: [Common 17-14] Message 'Board 49-26' appears 100 times and further instances of the messages will be disabled. Use the Tcl command set_msg_config to change the current settings.
WARNING: [Project 1-5713] Board part '' set for the project  is not found. BoardPart property will be unset. Please select board from latest repo build 
INFO: [IP_Flow 19-234] Refreshing IP repositories
INFO: [IP_Flow 19-1704] No user IP repositories specified
INFO: [IP_Flow 19-2313] Loaded Vivado IP repository 'C:/AMD/2025.1/Vivado/data/ip'.
open_project: Time (s): cpu = 00:00:52 ; elapsed = 00:00:28 . Memory (MB): peak = 1706.602 ; gain = 350.637
update_compile_order -fileset sources_1
open_bd_design {C:/Users/kille/Documents/GitHub/TFM-UPM/Practica/Prueba1_demo_v1.0/prueba1_demo.srcs/sources_1/bd/design_1/design_1.bd}
Reading block design file <C:/Users/kille/Documents/GitHub/TFM-UPM/Practica/Prueba1_demo_v1.0/prueba1_demo.srcs/sources_1/bd/design_1/design_1.bd>...
Adding component instance block -- xilinx.com:module_ref:top_system:1.0 - top_system_0
Adding component instance block -- xilinx.com:ip:system_ila:1.1 - system_ila_0
Adding component instance block -- xilinx.com:ip:system_ila:1.1 - system_ila_1
Adding component instance block -- xilinx.com:ip:clk_wiz:6.0 - clk_wiz_0
Adding component instance block -- xilinx.com:ip:blk_mem_gen:8.4 - blk_mem_gen_0
Successfully read diagram <design_1> from block design file <C:/Users/kille/Documents/GitHub/TFM-UPM/Practica/Prueba1_demo_v1.0/prueba1_demo.srcs/sources_1/bd/design_1/design_1.bd>
open_bd_design: Time (s): cpu = 00:00:04 ; elapsed = 00:00:06 . Memory (MB): peak = 1745.621 ; gain = 24.105
WARNING: [filemgmt 56-199] Attempt to get parsing info during refresh. "On-the-fly" syntax checking information may be incorrect. [C:\Users\kille\Documents\GitHub\TFM-UPM\Practica\Prueba1_demo_v1.0\prueba1_demo.srcs\sources_1\new\top_system.vhd:]
WARNING: [filemgmt 56-199] Attempt to get parsing info during refresh. "On-the-fly" syntax checking information may be incorrect. [C:\Users\kille\Documents\GitHub\TFM-UPM\Practica\Prueba1_demo_v1.0\prueba1_demo.srcs\sources_1\new\apa102_ctrl.vhd:]
WARNING: [filemgmt 56-199] Attempt to get parsing info during refresh. "On-the-fly" syntax checking information may be incorrect. [C:\Users\kille\Documents\GitHub\TFM-UPM\Practica\Prueba1_demo_v1.0\prueba1_demo.srcs\sources_1\new\i2s_transceiver.vhd:]
WARNING: [filemgmt 56-199] Attempt to get parsing info during refresh. "On-the-fly" syntax checking information may be incorrect. [C:\Users\kille\Documents\GitHub\TFM-UPM\Practica\Prueba1_demo_v1.0\prueba1_demo.srcs\sources_1\new\audio_player.vhd:]
WARNING: [filemgmt 56-199] Attempt to get parsing info during refresh. "On-the-fly" syntax checking information may be incorrect. [C:\Users\kille\Documents\GitHub\TFM-UPM\Practica\Prueba1_demo_v1.0\prueba1_demo.srcs\sources_1\new\tas2110_i2c_ctrl.vhd:]
WARNING: [filemgmt 56-199] Attempt to get parsing info during refresh. "On-the-fly" syntax checking information may be incorrect. [C:\Users\kille\Documents\GitHub\TFM-UPM\Practica\Prueba1_demo_v1.0\prueba1_demo.srcs\sources_1\new\apa102_ctrl.vhd:]
WARNING: [filemgmt 56-199] Attempt to get parsing info during refresh. "On-the-fly" syntax checking information may be incorrect. [C:\Users\kille\Documents\GitHub\TFM-UPM\Practica\Prueba1_demo_v1.0\prueba1_demo.srcs\sources_1\new\apa102_ctrl.vhd:]
WARNING: [filemgmt 56-199] Attempt to get parsing info during refresh. "On-the-fly" syntax checking information may be incorrect. [C:\Users\kille\Documents\GitHub\TFM-UPM\Practica\Prueba1_demo_v1.0\prueba1_demo.srcs\sources_1\new\top_system.vhd:]
WARNING: [filemgmt 56-199] Attempt to get parsing info during refresh. "On-the-fly" syntax checking information may be incorrect. [C:\Users\kille\Documents\GitHub\TFM-UPM\Practica\Prueba1_demo_v1.0\prueba1_demo.srcs\sources_1\new\apa102_ctrl.vhd:]
WARNING: [filemgmt 56-199] Attempt to get parsing info during refresh. "On-the-fly" syntax checking information may be incorrect. [C:\Users\kille\Documents\GitHub\TFM-UPM\Practica\Prueba1_demo_v1.0\prueba1_demo.srcs\sources_1\new\i2s_transceiver.vhd:]
WARNING: [filemgmt 56-199] Attempt to get parsing info during refresh. "On-the-fly" syntax checking information may be incorrect. [C:\Users\kille\Documents\GitHub\TFM-UPM\Practica\Prueba1_demo_v1.0\prueba1_demo.srcs\sources_1\new\audio_player.vhd:]
WARNING: [filemgmt 56-199] Attempt to get parsing info during refresh. "On-the-fly" syntax checking information may be incorrect. [C:\Users\kille\Documents\GitHub\TFM-UPM\Practica\Prueba1_demo_v1.0\prueba1_demo.srcs\sources_1\new\tas2110_i2c_ctrl.vhd:]
WARNING: [filemgmt 56-199] Attempt to get parsing info during refresh. "On-the-fly" syntax checking information may be incorrect. [C:\Users\kille\Documents\GitHub\TFM-UPM\Practica\Prueba1_demo_v1.0\prueba1_demo.srcs\sources_1\new\top_system.vhd:]
WARNING: [filemgmt 56-199] Attempt to get parsing info during refresh. "On-the-fly" syntax checking information may be incorrect. [C:\Users\kille\Documents\GitHub\TFM-UPM\Practica\Prueba1_demo_v1.0\prueba1_demo.srcs\sources_1\new\top_system.vhd:]
WARNING: [filemgmt 56-199] Attempt to get parsing info during refresh. "On-the-fly" syntax checking information may be incorrect. [C:\Users\kille\Documents\GitHub\TFM-UPM\Practica\Prueba1_demo_v1.0\prueba1_demo.srcs\sources_1\new\top_system.vhd:]
WARNING: [filemgmt 56-199] Attempt to get parsing info during refresh. "On-the-fly" syntax checking information may be incorrect. [C:\Users\kille\Documents\GitHub\TFM-UPM\Practica\Prueba1_demo_v1.0\prueba1_demo.srcs\sources_1\new\apa102_ctrl.vhd:]
WARNING: [filemgmt 56-199] Attempt to get parsing info during refresh. "On-the-fly" syntax checking information may be incorrect. [C:\Users\kille\Documents\GitHub\TFM-UPM\Practica\Prueba1_demo_v1.0\prueba1_demo.srcs\sources_1\new\i2s_transceiver.vhd:]
WARNING: [filemgmt 56-199] Attempt to get parsing info during refresh. "On-the-fly" syntax checking information may be incorrect. [C:\Users\kille\Documents\GitHub\TFM-UPM\Practica\Prueba1_demo_v1.0\prueba1_demo.srcs\sources_1\new\audio_player.vhd:]
WARNING: [filemgmt 56-199] Attempt to get parsing info during refresh. "On-the-fly" syntax checking information may be incorrect. [C:\Users\kille\Documents\GitHub\TFM-UPM\Practica\Prueba1_demo_v1.0\prueba1_demo.srcs\sources_1\new\tas2110_i2c_ctrl.vhd:]
WARNING: [filemgmt 56-199] Attempt to get parsing info during refresh. "On-the-fly" syntax checking information may be incorrect. [C:\Users\kille\Documents\GitHub\TFM-UPM\Practica\Prueba1_demo_v1.0\prueba1_demo.srcs\sources_1\new\top_system.vhd:]
WARNING: [filemgmt 56-199] Attempt to get parsing info during refresh. "On-the-fly" syntax checking information may be incorrect. [C:\Users\kille\Documents\GitHub\TFM-UPM\Practica\Prueba1_demo_v1.0\prueba1_demo.srcs\sources_1\new\top_system.vhd:]
WARNING: [filemgmt 56-199] Attempt to get parsing info during refresh. "On-the-fly" syntax checking information may be incorrect. [C:\Users\kille\Documents\GitHub\TFM-UPM\Practica\Prueba1_demo_v1.0\prueba1_demo.srcs\sources_1\new\top_system.vhd:]
WARNING: [filemgmt 56-199] Attempt to get parsing info during refresh. "On-the-fly" syntax checking information may be incorrect. [C:\Users\kille\Documents\GitHub\TFM-UPM\Practica\Prueba1_demo_v1.0\prueba1_demo.srcs\sources_1\new\apa102_ctrl.vhd:]
WARNING: [filemgmt 56-199] Attempt to get parsing info during refresh. "On-the-fly" syntax checking information may be incorrect. [C:\Users\kille\Documents\GitHub\TFM-UPM\Practica\Prueba1_demo_v1.0\prueba1_demo.srcs\sources_1\new\i2s_transceiver.vhd:]
WARNING: [filemgmt 56-199] Attempt to get parsing info during refresh. "On-the-fly" syntax checking information may be incorrect. [C:\Users\kille\Documents\GitHub\TFM-UPM\Practica\Prueba1_demo_v1.0\prueba1_demo.srcs\sources_1\new\audio_player.vhd:]
WARNING: [filemgmt 56-199] Attempt to get parsing info during refresh. "On-the-fly" syntax checking information may be incorrect. [C:\Users\kille\Documents\GitHub\TFM-UPM\Practica\Prueba1_demo_v1.0\prueba1_demo.srcs\sources_1\new\tas2110_i2c_ctrl.vhd:]
WARNING: [filemgmt 56-199] Attempt to get parsing info during refresh. "On-the-fly" syntax checking information may be incorrect. [C:\Users\kille\Documents\GitHub\TFM-UPM\Practica\Prueba1_demo_v1.0\prueba1_demo.srcs\sources_1\new\apa102_ctrl.vhd:]
WARNING: [filemgmt 56-199] Attempt to get parsing info during refresh. "On-the-fly" syntax checking information may be incorrect. [C:\Users\kille\Documents\GitHub\TFM-UPM\Practica\Prueba1_demo_v1.0\prueba1_demo.srcs\sources_1\new\apa102_ctrl.vhd:]
WARNING: [filemgmt 56-199] Attempt to get parsing info during refresh. "On-the-fly" syntax checking information may be incorrect. [C:\Users\kille\Documents\GitHub\TFM-UPM\Practica\Prueba1_demo_v1.0\prueba1_demo.srcs\sources_1\new\top_system.vhd:]
WARNING: [filemgmt 56-199] Attempt to get parsing info during refresh. "On-the-fly" syntax checking information may be incorrect. [C:\Users\kille\Documents\GitHub\TFM-UPM\Practica\Prueba1_demo_v1.0\prueba1_demo.srcs\sources_1\new\apa102_ctrl.vhd:]
WARNING: [filemgmt 56-199] Attempt to get parsing info during refresh. "On-the-fly" syntax checking information may be incorrect. [C:\Users\kille\Documents\GitHub\TFM-UPM\Practica\Prueba1_demo_v1.0\prueba1_demo.srcs\sources_1\new\i2s_transceiver.vhd:]
WARNING: [filemgmt 56-199] Attempt to get parsing info during refresh. "On-the-fly" syntax checking information may be incorrect. [C:\Users\kille\Documents\GitHub\TFM-UPM\Practica\Prueba1_demo_v1.0\prueba1_demo.srcs\sources_1\new\audio_player.vhd:]
WARNING: [filemgmt 56-199] Attempt to get parsing info during refresh. "On-the-fly" syntax checking information may be incorrect. [C:\Users\kille\Documents\GitHub\TFM-UPM\Practica\Prueba1_demo_v1.0\prueba1_demo.srcs\sources_1\new\tas2110_i2c_ctrl.vhd:]
WARNING: [filemgmt 56-199] Attempt to get parsing info during refresh. "On-the-fly" syntax checking information may be incorrect. [C:\Users\kille\Documents\GitHub\TFM-UPM\Practica\Prueba1_demo_v1.0\prueba1_demo.srcs\sources_1\new\tas2110_i2c_ctrl.vhd:]
WARNING: [filemgmt 56-199] Attempt to get parsing info during refresh. "On-the-fly" syntax checking information may be incorrect. [C:\Users\kille\Documents\GitHub\TFM-UPM\Practica\Prueba1_demo_v1.0\prueba1_demo.srcs\sources_1\new\tas2110_i2c_ctrl.vhd:]
WARNING: [filemgmt 56-199] Attempt to get parsing info during refresh. "On-the-fly" syntax checking information may be incorrect. [C:\Users\kille\Documents\GitHub\TFM-UPM\Practica\Prueba1_demo_v1.0\prueba1_demo.srcs\sources_1\new\top_system.vhd:]
WARNING: [filemgmt 56-199] Attempt to get parsing info during refresh. "On-the-fly" syntax checking information may be incorrect. [C:\Users\kille\Documents\GitHub\TFM-UPM\Practica\Prueba1_demo_v1.0\prueba1_demo.srcs\sources_1\new\apa102_ctrl.vhd:]
WARNING: [filemgmt 56-199] Attempt to get parsing info during refresh. "On-the-fly" syntax checking information may be incorrect. [C:\Users\kille\Documents\GitHub\TFM-UPM\Practica\Prueba1_demo_v1.0\prueba1_demo.srcs\sources_1\new\i2s_transceiver.vhd:]
WARNING: [filemgmt 56-199] Attempt to get parsing info during refresh. "On-the-fly" syntax checking information may be incorrect. [C:\Users\kille\Documents\GitHub\TFM-UPM\Practica\Prueba1_demo_v1.0\prueba1_demo.srcs\sources_1\new\audio_player.vhd:]
WARNING: [filemgmt 56-199] Attempt to get parsing info during refresh. "On-the-fly" syntax checking information may be incorrect. [C:\Users\kille\Documents\GitHub\TFM-UPM\Practica\Prueba1_demo_v1.0\prueba1_demo.srcs\sources_1\new\tas2110_i2c_ctrl.vhd:]
WARNING: [filemgmt 56-199] Attempt to get parsing info during refresh. "On-the-fly" syntax checking information may be incorrect. [C:\Users\kille\Documents\GitHub\TFM-UPM\Practica\Prueba1_demo_v1.0\prueba1_demo.srcs\sources_1\new\i2s_transceiver.vhd:]
WARNING: [filemgmt 56-199] Attempt to get parsing info during refresh. "On-the-fly" syntax checking information may be incorrect. [C:\Users\kille\Documents\GitHub\TFM-UPM\Practica\Prueba1_demo_v1.0\prueba1_demo.srcs\sources_1\new\i2s_transceiver.vhd:]
ERROR: [Common 17-180] Spawn failed: La operación se completó correctamente.

WARNING: [filemgmt 56-199] Attempt to get parsing info during refresh. "On-the-fly" syntax checking information may be incorrect. [C:\Users\kille\Documents\GitHub\TFM-UPM\Practica\Prueba1_demo_v1.0\prueba1_demo.srcs\sources_1\new\top_system.vhd:]
WARNING: [filemgmt 56-199] Attempt to get parsing info during refresh. "On-the-fly" syntax checking information may be incorrect. [C:\Users\kille\Documents\GitHub\TFM-UPM\Practica\Prueba1_demo_v1.0\prueba1_demo.srcs\sources_1\new\apa102_ctrl.vhd:]
WARNING: [filemgmt 56-199] Attempt to get parsing info during refresh. "On-the-fly" syntax checking information may be incorrect. [C:\Users\kille\Documents\GitHub\TFM-UPM\Practica\Prueba1_demo_v1.0\prueba1_demo.srcs\sources_1\new\i2s_transceiver.vhd:]
WARNING: [filemgmt 56-199] Attempt to get parsing info during refresh. "On-the-fly" syntax checking information may be incorrect. [C:\Users\kille\Documents\GitHub\TFM-UPM\Practica\Prueba1_demo_v1.0\prueba1_demo.srcs\sources_1\new\audio_player.vhd:]
WARNING: [filemgmt 56-199] Attempt to get parsing info during refresh. "On-the-fly" syntax checking information may be incorrect. [C:\Users\kille\Documents\GitHub\TFM-UPM\Practica\Prueba1_demo_v1.0\prueba1_demo.srcs\sources_1\new\tas2110_i2c_ctrl.vhd:]
WARNING: [filemgmt 56-199] Attempt to get parsing info during refresh. "On-the-fly" syntax checking information may be incorrect. [C:\Users\kille\Documents\GitHub\TFM-UPM\Practica\Prueba1_demo_v1.0\prueba1_demo.srcs\sources_1\new\apa102_ctrl.vhd:]
WARNING: [filemgmt 56-199] Attempt to get parsing info during refresh. "On-the-fly" syntax checking information may be incorrect. [C:\Users\kille\Documents\GitHub\TFM-UPM\Practica\Prueba1_demo_v1.0\prueba1_demo.srcs\sources_1\new\apa102_ctrl.vhd:]
WARNING: [filemgmt 56-199] Attempt to get parsing info during refresh. "On-the-fly" syntax checking information may be incorrect. [C:\Users\kille\Documents\GitHub\TFM-UPM\Practica\Prueba1_demo_v1.0\prueba1_demo.srcs\sources_1\new\top_system.vhd:]
WARNING: [filemgmt 56-199] Attempt to get parsing info during refresh. "On-the-fly" syntax checking information may be incorrect. [C:\Users\kille\Documents\GitHub\TFM-UPM\Practica\Prueba1_demo_v1.0\prueba1_demo.srcs\sources_1\new\apa102_ctrl.vhd:]
WARNING: [filemgmt 56-199] Attempt to get parsing info during refresh. "On-the-fly" syntax checking information may be incorrect. [C:\Users\kille\Documents\GitHub\TFM-UPM\Practica\Prueba1_demo_v1.0\prueba1_demo.srcs\sources_1\new\i2s_transceiver.vhd:]
WARNING: [filemgmt 56-199] Attempt to get parsing info during refresh. "On-the-fly" syntax checking information may be incorrect. [C:\Users\kille\Documents\GitHub\TFM-UPM\Practica\Prueba1_demo_v1.0\prueba1_demo.srcs\sources_1\new\audio_player.vhd:]
WARNING: [filemgmt 56-199] Attempt to get parsing info during refresh. "On-the-fly" syntax checking information may be incorrect. [C:\Users\kille\Documents\GitHub\TFM-UPM\Practica\Prueba1_demo_v1.0\prueba1_demo.srcs\sources_1\new\tas2110_i2c_ctrl.vhd:]
WARNING: [filemgmt 56-199] Attempt to get parsing info during refresh. "On-the-fly" syntax checking information may be incorrect. [C:\Users\kille\Documents\GitHub\TFM-UPM\Practica\Prueba1_demo_v1.0\prueba1_demo.srcs\sources_1\new\audio_player.vhd:]
WARNING: [filemgmt 56-199] Attempt to get parsing info during refresh. "On-the-fly" syntax checking information may be incorrect. [C:\Users\kille\Documents\GitHub\TFM-UPM\Practica\Prueba1_demo_v1.0\prueba1_demo.srcs\sources_1\new\audio_player.vhd:]
WARNING: [filemgmt 56-199] Attempt to get parsing info during refresh. "On-the-fly" syntax checking information may be incorrect. [C:\Users\kille\Documents\GitHub\TFM-UPM\Practica\Prueba1_demo_v1.0\prueba1_demo.srcs\sources_1\new\top_system.vhd:]
WARNING: [filemgmt 56-199] Attempt to get parsing info during refresh. "On-the-fly" syntax checking information may be incorrect. [C:\Users\kille\Documents\GitHub\TFM-UPM\Practica\Prueba1_demo_v1.0\prueba1_demo.srcs\sources_1\new\apa102_ctrl.vhd:]
WARNING: [filemgmt 56-199] Attempt to get parsing info during refresh. "On-the-fly" syntax checking information may be incorrect. [C:\Users\kille\Documents\GitHub\TFM-UPM\Practica\Prueba1_demo_v1.0\prueba1_demo.srcs\sources_1\new\i2s_transceiver.vhd:]
WARNING: [filemgmt 56-199] Attempt to get parsing info during refresh. "On-the-fly" syntax checking information may be incorrect. [C:\Users\kille\Documents\GitHub\TFM-UPM\Practica\Prueba1_demo_v1.0\prueba1_demo.srcs\sources_1\new\audio_player.vhd:]
WARNING: [filemgmt 56-199] Attempt to get parsing info during refresh. "On-the-fly" syntax checking information may be incorrect. [C:\Users\kille\Documents\GitHub\TFM-UPM\Practica\Prueba1_demo_v1.0\prueba1_demo.srcs\sources_1\new\tas2110_i2c_ctrl.vhd:]
WARNING: [filemgmt 56-199] Attempt to get parsing info during refresh. "On-the-fly" syntax checking information may be incorrect. [C:\Users\kille\Documents\GitHub\TFM-UPM\Practica\Prueba1_demo_v1.0\prueba1_demo.srcs\sources_1\new\tas2110_i2c_ctrl.vhd:]
WARNING: [filemgmt 56-199] Attempt to get parsing info during refresh. "On-the-fly" syntax checking information may be incorrect. [C:\Users\kille\Documents\GitHub\TFM-UPM\Practica\Prueba1_demo_v1.0\prueba1_demo.srcs\sources_1\new\tas2110_i2c_ctrl.vhd:]
ERROR: [Common 17-180] Spawn failed: La operación se completó correctamente.

WARNING: [filemgmt 56-199] Attempt to get parsing info during refresh. "On-the-fly" syntax checking information may be incorrect. [C:\Users\kille\Documents\GitHub\TFM-UPM\Practica\Prueba1_demo_v1.0\prueba1_demo.srcs\sources_1\new\top_system.vhd:]
WARNING: [filemgmt 56-199] Attempt to get parsing info during refresh. "On-the-fly" syntax checking information may be incorrect. [C:\Users\kille\Documents\GitHub\TFM-UPM\Practica\Prueba1_demo_v1.0\prueba1_demo.srcs\sources_1\new\apa102_ctrl.vhd:]
WARNING: [filemgmt 56-199] Attempt to get parsing info during refresh. "On-the-fly" syntax checking information may be incorrect. [C:\Users\kille\Documents\GitHub\TFM-UPM\Practica\Prueba1_demo_v1.0\prueba1_demo.srcs\sources_1\new\i2s_transceiver.vhd:]
WARNING: [filemgmt 56-199] Attempt to get parsing info during refresh. "On-the-fly" syntax checking information may be incorrect. [C:\Users\kille\Documents\GitHub\TFM-UPM\Practica\Prueba1_demo_v1.0\prueba1_demo.srcs\sources_1\new\audio_player.vhd:]
WARNING: [filemgmt 56-199] Attempt to get parsing info during refresh. "On-the-fly" syntax checking information may be incorrect. [C:\Users\kille\Documents\GitHub\TFM-UPM\Practica\Prueba1_demo_v1.0\prueba1_demo.srcs\sources_1\new\tas2110_i2c_ctrl.vhd:]
WARNING: [filemgmt 56-199] Attempt to get parsing info during refresh. "On-the-fly" syntax checking information may be incorrect. [C:\Users\kille\Documents\GitHub\TFM-UPM\Practica\Prueba1_demo_v1.0\prueba1_demo.srcs\sources_1\new\top_system.vhd:]
WARNING: [filemgmt 56-199] Attempt to get parsing info during refresh. "On-the-fly" syntax checking information may be incorrect. [C:\Users\kille\Documents\GitHub\TFM-UPM\Practica\Prueba1_demo_v1.0\prueba1_demo.srcs\sources_1\new\top_system.vhd:]
ERROR: [Common 17-180] Spawn failed: La operación se completó correctamente.

WARNING: [filemgmt 56-199] Attempt to get parsing info during refresh. "On-the-fly" syntax checking information may be incorrect. [C:\Users\kille\Documents\GitHub\TFM-UPM\Practica\Prueba1_demo_v1.0\prueba1_demo.srcs\sources_1\new\top_system.vhd:]
WARNING: [filemgmt 56-199] Attempt to get parsing info during refresh. "On-the-fly" syntax checking information may be incorrect. [C:\Users\kille\Documents\GitHub\TFM-UPM\Practica\Prueba1_demo_v1.0\prueba1_demo.srcs\sources_1\new\apa102_ctrl.vhd:]
WARNING: [filemgmt 56-199] Attempt to get parsing info during refresh. "On-the-fly" syntax checking information may be incorrect. [C:\Users\kille\Documents\GitHub\TFM-UPM\Practica\Prueba1_demo_v1.0\prueba1_demo.srcs\sources_1\new\i2s_transceiver.vhd:]
WARNING: [filemgmt 56-199] Attempt to get parsing info during refresh. "On-the-fly" syntax checking information may be incorrect. [C:\Users\kille\Documents\GitHub\TFM-UPM\Practica\Prueba1_demo_v1.0\prueba1_demo.srcs\sources_1\new\audio_player.vhd:]
WARNING: [filemgmt 56-199] Attempt to get parsing info during refresh. "On-the-fly" syntax checking information may be incorrect. [C:\Users\kille\Documents\GitHub\TFM-UPM\Practica\Prueba1_demo_v1.0\prueba1_demo.srcs\sources_1\new\tas2110_i2c_ctrl.vhd:]
WARNING: [filemgmt 56-199] Attempt to get parsing info during refresh. "On-the-fly" syntax checking information may be incorrect. [C:\Users\kille\Documents\GitHub\TFM-UPM\Practica\Prueba1_demo_v1.0\prueba1_demo.srcs\sources_1\new\top_system.vhd:]
WARNING: [filemgmt 56-199] Attempt to get parsing info during refresh. "On-the-fly" syntax checking information may be incorrect. [C:\Users\kille\Documents\GitHub\TFM-UPM\Practica\Prueba1_demo_v1.0\prueba1_demo.srcs\sources_1\new\top_system.vhd:]
WARNING: [filemgmt 56-199] Attempt to get parsing info during refresh. "On-the-fly" syntax checking information may be incorrect. [C:\Users\kille\Documents\GitHub\TFM-UPM\Practica\Prueba1_demo_v1.0\prueba1_demo.srcs\sources_1\new\top_system.vhd:]
WARNING: [filemgmt 56-199] Attempt to get parsing info during refresh. "On-the-fly" syntax checking information may be incorrect. [C:\Users\kille\Documents\GitHub\TFM-UPM\Practica\Prueba1_demo_v1.0\prueba1_demo.srcs\sources_1\new\apa102_ctrl.vhd:]
WARNING: [filemgmt 56-199] Attempt to get parsing info during refresh. "On-the-fly" syntax checking information may be incorrect. [C:\Users\kille\Documents\GitHub\TFM-UPM\Practica\Prueba1_demo_v1.0\prueba1_demo.srcs\sources_1\new\i2s_transceiver.vhd:]
WARNING: [filemgmt 56-199] Attempt to get parsing info during refresh. "On-the-fly" syntax checking information may be incorrect. [C:\Users\kille\Documents\GitHub\TFM-UPM\Practica\Prueba1_demo_v1.0\prueba1_demo.srcs\sources_1\new\audio_player.vhd:]
WARNING: [filemgmt 56-199] Attempt to get parsing info during refresh. "On-the-fly" syntax checking information may be incorrect. [C:\Users\kille\Documents\GitHub\TFM-UPM\Practica\Prueba1_demo_v1.0\prueba1_demo.srcs\sources_1\new\tas2110_i2c_ctrl.vhd:]
WARNING: [filemgmt 56-199] Attempt to get parsing info during refresh. "On-the-fly" syntax checking information may be incorrect. [C:\Users\kille\Documents\GitHub\TFM-UPM\Practica\Prueba1_demo_v1.0\prueba1_demo.srcs\sources_1\new\audio_player.vhd:]
WARNING: [filemgmt 56-199] Attempt to get parsing info during refresh. "On-the-fly" syntax checking information may be incorrect. [C:\Users\kille\Documents\GitHub\TFM-UPM\Practica\Prueba1_demo_v1.0\prueba1_demo.srcs\sources_1\new\audio_player.vhd:]
WARNING: [filemgmt 56-199] Attempt to get parsing info during refresh. "On-the-fly" syntax checking information may be incorrect. [C:\Users\kille\Documents\GitHub\TFM-UPM\Practica\Prueba1_demo_v1.0\prueba1_demo.srcs\sources_1\new\top_system.vhd:]
WARNING: [filemgmt 56-199] Attempt to get parsing info during refresh. "On-the-fly" syntax checking information may be incorrect. [C:\Users\kille\Documents\GitHub\TFM-UPM\Practica\Prueba1_demo_v1.0\prueba1_demo.srcs\sources_1\new\apa102_ctrl.vhd:]
WARNING: [filemgmt 56-199] Attempt to get parsing info during refresh. "On-the-fly" syntax checking information may be incorrect. [C:\Users\kille\Documents\GitHub\TFM-UPM\Practica\Prueba1_demo_v1.0\prueba1_demo.srcs\sources_1\new\i2s_transceiver.vhd:]
WARNING: [filemgmt 56-199] Attempt to get parsing info during refresh. "On-the-fly" syntax checking information may be incorrect. [C:\Users\kille\Documents\GitHub\TFM-UPM\Practica\Prueba1_demo_v1.0\prueba1_demo.srcs\sources_1\new\audio_player.vhd:]
WARNING: [filemgmt 56-199] Attempt to get parsing info during refresh. "On-the-fly" syntax checking information may be incorrect. [C:\Users\kille\Documents\GitHub\TFM-UPM\Practica\Prueba1_demo_v1.0\prueba1_demo.srcs\sources_1\new\tas2110_i2c_ctrl.vhd:]
WARNING: [filemgmt 56-199] Attempt to get parsing info during refresh. "On-the-fly" syntax checking information may be incorrect. [C:\Users\kille\Documents\GitHub\TFM-UPM\Practica\Prueba1_demo_v1.0\prueba1_demo.srcs\sources_1\new\i2s_transceiver.vhd:]
WARNING: [filemgmt 56-199] Attempt to get parsing info during refresh. "On-the-fly" syntax checking information may be incorrect. [C:\Users\kille\Documents\GitHub\TFM-UPM\Practica\Prueba1_demo_v1.0\prueba1_demo.srcs\sources_1\new\i2s_transceiver.vhd:]
ERROR: [Common 17-180] Spawn failed: La operación se completó correctamente.

WARNING: [filemgmt 56-199] Attempt to get parsing info during refresh. "On-the-fly" syntax checking information may be incorrect. [C:\Users\kille\Documents\GitHub\TFM-UPM\Practica\Prueba1_demo_v1.0\prueba1_demo.srcs\sources_1\new\top_system.vhd:]
WARNING: [filemgmt 56-199] Attempt to get parsing info during refresh. "On-the-fly" syntax checking information may be incorrect. [C:\Users\kille\Documents\GitHub\TFM-UPM\Practica\Prueba1_demo_v1.0\prueba1_demo.srcs\sources_1\new\apa102_ctrl.vhd:]
WARNING: [filemgmt 56-199] Attempt to get parsing info during refresh. "On-the-fly" syntax checking information may be incorrect. [C:\Users\kille\Documents\GitHub\TFM-UPM\Practica\Prueba1_demo_v1.0\prueba1_demo.srcs\sources_1\new\i2s_transceiver.vhd:]
WARNING: [filemgmt 56-199] Attempt to get parsing info during refresh. "On-the-fly" syntax checking information may be incorrect. [C:\Users\kille\Documents\GitHub\TFM-UPM\Practica\Prueba1_demo_v1.0\prueba1_demo.srcs\sources_1\new\audio_player.vhd:]
WARNING: [filemgmt 56-199] Attempt to get parsing info during refresh. "On-the-fly" syntax checking information may be incorrect. [C:\Users\kille\Documents\GitHub\TFM-UPM\Practica\Prueba1_demo_v1.0\prueba1_demo.srcs\sources_1\new\tas2110_i2c_ctrl.vhd:]
WARNING: [filemgmt 56-199] Attempt to get parsing info during refresh. "On-the-fly" syntax checking information may be incorrect. [C:\Users\kille\Documents\GitHub\TFM-UPM\Practica\Prueba1_demo_v1.0\prueba1_demo.srcs\sources_1\new\apa102_ctrl.vhd:]
WARNING: [filemgmt 56-199] Attempt to get parsing info during refresh. "On-the-fly" syntax checking information may be incorrect. [C:\Users\kille\Documents\GitHub\TFM-UPM\Practica\Prueba1_demo_v1.0\prueba1_demo.srcs\sources_1\new\apa102_ctrl.vhd:]
WARNING: [filemgmt 56-199] Attempt to get parsing info during refresh. "On-the-fly" syntax checking information may be incorrect. [C:\Users\kille\Documents\GitHub\TFM-UPM\Practica\Prueba1_demo_v1.0\prueba1_demo.srcs\sources_1\new\top_system.vhd:]
WARNING: [filemgmt 56-199] Attempt to get parsing info during refresh. "On-the-fly" syntax checking information may be incorrect. [C:\Users\kille\Documents\GitHub\TFM-UPM\Practica\Prueba1_demo_v1.0\prueba1_demo.srcs\sources_1\new\apa102_ctrl.vhd:]
WARNING: [filemgmt 56-199] Attempt to get parsing info during refresh. "On-the-fly" syntax checking information may be incorrect. [C:\Users\kille\Documents\GitHub\TFM-UPM\Practica\Prueba1_demo_v1.0\prueba1_demo.srcs\sources_1\new\i2s_transceiver.vhd:]
WARNING: [filemgmt 56-199] Attempt to get parsing info during refresh. "On-the-fly" syntax checking information may be incorrect. [C:\Users\kille\Documents\GitHub\TFM-UPM\Practica\Prueba1_demo_v1.0\prueba1_demo.srcs\sources_1\new\audio_player.vhd:]
WARNING: [filemgmt 56-199] Attempt to get parsing info during refresh. "On-the-fly" syntax checking information may be incorrect. [C:\Users\kille\Documents\GitHub\TFM-UPM\Practica\Prueba1_demo_v1.0\prueba1_demo.srcs\sources_1\new\tas2110_i2c_ctrl.vhd:]
WARNING: [filemgmt 56-199] Attempt to get parsing info during refresh. "On-the-fly" syntax checking information may be incorrect. [C:\Users\kille\Documents\GitHub\TFM-UPM\Practica\Prueba1_demo_v1.0\prueba1_demo.srcs\sources_1\new\audio_player.vhd:]
WARNING: [filemgmt 56-199] Attempt to get parsing info during refresh. "On-the-fly" syntax checking information may be incorrect. [C:\Users\kille\Documents\GitHub\TFM-UPM\Practica\Prueba1_demo_v1.0\prueba1_demo.srcs\sources_1\new\audio_player.vhd:]
WARNING: [filemgmt 56-199] Attempt to get parsing info during refresh. "On-the-fly" syntax checking information may be incorrect. [C:\Users\kille\Documents\GitHub\TFM-UPM\Practica\Prueba1_demo_v1.0\prueba1_demo.srcs\sources_1\new\top_system.vhd:]
WARNING: [filemgmt 56-199] Attempt to get parsing info during refresh. "On-the-fly" syntax checking information may be incorrect. [C:\Users\kille\Documents\GitHub\TFM-UPM\Practica\Prueba1_demo_v1.0\prueba1_demo.srcs\sources_1\new\apa102_ctrl.vhd:]
WARNING: [filemgmt 56-199] Attempt to get parsing info during refresh. "On-the-fly" syntax checking information may be incorrect. [C:\Users\kille\Documents\GitHub\TFM-UPM\Practica\Prueba1_demo_v1.0\prueba1_demo.srcs\sources_1\new\i2s_transceiver.vhd:]
WARNING: [filemgmt 56-199] Attempt to get parsing info during refresh. "On-the-fly" syntax checking information may be incorrect. [C:\Users\kille\Documents\GitHub\TFM-UPM\Practica\Prueba1_demo_v1.0\prueba1_demo.srcs\sources_1\new\audio_player.vhd:]
WARNING: [filemgmt 56-199] Attempt to get parsing info during refresh. "On-the-fly" syntax checking information may be incorrect. [C:\Users\kille\Documents\GitHub\TFM-UPM\Practica\Prueba1_demo_v1.0\prueba1_demo.srcs\sources_1\new\tas2110_i2c_ctrl.vhd:]
WARNING: [filemgmt 56-199] Attempt to get parsing info during refresh. "On-the-fly" syntax checking information may be incorrect. [C:\Users\kille\Documents\GitHub\TFM-UPM\Practica\Prueba1_demo_v1.0\prueba1_demo.srcs\sources_1\new\tas2110_i2c_ctrl.vhd:]
WARNING: [filemgmt 56-199] Attempt to get parsing info during refresh. "On-the-fly" syntax checking information may be incorrect. [C:\Users\kille\Documents\GitHub\TFM-UPM\Practica\Prueba1_demo_v1.0\prueba1_demo.srcs\sources_1\new\tas2110_i2c_ctrl.vhd:]
WARNING: [filemgmt 56-199] Attempt to get parsing info during refresh. "On-the-fly" syntax checking information may be incorrect. [C:\Users\kille\Documents\GitHub\TFM-UPM\Practica\Prueba1_demo_v1.0\prueba1_demo.srcs\sources_1\new\top_system.vhd:]
WARNING: [filemgmt 56-199] Attempt to get parsing info during refresh. "On-the-fly" syntax checking information may be incorrect. [C:\Users\kille\Documents\GitHub\TFM-UPM\Practica\Prueba1_demo_v1.0\prueba1_demo.srcs\sources_1\new\apa102_ctrl.vhd:]
WARNING: [filemgmt 56-199] Attempt to get parsing info during refresh. "On-the-fly" syntax checking information may be incorrect. [C:\Users\kille\Documents\GitHub\TFM-UPM\Practica\Prueba1_demo_v1.0\prueba1_demo.srcs\sources_1\new\i2s_transceiver.vhd:]
WARNING: [filemgmt 56-199] Attempt to get parsing info during refresh. "On-the-fly" syntax checking information may be incorrect. [C:\Users\kille\Documents\GitHub\TFM-UPM\Practica\Prueba1_demo_v1.0\prueba1_demo.srcs\sources_1\new\audio_player.vhd:]
WARNING: [filemgmt 56-199] Attempt to get parsing info during refresh. "On-the-fly" syntax checking information may be incorrect. [C:\Users\kille\Documents\GitHub\TFM-UPM\Practica\Prueba1_demo_v1.0\prueba1_demo.srcs\sources_1\new\tas2110_i2c_ctrl.vhd:]
WARNING: [filemgmt 56-199] Attempt to get parsing info during refresh. "On-the-fly" syntax checking information may be incorrect. [C:\Users\kille\Documents\GitHub\TFM-UPM\Practica\Prueba1_demo_v1.0\prueba1_demo.srcs\sources_1\new\i2s_transceiver.vhd:]
WARNING: [filemgmt 56-199] Attempt to get parsing info during refresh. "On-the-fly" syntax checking information may be incorrect. [C:\Users\kille\Documents\GitHub\TFM-UPM\Practica\Prueba1_demo_v1.0\prueba1_demo.srcs\sources_1\new\i2s_transceiver.vhd:]
WARNING: [filemgmt 56-199] Attempt to get parsing info during refresh. "On-the-fly" syntax checking information may be incorrect. [C:\Users\kille\Documents\GitHub\TFM-UPM\Practica\Prueba1_demo_v1.0\prueba1_demo.srcs\sources_1\new\top_system.vhd:]
WARNING: [filemgmt 56-199] Attempt to get parsing info during refresh. "On-the-fly" syntax checking information may be incorrect. [C:\Users\kille\Documents\GitHub\TFM-UPM\Practica\Prueba1_demo_v1.0\prueba1_demo.srcs\sources_1\new\apa102_ctrl.vhd:]
WARNING: [filemgmt 56-199] Attempt to get parsing info during refresh. "On-the-fly" syntax checking information may be incorrect. [C:\Users\kille\Documents\GitHub\TFM-UPM\Practica\Prueba1_demo_v1.0\prueba1_demo.srcs\sources_1\new\i2s_transceiver.vhd:]
WARNING: [filemgmt 56-199] Attempt to get parsing info during refresh. "On-the-fly" syntax checking information may be incorrect. [C:\Users\kille\Documents\GitHub\TFM-UPM\Practica\Prueba1_demo_v1.0\prueba1_demo.srcs\sources_1\new\audio_player.vhd:]
WARNING: [filemgmt 56-199] Attempt to get parsing info during refresh. "On-the-fly" syntax checking information may be incorrect. [C:\Users\kille\Documents\GitHub\TFM-UPM\Practica\Prueba1_demo_v1.0\prueba1_demo.srcs\sources_1\new\tas2110_i2c_ctrl.vhd:]
WARNING: [filemgmt 56-199] Attempt to get parsing info during refresh. "On-the-fly" syntax checking information may be incorrect. [C:\Users\kille\Documents\GitHub\TFM-UPM\Practica\Prueba1_demo_v1.0\prueba1_demo.srcs\sources_1\new\apa102_ctrl.vhd:]
WARNING: [filemgmt 56-199] Attempt to get parsing info during refresh. "On-the-fly" syntax checking information may be incorrect. [C:\Users\kille\Documents\GitHub\TFM-UPM\Practica\Prueba1_demo_v1.0\prueba1_demo.srcs\sources_1\new\apa102_ctrl.vhd:]
ERROR: [Common 17-180] Spawn failed: La operación se completó correctamente.

report_ip_status -name ip_status 
update_module_reference [get_ips  design_1_top_system_0_1]
INFO: [IP_Flow 19-5107] Inferred bus interface 'reset_n' of definition 'xilinx.com:signal:reset:1.0' (from Xilinx Repository).
INFO: [IP_Flow 19-5107] Inferred bus interface 'led_clk' of definition 'xilinx.com:signal:clock:1.0' (from Xilinx Repository).
INFO: [IP_Flow 19-5107] Inferred bus interface 'sd_clk' of definition 'xilinx.com:signal:clock:1.0' (from Xilinx Repository).
CRITICAL WARNING: [IP_Flow 19-4751] Bus Interface 'led_clk': FREQ_HZ bus parameter is missing for output clock interface.
CRITICAL WARNING: [IP_Flow 19-4751] Bus Interface 'sd_clk': FREQ_HZ bus parameter is missing for output clock interface.
INFO: [IP_Flow 19-5107] Inferred bus interface 'reset_n' of definition 'xilinx.com:signal:reset:1.0' (from Xilinx Repository).
INFO: [IP_Flow 19-5107] Inferred bus interface 'led_clk' of definition 'xilinx.com:signal:clock:1.0' (from Xilinx Repository).
INFO: [IP_Flow 19-5107] Inferred bus interface 'sd_clk' of definition 'xilinx.com:signal:clock:1.0' (from Xilinx Repository).
CRITICAL WARNING: [IP_Flow 19-4751] Bus Interface 'led_clk': FREQ_HZ bus parameter is missing for output clock interface.
CRITICAL WARNING: [IP_Flow 19-4751] Bus Interface 'sd_clk': FREQ_HZ bus parameter is missing for output clock interface.
Upgrading 'C:/Users/kille/Documents/GitHub/TFM-UPM/Practica/Prueba1_demo_v1.0/prueba1_demo.srcs/sources_1/bd/design_1/design_1.bd'
INFO: [IP_Flow 19-3420] Updated design_1_top_system_0_1 to use current project options
WARNING: [IP_Flow 19-4700] Upgrade has removed port 'rom_addra'
WARNING: [IP_Flow 19-4700] Upgrade has removed port 'rom_douta'
WARNING: [IP_Flow 19-4700] Upgrade has removed port 'rom_ena'
WARNING: [IP_Flow 19-4698] Upgrade has added port 'fifo_din'
WARNING: [IP_Flow 19-4698] Upgrade has added port 'fifo_dout'
WARNING: [IP_Flow 19-4698] Upgrade has added port 'fifo_empty'
WARNING: [IP_Flow 19-4698] Upgrade has added port 'fifo_prog_full'
WARNING: [IP_Flow 19-4698] Upgrade has added port 'fifo_rd_en'
WARNING: [IP_Flow 19-4698] Upgrade has added port 'fifo_valid'
WARNING: [IP_Flow 19-4698] Upgrade has added port 'fifo_wr_en'
WARNING: [IP_Flow 19-4698] Upgrade has added port 'sd_clk'
WARNING: [IP_Flow 19-4698] Upgrade has added port 'sd_cmd'
WARNING: [IP_Flow 19-4698] Upgrade has added port 'sd_dat0'
WARNING: [IP_Flow 19-4698] Upgrade has added port 'sd_dat1'
WARNING: [IP_Flow 19-4698] Upgrade has added port 'sd_dat2'
WARNING: [IP_Flow 19-4698] Upgrade has added port 'sd_dat3'
WARNING: [IP_Flow 19-3298] Detected external port differences while upgrading 'design_1_top_system_0_1'. These changes may impact your design.
CRITICAL WARNING: [BD 41-1167] The pin 'rom_ena' is not found on the upgraded version of the cell '/top_system_0'. Its connection to the net 'top_system_0_rom_ena' has been removed.
CRITICAL WARNING: [BD 41-1167] The pin 'rom_addra' is not found on the upgraded version of the cell '/top_system_0'. Its connection to the net 'top_system_0_rom_addra' has been removed.
CRITICAL WARNING: [BD 41-1167] The pin 'rom_douta' is not found on the upgraded version of the cell '/top_system_0'. Its connection to the net 'blk_mem_gen_0_douta' has been removed.
CRITICAL WARNING: [Coretcl 2-1280] The upgrade of 'design_1_top_system_0_1' has identified issues that may require user intervention. Please verify that the instance is correctly configured, and review any upgrade messages.
WARNING: [BD 41-597] NET <top_system_0_rom_addra> has no source
WARNING: [BD 41-597] NET <top_system_0_rom_ena> has no source
Wrote  : <C:\Users\kille\Documents\GitHub\TFM-UPM\Practica\Prueba1_demo_v1.0\prueba1_demo.srcs\sources_1\bd\design_1\design_1.bd> 
Wrote  : <C:/Users/kille/Documents/GitHub/TFM-UPM/Practica/Prueba1_demo_v1.0/prueba1_demo.srcs/sources_1/bd/design_1/ui/bd_1f5defd0.ui> 
WARNING: [filemgmt 56-199] Attempt to get parsing info during refresh. "On-the-fly" syntax checking information may be incorrect. [C:\Users\kille\Documents\GitHub\TFM-UPM\Practica\Prueba1_demo_v1.0\prueba1_demo.srcs\sources_1\new\top_system.vhd:]
WARNING: [filemgmt 56-199] Attempt to get parsing info during refresh. "On-the-fly" syntax checking information may be incorrect. [C:\Users\kille\Documents\GitHub\TFM-UPM\Practica\Prueba1_demo_v1.0\prueba1_demo.srcs\sources_1\new\apa102_ctrl.vhd:]
WARNING: [filemgmt 56-199] Attempt to get parsing info during refresh. "On-the-fly" syntax checking information may be incorrect. [C:\Users\kille\Documents\GitHub\TFM-UPM\Practica\Prueba1_demo_v1.0\prueba1_demo.srcs\sources_1\new\i2s_transceiver.vhd:]
WARNING: [filemgmt 56-199] Attempt to get parsing info during refresh. "On-the-fly" syntax checking information may be incorrect. [C:\Users\kille\Documents\GitHub\TFM-UPM\Practica\Prueba1_demo_v1.0\prueba1_demo.srcs\sources_1\new\audio_player.vhd:]
WARNING: [filemgmt 56-199] Attempt to get parsing info during refresh. "On-the-fly" syntax checking information may be incorrect. [C:\Users\kille\Documents\GitHub\TFM-UPM\Practica\Prueba1_demo_v1.0\prueba1_demo.srcs\sources_1\new\tas2110_i2c_ctrl.vhd:]
WARNING: [filemgmt 56-199] Attempt to get parsing info during refresh. "On-the-fly" syntax checking information may be incorrect. [C:\Users\kille\Documents\GitHub\TFM-UPM\Practica\Prueba1_demo_v1.0\prueba1_demo.srcs\sources_1\new\audio_player.vhd:]
WARNING: [filemgmt 56-199] Attempt to get parsing info during refresh. "On-the-fly" syntax checking information may be incorrect. [C:\Users\kille\Documents\GitHub\TFM-UPM\Practica\Prueba1_demo_v1.0\prueba1_demo.srcs\sources_1\new\audio_player.vhd:]
WARNING: [filemgmt 56-199] Attempt to get parsing info during refresh. "On-the-fly" syntax checking information may be incorrect. [C:\Users\kille\Documents\GitHub\TFM-UPM\Practica\Prueba1_demo_v1.0\prueba1_demo.srcs\sources_1\new\top_system.vhd:]
WARNING: [filemgmt 56-199] Attempt to get parsing info during refresh. "On-the-fly" syntax checking information may be incorrect. [C:\Users\kille\Documents\GitHub\TFM-UPM\Practica\Prueba1_demo_v1.0\prueba1_demo.srcs\sources_1\new\apa102_ctrl.vhd:]
WARNING: [filemgmt 56-199] Attempt to get parsing info during refresh. "On-the-fly" syntax checking information may be incorrect. [C:\Users\kille\Documents\GitHub\TFM-UPM\Practica\Prueba1_demo_v1.0\prueba1_demo.srcs\sources_1\new\i2s_transceiver.vhd:]
WARNING: [filemgmt 56-199] Attempt to get parsing info during refresh. "On-the-fly" syntax checking information may be incorrect. [C:\Users\kille\Documents\GitHub\TFM-UPM\Practica\Prueba1_demo_v1.0\prueba1_demo.srcs\sources_1\new\audio_player.vhd:]
WARNING: [filemgmt 56-199] Attempt to get parsing info during refresh. "On-the-fly" syntax checking information may be incorrect. [C:\Users\kille\Documents\GitHub\TFM-UPM\Practica\Prueba1_demo_v1.0\prueba1_demo.srcs\sources_1\new\tas2110_i2c_ctrl.vhd:]
WARNING: [filemgmt 56-199] Attempt to get parsing info during refresh. "On-the-fly" syntax checking information may be incorrect. [C:\Users\kille\Documents\GitHub\TFM-UPM\Practica\Prueba1_demo_v1.0\prueba1_demo.srcs\sources_1\new\tas2110_i2c_ctrl.vhd:]
WARNING: [filemgmt 56-199] Attempt to get parsing info during refresh. "On-the-fly" syntax checking information may be incorrect. [C:\Users\kille\Documents\GitHub\TFM-UPM\Practica\Prueba1_demo_v1.0\prueba1_demo.srcs\sources_1\new\tas2110_i2c_ctrl.vhd:]
WARNING: [filemgmt 56-199] Attempt to get parsing info during refresh. "On-the-fly" syntax checking information may be incorrect. [C:\Users\kille\Documents\GitHub\TFM-UPM\Practica\Prueba1_demo_v1.0\prueba1_demo.srcs\sources_1\new\top_system.vhd:]
WARNING: [filemgmt 56-199] Attempt to get parsing info during refresh. "On-the-fly" syntax checking information may be incorrect. [C:\Users\kille\Documents\GitHub\TFM-UPM\Practica\Prueba1_demo_v1.0\prueba1_demo.srcs\sources_1\new\apa102_ctrl.vhd:]
WARNING: [filemgmt 56-199] Attempt to get parsing info during refresh. "On-the-fly" syntax checking information may be incorrect. [C:\Users\kille\Documents\GitHub\TFM-UPM\Practica\Prueba1_demo_v1.0\prueba1_demo.srcs\sources_1\new\i2s_transceiver.vhd:]
WARNING: [filemgmt 56-199] Attempt to get parsing info during refresh. "On-the-fly" syntax checking information may be incorrect. [C:\Users\kille\Documents\GitHub\TFM-UPM\Practica\Prueba1_demo_v1.0\prueba1_demo.srcs\sources_1\new\audio_player.vhd:]
WARNING: [filemgmt 56-199] Attempt to get parsing info during refresh. "On-the-fly" syntax checking information may be incorrect. [C:\Users\kille\Documents\GitHub\TFM-UPM\Practica\Prueba1_demo_v1.0\prueba1_demo.srcs\sources_1\new\tas2110_i2c_ctrl.vhd:]
WARNING: [filemgmt 56-199] Attempt to get parsing info during refresh. "On-the-fly" syntax checking information may be incorrect. [C:\Users\kille\Documents\GitHub\TFM-UPM\Practica\Prueba1_demo_v1.0\prueba1_demo.srcs\sources_1\new\i2s_transceiver.vhd:]
WARNING: [filemgmt 56-199] Attempt to get parsing info during refresh. "On-the-fly" syntax checking information may be incorrect. [C:\Users\kille\Documents\GitHub\TFM-UPM\Practica\Prueba1_demo_v1.0\prueba1_demo.srcs\sources_1\new\i2s_transceiver.vhd:]
ERROR: [Common 17-180] Spawn failed: La operación se completó correctamente.

report_ip_status -name ip_status 
delete_bd_objs [get_bd_nets top_system_0_rom_ena] [get_bd_nets top_system_0_rom_addra] [get_bd_nets blk_mem_gen_0_douta] [get_bd_cells blk_mem_gen_0]
WARNING: [filemgmt 56-199] Attempt to get parsing info during refresh. "On-the-fly" syntax checking information may be incorrect. [C:\Users\kille\Documents\GitHub\TFM-UPM\Practica\Prueba1_demo_v1.0\prueba1_demo.srcs\sources_1\new\top_system.vhd:]
WARNING: [filemgmt 56-199] Attempt to get parsing info during refresh. "On-the-fly" syntax checking information may be incorrect. [C:\Users\kille\Documents\GitHub\TFM-UPM\Practica\Prueba1_demo_v1.0\prueba1_demo.srcs\sources_1\new\apa102_ctrl.vhd:]
WARNING: [filemgmt 56-199] Attempt to get parsing info during refresh. "On-the-fly" syntax checking information may be incorrect. [C:\Users\kille\Documents\GitHub\TFM-UPM\Practica\Prueba1_demo_v1.0\prueba1_demo.srcs\sources_1\new\i2s_transceiver.vhd:]
WARNING: [filemgmt 56-199] Attempt to get parsing info during refresh. "On-the-fly" syntax checking information may be incorrect. [C:\Users\kille\Documents\GitHub\TFM-UPM\Practica\Prueba1_demo_v1.0\prueba1_demo.srcs\sources_1\new\audio_player.vhd:]
WARNING: [filemgmt 56-199] Attempt to get parsing info during refresh. "On-the-fly" syntax checking information may be incorrect. [C:\Users\kille\Documents\GitHub\TFM-UPM\Practica\Prueba1_demo_v1.0\prueba1_demo.srcs\sources_1\new\tas2110_i2c_ctrl.vhd:]
WARNING: [filemgmt 56-199] Attempt to get parsing info during refresh. "On-the-fly" syntax checking information may be incorrect. [C:\Users\kille\Documents\GitHub\TFM-UPM\Practica\Prueba1_demo_v1.0\prueba1_demo.srcs\sources_1\new\tas2110_i2c_ctrl.vhd:]
WARNING: [filemgmt 56-199] Attempt to get parsing info during refresh. "On-the-fly" syntax checking information may be incorrect. [C:\Users\kille\Documents\GitHub\TFM-UPM\Practica\Prueba1_demo_v1.0\prueba1_demo.srcs\sources_1\new\tas2110_i2c_ctrl.vhd:]
WARNING: [filemgmt 56-199] Attempt to get parsing info during refresh. "On-the-fly" syntax checking information may be incorrect. [C:\Users\kille\Documents\GitHub\TFM-UPM\Practica\Prueba1_demo_v1.0\prueba1_demo.srcs\sources_1\new\top_system.vhd:]
WARNING: [filemgmt 56-199] Attempt to get parsing info during refresh. "On-the-fly" syntax checking information may be incorrect. [C:\Users\kille\Documents\GitHub\TFM-UPM\Practica\Prueba1_demo_v1.0\prueba1_demo.srcs\sources_1\new\apa102_ctrl.vhd:]
WARNING: [filemgmt 56-199] Attempt to get parsing info during refresh. "On-the-fly" syntax checking information may be incorrect. [C:\Users\kille\Documents\GitHub\TFM-UPM\Practica\Prueba1_demo_v1.0\prueba1_demo.srcs\sources_1\new\i2s_transceiver.vhd:]
WARNING: [filemgmt 56-199] Attempt to get parsing info during refresh. "On-the-fly" syntax checking information may be incorrect. [C:\Users\kille\Documents\GitHub\TFM-UPM\Practica\Prueba1_demo_v1.0\prueba1_demo.srcs\sources_1\new\audio_player.vhd:]
WARNING: [filemgmt 56-199] Attempt to get parsing info during refresh. "On-the-fly" syntax checking information may be incorrect. [C:\Users\kille\Documents\GitHub\TFM-UPM\Practica\Prueba1_demo_v1.0\prueba1_demo.srcs\sources_1\new\tas2110_i2c_ctrl.vhd:]
WARNING: [filemgmt 56-199] Attempt to get parsing info during refresh. "On-the-fly" syntax checking information may be incorrect. [C:\Users\kille\Documents\GitHub\TFM-UPM\Practica\Prueba1_demo_v1.0\prueba1_demo.srcs\sources_1\new\apa102_ctrl.vhd:]
WARNING: [filemgmt 56-199] Attempt to get parsing info during refresh. "On-the-fly" syntax checking information may be incorrect. [C:\Users\kille\Documents\GitHub\TFM-UPM\Practica\Prueba1_demo_v1.0\prueba1_demo.srcs\sources_1\new\apa102_ctrl.vhd:]
startgroup
create_bd_cell -type ip -vlnv xilinx.com:ip:fifo_generator:13.2 fifo_generator_0
INFO: [xilinx.com:ip:fifo_generator:13.2-5968] /fifo_generator_0Executing the post_config_ip from bd
endgroup
set_property location {2 386 693} [get_bd_cells fifo_generator_0]
set_property -dict [list \
  CONFIG.Full_Threshold_Assert_Value {1500} \
  CONFIG.Input_Data_Width {8} \
  CONFIG.Input_Depth {2048} \
  CONFIG.Programmable_Full_Type {Single_Programmable_Full_Threshold_Constant} \
  CONFIG.Valid_Flag {true} \
] [get_bd_cells fifo_generator_0]
INFO: [xilinx.com:ip:fifo_generator:13.2-5968] /fifo_generator_0Executing the post_config_ip from bd
connect_bd_net [get_bd_ports clk_100Mhz_0] [get_bd_pins fifo_generator_0/clk]
startgroup
create_bd_cell -type ip -vlnv xilinx.com:ip:util_vector_logic:2.0 util_vector_logic_0
INFO: [BD 5-1043] It is recommended to use inline hdl version xilinx.com:inline_hdl:ilvector_logic:1.0 for the IP type xilinx.com:ip:util_vector_logic:2.0 for improved performance and reduced disk space. IPs with VLNV xilinx.com:ip:util_vector_logic:2.0 will not be supported from release 2025.2. More information on inline hdl IP is available in UG994 
endgroup
set_property CONFIG.C_OPERATION {not} [get_bd_cells util_vector_logic_0]
set_property location {1 221 728} [get_bd_cells util_vector_logic_0]
connect_bd_net [get_bd_ports reset_n_0] [get_bd_pins util_vector_logic_0/Op1]
connect_bd_net [get_bd_pins util_vector_logic_0/Res] [get_bd_pins fifo_generator_0/srst]
set_property location {1 122 422} [get_bd_cells util_vector_logic_0]
connect_bd_net [get_bd_pins top_system_0/fifo_wr_en] [get_bd_pins fifo_generator_0/wr_en]
WARNING: [BD 41-1306] The connection to interface pin </fifo_generator_0/wr_en> is being overridden by the user with net <top_system_0_fifo_wr_en>. This pin will not be connected as a part of interface connection <FIFO_WRITE>, and might not recreate the connectivity as expected using the writ_bd_tcl command.
connect_bd_net [get_bd_pins top_system_0/fifo_din] [get_bd_pins fifo_generator_0/din]
WARNING: [BD 41-1306] The connection to interface pin </fifo_generator_0/din> is being overridden by the user with net <top_system_0_fifo_din>. This pin will not be connected as a part of interface connection <FIFO_WRITE>, and might not recreate the connectivity as expected using the writ_bd_tcl command.
connect_bd_net [get_bd_pins top_system_0/fifo_rd_en] [get_bd_pins fifo_generator_0/rd_en]
WARNING: [BD 41-1306] The connection to interface pin </fifo_generator_0/rd_en> is being overridden by the user with net <top_system_0_fifo_rd_en>. This pin will not be connected as a part of interface connection <FIFO_READ>, and might not recreate the connectivity as expected using the writ_bd_tcl command.
connect_bd_net [get_bd_pins fifo_generator_0/full] [get_bd_pins top_system_0/fifo_prog_full]
WARNING: [BD 41-1306] The connection to interface pin </fifo_generator_0/full> is being overridden by the user with net <fifo_generator_0_full>. This pin will not be connected as a part of interface connection <FIFO_WRITE>, and might not recreate the connectivity as expected using the writ_bd_tcl command.
connect_bd_net [get_bd_pins fifo_generator_0/dout] [get_bd_pins top_system_0/fifo_dout]
WARNING: [BD 41-1306] The connection to interface pin </fifo_generator_0/dout> is being overridden by the user with net <fifo_generator_0_dout>. This pin will not be connected as a part of interface connection <FIFO_READ>, and might not recreate the connectivity as expected using the writ_bd_tcl command.
connect_bd_net [get_bd_pins fifo_generator_0/empty] [get_bd_pins top_system_0/fifo_empty]
WARNING: [BD 41-1306] The connection to interface pin </fifo_generator_0/empty> is being overridden by the user with net <fifo_generator_0_empty>. This pin will not be connected as a part of interface connection <FIFO_READ>, and might not recreate the connectivity as expected using the writ_bd_tcl command.
connect_bd_net [get_bd_pins fifo_generator_0/valid] [get_bd_pins top_system_0/fifo_valid]
delete_bd_objs [get_bd_nets fifo_generator_0_full]
connect_bd_net [get_bd_pins fifo_generator_0/prog_full] [get_bd_pins top_system_0/fifo_prog_full]
startgroup
make_bd_pins_external  [get_bd_pins top_system_0/sd_dat3] [get_bd_pins top_system_0/sd_dat2] [get_bd_pins top_system_0/sd_cmd] [get_bd_pins top_system_0/sd_clk] [get_bd_pins top_system_0/sd_dat1] [get_bd_pins top_system_0/sd_dat0]
endgroup
validate_bd_design
WARNING: [BD 41-1781] Updates have been made to one or more nets/interface connections marked for debug.
Debug nets, which are already connected to any ILA IP core in the block-design, will be automatically available for debug in Hardware Manager.
For unconnected Debug nets, please open synthesized design and use 'Set Up Debug' wizard to insert, modify or delete Debug Cores. 
INFO: [xilinx.com:ip:clk_wiz:6.0-1] /clk_wiz_0 clk_wiz propagate
set_property location {1433 571} [get_bd_ports sd_cmd_0]
validate_bd_design -force
WARNING: [BD 41-1781] Updates have been made to one or more nets/interface connections marked for debug.
Debug nets, which are already connected to any ILA IP core in the block-design, will be automatically available for debug in Hardware Manager.
For unconnected Debug nets, please open synthesized design and use 'Set Up Debug' wizard to insert, modify or delete Debug Cores. 
INFO: [xilinx.com:ip:clk_wiz:6.0-1] /clk_wiz_0 clk_wiz propagate
report_ip_status -name ip_status 
save_bd_design
Wrote  : <C:\Users\kille\Documents\GitHub\TFM-UPM\Practica\Prueba1_demo_v1.0\prueba1_demo.srcs\sources_1\bd\design_1\design_1.bd> 
Wrote  : <C:/Users/kille/Documents/GitHub/TFM-UPM/Practica/Prueba1_demo_v1.0/prueba1_demo.srcs/sources_1/bd/design_1/ui/bd_1f5defd0.ui> 
reset_run synth_1
INFO: [Project 1-1161] Replacing file C:/Users/kille/Documents/GitHub/TFM-UPM/Practica/Prueba1_demo_v1.0/prueba1_demo.srcs/utils_1/imports/synth_1/top_system.dcp with file C:/Users/kille/Documents/GitHub/TFM-UPM/Practica/Prueba1_demo_v1.0/prueba1_demo.runs/synth_1/design_1_wrapper.dcp
launch_runs impl_1 -to_step write_bitstream -jobs 12
INFO: [BD 41-1662] The design 'design_1.bd' is already validated. Therefore parameter propagation will not be re-run.
WARNING: [BD 41-3257] Drive strength cannot be preserved for ports connected to net btn_center_0_0_1 as it is marked for debug
WARNING: [BD 41-3256] Drive strength cannot be preserved for ports connected to net btn_right_0_0_1 as it connected to debug IP /system_ila_1 
WARNING: [BD 41-3256] Drive strength cannot be preserved for ports connected to net clk_100Mhz_0_1 as it connected to debug IP /system_ila_0 
WARNING: [BD 41-3257] Drive strength cannot be preserved for ports connected to net top_system_0_dbg_scl_out as it is marked for debug
WARNING: [BD 41-3257] Drive strength cannot be preserved for ports connected to net top_system_0_dbg_sda_out as it is marked for debug
WARNING: [BD 41-3257] Drive strength cannot be preserved for ports connected to net top_system_0_i2s_dout as it is marked for debug
WARNING: [BD 41-3256] Drive strength cannot be preserved for ports connected to net top_system_0_led_clk as it connected to debug IP /system_ila_0 
WARNING: [BD 41-3257] Drive strength cannot be preserved for ports connected to net top_system_0_led_data as it is marked for debug
VHDL Output written to : c:/Users/kille/Documents/GitHub/TFM-UPM/Practica/Prueba1_demo_v1.0/prueba1_demo.gen/sources_1/bd/design_1/synth/design_1.vhd
WARNING: [BD 41-3257] Drive strength cannot be preserved for ports connected to net btn_center_0_0_1 as it is marked for debug
WARNING: [BD 41-3256] Drive strength cannot be preserved for ports connected to net btn_right_0_0_1 as it connected to debug IP /system_ila_1 
WARNING: [BD 41-3256] Drive strength cannot be preserved for ports connected to net clk_100Mhz_0_1 as it connected to debug IP /system_ila_0 
WARNING: [BD 41-3257] Drive strength cannot be preserved for ports connected to net top_system_0_dbg_scl_out as it is marked for debug
WARNING: [BD 41-3257] Drive strength cannot be preserved for ports connected to net top_system_0_dbg_sda_out as it is marked for debug
WARNING: [BD 41-3257] Drive strength cannot be preserved for ports connected to net top_system_0_i2s_dout as it is marked for debug
WARNING: [BD 41-3256] Drive strength cannot be preserved for ports connected to net top_system_0_led_clk as it connected to debug IP /system_ila_0 
WARNING: [BD 41-3257] Drive strength cannot be preserved for ports connected to net top_system_0_led_data as it is marked for debug
VHDL Output written to : c:/Users/kille/Documents/GitHub/TFM-UPM/Practica/Prueba1_demo_v1.0/prueba1_demo.gen/sources_1/bd/design_1/sim/design_1.vhd
VHDL Output written to : c:/Users/kille/Documents/GitHub/TFM-UPM/Practica/Prueba1_demo_v1.0/prueba1_demo.gen/sources_1/bd/design_1/hdl/design_1_wrapper.vhd
INFO: [BD 41-1029] Generation completed for the IP Integrator block top_system_0 .
WARNING: [IP_Flow 19-4994] Overwriting existing constraint file 'c:/Users/kille/Documents/GitHub/TFM-UPM/Practica/Prueba1_demo_v1.0/prueba1_demo.gen/sources_1/bd/design_1/ip/design_1_system_ila_0_0/design_1_system_ila_0_0_ooc.xdc'
Exporting to file c:/Users/kille/Documents/GitHub/TFM-UPM/Practica/Prueba1_demo_v1.0/prueba1_demo.gen/sources_1/bd/design_1/ip/design_1_system_ila_0_0/bd_0/hw_handoff/design_1_system_ila_0_0.hwh
Generated Hardware Definition File c:/Users/kille/Documents/GitHub/TFM-UPM/Practica/Prueba1_demo_v1.0/prueba1_demo.gen/sources_1/bd/design_1/ip/design_1_system_ila_0_0/bd_0/synth/design_1_system_ila_0_0.hwdef
INFO: [BD 41-1029] Generation completed for the IP Integrator block system_ila_0 .
INFO: [BD 41-1637] Generated targets are already up-to-date for block design 'bd_f69c' - hence not re-generating.
INFO: [BD 41-1029] Generation completed for the IP Integrator block fifo_generator_0 .
INFO: [BD 41-1029] Generation completed for the IP Integrator block util_vector_logic_0 .
Exporting to file c:/Users/kille/Documents/GitHub/TFM-UPM/Practica/Prueba1_demo_v1.0/prueba1_demo.gen/sources_1/bd/design_1/hw_handoff/design_1.hwh
Generated Hardware Definition File c:/Users/kille/Documents/GitHub/TFM-UPM/Practica/Prueba1_demo_v1.0/prueba1_demo.gen/sources_1/bd/design_1/synth/design_1.hwdef
[Wed Aug  5 18:24:14 2026] Launched design_1_top_system_0_1_synth_1, design_1_system_ila_0_0_synth_1, design_1_fifo_generator_0_0_synth_1, design_1_util_vector_logic_0_0_synth_1, synth_1...
Run output will be captured here:
design_1_top_system_0_1_synth_1: C:/Users/kille/Documents/GitHub/TFM-UPM/Practica/Prueba1_demo_v1.0/prueba1_demo.runs/design_1_top_system_0_1_synth_1/runme.log
design_1_system_ila_0_0_synth_1: C:/Users/kille/Documents/GitHub/TFM-UPM/Practica/Prueba1_demo_v1.0/prueba1_demo.runs/design_1_system_ila_0_0_synth_1/runme.log
design_1_fifo_generator_0_0_synth_1: C:/Users/kille/Documents/GitHub/TFM-UPM/Practica/Prueba1_demo_v1.0/prueba1_demo.runs/design_1_fifo_generator_0_0_synth_1/runme.log
design_1_util_vector_logic_0_0_synth_1: C:/Users/kille/Documents/GitHub/TFM-UPM/Practica/Prueba1_demo_v1.0/prueba1_demo.runs/design_1_util_vector_logic_0_0_synth_1/runme.log
synth_1: C:/Users/kille/Documents/GitHub/TFM-UPM/Practica/Prueba1_demo_v1.0/prueba1_demo.runs/synth_1/runme.log
[Wed Aug  5 18:24:14 2026] Launched impl_1...
Run output will be captured here: C:/Users/kille/Documents/GitHub/TFM-UPM/Practica/Prueba1_demo_v1.0/prueba1_demo.runs/impl_1/runme.log
launch_runs: Time (s): cpu = 00:00:04 ; elapsed = 00:00:18 . Memory (MB): peak = 2449.277 ; gain = 0.000
report_ip_status -name ip_status 
WARNING: [filemgmt 56-199] Attempt to get parsing info during refresh. "On-the-fly" syntax checking information may be incorrect. [C:\Users\kille\Documents\GitHub\TFM-UPM\Practica\Prueba1_demo_v1.0\prueba1_demo.srcs\sources_1\new\top_system.vhd:]
WARNING: [filemgmt 56-199] Attempt to get parsing info during refresh. "On-the-fly" syntax checking information may be incorrect. [C:\Users\kille\Documents\GitHub\TFM-UPM\Practica\Prueba1_demo_v1.0\prueba1_demo.srcs\sources_1\new\apa102_ctrl.vhd:]
WARNING: [filemgmt 56-199] Attempt to get parsing info during refresh. "On-the-fly" syntax checking information may be incorrect. [C:\Users\kille\Documents\GitHub\TFM-UPM\Practica\Prueba1_demo_v1.0\prueba1_demo.srcs\sources_1\new\i2s_transceiver.vhd:]
WARNING: [filemgmt 56-199] Attempt to get parsing info during refresh. "On-the-fly" syntax checking information may be incorrect. [C:\Users\kille\Documents\GitHub\TFM-UPM\Practica\Prueba1_demo_v1.0\prueba1_demo.srcs\sources_1\new\audio_player.vhd:]
WARNING: [filemgmt 56-199] Attempt to get parsing info during refresh. "On-the-fly" syntax checking information may be incorrect. [C:\Users\kille\Documents\GitHub\TFM-UPM\Practica\Prueba1_demo_v1.0\prueba1_demo.srcs\sources_1\new\tas2110_i2c_ctrl.vhd:]
WARNING: [filemgmt 56-199] Attempt to get parsing info during refresh. "On-the-fly" syntax checking information may be incorrect. [C:\Users\kille\Documents\GitHub\TFM-UPM\Practica\Prueba1_demo_v1.0\prueba1_demo.srcs\sources_1\new\apa102_ctrl.vhd:]
WARNING: [filemgmt 56-199] Attempt to get parsing info during refresh. "On-the-fly" syntax checking information may be incorrect. [C:\Users\kille\Documents\GitHub\TFM-UPM\Practica\Prueba1_demo_v1.0\prueba1_demo.srcs\sources_1\new\apa102_ctrl.vhd:]
WARNING: [filemgmt 56-199] Attempt to get parsing info during refresh. "On-the-fly" syntax checking information may be incorrect. [C:\Users\kille\Documents\GitHub\TFM-UPM\Practica\Prueba1_demo_v1.0\prueba1_demo.srcs\sources_1\new\top_system.vhd:]
WARNING: [filemgmt 56-199] Attempt to get parsing info during refresh. "On-the-fly" syntax checking information may be incorrect. [C:\Users\kille\Documents\GitHub\TFM-UPM\Practica\Prueba1_demo_v1.0\prueba1_demo.srcs\sources_1\new\apa102_ctrl.vhd:]
WARNING: [filemgmt 56-199] Attempt to get parsing info during refresh. "On-the-fly" syntax checking information may be incorrect. [C:\Users\kille\Documents\GitHub\TFM-UPM\Practica\Prueba1_demo_v1.0\prueba1_demo.srcs\sources_1\new\i2s_transceiver.vhd:]
WARNING: [filemgmt 56-199] Attempt to get parsing info during refresh. "On-the-fly" syntax checking information may be incorrect. [C:\Users\kille\Documents\GitHub\TFM-UPM\Practica\Prueba1_demo_v1.0\prueba1_demo.srcs\sources_1\new\audio_player.vhd:]
WARNING: [filemgmt 56-199] Attempt to get parsing info during refresh. "On-the-fly" syntax checking information may be incorrect. [C:\Users\kille\Documents\GitHub\TFM-UPM\Practica\Prueba1_demo_v1.0\prueba1_demo.srcs\sources_1\new\tas2110_i2c_ctrl.vhd:]
WARNING: [filemgmt 56-199] Attempt to get parsing info during refresh. "On-the-fly" syntax checking information may be incorrect. [C:\Users\kille\Documents\GitHub\TFM-UPM\Practica\Prueba1_demo_v1.0\prueba1_demo.srcs\sources_1\new\i2s_transceiver.vhd:]
WARNING: [filemgmt 56-199] Attempt to get parsing info during refresh. "On-the-fly" syntax checking information may be incorrect. [C:\Users\kille\Documents\GitHub\TFM-UPM\Practica\Prueba1_demo_v1.0\prueba1_demo.srcs\sources_1\new\i2s_transceiver.vhd:]
WARNING: [filemgmt 56-199] Attempt to get parsing info during refresh. "On-the-fly" syntax checking information may be incorrect. [C:\Users\kille\Documents\GitHub\TFM-UPM\Practica\Prueba1_demo_v1.0\prueba1_demo.srcs\sources_1\new\top_system.vhd:]
WARNING: [filemgmt 56-199] Attempt to get parsing info during refresh. "On-the-fly" syntax checking information may be incorrect. [C:\Users\kille\Documents\GitHub\TFM-UPM\Practica\Prueba1_demo_v1.0\prueba1_demo.srcs\sources_1\new\apa102_ctrl.vhd:]
WARNING: [filemgmt 56-199] Attempt to get parsing info during refresh. "On-the-fly" syntax checking information may be incorrect. [C:\Users\kille\Documents\GitHub\TFM-UPM\Practica\Prueba1_demo_v1.0\prueba1_demo.srcs\sources_1\new\i2s_transceiver.vhd:]
WARNING: [filemgmt 56-199] Attempt to get parsing info during refresh. "On-the-fly" syntax checking information may be incorrect. [C:\Users\kille\Documents\GitHub\TFM-UPM\Practica\Prueba1_demo_v1.0\prueba1_demo.srcs\sources_1\new\audio_player.vhd:]
WARNING: [filemgmt 56-199] Attempt to get parsing info during refresh. "On-the-fly" syntax checking information may be incorrect. [C:\Users\kille\Documents\GitHub\TFM-UPM\Practica\Prueba1_demo_v1.0\prueba1_demo.srcs\sources_1\new\tas2110_i2c_ctrl.vhd:]
WARNING: [filemgmt 56-199] Attempt to get parsing info during refresh. "On-the-fly" syntax checking information may be incorrect. [C:\Users\kille\Documents\GitHub\TFM-UPM\Practica\Prueba1_demo_v1.0\prueba1_demo.srcs\sources_1\new\audio_player.vhd:]
WARNING: [filemgmt 56-199] Attempt to get parsing info during refresh. "On-the-fly" syntax checking information may be incorrect. [C:\Users\kille\Documents\GitHub\TFM-UPM\Practica\Prueba1_demo_v1.0\prueba1_demo.srcs\sources_1\new\audio_player.vhd:]
WARNING: [filemgmt 56-199] Attempt to get parsing info during refresh. "On-the-fly" syntax checking information may be incorrect. [C:\Users\kille\Documents\GitHub\TFM-UPM\Practica\Prueba1_demo_v1.0\prueba1_demo.srcs\sources_1\new\top_system.vhd:]
WARNING: [filemgmt 56-199] Attempt to get parsing info during refresh. "On-the-fly" syntax checking information may be incorrect. [C:\Users\kille\Documents\GitHub\TFM-UPM\Practica\Prueba1_demo_v1.0\prueba1_demo.srcs\sources_1\new\apa102_ctrl.vhd:]
WARNING: [filemgmt 56-199] Attempt to get parsing info during refresh. "On-the-fly" syntax checking information may be incorrect. [C:\Users\kille\Documents\GitHub\TFM-UPM\Practica\Prueba1_demo_v1.0\prueba1_demo.srcs\sources_1\new\i2s_transceiver.vhd:]
WARNING: [filemgmt 56-199] Attempt to get parsing info during refresh. "On-the-fly" syntax checking information may be incorrect. [C:\Users\kille\Documents\GitHub\TFM-UPM\Practica\Prueba1_demo_v1.0\prueba1_demo.srcs\sources_1\new\audio_player.vhd:]
WARNING: [filemgmt 56-199] Attempt to get parsing info during refresh. "On-the-fly" syntax checking information may be incorrect. [C:\Users\kille\Documents\GitHub\TFM-UPM\Practica\Prueba1_demo_v1.0\prueba1_demo.srcs\sources_1\new\tas2110_i2c_ctrl.vhd:]
WARNING: [filemgmt 56-199] Attempt to get parsing info during refresh. "On-the-fly" syntax checking information may be incorrect. [C:\Users\kille\Documents\GitHub\TFM-UPM\Practica\Prueba1_demo_v1.0\prueba1_demo.srcs\sources_1\new\top_system.vhd:]
WARNING: [filemgmt 56-199] Attempt to get parsing info during refresh. "On-the-fly" syntax checking information may be incorrect. [C:\Users\kille\Documents\GitHub\TFM-UPM\Practica\Prueba1_demo_v1.0\prueba1_demo.srcs\sources_1\new\top_system.vhd:]
ERROR: [Common 17-180] Spawn failed: La operación se completó correctamente.

reset_run synth_1
reset_run design_1_top_system_0_1_synth_1
WARNING: [Vivado 12-1017] Problems encountered:
1. Failed to delete one or more files in run directory C:/Users/kille/Documents/GitHub/TFM-UPM/Practica/Prueba1_demo_v1.0/prueba1_demo.runs/design_1_top_system_0_1_synth_1

reset_run design_1_system_ila_0_0_synth_1
WARNING: [Vivado 12-1017] Problems encountered:
1. Failed to delete one or more files in run directory C:/Users/kille/Documents/GitHub/TFM-UPM/Practica/Prueba1_demo_v1.0/prueba1_demo.runs/design_1_system_ila_0_0_synth_1

reset_run design_1_fifo_generator_0_0_synth_1
WARNING: [Vivado 12-1017] Problems encountered:
1. Failed to delete one or more files in run directory C:/Users/kille/Documents/GitHub/TFM-UPM/Practica/Prueba1_demo_v1.0/prueba1_demo.runs/design_1_fifo_generator_0_0_synth_1

reset_run design_1_util_vector_logic_0_0_synth_1
WARNING: [Vivado 12-1017] Problems encountered:
1. Failed to delete one or more files in run directory C:/Users/kille/Documents/GitHub/TFM-UPM/Practica/Prueba1_demo_v1.0/prueba1_demo.runs/design_1_util_vector_logic_0_0_synth_1

set_property USER_LOCKED 1 [get_ips design_1_util_vector_logic_0_0]
INFO: [IP_Flow 19-8015] Moving outputs for IP 'design_1_util_vector_logic_0_0' to 'c:/Users/kille/Documents/GitHub/TFM-UPM/Practica/Prueba1_demo_v1.0/prueba1_demo.srcs/sources_1/bd/design_1/ip/design_1_util_vector_logic_0_0'
CRITICAL WARNING: [IP_Flow 19-4299] Failed to copy 'c:/Users/kille/Documents/GitHub/TFM-UPM/Practica/Prueba1_demo_v1.0/prueba1_demo.gen/sources_1/bd/design_1/ip/design_1_util_vector_logic_0_0/design_1_util_vector_logic_0_0_sim_netlist.vhdl' to 'c:/Users/kille/Documents/GitHub/TFM-UPM/Practica/Prueba1_demo_v1.0/prueba1_demo.srcs/sources_1/bd/design_1/ip/design_1_util_vector_logic_0_0/design_1_util_vector_logic_0_0_sim_netlist.vhdl'
CRITICAL WARNING: [IP_Flow 19-4299] Failed to copy 'c:/Users/kille/Documents/GitHub/TFM-UPM/Practica/Prueba1_demo_v1.0/prueba1_demo.gen/sources_1/bd/design_1/ip/design_1_util_vector_logic_0_0/design_1_util_vector_logic_0_0_sim_netlist.v' to 'c:/Users/kille/Documents/GitHub/TFM-UPM/Practica/Prueba1_demo_v1.0/prueba1_demo.srcs/sources_1/bd/design_1/ip/design_1_util_vector_logic_0_0/design_1_util_vector_logic_0_0_sim_netlist.v'
CRITICAL WARNING: [IP_Flow 19-4299] Failed to copy 'c:/Users/kille/Documents/GitHub/TFM-UPM/Practica/Prueba1_demo_v1.0/prueba1_demo.gen/sources_1/bd/design_1/ip/design_1_util_vector_logic_0_0/design_1_util_vector_logic_0_0_stub.vhdl' to 'c:/Users/kille/Documents/GitHub/TFM-UPM/Practica/Prueba1_demo_v1.0/prueba1_demo.srcs/sources_1/bd/design_1/ip/design_1_util_vector_logic_0_0/design_1_util_vector_logic_0_0_stub.vhdl'
CRITICAL WARNING: [IP_Flow 19-4299] Failed to copy 'c:/Users/kille/Documents/GitHub/TFM-UPM/Practica/Prueba1_demo_v1.0/prueba1_demo.gen/sources_1/bd/design_1/ip/design_1_util_vector_logic_0_0/design_1_util_vector_logic_0_0_stub.v' to 'c:/Users/kille/Documents/GitHub/TFM-UPM/Practica/Prueba1_demo_v1.0/prueba1_demo.srcs/sources_1/bd/design_1/ip/design_1_util_vector_logic_0_0/design_1_util_vector_logic_0_0_stub.v'
CRITICAL WARNING: [IP_Flow 19-4299] Failed to copy 'c:/Users/kille/Documents/GitHub/TFM-UPM/Practica/Prueba1_demo_v1.0/prueba1_demo.gen/sources_1/bd/design_1/ip/design_1_util_vector_logic_0_0/design_1_util_vector_logic_0_0.dcp' to 'c:/Users/kille/Documents/GitHub/TFM-UPM/Practica/Prueba1_demo_v1.0/prueba1_demo.srcs/sources_1/bd/design_1/ip/design_1_util_vector_logic_0_0/design_1_util_vector_logic_0_0.dcp'
report_ip_status -name ip_status 
validate_bd_design -force
WARNING: [BD 41-1781] Updates have been made to one or more nets/interface connections marked for debug.
Debug nets, which are already connected to any ILA IP core in the block-design, will be automatically available for debug in Hardware Manager.
For unconnected Debug nets, please open synthesized design and use 'Set Up Debug' wizard to insert, modify or delete Debug Cores. 
INFO: [xilinx.com:ip:clk_wiz:6.0-1] /clk_wiz_0 clk_wiz propagate
save_bd_design
Wrote  : <C:\Users\kille\Documents\GitHub\TFM-UPM\Practica\Prueba1_demo_v1.0\prueba1_demo.srcs\sources_1\bd\design_1\design_1.bd> 
launch_runs impl_1 -to_step write_bitstream -jobs 12
INFO: [BD 41-1662] The design 'design_1.bd' is already validated. Therefore parameter propagation will not be re-run.
WARNING: [BD 41-3257] Drive strength cannot be preserved for ports connected to net btn_center_0_0_1 as it is marked for debug
WARNING: [BD 41-3256] Drive strength cannot be preserved for ports connected to net btn_right_0_0_1 as it connected to debug IP /system_ila_1 
WARNING: [BD 41-3256] Drive strength cannot be preserved for ports connected to net clk_100Mhz_0_1 as it connected to debug IP /system_ila_0 
WARNING: [BD 41-3257] Drive strength cannot be preserved for ports connected to net top_system_0_dbg_scl_out as it is marked for debug
WARNING: [BD 41-3257] Drive strength cannot be preserved for ports connected to net top_system_0_dbg_sda_out as it is marked for debug
WARNING: [BD 41-3257] Drive strength cannot be preserved for ports connected to net top_system_0_i2s_dout as it is marked for debug
WARNING: [BD 41-3256] Drive strength cannot be preserved for ports connected to net top_system_0_led_clk as it connected to debug IP /system_ila_0 
WARNING: [BD 41-3257] Drive strength cannot be preserved for ports connected to net top_system_0_led_data as it is marked for debug
VHDL Output written to : c:/Users/kille/Documents/GitHub/TFM-UPM/Practica/Prueba1_demo_v1.0/prueba1_demo.gen/sources_1/bd/design_1/synth/design_1.vhd
WARNING: [BD 41-3257] Drive strength cannot be preserved for ports connected to net btn_center_0_0_1 as it is marked for debug
WARNING: [BD 41-3256] Drive strength cannot be preserved for ports connected to net btn_right_0_0_1 as it connected to debug IP /system_ila_1 
WARNING: [BD 41-3256] Drive strength cannot be preserved for ports connected to net clk_100Mhz_0_1 as it connected to debug IP /system_ila_0 
WARNING: [BD 41-3257] Drive strength cannot be preserved for ports connected to net top_system_0_dbg_scl_out as it is marked for debug
WARNING: [BD 41-3257] Drive strength cannot be preserved for ports connected to net top_system_0_dbg_sda_out as it is marked for debug
WARNING: [BD 41-3257] Drive strength cannot be preserved for ports connected to net top_system_0_i2s_dout as it is marked for debug
WARNING: [BD 41-3256] Drive strength cannot be preserved for ports connected to net top_system_0_led_clk as it connected to debug IP /system_ila_0 
WARNING: [BD 41-3257] Drive strength cannot be preserved for ports connected to net top_system_0_led_data as it is marked for debug
VHDL Output written to : c:/Users/kille/Documents/GitHub/TFM-UPM/Practica/Prueba1_demo_v1.0/prueba1_demo.gen/sources_1/bd/design_1/sim/design_1.vhd
VHDL Output written to : c:/Users/kille/Documents/GitHub/TFM-UPM/Practica/Prueba1_demo_v1.0/prueba1_demo.gen/sources_1/bd/design_1/hdl/design_1_wrapper.vhd
INFO: [BD 41-1637] Generated targets are already up-to-date for block design 'bd_f60c' - hence not re-generating.
INFO: [BD 41-1637] Generated targets are already up-to-date for block design 'bd_f69c' - hence not re-generating.
INFO: [BD 41-1982] Skipping generation for the cell util_vector_logic_0, which is locked by user.
Exporting to file c:/Users/kille/Documents/GitHub/TFM-UPM/Practica/Prueba1_demo_v1.0/prueba1_demo.gen/sources_1/bd/design_1/hw_handoff/design_1.hwh
Generated Hardware Definition File c:/Users/kille/Documents/GitHub/TFM-UPM/Practica/Prueba1_demo_v1.0/prueba1_demo.gen/sources_1/bd/design_1/synth/design_1.hwdef
WARNING: [Vivado 12-4802] The synthesis checkpoint for IP 'c:/Users/kille/Documents/GitHub/TFM-UPM/Practica/Prueba1_demo_v1.0/prueba1_demo.srcs/sources_1/bd/design_1/ip/design_1_util_vector_logic_0_0/design_1_util_vector_logic_0_0.xci' is not generated and IP is locked. An out-of-context (OOC) run will be created and/or launched, but synthesis may not be able to complete or could result in incorrect behavior.
Please select 'Report IP Status' from the 'Tools/Report' menu or run Tcl command 'report_ip_status' for more information.
WARNING: [Project 1-576] IP 'c:/Users/kille/Documents/GitHub/TFM-UPM/Practica/Prueba1_demo_v1.0/prueba1_demo.srcs/sources_1/bd/design_1/ip/design_1_util_vector_logic_0_0/design_1_util_vector_logic_0_0.xci' in run design_1_util_vector_logic_0_0_synth_1 is locked, no out-of-context (OOC) run will be launched. The run may not be able to complete.
Please select 'Report IP Status' from 'Tools/Report' or run the Tcl command 'report_ip_status' for more information.
WARNING: [Project 1-576] IP 'c:/Users/kille/Documents/GitHub/TFM-UPM/Practica/Prueba1_demo_v1.0/prueba1_demo.srcs/sources_1/bd/design_1/ip/design_1_util_vector_logic_0_0/design_1_util_vector_logic_0_0.xci' in run design_1_util_vector_logic_0_0_synth_1 is locked, no out-of-context (OOC) run will be launched. The run may not be able to complete.
Please select 'Report IP Status' from 'Tools/Report' or run the Tcl command 'report_ip_status' for more information.
[Wed Aug  5 18:25:20 2026] Launched design_1_top_system_0_1_synth_1, design_1_system_ila_0_0_synth_1, design_1_fifo_generator_0_0_synth_1, design_1_util_vector_logic_0_0_synth_1, synth_1...
Run output will be captured here:
design_1_top_system_0_1_synth_1: C:/Users/kille/Documents/GitHub/TFM-UPM/Practica/Prueba1_demo_v1.0/prueba1_demo.runs/design_1_top_system_0_1_synth_1/runme.log
design_1_system_ila_0_0_synth_1: C:/Users/kille/Documents/GitHub/TFM-UPM/Practica/Prueba1_demo_v1.0/prueba1_demo.runs/design_1_system_ila_0_0_synth_1/runme.log
design_1_fifo_generator_0_0_synth_1: C:/Users/kille/Documents/GitHub/TFM-UPM/Practica/Prueba1_demo_v1.0/prueba1_demo.runs/design_1_fifo_generator_0_0_synth_1/runme.log
design_1_util_vector_logic_0_0_synth_1: C:/Users/kille/Documents/GitHub/TFM-UPM/Practica/Prueba1_demo_v1.0/prueba1_demo.runs/design_1_util_vector_logic_0_0_synth_1/runme.log
synth_1: C:/Users/kille/Documents/GitHub/TFM-UPM/Practica/Prueba1_demo_v1.0/prueba1_demo.runs/synth_1/runme.log
WARNING: [filemgmt 56-199] Attempt to get parsing info during refresh. "On-the-fly" syntax checking information may be incorrect. [C:\Users\kille\Documents\GitHub\TFM-UPM\Practica\Prueba1_demo_v1.0\prueba1_demo.srcs\sources_1\new\top_system.vhd:]
WARNING: [filemgmt 56-199] Attempt to get parsing info during refresh. "On-the-fly" syntax checking information may be incorrect. [C:\Users\kille\Documents\GitHub\TFM-UPM\Practica\Prueba1_demo_v1.0\prueba1_demo.srcs\sources_1\new\apa102_ctrl.vhd:]
WARNING: [filemgmt 56-199] Attempt to get parsing info during refresh. "On-the-fly" syntax checking information may be incorrect. [C:\Users\kille\Documents\GitHub\TFM-UPM\Practica\Prueba1_demo_v1.0\prueba1_demo.srcs\sources_1\new\i2s_transceiver.vhd:]
WARNING: [filemgmt 56-199] Attempt to get parsing info during refresh. "On-the-fly" syntax checking information may be incorrect. [C:\Users\kille\Documents\GitHub\TFM-UPM\Practica\Prueba1_demo_v1.0\prueba1_demo.srcs\sources_1\new\audio_player.vhd:]
WARNING: [filemgmt 56-199] Attempt to get parsing info during refresh. "On-the-fly" syntax checking information may be incorrect. [C:\Users\kille\Documents\GitHub\TFM-UPM\Practica\Prueba1_demo_v1.0\prueba1_demo.srcs\sources_1\new\tas2110_i2c_ctrl.vhd:]
WARNING: [filemgmt 56-199] Attempt to get parsing info during refresh. "On-the-fly" syntax checking information may be incorrect. [C:\Users\kille\Documents\GitHub\TFM-UPM\Practica\Prueba1_demo_v1.0\prueba1_demo.srcs\sources_1\new\i2s_transceiver.vhd:]
WARNING: [filemgmt 56-199] Attempt to get parsing info during refresh. "On-the-fly" syntax checking information may be incorrect. [C:\Users\kille\Documents\GitHub\TFM-UPM\Practica\Prueba1_demo_v1.0\prueba1_demo.srcs\sources_1\new\i2s_transceiver.vhd:]
WARNING: [filemgmt 56-199] Attempt to get parsing info during refresh. "On-the-fly" syntax checking information may be incorrect. [C:\Users\kille\Documents\GitHub\TFM-UPM\Practica\Prueba1_demo_v1.0\prueba1_demo.srcs\sources_1\new\top_system.vhd:]
WARNING: [filemgmt 56-199] Attempt to get parsing info during refresh. "On-the-fly" syntax checking information may be incorrect. [C:\Users\kille\Documents\GitHub\TFM-UPM\Practica\Prueba1_demo_v1.0\prueba1_demo.srcs\sources_1\new\apa102_ctrl.vhd:]
WARNING: [filemgmt 56-199] Attempt to get parsing info during refresh. "On-the-fly" syntax checking information may be incorrect. [C:\Users\kille\Documents\GitHub\TFM-UPM\Practica\Prueba1_demo_v1.0\prueba1_demo.srcs\sources_1\new\i2s_transceiver.vhd:]
WARNING: [filemgmt 56-199] Attempt to get parsing info during refresh. "On-the-fly" syntax checking information may be incorrect. [C:\Users\kille\Documents\GitHub\TFM-UPM\Practica\Prueba1_demo_v1.0\prueba1_demo.srcs\sources_1\new\audio_player.vhd:]
WARNING: [filemgmt 56-199] Attempt to get parsing info during refresh. "On-the-fly" syntax checking information may be incorrect. [C:\Users\kille\Documents\GitHub\TFM-UPM\Practica\Prueba1_demo_v1.0\prueba1_demo.srcs\sources_1\new\tas2110_i2c_ctrl.vhd:]
WARNING: [filemgmt 56-199] Attempt to get parsing info during refresh. "On-the-fly" syntax checking information may be incorrect. [C:\Users\kille\Documents\GitHub\TFM-UPM\Practica\Prueba1_demo_v1.0\prueba1_demo.srcs\sources_1\new\apa102_ctrl.vhd:]
WARNING: [filemgmt 56-199] Attempt to get parsing info during refresh. "On-the-fly" syntax checking information may be incorrect. [C:\Users\kille\Documents\GitHub\TFM-UPM\Practica\Prueba1_demo_v1.0\prueba1_demo.srcs\sources_1\new\apa102_ctrl.vhd:]
WARNING: [filemgmt 56-199] Attempt to get parsing info during refresh. "On-the-fly" syntax checking information may be incorrect. [C:\Users\kille\Documents\GitHub\TFM-UPM\Practica\Prueba1_demo_v1.0\prueba1_demo.srcs\sources_1\new\top_system.vhd:]
WARNING: [filemgmt 56-199] Attempt to get parsing info during refresh. "On-the-fly" syntax checking information may be incorrect. [C:\Users\kille\Documents\GitHub\TFM-UPM\Practica\Prueba1_demo_v1.0\prueba1_demo.srcs\sources_1\new\apa102_ctrl.vhd:]
WARNING: [filemgmt 56-199] Attempt to get parsing info during refresh. "On-the-fly" syntax checking information may be incorrect. [C:\Users\kille\Documents\GitHub\TFM-UPM\Practica\Prueba1_demo_v1.0\prueba1_demo.srcs\sources_1\new\i2s_transceiver.vhd:]
WARNING: [filemgmt 56-199] Attempt to get parsing info during refresh. "On-the-fly" syntax checking information may be incorrect. [C:\Users\kille\Documents\GitHub\TFM-UPM\Practica\Prueba1_demo_v1.0\prueba1_demo.srcs\sources_1\new\audio_player.vhd:]
WARNING: [filemgmt 56-199] Attempt to get parsing info during refresh. "On-the-fly" syntax checking information may be incorrect. [C:\Users\kille\Documents\GitHub\TFM-UPM\Practica\Prueba1_demo_v1.0\prueba1_demo.srcs\sources_1\new\tas2110_i2c_ctrl.vhd:]
WARNING: [filemgmt 56-199] Attempt to get parsing info during refresh. "On-the-fly" syntax checking information may be incorrect. [C:\Users\kille\Documents\GitHub\TFM-UPM\Practica\Prueba1_demo_v1.0\prueba1_demo.srcs\sources_1\new\audio_player.vhd:]
WARNING: [filemgmt 56-199] Attempt to get parsing info during refresh. "On-the-fly" syntax checking information may be incorrect. [C:\Users\kille\Documents\GitHub\TFM-UPM\Practica\Prueba1_demo_v1.0\prueba1_demo.srcs\sources_1\new\audio_player.vhd:]
[Wed Aug  5 18:25:20 2026] Launched impl_1...
Run output will be captured here: C:/Users/kille/Documents/GitHub/TFM-UPM/Practica/Prueba1_demo_v1.0/prueba1_demo.runs/impl_1/runme.log
launch_runs: Time (s): cpu = 00:00:03 ; elapsed = 00:00:06 . Memory (MB): peak = 2449.277 ; gain = 0.000
ERROR: [Common 17-180] Spawn failed: La operación se completó correctamente.

WARNING: [filemgmt 56-199] Attempt to get parsing info during refresh. "On-the-fly" syntax checking information may be incorrect. [C:\Users\kille\Documents\GitHub\TFM-UPM\Practica\Prueba1_demo_v1.0\prueba1_demo.srcs\sources_1\new\top_system.vhd:]
WARNING: [filemgmt 56-199] Attempt to get parsing info during refresh. "On-the-fly" syntax checking information may be incorrect. [C:\Users\kille\Documents\GitHub\TFM-UPM\Practica\Prueba1_demo_v1.0\prueba1_demo.srcs\sources_1\new\apa102_ctrl.vhd:]
WARNING: [filemgmt 56-199] Attempt to get parsing info during refresh. "On-the-fly" syntax checking information may be incorrect. [C:\Users\kille\Documents\GitHub\TFM-UPM\Practica\Prueba1_demo_v1.0\prueba1_demo.srcs\sources_1\new\i2s_transceiver.vhd:]
WARNING: [filemgmt 56-199] Attempt to get parsing info during refresh. "On-the-fly" syntax checking information may be incorrect. [C:\Users\kille\Documents\GitHub\TFM-UPM\Practica\Prueba1_demo_v1.0\prueba1_demo.srcs\sources_1\new\audio_player.vhd:]
WARNING: [filemgmt 56-199] Attempt to get parsing info during refresh. "On-the-fly" syntax checking information may be incorrect. [C:\Users\kille\Documents\GitHub\TFM-UPM\Practica\Prueba1_demo_v1.0\prueba1_demo.srcs\sources_1\new\tas2110_i2c_ctrl.vhd:]
WARNING: [filemgmt 56-199] Attempt to get parsing info during refresh. "On-the-fly" syntax checking information may be incorrect. [C:\Users\kille\Documents\GitHub\TFM-UPM\Practica\Prueba1_demo_v1.0\prueba1_demo.srcs\sources_1\new\audio_player.vhd:]
WARNING: [filemgmt 56-199] Attempt to get parsing info during refresh. "On-the-fly" syntax checking information may be incorrect. [C:\Users\kille\Documents\GitHub\TFM-UPM\Practica\Prueba1_demo_v1.0\prueba1_demo.srcs\sources_1\new\audio_player.vhd:]
WARNING: [filemgmt 56-199] Attempt to get parsing info during refresh. "On-the-fly" syntax checking information may be incorrect. [C:\Users\kille\Documents\GitHub\TFM-UPM\Practica\Prueba1_demo_v1.0\prueba1_demo.srcs\sources_1\new\top_system.vhd:]
WARNING: [filemgmt 56-199] Attempt to get parsing info during refresh. "On-the-fly" syntax checking information may be incorrect. [C:\Users\kille\Documents\GitHub\TFM-UPM\Practica\Prueba1_demo_v1.0\prueba1_demo.srcs\sources_1\new\apa102_ctrl.vhd:]
WARNING: [filemgmt 56-199] Attempt to get parsing info during refresh. "On-the-fly" syntax checking information may be incorrect. [C:\Users\kille\Documents\GitHub\TFM-UPM\Practica\Prueba1_demo_v1.0\prueba1_demo.srcs\sources_1\new\i2s_transceiver.vhd:]
WARNING: [filemgmt 56-199] Attempt to get parsing info during refresh. "On-the-fly" syntax checking information may be incorrect. [C:\Users\kille\Documents\GitHub\TFM-UPM\Practica\Prueba1_demo_v1.0\prueba1_demo.srcs\sources_1\new\audio_player.vhd:]
WARNING: [filemgmt 56-199] Attempt to get parsing info during refresh. "On-the-fly" syntax checking information may be incorrect. [C:\Users\kille\Documents\GitHub\TFM-UPM\Practica\Prueba1_demo_v1.0\prueba1_demo.srcs\sources_1\new\tas2110_i2c_ctrl.vhd:]
WARNING: [filemgmt 56-199] Attempt to get parsing info during refresh. "On-the-fly" syntax checking information may be incorrect. [C:\Users\kille\Documents\GitHub\TFM-UPM\Practica\Prueba1_demo_v1.0\prueba1_demo.srcs\sources_1\new\top_system.vhd:]
WARNING: [filemgmt 56-199] Attempt to get parsing info during refresh. "On-the-fly" syntax checking information may be incorrect. [C:\Users\kille\Documents\GitHub\TFM-UPM\Practica\Prueba1_demo_v1.0\prueba1_demo.srcs\sources_1\new\top_system.vhd:]
WARNING: [filemgmt 56-199] Attempt to get parsing info during refresh. "On-the-fly" syntax checking information may be incorrect. [C:\Users\kille\Documents\GitHub\TFM-UPM\Practica\Prueba1_demo_v1.0\prueba1_demo.srcs\sources_1\new\top_system.vhd:]
WARNING: [filemgmt 56-199] Attempt to get parsing info during refresh. "On-the-fly" syntax checking information may be incorrect. [C:\Users\kille\Documents\GitHub\TFM-UPM\Practica\Prueba1_demo_v1.0\prueba1_demo.srcs\sources_1\new\apa102_ctrl.vhd:]
WARNING: [filemgmt 56-199] Attempt to get parsing info during refresh. "On-the-fly" syntax checking information may be incorrect. [C:\Users\kille\Documents\GitHub\TFM-UPM\Practica\Prueba1_demo_v1.0\prueba1_demo.srcs\sources_1\new\i2s_transceiver.vhd:]
WARNING: [filemgmt 56-199] Attempt to get parsing info during refresh. "On-the-fly" syntax checking information may be incorrect. [C:\Users\kille\Documents\GitHub\TFM-UPM\Practica\Prueba1_demo_v1.0\prueba1_demo.srcs\sources_1\new\audio_player.vhd:]
WARNING: [filemgmt 56-199] Attempt to get parsing info during refresh. "On-the-fly" syntax checking information may be incorrect. [C:\Users\kille\Documents\GitHub\TFM-UPM\Practica\Prueba1_demo_v1.0\prueba1_demo.srcs\sources_1\new\tas2110_i2c_ctrl.vhd:]
WARNING: [filemgmt 56-199] Attempt to get parsing info during refresh. "On-the-fly" syntax checking information may be incorrect. [C:\Users\kille\Documents\GitHub\TFM-UPM\Practica\Prueba1_demo_v1.0\prueba1_demo.srcs\sources_1\new\apa102_ctrl.vhd:]
WARNING: [filemgmt 56-199] Attempt to get parsing info during refresh. "On-the-fly" syntax checking information may be incorrect. [C:\Users\kille\Documents\GitHub\TFM-UPM\Practica\Prueba1_demo_v1.0\prueba1_demo.srcs\sources_1\new\apa102_ctrl.vhd:]
WARNING: [filemgmt 56-199] Attempt to get parsing info during refresh. "On-the-fly" syntax checking information may be incorrect. [C:\Users\kille\Documents\GitHub\TFM-UPM\Practica\Prueba1_demo_v1.0\prueba1_demo.srcs\sources_1\new\top_system.vhd:]
WARNING: [filemgmt 56-199] Attempt to get parsing info during refresh. "On-the-fly" syntax checking information may be incorrect. [C:\Users\kille\Documents\GitHub\TFM-UPM\Practica\Prueba1_demo_v1.0\prueba1_demo.srcs\sources_1\new\apa102_ctrl.vhd:]
WARNING: [filemgmt 56-199] Attempt to get parsing info during refresh. "On-the-fly" syntax checking information may be incorrect. [C:\Users\kille\Documents\GitHub\TFM-UPM\Practica\Prueba1_demo_v1.0\prueba1_demo.srcs\sources_1\new\i2s_transceiver.vhd:]
WARNING: [filemgmt 56-199] Attempt to get parsing info during refresh. "On-the-fly" syntax checking information may be incorrect. [C:\Users\kille\Documents\GitHub\TFM-UPM\Practica\Prueba1_demo_v1.0\prueba1_demo.srcs\sources_1\new\audio_player.vhd:]
WARNING: [filemgmt 56-199] Attempt to get parsing info during refresh. "On-the-fly" syntax checking information may be incorrect. [C:\Users\kille\Documents\GitHub\TFM-UPM\Practica\Prueba1_demo_v1.0\prueba1_demo.srcs\sources_1\new\tas2110_i2c_ctrl.vhd:]
WARNING: [filemgmt 56-199] Attempt to get parsing info during refresh. "On-the-fly" syntax checking information may be incorrect. [C:\Users\kille\Documents\GitHub\TFM-UPM\Practica\Prueba1_demo_v1.0\prueba1_demo.srcs\sources_1\new\i2s_transceiver.vhd:]
WARNING: [filemgmt 56-199] Attempt to get parsing info during refresh. "On-the-fly" syntax checking information may be incorrect. [C:\Users\kille\Documents\GitHub\TFM-UPM\Practica\Prueba1_demo_v1.0\prueba1_demo.srcs\sources_1\new\i2s_transceiver.vhd:]
WARNING: [filemgmt 56-199] Attempt to get parsing info during refresh. "On-the-fly" syntax checking information may be incorrect. [C:\Users\kille\Documents\GitHub\TFM-UPM\Practica\Prueba1_demo_v1.0\prueba1_demo.srcs\sources_1\new\top_system.vhd:]
WARNING: [filemgmt 56-199] Attempt to get parsing info during refresh. "On-the-fly" syntax checking information may be incorrect. [C:\Users\kille\Documents\GitHub\TFM-UPM\Practica\Prueba1_demo_v1.0\prueba1_demo.srcs\sources_1\new\apa102_ctrl.vhd:]
WARNING: [filemgmt 56-199] Attempt to get parsing info during refresh. "On-the-fly" syntax checking information may be incorrect. [C:\Users\kille\Documents\GitHub\TFM-UPM\Practica\Prueba1_demo_v1.0\prueba1_demo.srcs\sources_1\new\i2s_transceiver.vhd:]
WARNING: [filemgmt 56-199] Attempt to get parsing info during refresh. "On-the-fly" syntax checking information may be incorrect. [C:\Users\kille\Documents\GitHub\TFM-UPM\Practica\Prueba1_demo_v1.0\prueba1_demo.srcs\sources_1\new\audio_player.vhd:]
WARNING: [filemgmt 56-199] Attempt to get parsing info during refresh. "On-the-fly" syntax checking information may be incorrect. [C:\Users\kille\Documents\GitHub\TFM-UPM\Practica\Prueba1_demo_v1.0\prueba1_demo.srcs\sources_1\new\tas2110_i2c_ctrl.vhd:]
WARNING: [filemgmt 56-199] Attempt to get parsing info during refresh. "On-the-fly" syntax checking information may be incorrect. [C:\Users\kille\Documents\GitHub\TFM-UPM\Practica\Prueba1_demo_v1.0\prueba1_demo.srcs\sources_1\new\audio_player.vhd:]
WARNING: [filemgmt 56-199] Attempt to get parsing info during refresh. "On-the-fly" syntax checking information may be incorrect. [C:\Users\kille\Documents\GitHub\TFM-UPM\Practica\Prueba1_demo_v1.0\prueba1_demo.srcs\sources_1\new\audio_player.vhd:]
WARNING: [filemgmt 56-199] Attempt to get parsing info during refresh. "On-the-fly" syntax checking information may be incorrect. [C:\Users\kille\Documents\GitHub\TFM-UPM\Practica\Prueba1_demo_v1.0\prueba1_demo.srcs\sources_1\new\top_system.vhd:]
WARNING: [filemgmt 56-199] Attempt to get parsing info during refresh. "On-the-fly" syntax checking information may be incorrect. [C:\Users\kille\Documents\GitHub\TFM-UPM\Practica\Prueba1_demo_v1.0\prueba1_demo.srcs\sources_1\new\apa102_ctrl.vhd:]
WARNING: [filemgmt 56-199] Attempt to get parsing info during refresh. "On-the-fly" syntax checking information may be incorrect. [C:\Users\kille\Documents\GitHub\TFM-UPM\Practica\Prueba1_demo_v1.0\prueba1_demo.srcs\sources_1\new\i2s_transceiver.vhd:]
WARNING: [filemgmt 56-199] Attempt to get parsing info during refresh. "On-the-fly" syntax checking information may be incorrect. [C:\Users\kille\Documents\GitHub\TFM-UPM\Practica\Prueba1_demo_v1.0\prueba1_demo.srcs\sources_1\new\audio_player.vhd:]
WARNING: [filemgmt 56-199] Attempt to get parsing info during refresh. "On-the-fly" syntax checking information may be incorrect. [C:\Users\kille\Documents\GitHub\TFM-UPM\Practica\Prueba1_demo_v1.0\prueba1_demo.srcs\sources_1\new\tas2110_i2c_ctrl.vhd:]
WARNING: [filemgmt 56-199] Attempt to get parsing info during refresh. "On-the-fly" syntax checking information may be incorrect. [C:\Users\kille\Documents\GitHub\TFM-UPM\Practica\Prueba1_demo_v1.0\prueba1_demo.srcs\sources_1\new\tas2110_i2c_ctrl.vhd:]
WARNING: [filemgmt 56-199] Attempt to get parsing info during refresh. "On-the-fly" syntax checking information may be incorrect. [C:\Users\kille\Documents\GitHub\TFM-UPM\Practica\Prueba1_demo_v1.0\prueba1_demo.srcs\sources_1\new\tas2110_i2c_ctrl.vhd:]
WARNING: [filemgmt 56-199] Attempt to get parsing info during refresh. "On-the-fly" syntax checking information may be incorrect. [C:\Users\kille\Documents\GitHub\TFM-UPM\Practica\Prueba1_demo_v1.0\prueba1_demo.srcs\sources_1\new\top_system.vhd:]
WARNING: [filemgmt 56-199] Attempt to get parsing info during refresh. "On-the-fly" syntax checking information may be incorrect. [C:\Users\kille\Documents\GitHub\TFM-UPM\Practica\Prueba1_demo_v1.0\prueba1_demo.srcs\sources_1\new\apa102_ctrl.vhd:]
WARNING: [filemgmt 56-199] Attempt to get parsing info during refresh. "On-the-fly" syntax checking information may be incorrect. [C:\Users\kille\Documents\GitHub\TFM-UPM\Practica\Prueba1_demo_v1.0\prueba1_demo.srcs\sources_1\new\i2s_transceiver.vhd:]
WARNING: [filemgmt 56-199] Attempt to get parsing info during refresh. "On-the-fly" syntax checking information may be incorrect. [C:\Users\kille\Documents\GitHub\TFM-UPM\Practica\Prueba1_demo_v1.0\prueba1_demo.srcs\sources_1\new\audio_player.vhd:]
WARNING: [filemgmt 56-199] Attempt to get parsing info during refresh. "On-the-fly" syntax checking information may be incorrect. [C:\Users\kille\Documents\GitHub\TFM-UPM\Practica\Prueba1_demo_v1.0\prueba1_demo.srcs\sources_1\new\tas2110_i2c_ctrl.vhd:]
WARNING: [filemgmt 56-199] Attempt to get parsing info during refresh. "On-the-fly" syntax checking information may be incorrect. [C:\Users\kille\Documents\GitHub\TFM-UPM\Practica\Prueba1_demo_v1.0\prueba1_demo.srcs\sources_1\new\i2s_transceiver.vhd:]
WARNING: [filemgmt 56-199] Attempt to get parsing info during refresh. "On-the-fly" syntax checking information may be incorrect. [C:\Users\kille\Documents\GitHub\TFM-UPM\Practica\Prueba1_demo_v1.0\prueba1_demo.srcs\sources_1\new\i2s_transceiver.vhd:]
WARNING: [filemgmt 56-199] Attempt to get parsing info during refresh. "On-the-fly" syntax checking information may be incorrect. [C:\Users\kille\Documents\GitHub\TFM-UPM\Practica\Prueba1_demo_v1.0\prueba1_demo.srcs\sources_1\new\top_system.vhd:]
WARNING: [filemgmt 56-199] Attempt to get parsing info during refresh. "On-the-fly" syntax checking information may be incorrect. [C:\Users\kille\Documents\GitHub\TFM-UPM\Practica\Prueba1_demo_v1.0\prueba1_demo.srcs\sources_1\new\apa102_ctrl.vhd:]
WARNING: [filemgmt 56-199] Attempt to get parsing info during refresh. "On-the-fly" syntax checking information may be incorrect. [C:\Users\kille\Documents\GitHub\TFM-UPM\Practica\Prueba1_demo_v1.0\prueba1_demo.srcs\sources_1\new\i2s_transceiver.vhd:]
WARNING: [filemgmt 56-199] Attempt to get parsing info during refresh. "On-the-fly" syntax checking information may be incorrect. [C:\Users\kille\Documents\GitHub\TFM-UPM\Practica\Prueba1_demo_v1.0\prueba1_demo.srcs\sources_1\new\audio_player.vhd:]
WARNING: [filemgmt 56-199] Attempt to get parsing info during refresh. "On-the-fly" syntax checking information may be incorrect. [C:\Users\kille\Documents\GitHub\TFM-UPM\Practica\Prueba1_demo_v1.0\prueba1_demo.srcs\sources_1\new\tas2110_i2c_ctrl.vhd:]
WARNING: [filemgmt 56-199] Attempt to get parsing info during refresh. "On-the-fly" syntax checking information may be incorrect. [C:\Users\kille\Documents\GitHub\TFM-UPM\Practica\Prueba1_demo_v1.0\prueba1_demo.srcs\sources_1\new\top_system.vhd:]
WARNING: [filemgmt 56-199] Attempt to get parsing info during refresh. "On-the-fly" syntax checking information may be incorrect. [C:\Users\kille\Documents\GitHub\TFM-UPM\Practica\Prueba1_demo_v1.0\prueba1_demo.srcs\sources_1\new\top_system.vhd:]
WARNING: [filemgmt 56-199] Attempt to get parsing info during refresh. "On-the-fly" syntax checking information may be incorrect. [C:\Users\kille\Documents\GitHub\TFM-UPM\Practica\Prueba1_demo_v1.0\prueba1_demo.srcs\sources_1\new\top_system.vhd:]
WARNING: [filemgmt 56-199] Attempt to get parsing info during refresh. "On-the-fly" syntax checking information may be incorrect. [C:\Users\kille\Documents\GitHub\TFM-UPM\Practica\Prueba1_demo_v1.0\prueba1_demo.srcs\sources_1\new\apa102_ctrl.vhd:]
WARNING: [filemgmt 56-199] Attempt to get parsing info during refresh. "On-the-fly" syntax checking information may be incorrect. [C:\Users\kille\Documents\GitHub\TFM-UPM\Practica\Prueba1_demo_v1.0\prueba1_demo.srcs\sources_1\new\i2s_transceiver.vhd:]
WARNING: [filemgmt 56-199] Attempt to get parsing info during refresh. "On-the-fly" syntax checking information may be incorrect. [C:\Users\kille\Documents\GitHub\TFM-UPM\Practica\Prueba1_demo_v1.0\prueba1_demo.srcs\sources_1\new\audio_player.vhd:]
WARNING: [filemgmt 56-199] Attempt to get parsing info during refresh. "On-the-fly" syntax checking information may be incorrect. [C:\Users\kille\Documents\GitHub\TFM-UPM\Practica\Prueba1_demo_v1.0\prueba1_demo.srcs\sources_1\new\tas2110_i2c_ctrl.vhd:]
WARNING: [filemgmt 56-199] Attempt to get parsing info during refresh. "On-the-fly" syntax checking information may be incorrect. [C:\Users\kille\Documents\GitHub\TFM-UPM\Practica\Prueba1_demo_v1.0\prueba1_demo.srcs\sources_1\new\apa102_ctrl.vhd:]
WARNING: [filemgmt 56-199] Attempt to get parsing info during refresh. "On-the-fly" syntax checking information may be incorrect. [C:\Users\kille\Documents\GitHub\TFM-UPM\Practica\Prueba1_demo_v1.0\prueba1_demo.srcs\sources_1\new\apa102_ctrl.vhd:]
WARNING: [filemgmt 56-199] Attempt to get parsing info during refresh. "On-the-fly" syntax checking information may be incorrect. [C:\Users\kille\Documents\GitHub\TFM-UPM\Practica\Prueba1_demo_v1.0\prueba1_demo.srcs\sources_1\new\top_system.vhd:]
WARNING: [filemgmt 56-199] Attempt to get parsing info during refresh. "On-the-fly" syntax checking information may be incorrect. [C:\Users\kille\Documents\GitHub\TFM-UPM\Practica\Prueba1_demo_v1.0\prueba1_demo.srcs\sources_1\new\apa102_ctrl.vhd:]
WARNING: [filemgmt 56-199] Attempt to get parsing info during refresh. "On-the-fly" syntax checking information may be incorrect. [C:\Users\kille\Documents\GitHub\TFM-UPM\Practica\Prueba1_demo_v1.0\prueba1_demo.srcs\sources_1\new\i2s_transceiver.vhd:]
WARNING: [filemgmt 56-199] Attempt to get parsing info during refresh. "On-the-fly" syntax checking information may be incorrect. [C:\Users\kille\Documents\GitHub\TFM-UPM\Practica\Prueba1_demo_v1.0\prueba1_demo.srcs\sources_1\new\audio_player.vhd:]
WARNING: [filemgmt 56-199] Attempt to get parsing info during refresh. "On-the-fly" syntax checking information may be incorrect. [C:\Users\kille\Documents\GitHub\TFM-UPM\Practica\Prueba1_demo_v1.0\prueba1_demo.srcs\sources_1\new\tas2110_i2c_ctrl.vhd:]
WARNING: [filemgmt 56-199] Attempt to get parsing info during refresh. "On-the-fly" syntax checking information may be incorrect. [C:\Users\kille\Documents\GitHub\TFM-UPM\Practica\Prueba1_demo_v1.0\prueba1_demo.srcs\sources_1\new\apa102_ctrl.vhd:]
WARNING: [filemgmt 56-199] Attempt to get parsing info during refresh. "On-the-fly" syntax checking information may be incorrect. [C:\Users\kille\Documents\GitHub\TFM-UPM\Practica\Prueba1_demo_v1.0\prueba1_demo.srcs\sources_1\new\apa102_ctrl.vhd:]
WARNING: [filemgmt 56-199] Attempt to get parsing info during refresh. "On-the-fly" syntax checking information may be incorrect. [C:\Users\kille\Documents\GitHub\TFM-UPM\Practica\Prueba1_demo_v1.0\prueba1_demo.srcs\sources_1\new\top_system.vhd:]
WARNING: [filemgmt 56-199] Attempt to get parsing info during refresh. "On-the-fly" syntax checking information may be incorrect. [C:\Users\kille\Documents\GitHub\TFM-UPM\Practica\Prueba1_demo_v1.0\prueba1_demo.srcs\sources_1\new\apa102_ctrl.vhd:]
WARNING: [filemgmt 56-199] Attempt to get parsing info during refresh. "On-the-fly" syntax checking information may be incorrect. [C:\Users\kille\Documents\GitHub\TFM-UPM\Practica\Prueba1_demo_v1.0\prueba1_demo.srcs\sources_1\new\i2s_transceiver.vhd:]
WARNING: [filemgmt 56-199] Attempt to get parsing info during refresh. "On-the-fly" syntax checking information may be incorrect. [C:\Users\kille\Documents\GitHub\TFM-UPM\Practica\Prueba1_demo_v1.0\prueba1_demo.srcs\sources_1\new\audio_player.vhd:]
WARNING: [filemgmt 56-199] Attempt to get parsing info during refresh. "On-the-fly" syntax checking information may be incorrect. [C:\Users\kille\Documents\GitHub\TFM-UPM\Practica\Prueba1_demo_v1.0\prueba1_demo.srcs\sources_1\new\tas2110_i2c_ctrl.vhd:]
WARNING: [filemgmt 56-199] Attempt to get parsing info during refresh. "On-the-fly" syntax checking information may be incorrect. [C:\Users\kille\Documents\GitHub\TFM-UPM\Practica\Prueba1_demo_v1.0\prueba1_demo.srcs\sources_1\new\top_system.vhd:]
WARNING: [filemgmt 56-199] Attempt to get parsing info during refresh. "On-the-fly" syntax checking information may be incorrect. [C:\Users\kille\Documents\GitHub\TFM-UPM\Practica\Prueba1_demo_v1.0\prueba1_demo.srcs\sources_1\new\top_system.vhd:]
WARNING: [filemgmt 56-199] Attempt to get parsing info during refresh. "On-the-fly" syntax checking information may be incorrect. [C:\Users\kille\Documents\GitHub\TFM-UPM\Practica\Prueba1_demo_v1.0\prueba1_demo.srcs\sources_1\new\top_system.vhd:]
WARNING: [filemgmt 56-199] Attempt to get parsing info during refresh. "On-the-fly" syntax checking information may be incorrect. [C:\Users\kille\Documents\GitHub\TFM-UPM\Practica\Prueba1_demo_v1.0\prueba1_demo.srcs\sources_1\new\apa102_ctrl.vhd:]
WARNING: [filemgmt 56-199] Attempt to get parsing info during refresh. "On-the-fly" syntax checking information may be incorrect. [C:\Users\kille\Documents\GitHub\TFM-UPM\Practica\Prueba1_demo_v1.0\prueba1_demo.srcs\sources_1\new\i2s_transceiver.vhd:]
WARNING: [filemgmt 56-199] Attempt to get parsing info during refresh. "On-the-fly" syntax checking information may be incorrect. [C:\Users\kille\Documents\GitHub\TFM-UPM\Practica\Prueba1_demo_v1.0\prueba1_demo.srcs\sources_1\new\audio_player.vhd:]
WARNING: [filemgmt 56-199] Attempt to get parsing info during refresh. "On-the-fly" syntax checking information may be incorrect. [C:\Users\kille\Documents\GitHub\TFM-UPM\Practica\Prueba1_demo_v1.0\prueba1_demo.srcs\sources_1\new\tas2110_i2c_ctrl.vhd:]
WARNING: [filemgmt 56-199] Attempt to get parsing info during refresh. "On-the-fly" syntax checking information may be incorrect. [C:\Users\kille\Documents\GitHub\TFM-UPM\Practica\Prueba1_demo_v1.0\prueba1_demo.srcs\sources_1\new\tas2110_i2c_ctrl.vhd:]
WARNING: [filemgmt 56-199] Attempt to get parsing info during refresh. "On-the-fly" syntax checking information may be incorrect. [C:\Users\kille\Documents\GitHub\TFM-UPM\Practica\Prueba1_demo_v1.0\prueba1_demo.srcs\sources_1\new\tas2110_i2c_ctrl.vhd:]
WARNING: [filemgmt 56-199] Attempt to get parsing info during refresh. "On-the-fly" syntax checking information may be incorrect. [C:\Users\kille\Documents\GitHub\TFM-UPM\Practica\Prueba1_demo_v1.0\prueba1_demo.srcs\sources_1\new\top_system.vhd:]
WARNING: [filemgmt 56-199] Attempt to get parsing info during refresh. "On-the-fly" syntax checking information may be incorrect. [C:\Users\kille\Documents\GitHub\TFM-UPM\Practica\Prueba1_demo_v1.0\prueba1_demo.srcs\sources_1\new\apa102_ctrl.vhd:]
WARNING: [filemgmt 56-199] Attempt to get parsing info during refresh. "On-the-fly" syntax checking information may be incorrect. [C:\Users\kille\Documents\GitHub\TFM-UPM\Practica\Prueba1_demo_v1.0\prueba1_demo.srcs\sources_1\new\i2s_transceiver.vhd:]
WARNING: [filemgmt 56-199] Attempt to get parsing info during refresh. "On-the-fly" syntax checking information may be incorrect. [C:\Users\kille\Documents\GitHub\TFM-UPM\Practica\Prueba1_demo_v1.0\prueba1_demo.srcs\sources_1\new\audio_player.vhd:]
WARNING: [filemgmt 56-199] Attempt to get parsing info during refresh. "On-the-fly" syntax checking information may be incorrect. [C:\Users\kille\Documents\GitHub\TFM-UPM\Practica\Prueba1_demo_v1.0\prueba1_demo.srcs\sources_1\new\tas2110_i2c_ctrl.vhd:]
WARNING: [filemgmt 56-199] Attempt to get parsing info during refresh. "On-the-fly" syntax checking information may be incorrect. [C:\Users\kille\Documents\GitHub\TFM-UPM\Practica\Prueba1_demo_v1.0\prueba1_demo.srcs\sources_1\new\i2s_transceiver.vhd:]
WARNING: [filemgmt 56-199] Attempt to get parsing info during refresh. "On-the-fly" syntax checking information may be incorrect. [C:\Users\kille\Documents\GitHub\TFM-UPM\Practica\Prueba1_demo_v1.0\prueba1_demo.srcs\sources_1\new\i2s_transceiver.vhd:]
WARNING: [filemgmt 56-199] Attempt to get parsing info during refresh. "On-the-fly" syntax checking information may be incorrect. [C:\Users\kille\Documents\GitHub\TFM-UPM\Practica\Prueba1_demo_v1.0\prueba1_demo.srcs\sources_1\new\top_system.vhd:]
WARNING: [filemgmt 56-199] Attempt to get parsing info during refresh. "On-the-fly" syntax checking information may be incorrect. [C:\Users\kille\Documents\GitHub\TFM-UPM\Practica\Prueba1_demo_v1.0\prueba1_demo.srcs\sources_1\new\apa102_ctrl.vhd:]
WARNING: [filemgmt 56-199] Attempt to get parsing info during refresh. "On-the-fly" syntax checking information may be incorrect. [C:\Users\kille\Documents\GitHub\TFM-UPM\Practica\Prueba1_demo_v1.0\prueba1_demo.srcs\sources_1\new\i2s_transceiver.vhd:]
WARNING: [filemgmt 56-199] Attempt to get parsing info during refresh. "On-the-fly" syntax checking information may be incorrect. [C:\Users\kille\Documents\GitHub\TFM-UPM\Practica\Prueba1_demo_v1.0\prueba1_demo.srcs\sources_1\new\audio_player.vhd:]
WARNING: [filemgmt 56-199] Attempt to get parsing info during refresh. "On-the-fly" syntax checking information may be incorrect. [C:\Users\kille\Documents\GitHub\TFM-UPM\Practica\Prueba1_demo_v1.0\prueba1_demo.srcs\sources_1\new\tas2110_i2c_ctrl.vhd:]
WARNING: [filemgmt 56-199] Attempt to get parsing info during refresh. "On-the-fly" syntax checking information may be incorrect. [C:\Users\kille\Documents\GitHub\TFM-UPM\Practica\Prueba1_demo_v1.0\prueba1_demo.srcs\sources_1\new\audio_player.vhd:]
WARNING: [filemgmt 56-199] Attempt to get parsing info during refresh. "On-the-fly" syntax checking information may be incorrect. [C:\Users\kille\Documents\GitHub\TFM-UPM\Practica\Prueba1_demo_v1.0\prueba1_demo.srcs\sources_1\new\audio_player.vhd:]
ERROR: [Common 17-180] Spawn failed: La operación se completó correctamente.

WARNING: [filemgmt 56-199] Attempt to get parsing info during refresh. "On-the-fly" syntax checking information may be incorrect. [C:\Users\kille\Documents\GitHub\TFM-UPM\Practica\Prueba1_demo_v1.0\prueba1_demo.srcs\sources_1\new\top_system.vhd:]
WARNING: [filemgmt 56-199] Attempt to get parsing info during refresh. "On-the-fly" syntax checking information may be incorrect. [C:\Users\kille\Documents\GitHub\TFM-UPM\Practica\Prueba1_demo_v1.0\prueba1_demo.srcs\sources_1\new\apa102_ctrl.vhd:]
WARNING: [filemgmt 56-199] Attempt to get parsing info during refresh. "On-the-fly" syntax checking information may be incorrect. [C:\Users\kille\Documents\GitHub\TFM-UPM\Practica\Prueba1_demo_v1.0\prueba1_demo.srcs\sources_1\new\i2s_transceiver.vhd:]
WARNING: [filemgmt 56-199] Attempt to get parsing info during refresh. "On-the-fly" syntax checking information may be incorrect. [C:\Users\kille\Documents\GitHub\TFM-UPM\Practica\Prueba1_demo_v1.0\prueba1_demo.srcs\sources_1\new\audio_player.vhd:]
WARNING: [filemgmt 56-199] Attempt to get parsing info during refresh. "On-the-fly" syntax checking information may be incorrect. [C:\Users\kille\Documents\GitHub\TFM-UPM\Practica\Prueba1_demo_v1.0\prueba1_demo.srcs\sources_1\new\tas2110_i2c_ctrl.vhd:]
WARNING: [filemgmt 56-199] Attempt to get parsing info during refresh. "On-the-fly" syntax checking information may be incorrect. [C:\Users\kille\Documents\GitHub\TFM-UPM\Practica\Prueba1_demo_v1.0\prueba1_demo.srcs\sources_1\new\apa102_ctrl.vhd:]
WARNING: [filemgmt 56-199] Attempt to get parsing info during refresh. "On-the-fly" syntax checking information may be incorrect. [C:\Users\kille\Documents\GitHub\TFM-UPM\Practica\Prueba1_demo_v1.0\prueba1_demo.srcs\sources_1\new\apa102_ctrl.vhd:]
WARNING: [filemgmt 56-199] Attempt to get parsing info during refresh. "On-the-fly" syntax checking information may be incorrect. [C:\Users\kille\Documents\GitHub\TFM-UPM\Practica\Prueba1_demo_v1.0\prueba1_demo.srcs\sources_1\new\top_system.vhd:]
WARNING: [filemgmt 56-199] Attempt to get parsing info during refresh. "On-the-fly" syntax checking information may be incorrect. [C:\Users\kille\Documents\GitHub\TFM-UPM\Practica\Prueba1_demo_v1.0\prueba1_demo.srcs\sources_1\new\apa102_ctrl.vhd:]
WARNING: [filemgmt 56-199] Attempt to get parsing info during refresh. "On-the-fly" syntax checking information may be incorrect. [C:\Users\kille\Documents\GitHub\TFM-UPM\Practica\Prueba1_demo_v1.0\prueba1_demo.srcs\sources_1\new\i2s_transceiver.vhd:]
WARNING: [filemgmt 56-199] Attempt to get parsing info during refresh. "On-the-fly" syntax checking information may be incorrect. [C:\Users\kille\Documents\GitHub\TFM-UPM\Practica\Prueba1_demo_v1.0\prueba1_demo.srcs\sources_1\new\audio_player.vhd:]
WARNING: [filemgmt 56-199] Attempt to get parsing info during refresh. "On-the-fly" syntax checking information may be incorrect. [C:\Users\kille\Documents\GitHub\TFM-UPM\Practica\Prueba1_demo_v1.0\prueba1_demo.srcs\sources_1\new\tas2110_i2c_ctrl.vhd:]
WARNING: [filemgmt 56-199] Attempt to get parsing info during refresh. "On-the-fly" syntax checking information may be incorrect. [C:\Users\kille\Documents\GitHub\TFM-UPM\Practica\Prueba1_demo_v1.0\prueba1_demo.srcs\sources_1\new\audio_player.vhd:]
WARNING: [filemgmt 56-199] Attempt to get parsing info during refresh. "On-the-fly" syntax checking information may be incorrect. [C:\Users\kille\Documents\GitHub\TFM-UPM\Practica\Prueba1_demo_v1.0\prueba1_demo.srcs\sources_1\new\audio_player.vhd:]
WARNING: [filemgmt 56-199] Attempt to get parsing info during refresh. "On-the-fly" syntax checking information may be incorrect. [C:\Users\kille\Documents\GitHub\TFM-UPM\Practica\Prueba1_demo_v1.0\prueba1_demo.srcs\sources_1\new\top_system.vhd:]
WARNING: [filemgmt 56-199] Attempt to get parsing info during refresh. "On-the-fly" syntax checking information may be incorrect. [C:\Users\kille\Documents\GitHub\TFM-UPM\Practica\Prueba1_demo_v1.0\prueba1_demo.srcs\sources_1\new\apa102_ctrl.vhd:]
WARNING: [filemgmt 56-199] Attempt to get parsing info during refresh. "On-the-fly" syntax checking information may be incorrect. [C:\Users\kille\Documents\GitHub\TFM-UPM\Practica\Prueba1_demo_v1.0\prueba1_demo.srcs\sources_1\new\i2s_transceiver.vhd:]
WARNING: [filemgmt 56-199] Attempt to get parsing info during refresh. "On-the-fly" syntax checking information may be incorrect. [C:\Users\kille\Documents\GitHub\TFM-UPM\Practica\Prueba1_demo_v1.0\prueba1_demo.srcs\sources_1\new\audio_player.vhd:]
WARNING: [filemgmt 56-199] Attempt to get parsing info during refresh. "On-the-fly" syntax checking information may be incorrect. [C:\Users\kille\Documents\GitHub\TFM-UPM\Practica\Prueba1_demo_v1.0\prueba1_demo.srcs\sources_1\new\tas2110_i2c_ctrl.vhd:]
WARNING: [filemgmt 56-199] Attempt to get parsing info during refresh. "On-the-fly" syntax checking information may be incorrect. [C:\Users\kille\Documents\GitHub\TFM-UPM\Practica\Prueba1_demo_v1.0\prueba1_demo.srcs\sources_1\new\tas2110_i2c_ctrl.vhd:]
WARNING: [filemgmt 56-199] Attempt to get parsing info during refresh. "On-the-fly" syntax checking information may be incorrect. [C:\Users\kille\Documents\GitHub\TFM-UPM\Practica\Prueba1_demo_v1.0\prueba1_demo.srcs\sources_1\new\tas2110_i2c_ctrl.vhd:]
WARNING: [filemgmt 56-199] Attempt to get parsing info during refresh. "On-the-fly" syntax checking information may be incorrect. [C:\Users\kille\Documents\GitHub\TFM-UPM\Practica\Prueba1_demo_v1.0\prueba1_demo.srcs\sources_1\new\top_system.vhd:]
WARNING: [filemgmt 56-199] Attempt to get parsing info during refresh. "On-the-fly" syntax checking information may be incorrect. [C:\Users\kille\Documents\GitHub\TFM-UPM\Practica\Prueba1_demo_v1.0\prueba1_demo.srcs\sources_1\new\apa102_ctrl.vhd:]
WARNING: [filemgmt 56-199] Attempt to get parsing info during refresh. "On-the-fly" syntax checking information may be incorrect. [C:\Users\kille\Documents\GitHub\TFM-UPM\Practica\Prueba1_demo_v1.0\prueba1_demo.srcs\sources_1\new\i2s_transceiver.vhd:]
WARNING: [filemgmt 56-199] Attempt to get parsing info during refresh. "On-the-fly" syntax checking information may be incorrect. [C:\Users\kille\Documents\GitHub\TFM-UPM\Practica\Prueba1_demo_v1.0\prueba1_demo.srcs\sources_1\new\audio_player.vhd:]
WARNING: [filemgmt 56-199] Attempt to get parsing info during refresh. "On-the-fly" syntax checking information may be incorrect. [C:\Users\kille\Documents\GitHub\TFM-UPM\Practica\Prueba1_demo_v1.0\prueba1_demo.srcs\sources_1\new\tas2110_i2c_ctrl.vhd:]
WARNING: [filemgmt 56-199] Attempt to get parsing info during refresh. "On-the-fly" syntax checking information may be incorrect. [C:\Users\kille\Documents\GitHub\TFM-UPM\Practica\Prueba1_demo_v1.0\prueba1_demo.srcs\sources_1\new\i2s_transceiver.vhd:]
WARNING: [filemgmt 56-199] Attempt to get parsing info during refresh. "On-the-fly" syntax checking information may be incorrect. [C:\Users\kille\Documents\GitHub\TFM-UPM\Practica\Prueba1_demo_v1.0\prueba1_demo.srcs\sources_1\new\i2s_transceiver.vhd:]
WARNING: [filemgmt 56-199] Attempt to get parsing info during refresh. "On-the-fly" syntax checking information may be incorrect. [C:\Users\kille\Documents\GitHub\TFM-UPM\Practica\Prueba1_demo_v1.0\prueba1_demo.srcs\sources_1\new\top_system.vhd:]
WARNING: [filemgmt 56-199] Attempt to get parsing info during refresh. "On-the-fly" syntax checking information may be incorrect. [C:\Users\kille\Documents\GitHub\TFM-UPM\Practica\Prueba1_demo_v1.0\prueba1_demo.srcs\sources_1\new\apa102_ctrl.vhd:]
WARNING: [filemgmt 56-199] Attempt to get parsing info during refresh. "On-the-fly" syntax checking information may be incorrect. [C:\Users\kille\Documents\GitHub\TFM-UPM\Practica\Prueba1_demo_v1.0\prueba1_demo.srcs\sources_1\new\i2s_transceiver.vhd:]
WARNING: [filemgmt 56-199] Attempt to get parsing info during refresh. "On-the-fly" syntax checking information may be incorrect. [C:\Users\kille\Documents\GitHub\TFM-UPM\Practica\Prueba1_demo_v1.0\prueba1_demo.srcs\sources_1\new\audio_player.vhd:]
WARNING: [filemgmt 56-199] Attempt to get parsing info during refresh. "On-the-fly" syntax checking information may be incorrect. [C:\Users\kille\Documents\GitHub\TFM-UPM\Practica\Prueba1_demo_v1.0\prueba1_demo.srcs\sources_1\new\tas2110_i2c_ctrl.vhd:]
WARNING: [filemgmt 56-199] Attempt to get parsing info during refresh. "On-the-fly" syntax checking information may be incorrect. [C:\Users\kille\Documents\GitHub\TFM-UPM\Practica\Prueba1_demo_v1.0\prueba1_demo.srcs\sources_1\new\apa102_ctrl.vhd:]
WARNING: [filemgmt 56-199] Attempt to get parsing info during refresh. "On-the-fly" syntax checking information may be incorrect. [C:\Users\kille\Documents\GitHub\TFM-UPM\Practica\Prueba1_demo_v1.0\prueba1_demo.srcs\sources_1\new\apa102_ctrl.vhd:]
WARNING: [filemgmt 56-199] Attempt to get parsing info during refresh. "On-the-fly" syntax checking information may be incorrect. [C:\Users\kille\Documents\GitHub\TFM-UPM\Practica\Prueba1_demo_v1.0\prueba1_demo.srcs\sources_1\new\top_system.vhd:]
WARNING: [filemgmt 56-199] Attempt to get parsing info during refresh. "On-the-fly" syntax checking information may be incorrect. [C:\Users\kille\Documents\GitHub\TFM-UPM\Practica\Prueba1_demo_v1.0\prueba1_demo.srcs\sources_1\new\apa102_ctrl.vhd:]
WARNING: [filemgmt 56-199] Attempt to get parsing info during refresh. "On-the-fly" syntax checking information may be incorrect. [C:\Users\kille\Documents\GitHub\TFM-UPM\Practica\Prueba1_demo_v1.0\prueba1_demo.srcs\sources_1\new\i2s_transceiver.vhd:]
WARNING: [filemgmt 56-199] Attempt to get parsing info during refresh. "On-the-fly" syntax checking information may be incorrect. [C:\Users\kille\Documents\GitHub\TFM-UPM\Practica\Prueba1_demo_v1.0\prueba1_demo.srcs\sources_1\new\audio_player.vhd:]
WARNING: [filemgmt 56-199] Attempt to get parsing info during refresh. "On-the-fly" syntax checking information may be incorrect. [C:\Users\kille\Documents\GitHub\TFM-UPM\Practica\Prueba1_demo_v1.0\prueba1_demo.srcs\sources_1\new\tas2110_i2c_ctrl.vhd:]
WARNING: [filemgmt 56-199] Attempt to get parsing info during refresh. "On-the-fly" syntax checking information may be incorrect. [C:\Users\kille\Documents\GitHub\TFM-UPM\Practica\Prueba1_demo_v1.0\prueba1_demo.srcs\sources_1\new\audio_player.vhd:]
WARNING: [filemgmt 56-199] Attempt to get parsing info during refresh. "On-the-fly" syntax checking information may be incorrect. [C:\Users\kille\Documents\GitHub\TFM-UPM\Practica\Prueba1_demo_v1.0\prueba1_demo.srcs\sources_1\new\audio_player.vhd:]
WARNING: [filemgmt 56-199] Attempt to get parsing info during refresh. "On-the-fly" syntax checking information may be incorrect. [C:\Users\kille\Documents\GitHub\TFM-UPM\Practica\Prueba1_demo_v1.0\prueba1_demo.srcs\sources_1\new\top_system.vhd:]
WARNING: [filemgmt 56-199] Attempt to get parsing info during refresh. "On-the-fly" syntax checking information may be incorrect. [C:\Users\kille\Documents\GitHub\TFM-UPM\Practica\Prueba1_demo_v1.0\prueba1_demo.srcs\sources_1\new\apa102_ctrl.vhd:]
WARNING: [filemgmt 56-199] Attempt to get parsing info during refresh. "On-the-fly" syntax checking information may be incorrect. [C:\Users\kille\Documents\GitHub\TFM-UPM\Practica\Prueba1_demo_v1.0\prueba1_demo.srcs\sources_1\new\i2s_transceiver.vhd:]
WARNING: [filemgmt 56-199] Attempt to get parsing info during refresh. "On-the-fly" syntax checking information may be incorrect. [C:\Users\kille\Documents\GitHub\TFM-UPM\Practica\Prueba1_demo_v1.0\prueba1_demo.srcs\sources_1\new\audio_player.vhd:]
WARNING: [filemgmt 56-199] Attempt to get parsing info during refresh. "On-the-fly" syntax checking information may be incorrect. [C:\Users\kille\Documents\GitHub\TFM-UPM\Practica\Prueba1_demo_v1.0\prueba1_demo.srcs\sources_1\new\tas2110_i2c_ctrl.vhd:]
WARNING: [filemgmt 56-199] Attempt to get parsing info during refresh. "On-the-fly" syntax checking information may be incorrect. [C:\Users\kille\Documents\GitHub\TFM-UPM\Practica\Prueba1_demo_v1.0\prueba1_demo.srcs\sources_1\new\i2s_transceiver.vhd:]
WARNING: [filemgmt 56-199] Attempt to get parsing info during refresh. "On-the-fly" syntax checking information may be incorrect. [C:\Users\kille\Documents\GitHub\TFM-UPM\Practica\Prueba1_demo_v1.0\prueba1_demo.srcs\sources_1\new\i2s_transceiver.vhd:]
WARNING: [filemgmt 56-199] Attempt to get parsing info during refresh. "On-the-fly" syntax checking information may be incorrect. [C:\Users\kille\Documents\GitHub\TFM-UPM\Practica\Prueba1_demo_v1.0\prueba1_demo.srcs\sources_1\new\top_system.vhd:]
WARNING: [filemgmt 56-199] Attempt to get parsing info during refresh. "On-the-fly" syntax checking information may be incorrect. [C:\Users\kille\Documents\GitHub\TFM-UPM\Practica\Prueba1_demo_v1.0\prueba1_demo.srcs\sources_1\new\apa102_ctrl.vhd:]
WARNING: [filemgmt 56-199] Attempt to get parsing info during refresh. "On-the-fly" syntax checking information may be incorrect. [C:\Users\kille\Documents\GitHub\TFM-UPM\Practica\Prueba1_demo_v1.0\prueba1_demo.srcs\sources_1\new\i2s_transceiver.vhd:]
WARNING: [filemgmt 56-199] Attempt to get parsing info during refresh. "On-the-fly" syntax checking information may be incorrect. [C:\Users\kille\Documents\GitHub\TFM-UPM\Practica\Prueba1_demo_v1.0\prueba1_demo.srcs\sources_1\new\audio_player.vhd:]
WARNING: [filemgmt 56-199] Attempt to get parsing info during refresh. "On-the-fly" syntax checking information may be incorrect. [C:\Users\kille\Documents\GitHub\TFM-UPM\Practica\Prueba1_demo_v1.0\prueba1_demo.srcs\sources_1\new\tas2110_i2c_ctrl.vhd:]
WARNING: [filemgmt 56-199] Attempt to get parsing info during refresh. "On-the-fly" syntax checking information may be incorrect. [C:\Users\kille\Documents\GitHub\TFM-UPM\Practica\Prueba1_demo_v1.0\prueba1_demo.srcs\sources_1\new\top_system.vhd:]
WARNING: [filemgmt 56-199] Attempt to get parsing info during refresh. "On-the-fly" syntax checking information may be incorrect. [C:\Users\kille\Documents\GitHub\TFM-UPM\Practica\Prueba1_demo_v1.0\prueba1_demo.srcs\sources_1\new\top_system.vhd:]
WARNING: [filemgmt 56-199] Attempt to get parsing info during refresh. "On-the-fly" syntax checking information may be incorrect. [C:\Users\kille\Documents\GitHub\TFM-UPM\Practica\Prueba1_demo_v1.0\prueba1_demo.srcs\sources_1\new\top_system.vhd:]
WARNING: [filemgmt 56-199] Attempt to get parsing info during refresh. "On-the-fly" syntax checking information may be incorrect. [C:\Users\kille\Documents\GitHub\TFM-UPM\Practica\Prueba1_demo_v1.0\prueba1_demo.srcs\sources_1\new\apa102_ctrl.vhd:]
WARNING: [filemgmt 56-199] Attempt to get parsing info during refresh. "On-the-fly" syntax checking information may be incorrect. [C:\Users\kille\Documents\GitHub\TFM-UPM\Practica\Prueba1_demo_v1.0\prueba1_demo.srcs\sources_1\new\i2s_transceiver.vhd:]
WARNING: [filemgmt 56-199] Attempt to get parsing info during refresh. "On-the-fly" syntax checking information may be incorrect. [C:\Users\kille\Documents\GitHub\TFM-UPM\Practica\Prueba1_demo_v1.0\prueba1_demo.srcs\sources_1\new\audio_player.vhd:]
WARNING: [filemgmt 56-199] Attempt to get parsing info during refresh. "On-the-fly" syntax checking information may be incorrect. [C:\Users\kille\Documents\GitHub\TFM-UPM\Practica\Prueba1_demo_v1.0\prueba1_demo.srcs\sources_1\new\tas2110_i2c_ctrl.vhd:]
WARNING: [filemgmt 56-199] Attempt to get parsing info during refresh. "On-the-fly" syntax checking information may be incorrect. [C:\Users\kille\Documents\GitHub\TFM-UPM\Practica\Prueba1_demo_v1.0\prueba1_demo.srcs\sources_1\new\apa102_ctrl.vhd:]
WARNING: [filemgmt 56-199] Attempt to get parsing info during refresh. "On-the-fly" syntax checking information may be incorrect. [C:\Users\kille\Documents\GitHub\TFM-UPM\Practica\Prueba1_demo_v1.0\prueba1_demo.srcs\sources_1\new\apa102_ctrl.vhd:]
WARNING: [filemgmt 56-199] Attempt to get parsing info during refresh. "On-the-fly" syntax checking information may be incorrect. [C:\Users\kille\Documents\GitHub\TFM-UPM\Practica\Prueba1_demo_v1.0\prueba1_demo.srcs\sources_1\new\top_system.vhd:]
WARNING: [filemgmt 56-199] Attempt to get parsing info during refresh. "On-the-fly" syntax checking information may be incorrect. [C:\Users\kille\Documents\GitHub\TFM-UPM\Practica\Prueba1_demo_v1.0\prueba1_demo.srcs\sources_1\new\apa102_ctrl.vhd:]
WARNING: [filemgmt 56-199] Attempt to get parsing info during refresh. "On-the-fly" syntax checking information may be incorrect. [C:\Users\kille\Documents\GitHub\TFM-UPM\Practica\Prueba1_demo_v1.0\prueba1_demo.srcs\sources_1\new\i2s_transceiver.vhd:]
WARNING: [filemgmt 56-199] Attempt to get parsing info during refresh. "On-the-fly" syntax checking information may be incorrect. [C:\Users\kille\Documents\GitHub\TFM-UPM\Practica\Prueba1_demo_v1.0\prueba1_demo.srcs\sources_1\new\audio_player.vhd:]
WARNING: [filemgmt 56-199] Attempt to get parsing info during refresh. "On-the-fly" syntax checking information may be incorrect. [C:\Users\kille\Documents\GitHub\TFM-UPM\Practica\Prueba1_demo_v1.0\prueba1_demo.srcs\sources_1\new\tas2110_i2c_ctrl.vhd:]
WARNING: [filemgmt 56-199] Attempt to get parsing info during refresh. "On-the-fly" syntax checking information may be incorrect. [C:\Users\kille\Documents\GitHub\TFM-UPM\Practica\Prueba1_demo_v1.0\prueba1_demo.srcs\sources_1\new\tas2110_i2c_ctrl.vhd:]
WARNING: [filemgmt 56-199] Attempt to get parsing info during refresh. "On-the-fly" syntax checking information may be incorrect. [C:\Users\kille\Documents\GitHub\TFM-UPM\Practica\Prueba1_demo_v1.0\prueba1_demo.srcs\sources_1\new\tas2110_i2c_ctrl.vhd:]
WARNING: [filemgmt 56-199] Attempt to get parsing info during refresh. "On-the-fly" syntax checking information may be incorrect. [C:\Users\kille\Documents\GitHub\TFM-UPM\Practica\Prueba1_demo_v1.0\prueba1_demo.srcs\sources_1\new\top_system.vhd:]
WARNING: [filemgmt 56-199] Attempt to get parsing info during refresh. "On-the-fly" syntax checking information may be incorrect. [C:\Users\kille\Documents\GitHub\TFM-UPM\Practica\Prueba1_demo_v1.0\prueba1_demo.srcs\sources_1\new\apa102_ctrl.vhd:]
WARNING: [filemgmt 56-199] Attempt to get parsing info during refresh. "On-the-fly" syntax checking information may be incorrect. [C:\Users\kille\Documents\GitHub\TFM-UPM\Practica\Prueba1_demo_v1.0\prueba1_demo.srcs\sources_1\new\i2s_transceiver.vhd:]
WARNING: [filemgmt 56-199] Attempt to get parsing info during refresh. "On-the-fly" syntax checking information may be incorrect. [C:\Users\kille\Documents\GitHub\TFM-UPM\Practica\Prueba1_demo_v1.0\prueba1_demo.srcs\sources_1\new\audio_player.vhd:]
WARNING: [filemgmt 56-199] Attempt to get parsing info during refresh. "On-the-fly" syntax checking information may be incorrect. [C:\Users\kille\Documents\GitHub\TFM-UPM\Practica\Prueba1_demo_v1.0\prueba1_demo.srcs\sources_1\new\tas2110_i2c_ctrl.vhd:]
WARNING: [filemgmt 56-199] Attempt to get parsing info during refresh. "On-the-fly" syntax checking information may be incorrect. [C:\Users\kille\Documents\GitHub\TFM-UPM\Practica\Prueba1_demo_v1.0\prueba1_demo.srcs\sources_1\new\audio_player.vhd:]
WARNING: [filemgmt 56-199] Attempt to get parsing info during refresh. "On-the-fly" syntax checking information may be incorrect. [C:\Users\kille\Documents\GitHub\TFM-UPM\Practica\Prueba1_demo_v1.0\prueba1_demo.srcs\sources_1\new\audio_player.vhd:]
WARNING: [filemgmt 56-199] Attempt to get parsing info during refresh. "On-the-fly" syntax checking information may be incorrect. [C:\Users\kille\Documents\GitHub\TFM-UPM\Practica\Prueba1_demo_v1.0\prueba1_demo.srcs\sources_1\new\top_system.vhd:]
WARNING: [filemgmt 56-199] Attempt to get parsing info during refresh. "On-the-fly" syntax checking information may be incorrect. [C:\Users\kille\Documents\GitHub\TFM-UPM\Practica\Prueba1_demo_v1.0\prueba1_demo.srcs\sources_1\new\apa102_ctrl.vhd:]
WARNING: [filemgmt 56-199] Attempt to get parsing info during refresh. "On-the-fly" syntax checking information may be incorrect. [C:\Users\kille\Documents\GitHub\TFM-UPM\Practica\Prueba1_demo_v1.0\prueba1_demo.srcs\sources_1\new\i2s_transceiver.vhd:]
WARNING: [filemgmt 56-199] Attempt to get parsing info during refresh. "On-the-fly" syntax checking information may be incorrect. [C:\Users\kille\Documents\GitHub\TFM-UPM\Practica\Prueba1_demo_v1.0\prueba1_demo.srcs\sources_1\new\audio_player.vhd:]
WARNING: [filemgmt 56-199] Attempt to get parsing info during refresh. "On-the-fly" syntax checking information may be incorrect. [C:\Users\kille\Documents\GitHub\TFM-UPM\Practica\Prueba1_demo_v1.0\prueba1_demo.srcs\sources_1\new\tas2110_i2c_ctrl.vhd:]
WARNING: [filemgmt 56-199] Attempt to get parsing info during refresh. "On-the-fly" syntax checking information may be incorrect. [C:\Users\kille\Documents\GitHub\TFM-UPM\Practica\Prueba1_demo_v1.0\prueba1_demo.srcs\sources_1\new\top_system.vhd:]
WARNING: [filemgmt 56-199] Attempt to get parsing info during refresh. "On-the-fly" syntax checking information may be incorrect. [C:\Users\kille\Documents\GitHub\TFM-UPM\Practica\Prueba1_demo_v1.0\prueba1_demo.srcs\sources_1\new\top_system.vhd:]
ERROR: [Common 17-180] Spawn failed: La operación se completó correctamente.

WARNING: [filemgmt 56-199] Attempt to get parsing info during refresh. "On-the-fly" syntax checking information may be incorrect. [C:\Users\kille\Documents\GitHub\TFM-UPM\Practica\Prueba1_demo_v1.0\prueba1_demo.srcs\sources_1\new\top_system.vhd:]
WARNING: [filemgmt 56-199] Attempt to get parsing info during refresh. "On-the-fly" syntax checking information may be incorrect. [C:\Users\kille\Documents\GitHub\TFM-UPM\Practica\Prueba1_demo_v1.0\prueba1_demo.srcs\sources_1\new\apa102_ctrl.vhd:]
WARNING: [filemgmt 56-199] Attempt to get parsing info during refresh. "On-the-fly" syntax checking information may be incorrect. [C:\Users\kille\Documents\GitHub\TFM-UPM\Practica\Prueba1_demo_v1.0\prueba1_demo.srcs\sources_1\new\i2s_transceiver.vhd:]
WARNING: [filemgmt 56-199] Attempt to get parsing info during refresh. "On-the-fly" syntax checking information may be incorrect. [C:\Users\kille\Documents\GitHub\TFM-UPM\Practica\Prueba1_demo_v1.0\prueba1_demo.srcs\sources_1\new\audio_player.vhd:]
WARNING: [filemgmt 56-199] Attempt to get parsing info during refresh. "On-the-fly" syntax checking information may be incorrect. [C:\Users\kille\Documents\GitHub\TFM-UPM\Practica\Prueba1_demo_v1.0\prueba1_demo.srcs\sources_1\new\tas2110_i2c_ctrl.vhd:]
WARNING: [filemgmt 56-199] Attempt to get parsing info during refresh. "On-the-fly" syntax checking information may be incorrect. [C:\Users\kille\Documents\GitHub\TFM-UPM\Practica\Prueba1_demo_v1.0\prueba1_demo.srcs\sources_1\new\apa102_ctrl.vhd:]
WARNING: [filemgmt 56-199] Attempt to get parsing info during refresh. "On-the-fly" syntax checking information may be incorrect. [C:\Users\kille\Documents\GitHub\TFM-UPM\Practica\Prueba1_demo_v1.0\prueba1_demo.srcs\sources_1\new\apa102_ctrl.vhd:]
WARNING: [filemgmt 56-199] Attempt to get parsing info during refresh. "On-the-fly" syntax checking information may be incorrect. [C:\Users\kille\Documents\GitHub\TFM-UPM\Practica\Prueba1_demo_v1.0\prueba1_demo.srcs\sources_1\new\top_system.vhd:]
WARNING: [filemgmt 56-199] Attempt to get parsing info during refresh. "On-the-fly" syntax checking information may be incorrect. [C:\Users\kille\Documents\GitHub\TFM-UPM\Practica\Prueba1_demo_v1.0\prueba1_demo.srcs\sources_1\new\apa102_ctrl.vhd:]
WARNING: [filemgmt 56-199] Attempt to get parsing info during refresh. "On-the-fly" syntax checking information may be incorrect. [C:\Users\kille\Documents\GitHub\TFM-UPM\Practica\Prueba1_demo_v1.0\prueba1_demo.srcs\sources_1\new\i2s_transceiver.vhd:]
WARNING: [filemgmt 56-199] Attempt to get parsing info during refresh. "On-the-fly" syntax checking information may be incorrect. [C:\Users\kille\Documents\GitHub\TFM-UPM\Practica\Prueba1_demo_v1.0\prueba1_demo.srcs\sources_1\new\audio_player.vhd:]
WARNING: [filemgmt 56-199] Attempt to get parsing info during refresh. "On-the-fly" syntax checking information may be incorrect. [C:\Users\kille\Documents\GitHub\TFM-UPM\Practica\Prueba1_demo_v1.0\prueba1_demo.srcs\sources_1\new\tas2110_i2c_ctrl.vhd:]
WARNING: [filemgmt 56-199] Attempt to get parsing info during refresh. "On-the-fly" syntax checking information may be incorrect. [C:\Users\kille\Documents\GitHub\TFM-UPM\Practica\Prueba1_demo_v1.0\prueba1_demo.srcs\sources_1\new\tas2110_i2c_ctrl.vhd:]
WARNING: [filemgmt 56-199] Attempt to get parsing info during refresh. "On-the-fly" syntax checking information may be incorrect. [C:\Users\kille\Documents\GitHub\TFM-UPM\Practica\Prueba1_demo_v1.0\prueba1_demo.srcs\sources_1\new\tas2110_i2c_ctrl.vhd:]
WARNING: [filemgmt 56-199] Attempt to get parsing info during refresh. "On-the-fly" syntax checking information may be incorrect. [C:\Users\kille\Documents\GitHub\TFM-UPM\Practica\Prueba1_demo_v1.0\prueba1_demo.srcs\sources_1\new\top_system.vhd:]
WARNING: [filemgmt 56-199] Attempt to get parsing info during refresh. "On-the-fly" syntax checking information may be incorrect. [C:\Users\kille\Documents\GitHub\TFM-UPM\Practica\Prueba1_demo_v1.0\prueba1_demo.srcs\sources_1\new\apa102_ctrl.vhd:]
WARNING: [filemgmt 56-199] Attempt to get parsing info during refresh. "On-the-fly" syntax checking information may be incorrect. [C:\Users\kille\Documents\GitHub\TFM-UPM\Practica\Prueba1_demo_v1.0\prueba1_demo.srcs\sources_1\new\i2s_transceiver.vhd:]
WARNING: [filemgmt 56-199] Attempt to get parsing info during refresh. "On-the-fly" syntax checking information may be incorrect. [C:\Users\kille\Documents\GitHub\TFM-UPM\Practica\Prueba1_demo_v1.0\prueba1_demo.srcs\sources_1\new\audio_player.vhd:]
WARNING: [filemgmt 56-199] Attempt to get parsing info during refresh. "On-the-fly" syntax checking information may be incorrect. [C:\Users\kille\Documents\GitHub\TFM-UPM\Practica\Prueba1_demo_v1.0\prueba1_demo.srcs\sources_1\new\tas2110_i2c_ctrl.vhd:]
WARNING: [filemgmt 56-199] Attempt to get parsing info during refresh. "On-the-fly" syntax checking information may be incorrect. [C:\Users\kille\Documents\GitHub\TFM-UPM\Practica\Prueba1_demo_v1.0\prueba1_demo.srcs\sources_1\new\audio_player.vhd:]
WARNING: [filemgmt 56-199] Attempt to get parsing info during refresh. "On-the-fly" syntax checking information may be incorrect. [C:\Users\kille\Documents\GitHub\TFM-UPM\Practica\Prueba1_demo_v1.0\prueba1_demo.srcs\sources_1\new\audio_player.vhd:]
ERROR: [Common 17-180] Spawn failed: La operación se completó correctamente.

WARNING: [filemgmt 56-199] Attempt to get parsing info during refresh. "On-the-fly" syntax checking information may be incorrect. [C:\Users\kille\Documents\GitHub\TFM-UPM\Practica\Prueba1_demo_v1.0\prueba1_demo.srcs\sources_1\new\top_system.vhd:]
WARNING: [filemgmt 56-199] Attempt to get parsing info during refresh. "On-the-fly" syntax checking information may be incorrect. [C:\Users\kille\Documents\GitHub\TFM-UPM\Practica\Prueba1_demo_v1.0\prueba1_demo.srcs\sources_1\new\apa102_ctrl.vhd:]
WARNING: [filemgmt 56-199] Attempt to get parsing info during refresh. "On-the-fly" syntax checking information may be incorrect. [C:\Users\kille\Documents\GitHub\TFM-UPM\Practica\Prueba1_demo_v1.0\prueba1_demo.srcs\sources_1\new\i2s_transceiver.vhd:]
WARNING: [filemgmt 56-199] Attempt to get parsing info during refresh. "On-the-fly" syntax checking information may be incorrect. [C:\Users\kille\Documents\GitHub\TFM-UPM\Practica\Prueba1_demo_v1.0\prueba1_demo.srcs\sources_1\new\audio_player.vhd:]
WARNING: [filemgmt 56-199] Attempt to get parsing info during refresh. "On-the-fly" syntax checking information may be incorrect. [C:\Users\kille\Documents\GitHub\TFM-UPM\Practica\Prueba1_demo_v1.0\prueba1_demo.srcs\sources_1\new\tas2110_i2c_ctrl.vhd:]
WARNING: [filemgmt 56-199] Attempt to get parsing info during refresh. "On-the-fly" syntax checking information may be incorrect. [C:\Users\kille\Documents\GitHub\TFM-UPM\Practica\Prueba1_demo_v1.0\prueba1_demo.srcs\sources_1\new\top_system.vhd:]
WARNING: [filemgmt 56-199] Attempt to get parsing info during refresh. "On-the-fly" syntax checking information may be incorrect. [C:\Users\kille\Documents\GitHub\TFM-UPM\Practica\Prueba1_demo_v1.0\prueba1_demo.srcs\sources_1\new\top_system.vhd:]
add_files -norecurse {C:/Users/kille/Documents/GitHub/TFM-UPM/Practica/Prueba1_demo_v1.0/prueba1_demo.srcs/sources_1/new/sdcmd_ctrl.v C:/Users/kille/Documents/GitHub/TFM-UPM/Practica/Prueba1_demo_v1.0/prueba1_demo.srcs/sources_1/new/sd_reader.v C:/Users/kille/Documents/GitHub/TFM-UPM/Practica/Prueba1_demo_v1.0/prueba1_demo.srcs/sources_1/new/sd_file_reader.v}
WARNING: [filemgmt 56-199] Attempt to get parsing info during refresh. "On-the-fly" syntax checking information may be incorrect. [C:\Users\kille\Documents\GitHub\TFM-UPM\Practica\Prueba1_demo_v1.0\prueba1_demo.srcs\sources_1\new\top_system.vhd:]
WARNING: [filemgmt 56-199] Attempt to get parsing info during refresh. "On-the-fly" syntax checking information may be incorrect. [C:\Users\kille\Documents\GitHub\TFM-UPM\Practica\Prueba1_demo_v1.0\prueba1_demo.srcs\sources_1\new\apa102_ctrl.vhd:]
WARNING: [filemgmt 56-199] Attempt to get parsing info during refresh. "On-the-fly" syntax checking information may be incorrect. [C:\Users\kille\Documents\GitHub\TFM-UPM\Practica\Prueba1_demo_v1.0\prueba1_demo.srcs\sources_1\new\i2s_transceiver.vhd:]
WARNING: [filemgmt 56-199] Attempt to get parsing info during refresh. "On-the-fly" syntax checking information may be incorrect. [C:\Users\kille\Documents\GitHub\TFM-UPM\Practica\Prueba1_demo_v1.0\prueba1_demo.srcs\sources_1\new\audio_player.vhd:]
WARNING: [filemgmt 56-199] Attempt to get parsing info during refresh. "On-the-fly" syntax checking information may be incorrect. [C:\Users\kille\Documents\GitHub\TFM-UPM\Practica\Prueba1_demo_v1.0\prueba1_demo.srcs\sources_1\new\tas2110_i2c_ctrl.vhd:]
WARNING: [filemgmt 56-199] Attempt to get parsing info during refresh. "On-the-fly" syntax checking information may be incorrect. [C:\Users\kille\Documents\GitHub\TFM-UPM\Practica\Prueba1_demo_v1.0\prueba1_demo.srcs\sources_1\new\apa102_ctrl.vhd:]
WARNING: [filemgmt 56-199] Attempt to get parsing info during refresh. "On-the-fly" syntax checking information may be incorrect. [C:\Users\kille\Documents\GitHub\TFM-UPM\Practica\Prueba1_demo_v1.0\prueba1_demo.srcs\sources_1\new\apa102_ctrl.vhd:]
WARNING: [filemgmt 56-199] Attempt to get parsing info during refresh. "On-the-fly" syntax checking information may be incorrect. [C:\Users\kille\Documents\GitHub\TFM-UPM\Practica\Prueba1_demo_v1.0\prueba1_demo.srcs\sources_1\new\top_system.vhd:]
WARNING: [filemgmt 56-199] Attempt to get parsing info during refresh. "On-the-fly" syntax checking information may be incorrect. [C:\Users\kille\Documents\GitHub\TFM-UPM\Practica\Prueba1_demo_v1.0\prueba1_demo.srcs\sources_1\new\apa102_ctrl.vhd:]
WARNING: [filemgmt 56-199] Attempt to get parsing info during refresh. "On-the-fly" syntax checking information may be incorrect. [C:\Users\kille\Documents\GitHub\TFM-UPM\Practica\Prueba1_demo_v1.0\prueba1_demo.srcs\sources_1\new\i2s_transceiver.vhd:]
WARNING: [filemgmt 56-199] Attempt to get parsing info during refresh. "On-the-fly" syntax checking information may be incorrect. [C:\Users\kille\Documents\GitHub\TFM-UPM\Practica\Prueba1_demo_v1.0\prueba1_demo.srcs\sources_1\new\audio_player.vhd:]
WARNING: [filemgmt 56-199] Attempt to get parsing info during refresh. "On-the-fly" syntax checking information may be incorrect. [C:\Users\kille\Documents\GitHub\TFM-UPM\Practica\Prueba1_demo_v1.0\prueba1_demo.srcs\sources_1\new\tas2110_i2c_ctrl.vhd:]
WARNING: [filemgmt 56-199] Attempt to get parsing info during refresh. "On-the-fly" syntax checking information may be incorrect. [C:\Users\kille\Documents\GitHub\TFM-UPM\Practica\Prueba1_demo_v1.0\prueba1_demo.srcs\sources_1\new\top_system.vhd:]
WARNING: [filemgmt 56-199] Attempt to get parsing info during refresh. "On-the-fly" syntax checking information may be incorrect. [C:\Users\kille\Documents\GitHub\TFM-UPM\Practica\Prueba1_demo_v1.0\prueba1_demo.srcs\sources_1\new\top_system.vhd:]
WARNING: [filemgmt 56-199] Attempt to get parsing info during refresh. "On-the-fly" syntax checking information may be incorrect. [C:\Users\kille\Documents\GitHub\TFM-UPM\Practica\Prueba1_demo_v1.0\prueba1_demo.srcs\sources_1\new\top_system.vhd:]
WARNING: [filemgmt 56-199] Attempt to get parsing info during refresh. "On-the-fly" syntax checking information may be incorrect. [C:\Users\kille\Documents\GitHub\TFM-UPM\Practica\Prueba1_demo_v1.0\prueba1_demo.srcs\sources_1\new\apa102_ctrl.vhd:]
WARNING: [filemgmt 56-199] Attempt to get parsing info during refresh. "On-the-fly" syntax checking information may be incorrect. [C:\Users\kille\Documents\GitHub\TFM-UPM\Practica\Prueba1_demo_v1.0\prueba1_demo.srcs\sources_1\new\i2s_transceiver.vhd:]
WARNING: [filemgmt 56-199] Attempt to get parsing info during refresh. "On-the-fly" syntax checking information may be incorrect. [C:\Users\kille\Documents\GitHub\TFM-UPM\Practica\Prueba1_demo_v1.0\prueba1_demo.srcs\sources_1\new\audio_player.vhd:]
WARNING: [filemgmt 56-199] Attempt to get parsing info during refresh. "On-the-fly" syntax checking information may be incorrect. [C:\Users\kille\Documents\GitHub\TFM-UPM\Practica\Prueba1_demo_v1.0\prueba1_demo.srcs\sources_1\new\tas2110_i2c_ctrl.vhd:]
WARNING: [filemgmt 56-199] Attempt to get parsing info during refresh. "On-the-fly" syntax checking information may be incorrect. [C:\Users\kille\Documents\GitHub\TFM-UPM\Practica\Prueba1_demo_v1.0\prueba1_demo.srcs\sources_1\new\tas2110_i2c_ctrl.vhd:]
WARNING: [filemgmt 56-199] Attempt to get parsing info during refresh. "On-the-fly" syntax checking information may be incorrect. [C:\Users\kille\Documents\GitHub\TFM-UPM\Practica\Prueba1_demo_v1.0\prueba1_demo.srcs\sources_1\new\tas2110_i2c_ctrl.vhd:]
WARNING: [filemgmt 56-199] Attempt to get parsing info during refresh. "On-the-fly" syntax checking information may be incorrect. [C:\Users\kille\Documents\GitHub\TFM-UPM\Practica\Prueba1_demo_v1.0\prueba1_demo.srcs\sources_1\new\top_system.vhd:]
WARNING: [filemgmt 56-199] Attempt to get parsing info during refresh. "On-the-fly" syntax checking information may be incorrect. [C:\Users\kille\Documents\GitHub\TFM-UPM\Practica\Prueba1_demo_v1.0\prueba1_demo.srcs\sources_1\new\apa102_ctrl.vhd:]
WARNING: [filemgmt 56-199] Attempt to get parsing info during refresh. "On-the-fly" syntax checking information may be incorrect. [C:\Users\kille\Documents\GitHub\TFM-UPM\Practica\Prueba1_demo_v1.0\prueba1_demo.srcs\sources_1\new\i2s_transceiver.vhd:]
WARNING: [filemgmt 56-199] Attempt to get parsing info during refresh. "On-the-fly" syntax checking information may be incorrect. [C:\Users\kille\Documents\GitHub\TFM-UPM\Practica\Prueba1_demo_v1.0\prueba1_demo.srcs\sources_1\new\audio_player.vhd:]
WARNING: [filemgmt 56-199] Attempt to get parsing info during refresh. "On-the-fly" syntax checking information may be incorrect. [C:\Users\kille\Documents\GitHub\TFM-UPM\Practica\Prueba1_demo_v1.0\prueba1_demo.srcs\sources_1\new\tas2110_i2c_ctrl.vhd:]
WARNING: [filemgmt 56-199] Attempt to get parsing info during refresh. "On-the-fly" syntax checking information may be incorrect. [C:\Users\kille\Documents\GitHub\TFM-UPM\Practica\Prueba1_demo_v1.0\prueba1_demo.srcs\sources_1\new\i2s_transceiver.vhd:]
WARNING: [filemgmt 56-199] Attempt to get parsing info during refresh. "On-the-fly" syntax checking information may be incorrect. [C:\Users\kille\Documents\GitHub\TFM-UPM\Practica\Prueba1_demo_v1.0\prueba1_demo.srcs\sources_1\new\i2s_transceiver.vhd:]
update_compile_order -fileset sources_1
WARNING: [filemgmt 56-199] Attempt to get parsing info during refresh. "On-the-fly" syntax checking information may be incorrect. [C:\Users\kille\Documents\GitHub\TFM-UPM\Practica\Prueba1_demo_v1.0\prueba1_demo.srcs\sources_1\new\top_system.vhd:]
WARNING: [filemgmt 56-199] Attempt to get parsing info during refresh. "On-the-fly" syntax checking information may be incorrect. [C:\Users\kille\Documents\GitHub\TFM-UPM\Practica\Prueba1_demo_v1.0\prueba1_demo.srcs\sources_1\new\apa102_ctrl.vhd:]
WARNING: [filemgmt 56-199] Attempt to get parsing info during refresh. "On-the-fly" syntax checking information may be incorrect. [C:\Users\kille\Documents\GitHub\TFM-UPM\Practica\Prueba1_demo_v1.0\prueba1_demo.srcs\sources_1\new\i2s_transceiver.vhd:]
WARNING: [filemgmt 56-199] Attempt to get parsing info during refresh. "On-the-fly" syntax checking information may be incorrect. [C:\Users\kille\Documents\GitHub\TFM-UPM\Practica\Prueba1_demo_v1.0\prueba1_demo.srcs\sources_1\new\audio_player.vhd:]
WARNING: [filemgmt 56-199] Attempt to get parsing info during refresh. "On-the-fly" syntax checking information may be incorrect. [C:\Users\kille\Documents\GitHub\TFM-UPM\Practica\Prueba1_demo_v1.0\prueba1_demo.srcs\sources_1\new\tas2110_i2c_ctrl.vhd:]
WARNING: [filemgmt 56-199] Attempt to get parsing info during refresh. "On-the-fly" syntax checking information may be incorrect. [C:\Users\kille\Documents\GitHub\TFM-UPM\Practica\Prueba1_demo_v1.0\prueba1_demo.srcs\sources_1\new\top_system.vhd:]
WARNING: [filemgmt 56-199] Attempt to get parsing info during refresh. "On-the-fly" syntax checking information may be incorrect. [C:\Users\kille\Documents\GitHub\TFM-UPM\Practica\Prueba1_demo_v1.0\prueba1_demo.srcs\sources_1\new\top_system.vhd:]
WARNING: [filemgmt 56-199] Attempt to get parsing info during refresh. "On-the-fly" syntax checking information may be incorrect. [C:\Users\kille\Documents\GitHub\TFM-UPM\Practica\Prueba1_demo_v1.0\prueba1_demo.srcs\sources_1\new\top_system.vhd:]
WARNING: [filemgmt 56-199] Attempt to get parsing info during refresh. "On-the-fly" syntax checking information may be incorrect. [C:\Users\kille\Documents\GitHub\TFM-UPM\Practica\Prueba1_demo_v1.0\prueba1_demo.srcs\sources_1\new\apa102_ctrl.vhd:]
WARNING: [filemgmt 56-199] Attempt to get parsing info during refresh. "On-the-fly" syntax checking information may be incorrect. [C:\Users\kille\Documents\GitHub\TFM-UPM\Practica\Prueba1_demo_v1.0\prueba1_demo.srcs\sources_1\new\i2s_transceiver.vhd:]
WARNING: [filemgmt 56-199] Attempt to get parsing info during refresh. "On-the-fly" syntax checking information may be incorrect. [C:\Users\kille\Documents\GitHub\TFM-UPM\Practica\Prueba1_demo_v1.0\prueba1_demo.srcs\sources_1\new\audio_player.vhd:]
WARNING: [filemgmt 56-199] Attempt to get parsing info during refresh. "On-the-fly" syntax checking information may be incorrect. [C:\Users\kille\Documents\GitHub\TFM-UPM\Practica\Prueba1_demo_v1.0\prueba1_demo.srcs\sources_1\new\tas2110_i2c_ctrl.vhd:]
WARNING: [filemgmt 56-199] Attempt to get parsing info during refresh. "On-the-fly" syntax checking information may be incorrect. [C:\Users\kille\Documents\GitHub\TFM-UPM\Practica\Prueba1_demo_v1.0\prueba1_demo.srcs\sources_1\new\tas2110_i2c_ctrl.vhd:]
WARNING: [filemgmt 56-199] Attempt to get parsing info during refresh. "On-the-fly" syntax checking information may be incorrect. [C:\Users\kille\Documents\GitHub\TFM-UPM\Practica\Prueba1_demo_v1.0\prueba1_demo.srcs\sources_1\new\tas2110_i2c_ctrl.vhd:]
WARNING: [filemgmt 56-199] Attempt to get parsing info during refresh. "On-the-fly" syntax checking information may be incorrect. [C:\Users\kille\Documents\GitHub\TFM-UPM\Practica\Prueba1_demo_v1.0\prueba1_demo.srcs\sources_1\new\top_system.vhd:]
WARNING: [filemgmt 56-199] Attempt to get parsing info during refresh. "On-the-fly" syntax checking information may be incorrect. [C:\Users\kille\Documents\GitHub\TFM-UPM\Practica\Prueba1_demo_v1.0\prueba1_demo.srcs\sources_1\new\apa102_ctrl.vhd:]
WARNING: [filemgmt 56-199] Attempt to get parsing info during refresh. "On-the-fly" syntax checking information may be incorrect. [C:\Users\kille\Documents\GitHub\TFM-UPM\Practica\Prueba1_demo_v1.0\prueba1_demo.srcs\sources_1\new\i2s_transceiver.vhd:]
WARNING: [filemgmt 56-199] Attempt to get parsing info during refresh. "On-the-fly" syntax checking information may be incorrect. [C:\Users\kille\Documents\GitHub\TFM-UPM\Practica\Prueba1_demo_v1.0\prueba1_demo.srcs\sources_1\new\audio_player.vhd:]
WARNING: [filemgmt 56-199] Attempt to get parsing info during refresh. "On-the-fly" syntax checking information may be incorrect. [C:\Users\kille\Documents\GitHub\TFM-UPM\Practica\Prueba1_demo_v1.0\prueba1_demo.srcs\sources_1\new\tas2110_i2c_ctrl.vhd:]
WARNING: [filemgmt 56-199] Attempt to get parsing info during refresh. "On-the-fly" syntax checking information may be incorrect. [C:\Users\kille\Documents\GitHub\TFM-UPM\Practica\Prueba1_demo_v1.0\prueba1_demo.srcs\sources_1\new\i2s_transceiver.vhd:]
WARNING: [filemgmt 56-199] Attempt to get parsing info during refresh. "On-the-fly" syntax checking information may be incorrect. [C:\Users\kille\Documents\GitHub\TFM-UPM\Practica\Prueba1_demo_v1.0\prueba1_demo.srcs\sources_1\new\i2s_transceiver.vhd:]
ERROR: [Common 17-180] Spawn failed: La operación se completó correctamente.

WARNING: [filemgmt 56-199] Attempt to get parsing info during refresh. "On-the-fly" syntax checking information may be incorrect. [C:\Users\kille\Documents\GitHub\TFM-UPM\Practica\Prueba1_demo_v1.0\prueba1_demo.srcs\sources_1\new\top_system.vhd:]
WARNING: [filemgmt 56-199] Attempt to get parsing info during refresh. "On-the-fly" syntax checking information may be incorrect. [C:\Users\kille\Documents\GitHub\TFM-UPM\Practica\Prueba1_demo_v1.0\prueba1_demo.srcs\sources_1\new\apa102_ctrl.vhd:]
WARNING: [filemgmt 56-199] Attempt to get parsing info during refresh. "On-the-fly" syntax checking information may be incorrect. [C:\Users\kille\Documents\GitHub\TFM-UPM\Practica\Prueba1_demo_v1.0\prueba1_demo.srcs\sources_1\new\i2s_transceiver.vhd:]
WARNING: [filemgmt 56-199] Attempt to get parsing info during refresh. "On-the-fly" syntax checking information may be incorrect. [C:\Users\kille\Documents\GitHub\TFM-UPM\Practica\Prueba1_demo_v1.0\prueba1_demo.srcs\sources_1\new\audio_player.vhd:]
WARNING: [filemgmt 56-199] Attempt to get parsing info during refresh. "On-the-fly" syntax checking information may be incorrect. [C:\Users\kille\Documents\GitHub\TFM-UPM\Practica\Prueba1_demo_v1.0\prueba1_demo.srcs\sources_1\new\tas2110_i2c_ctrl.vhd:]
WARNING: [filemgmt 56-199] Attempt to get parsing info during refresh. "On-the-fly" syntax checking information may be incorrect. [C:\Users\kille\Documents\GitHub\TFM-UPM\Practica\Prueba1_demo_v1.0\prueba1_demo.srcs\sources_1\new\apa102_ctrl.vhd:]
WARNING: [filemgmt 56-199] Attempt to get parsing info during refresh. "On-the-fly" syntax checking information may be incorrect. [C:\Users\kille\Documents\GitHub\TFM-UPM\Practica\Prueba1_demo_v1.0\prueba1_demo.srcs\sources_1\new\apa102_ctrl.vhd:]
ERROR: [Common 17-180] Spawn failed: La operación se completó correctamente.

reset_run synth_1
INFO: [Project 1-1161] Replacing file C:/Users/kille/Documents/GitHub/TFM-UPM/Practica/Prueba1_demo_v1.0/prueba1_demo.srcs/utils_1/imports/synth_1/top_system.dcp with file C:/Users/kille/Documents/GitHub/TFM-UPM/Practica/Prueba1_demo_v1.0/prueba1_demo.runs/synth_1/design_1_wrapper.dcp
reset_run design_1_top_system_0_1_synth_1
launch_runs impl_1 -to_step write_bitstream -jobs 12
WARNING: [filemgmt 56-199] Attempt to get parsing info during refresh. "On-the-fly" syntax checking information may be incorrect. [C:\Users\kille\Documents\GitHub\TFM-UPM\Practica\Prueba1_demo_v1.0\prueba1_demo.srcs\sources_1\new\top_system.vhd:]
WARNING: [filemgmt 56-199] Attempt to get parsing info during refresh. "On-the-fly" syntax checking information may be incorrect. [C:\Users\kille\Documents\GitHub\TFM-UPM\Practica\Prueba1_demo_v1.0\prueba1_demo.srcs\sources_1\new\apa102_ctrl.vhd:]
WARNING: [filemgmt 56-199] Attempt to get parsing info during refresh. "On-the-fly" syntax checking information may be incorrect. [C:\Users\kille\Documents\GitHub\TFM-UPM\Practica\Prueba1_demo_v1.0\prueba1_demo.srcs\sources_1\new\i2s_transceiver.vhd:]
WARNING: [filemgmt 56-199] Attempt to get parsing info during refresh. "On-the-fly" syntax checking information may be incorrect. [C:\Users\kille\Documents\GitHub\TFM-UPM\Practica\Prueba1_demo_v1.0\prueba1_demo.srcs\sources_1\new\audio_player.vhd:]
WARNING: [filemgmt 56-199] Attempt to get parsing info during refresh. "On-the-fly" syntax checking information may be incorrect. [C:\Users\kille\Documents\GitHub\TFM-UPM\Practica\Prueba1_demo_v1.0\prueba1_demo.srcs\sources_1\new\tas2110_i2c_ctrl.vhd:]
WARNING: [filemgmt 56-199] Attempt to get parsing info during refresh. "On-the-fly" syntax checking information may be incorrect. [C:\Users\kille\Documents\GitHub\TFM-UPM\Practica\Prueba1_demo_v1.0\prueba1_demo.srcs\sources_1\new\apa102_ctrl.vhd:]
WARNING: [filemgmt 56-199] Attempt to get parsing info during refresh. "On-the-fly" syntax checking information may be incorrect. [C:\Users\kille\Documents\GitHub\TFM-UPM\Practica\Prueba1_demo_v1.0\prueba1_demo.srcs\sources_1\new\apa102_ctrl.vhd:]
[Wed Aug  5 18:38:15 2026] Launched design_1_top_system_0_1_synth_1, synth_1...
Run output will be captured here:
design_1_top_system_0_1_synth_1: C:/Users/kille/Documents/GitHub/TFM-UPM/Practica/Prueba1_demo_v1.0/prueba1_demo.runs/design_1_top_system_0_1_synth_1/runme.log
synth_1: C:/Users/kille/Documents/GitHub/TFM-UPM/Practica/Prueba1_demo_v1.0/prueba1_demo.runs/synth_1/runme.log
[Wed Aug  5 18:38:15 2026] Launched impl_1...
Run output will be captured here: C:/Users/kille/Documents/GitHub/TFM-UPM/Practica/Prueba1_demo_v1.0/prueba1_demo.runs/impl_1/runme.log
WARNING: [filemgmt 56-199] Attempt to get parsing info during refresh. "On-the-fly" syntax checking information may be incorrect. [C:\Users\kille\Documents\GitHub\TFM-UPM\Practica\Prueba1_demo_v1.0\prueba1_demo.srcs\sources_1\new\top_system.vhd:]
WARNING: [filemgmt 56-199] Attempt to get parsing info during refresh. "On-the-fly" syntax checking information may be incorrect. [C:\Users\kille\Documents\GitHub\TFM-UPM\Practica\Prueba1_demo_v1.0\prueba1_demo.srcs\sources_1\new\apa102_ctrl.vhd:]
WARNING: [filemgmt 56-199] Attempt to get parsing info during refresh. "On-the-fly" syntax checking information may be incorrect. [C:\Users\kille\Documents\GitHub\TFM-UPM\Practica\Prueba1_demo_v1.0\prueba1_demo.srcs\sources_1\new\i2s_transceiver.vhd:]
WARNING: [filemgmt 56-199] Attempt to get parsing info during refresh. "On-the-fly" syntax checking information may be incorrect. [C:\Users\kille\Documents\GitHub\TFM-UPM\Practica\Prueba1_demo_v1.0\prueba1_demo.srcs\sources_1\new\audio_player.vhd:]
WARNING: [filemgmt 56-199] Attempt to get parsing info during refresh. "On-the-fly" syntax checking information may be incorrect. [C:\Users\kille\Documents\GitHub\TFM-UPM\Practica\Prueba1_demo_v1.0\prueba1_demo.srcs\sources_1\new\tas2110_i2c_ctrl.vhd:]
WARNING: [filemgmt 56-199] Attempt to get parsing info during refresh. "On-the-fly" syntax checking information may be incorrect. [C:\Users\kille\Documents\GitHub\TFM-UPM\Practica\Prueba1_demo_v1.0\prueba1_demo.srcs\sources_1\new\i2s_transceiver.vhd:]
WARNING: [filemgmt 56-199] Attempt to get parsing info during refresh. "On-the-fly" syntax checking information may be incorrect. [C:\Users\kille\Documents\GitHub\TFM-UPM\Practica\Prueba1_demo_v1.0\prueba1_demo.srcs\sources_1\new\i2s_transceiver.vhd:]
WARNING: [filemgmt 56-199] Attempt to get parsing info during refresh. "On-the-fly" syntax checking information may be incorrect. [C:\Users\kille\Documents\GitHub\TFM-UPM\Practica\Prueba1_demo_v1.0\prueba1_demo.srcs\sources_1\new\top_system.vhd:]
WARNING: [filemgmt 56-199] Attempt to get parsing info during refresh. "On-the-fly" syntax checking information may be incorrect. [C:\Users\kille\Documents\GitHub\TFM-UPM\Practica\Prueba1_demo_v1.0\prueba1_demo.srcs\sources_1\new\apa102_ctrl.vhd:]
WARNING: [filemgmt 56-199] Attempt to get parsing info during refresh. "On-the-fly" syntax checking information may be incorrect. [C:\Users\kille\Documents\GitHub\TFM-UPM\Practica\Prueba1_demo_v1.0\prueba1_demo.srcs\sources_1\new\i2s_transceiver.vhd:]
WARNING: [filemgmt 56-199] Attempt to get parsing info during refresh. "On-the-fly" syntax checking information may be incorrect. [C:\Users\kille\Documents\GitHub\TFM-UPM\Practica\Prueba1_demo_v1.0\prueba1_demo.srcs\sources_1\new\audio_player.vhd:]
WARNING: [filemgmt 56-199] Attempt to get parsing info during refresh. "On-the-fly" syntax checking information may be incorrect. [C:\Users\kille\Documents\GitHub\TFM-UPM\Practica\Prueba1_demo_v1.0\prueba1_demo.srcs\sources_1\new\tas2110_i2c_ctrl.vhd:]
WARNING: [filemgmt 56-199] Attempt to get parsing info during refresh. "On-the-fly" syntax checking information may be incorrect. [C:\Users\kille\Documents\GitHub\TFM-UPM\Practica\Prueba1_demo_v1.0\prueba1_demo.srcs\sources_1\new\tas2110_i2c_ctrl.vhd:]
WARNING: [filemgmt 56-199] Attempt to get parsing info during refresh. "On-the-fly" syntax checking information may be incorrect. [C:\Users\kille\Documents\GitHub\TFM-UPM\Practica\Prueba1_demo_v1.0\prueba1_demo.srcs\sources_1\new\tas2110_i2c_ctrl.vhd:]
WARNING: [filemgmt 56-199] Attempt to get parsing info during refresh. "On-the-fly" syntax checking information may be incorrect. [C:\Users\kille\Documents\GitHub\TFM-UPM\Practica\Prueba1_demo_v1.0\prueba1_demo.srcs\sources_1\new\top_system.vhd:]
WARNING: [filemgmt 56-199] Attempt to get parsing info during refresh. "On-the-fly" syntax checking information may be incorrect. [C:\Users\kille\Documents\GitHub\TFM-UPM\Practica\Prueba1_demo_v1.0\prueba1_demo.srcs\sources_1\new\apa102_ctrl.vhd:]
WARNING: [filemgmt 56-199] Attempt to get parsing info during refresh. "On-the-fly" syntax checking information may be incorrect. [C:\Users\kille\Documents\GitHub\TFM-UPM\Practica\Prueba1_demo_v1.0\prueba1_demo.srcs\sources_1\new\i2s_transceiver.vhd:]
WARNING: [filemgmt 56-199] Attempt to get parsing info during refresh. "On-the-fly" syntax checking information may be incorrect. [C:\Users\kille\Documents\GitHub\TFM-UPM\Practica\Prueba1_demo_v1.0\prueba1_demo.srcs\sources_1\new\audio_player.vhd:]
WARNING: [filemgmt 56-199] Attempt to get parsing info during refresh. "On-the-fly" syntax checking information may be incorrect. [C:\Users\kille\Documents\GitHub\TFM-UPM\Practica\Prueba1_demo_v1.0\prueba1_demo.srcs\sources_1\new\tas2110_i2c_ctrl.vhd:]
WARNING: [filemgmt 56-199] Attempt to get parsing info during refresh. "On-the-fly" syntax checking information may be incorrect. [C:\Users\kille\Documents\GitHub\TFM-UPM\Practica\Prueba1_demo_v1.0\prueba1_demo.srcs\sources_1\new\audio_player.vhd:]
WARNING: [filemgmt 56-199] Attempt to get parsing info during refresh. "On-the-fly" syntax checking information may be incorrect. [C:\Users\kille\Documents\GitHub\TFM-UPM\Practica\Prueba1_demo_v1.0\prueba1_demo.srcs\sources_1\new\audio_player.vhd:]
export_ip_user_files -of_objects  [get_files C:/Users/kille/Documents/GitHub/TFM-UPM/Practica/Prueba1/prueba_v1.0.srcs/sources_1/new/sd_audio_streamer.vhd] -no_script -reset -force -quiet
remove_files  C:/Users/kille/Documents/GitHub/TFM-UPM/Practica/Prueba1/prueba_v1.0.srcs/sources_1/new/sd_audio_streamer.vhd
WARNING: [filemgmt 56-199] Attempt to get parsing info during refresh. "On-the-fly" syntax checking information may be incorrect. [C:\Users\kille\Documents\GitHub\TFM-UPM\Practica\Prueba1_demo_v1.0\prueba1_demo.srcs\sources_1\new\top_system.vhd:]
WARNING: [filemgmt 56-199] Attempt to get parsing info during refresh. "On-the-fly" syntax checking information may be incorrect. [C:\Users\kille\Documents\GitHub\TFM-UPM\Practica\Prueba1_demo_v1.0\prueba1_demo.srcs\sources_1\new\apa102_ctrl.vhd:]
WARNING: [filemgmt 56-199] Attempt to get parsing info during refresh. "On-the-fly" syntax checking information may be incorrect. [C:\Users\kille\Documents\GitHub\TFM-UPM\Practica\Prueba1_demo_v1.0\prueba1_demo.srcs\sources_1\new\i2s_transceiver.vhd:]
WARNING: [filemgmt 56-199] Attempt to get parsing info during refresh. "On-the-fly" syntax checking information may be incorrect. [C:\Users\kille\Documents\GitHub\TFM-UPM\Practica\Prueba1_demo_v1.0\prueba1_demo.srcs\sources_1\new\audio_player.vhd:]
WARNING: [filemgmt 56-199] Attempt to get parsing info during refresh. "On-the-fly" syntax checking information may be incorrect. [C:\Users\kille\Documents\GitHub\TFM-UPM\Practica\Prueba1_demo_v1.0\prueba1_demo.srcs\sources_1\new\tas2110_i2c_ctrl.vhd:]
WARNING: [filemgmt 56-199] Attempt to get parsing info during refresh. "On-the-fly" syntax checking information may be incorrect. [C:\Users\kille\Documents\GitHub\TFM-UPM\Practica\Prueba1_demo_v1.0\prueba1_demo.srcs\sources_1\new\top_system.vhd:]
WARNING: [filemgmt 56-199] Attempt to get parsing info during refresh. "On-the-fly" syntax checking information may be incorrect. [C:\Users\kille\Documents\GitHub\TFM-UPM\Practica\Prueba1_demo_v1.0\prueba1_demo.srcs\sources_1\new\top_system.vhd:]
WARNING: [filemgmt 56-199] Attempt to get parsing info during refresh. "On-the-fly" syntax checking information may be incorrect. [C:\Users\kille\Documents\GitHub\TFM-UPM\Practica\Prueba1_demo_v1.0\prueba1_demo.srcs\sources_1\new\top_system.vhd:]
WARNING: [filemgmt 56-199] Attempt to get parsing info during refresh. "On-the-fly" syntax checking information may be incorrect. [C:\Users\kille\Documents\GitHub\TFM-UPM\Practica\Prueba1_demo_v1.0\prueba1_demo.srcs\sources_1\new\apa102_ctrl.vhd:]
WARNING: [filemgmt 56-199] Attempt to get parsing info during refresh. "On-the-fly" syntax checking information may be incorrect. [C:\Users\kille\Documents\GitHub\TFM-UPM\Practica\Prueba1_demo_v1.0\prueba1_demo.srcs\sources_1\new\i2s_transceiver.vhd:]
WARNING: [filemgmt 56-199] Attempt to get parsing info during refresh. "On-the-fly" syntax checking information may be incorrect. [C:\Users\kille\Documents\GitHub\TFM-UPM\Practica\Prueba1_demo_v1.0\prueba1_demo.srcs\sources_1\new\audio_player.vhd:]
WARNING: [filemgmt 56-199] Attempt to get parsing info during refresh. "On-the-fly" syntax checking information may be incorrect. [C:\Users\kille\Documents\GitHub\TFM-UPM\Practica\Prueba1_demo_v1.0\prueba1_demo.srcs\sources_1\new\tas2110_i2c_ctrl.vhd:]
WARNING: [filemgmt 56-199] Attempt to get parsing info during refresh. "On-the-fly" syntax checking information may be incorrect. [C:\Users\kille\Documents\GitHub\TFM-UPM\Practica\Prueba1_demo_v1.0\prueba1_demo.srcs\sources_1\new\i2s_transceiver.vhd:]
WARNING: [filemgmt 56-199] Attempt to get parsing info during refresh. "On-the-fly" syntax checking information may be incorrect. [C:\Users\kille\Documents\GitHub\TFM-UPM\Practica\Prueba1_demo_v1.0\prueba1_demo.srcs\sources_1\new\i2s_transceiver.vhd:]
WARNING: [filemgmt 56-199] Attempt to get parsing info during refresh. "On-the-fly" syntax checking information may be incorrect. [C:\Users\kille\Documents\GitHub\TFM-UPM\Practica\Prueba1_demo_v1.0\prueba1_demo.srcs\sources_1\new\top_system.vhd:]
WARNING: [filemgmt 56-199] Attempt to get parsing info during refresh. "On-the-fly" syntax checking information may be incorrect. [C:\Users\kille\Documents\GitHub\TFM-UPM\Practica\Prueba1_demo_v1.0\prueba1_demo.srcs\sources_1\new\apa102_ctrl.vhd:]
WARNING: [filemgmt 56-199] Attempt to get parsing info during refresh. "On-the-fly" syntax checking information may be incorrect. [C:\Users\kille\Documents\GitHub\TFM-UPM\Practica\Prueba1_demo_v1.0\prueba1_demo.srcs\sources_1\new\i2s_transceiver.vhd:]
WARNING: [filemgmt 56-199] Attempt to get parsing info during refresh. "On-the-fly" syntax checking information may be incorrect. [C:\Users\kille\Documents\GitHub\TFM-UPM\Practica\Prueba1_demo_v1.0\prueba1_demo.srcs\sources_1\new\audio_player.vhd:]
WARNING: [filemgmt 56-199] Attempt to get parsing info during refresh. "On-the-fly" syntax checking information may be incorrect. [C:\Users\kille\Documents\GitHub\TFM-UPM\Practica\Prueba1_demo_v1.0\prueba1_demo.srcs\sources_1\new\tas2110_i2c_ctrl.vhd:]
WARNING: [filemgmt 56-199] Attempt to get parsing info during refresh. "On-the-fly" syntax checking information may be incorrect. [C:\Users\kille\Documents\GitHub\TFM-UPM\Practica\Prueba1_demo_v1.0\prueba1_demo.srcs\sources_1\new\tas2110_i2c_ctrl.vhd:]
WARNING: [filemgmt 56-199] Attempt to get parsing info during refresh. "On-the-fly" syntax checking information may be incorrect. [C:\Users\kille\Documents\GitHub\TFM-UPM\Practica\Prueba1_demo_v1.0\prueba1_demo.srcs\sources_1\new\tas2110_i2c_ctrl.vhd:]
WARNING: [filemgmt 56-199] Attempt to get parsing info during refresh. "On-the-fly" syntax checking information may be incorrect. [C:\Users\kille\Documents\GitHub\TFM-UPM\Practica\Prueba1_demo_v1.0\prueba1_demo.srcs\sources_1\new\top_system.vhd:]
WARNING: [filemgmt 56-199] Attempt to get parsing info during refresh. "On-the-fly" syntax checking information may be incorrect. [C:\Users\kille\Documents\GitHub\TFM-UPM\Practica\Prueba1_demo_v1.0\prueba1_demo.srcs\sources_1\new\apa102_ctrl.vhd:]
WARNING: [filemgmt 56-199] Attempt to get parsing info during refresh. "On-the-fly" syntax checking information may be incorrect. [C:\Users\kille\Documents\GitHub\TFM-UPM\Practica\Prueba1_demo_v1.0\prueba1_demo.srcs\sources_1\new\i2s_transceiver.vhd:]
WARNING: [filemgmt 56-199] Attempt to get parsing info during refresh. "On-the-fly" syntax checking information may be incorrect. [C:\Users\kille\Documents\GitHub\TFM-UPM\Practica\Prueba1_demo_v1.0\prueba1_demo.srcs\sources_1\new\audio_player.vhd:]
WARNING: [filemgmt 56-199] Attempt to get parsing info during refresh. "On-the-fly" syntax checking information may be incorrect. [C:\Users\kille\Documents\GitHub\TFM-UPM\Practica\Prueba1_demo_v1.0\prueba1_demo.srcs\sources_1\new\tas2110_i2c_ctrl.vhd:]
WARNING: [filemgmt 56-199] Attempt to get parsing info during refresh. "On-the-fly" syntax checking information may be incorrect. [C:\Users\kille\Documents\GitHub\TFM-UPM\Practica\Prueba1_demo_v1.0\prueba1_demo.srcs\sources_1\new\apa102_ctrl.vhd:]
WARNING: [filemgmt 56-199] Attempt to get parsing info during refresh. "On-the-fly" syntax checking information may be incorrect. [C:\Users\kille\Documents\GitHub\TFM-UPM\Practica\Prueba1_demo_v1.0\prueba1_demo.srcs\sources_1\new\apa102_ctrl.vhd:]
export_ip_user_files -of_objects  [get_files C:/Users/kille/Documents/GitHub/TFM-UPM/Practica/Prueba1/prueba_v1.0.srcs/sources_1/new/sd_controller.vhd] -no_script -reset -force -quiet
remove_files  C:/Users/kille/Documents/GitHub/TFM-UPM/Practica/Prueba1/prueba_v1.0.srcs/sources_1/new/sd_controller.vhd
WARNING: [filemgmt 56-199] Attempt to get parsing info during refresh. "On-the-fly" syntax checking information may be incorrect. [C:\Users\kille\Documents\GitHub\TFM-UPM\Practica\Prueba1_demo_v1.0\prueba1_demo.srcs\sources_1\new\top_system.vhd:]
WARNING: [filemgmt 56-199] Attempt to get parsing info during refresh. "On-the-fly" syntax checking information may be incorrect. [C:\Users\kille\Documents\GitHub\TFM-UPM\Practica\Prueba1_demo_v1.0\prueba1_demo.srcs\sources_1\new\apa102_ctrl.vhd:]
WARNING: [filemgmt 56-199] Attempt to get parsing info during refresh. "On-the-fly" syntax checking information may be incorrect. [C:\Users\kille\Documents\GitHub\TFM-UPM\Practica\Prueba1_demo_v1.0\prueba1_demo.srcs\sources_1\new\i2s_transceiver.vhd:]
WARNING: [filemgmt 56-199] Attempt to get parsing info during refresh. "On-the-fly" syntax checking information may be incorrect. [C:\Users\kille\Documents\GitHub\TFM-UPM\Practica\Prueba1_demo_v1.0\prueba1_demo.srcs\sources_1\new\audio_player.vhd:]
WARNING: [filemgmt 56-199] Attempt to get parsing info during refresh. "On-the-fly" syntax checking information may be incorrect. [C:\Users\kille\Documents\GitHub\TFM-UPM\Practica\Prueba1_demo_v1.0\prueba1_demo.srcs\sources_1\new\tas2110_i2c_ctrl.vhd:]
WARNING: [filemgmt 56-199] Attempt to get parsing info during refresh. "On-the-fly" syntax checking information may be incorrect. [C:\Users\kille\Documents\GitHub\TFM-UPM\Practica\Prueba1_demo_v1.0\prueba1_demo.srcs\sources_1\new\i2s_transceiver.vhd:]
WARNING: [filemgmt 56-199] Attempt to get parsing info during refresh. "On-the-fly" syntax checking information may be incorrect. [C:\Users\kille\Documents\GitHub\TFM-UPM\Practica\Prueba1_demo_v1.0\prueba1_demo.srcs\sources_1\new\i2s_transceiver.vhd:]
WARNING: [filemgmt 56-199] Attempt to get parsing info during refresh. "On-the-fly" syntax checking information may be incorrect. [C:\Users\kille\Documents\GitHub\TFM-UPM\Practica\Prueba1_demo_v1.0\prueba1_demo.srcs\sources_1\new\top_system.vhd:]
WARNING: [filemgmt 56-199] Attempt to get parsing info during refresh. "On-the-fly" syntax checking information may be incorrect. [C:\Users\kille\Documents\GitHub\TFM-UPM\Practica\Prueba1_demo_v1.0\prueba1_demo.srcs\sources_1\new\apa102_ctrl.vhd:]
WARNING: [filemgmt 56-199] Attempt to get parsing info during refresh. "On-the-fly" syntax checking information may be incorrect. [C:\Users\kille\Documents\GitHub\TFM-UPM\Practica\Prueba1_demo_v1.0\prueba1_demo.srcs\sources_1\new\i2s_transceiver.vhd:]
WARNING: [filemgmt 56-199] Attempt to get parsing info during refresh. "On-the-fly" syntax checking information may be incorrect. [C:\Users\kille\Documents\GitHub\TFM-UPM\Practica\Prueba1_demo_v1.0\prueba1_demo.srcs\sources_1\new\audio_player.vhd:]
WARNING: [filemgmt 56-199] Attempt to get parsing info during refresh. "On-the-fly" syntax checking information may be incorrect. [C:\Users\kille\Documents\GitHub\TFM-UPM\Practica\Prueba1_demo_v1.0\prueba1_demo.srcs\sources_1\new\tas2110_i2c_ctrl.vhd:]
WARNING: [filemgmt 56-199] Attempt to get parsing info during refresh. "On-the-fly" syntax checking information may be incorrect. [C:\Users\kille\Documents\GitHub\TFM-UPM\Practica\Prueba1_demo_v1.0\prueba1_demo.srcs\sources_1\new\audio_player.vhd:]
WARNING: [filemgmt 56-199] Attempt to get parsing info during refresh. "On-the-fly" syntax checking information may be incorrect. [C:\Users\kille\Documents\GitHub\TFM-UPM\Practica\Prueba1_demo_v1.0\prueba1_demo.srcs\sources_1\new\audio_player.vhd:]
export_ip_user_files -of_objects  [get_files C:/Users/kille/Documents/GitHub/TFM-UPM/Practica/Prueba1/prueba_v1.0.srcs/sources_1/new/spi_master.vhd] -no_script -reset -force -quiet
remove_files  C:/Users/kille/Documents/GitHub/TFM-UPM/Practica/Prueba1/prueba_v1.0.srcs/sources_1/new/spi_master.vhd
ERROR: [Common 17-180] Spawn failed: La operación se completó correctamente.

WARNING: [filemgmt 56-199] Attempt to get parsing info during refresh. "On-the-fly" syntax checking information may be incorrect. [C:\Users\kille\Documents\GitHub\TFM-UPM\Practica\Prueba1_demo_v1.0\prueba1_demo.srcs\sources_1\new\top_system.vhd:]
WARNING: [filemgmt 56-199] Attempt to get parsing info during refresh. "On-the-fly" syntax checking information may be incorrect. [C:\Users\kille\Documents\GitHub\TFM-UPM\Practica\Prueba1_demo_v1.0\prueba1_demo.srcs\sources_1\new\apa102_ctrl.vhd:]
WARNING: [filemgmt 56-199] Attempt to get parsing info during refresh. "On-the-fly" syntax checking information may be incorrect. [C:\Users\kille\Documents\GitHub\TFM-UPM\Practica\Prueba1_demo_v1.0\prueba1_demo.srcs\sources_1\new\i2s_transceiver.vhd:]
WARNING: [filemgmt 56-199] Attempt to get parsing info during refresh. "On-the-fly" syntax checking information may be incorrect. [C:\Users\kille\Documents\GitHub\TFM-UPM\Practica\Prueba1_demo_v1.0\prueba1_demo.srcs\sources_1\new\audio_player.vhd:]
WARNING: [filemgmt 56-199] Attempt to get parsing info during refresh. "On-the-fly" syntax checking information may be incorrect. [C:\Users\kille\Documents\GitHub\TFM-UPM\Practica\Prueba1_demo_v1.0\prueba1_demo.srcs\sources_1\new\tas2110_i2c_ctrl.vhd:]
WARNING: [filemgmt 56-199] Attempt to get parsing info during refresh. "On-the-fly" syntax checking information may be incorrect. [C:\Users\kille\Documents\GitHub\TFM-UPM\Practica\Prueba1_demo_v1.0\prueba1_demo.srcs\sources_1\new\apa102_ctrl.vhd:]
WARNING: [filemgmt 56-199] Attempt to get parsing info during refresh. "On-the-fly" syntax checking information may be incorrect. [C:\Users\kille\Documents\GitHub\TFM-UPM\Practica\Prueba1_demo_v1.0\prueba1_demo.srcs\sources_1\new\apa102_ctrl.vhd:]
WARNING: [filemgmt 56-199] Attempt to get parsing info during refresh. "On-the-fly" syntax checking information may be incorrect. [C:\Users\kille\Documents\GitHub\TFM-UPM\Practica\Prueba1_demo_v1.0\prueba1_demo.srcs\sources_1\new\top_system.vhd:]
WARNING: [filemgmt 56-199] Attempt to get parsing info during refresh. "On-the-fly" syntax checking information may be incorrect. [C:\Users\kille\Documents\GitHub\TFM-UPM\Practica\Prueba1_demo_v1.0\prueba1_demo.srcs\sources_1\new\apa102_ctrl.vhd:]
WARNING: [filemgmt 56-199] Attempt to get parsing info during refresh. "On-the-fly" syntax checking information may be incorrect. [C:\Users\kille\Documents\GitHub\TFM-UPM\Practica\Prueba1_demo_v1.0\prueba1_demo.srcs\sources_1\new\i2s_transceiver.vhd:]
WARNING: [filemgmt 56-199] Attempt to get parsing info during refresh. "On-the-fly" syntax checking information may be incorrect. [C:\Users\kille\Documents\GitHub\TFM-UPM\Practica\Prueba1_demo_v1.0\prueba1_demo.srcs\sources_1\new\audio_player.vhd:]
WARNING: [filemgmt 56-199] Attempt to get parsing info during refresh. "On-the-fly" syntax checking information may be incorrect. [C:\Users\kille\Documents\GitHub\TFM-UPM\Practica\Prueba1_demo_v1.0\prueba1_demo.srcs\sources_1\new\tas2110_i2c_ctrl.vhd:]
WARNING: [filemgmt 56-199] Attempt to get parsing info during refresh. "On-the-fly" syntax checking information may be incorrect. [C:\Users\kille\Documents\GitHub\TFM-UPM\Practica\Prueba1_demo_v1.0\prueba1_demo.srcs\sources_1\new\i2s_transceiver.vhd:]
WARNING: [filemgmt 56-199] Attempt to get parsing info during refresh. "On-the-fly" syntax checking information may be incorrect. [C:\Users\kille\Documents\GitHub\TFM-UPM\Practica\Prueba1_demo_v1.0\prueba1_demo.srcs\sources_1\new\i2s_transceiver.vhd:]
WARNING: [filemgmt 56-199] Attempt to get parsing info during refresh. "On-the-fly" syntax checking information may be incorrect. [C:\Users\kille\Documents\GitHub\TFM-UPM\Practica\Prueba1_demo_v1.0\prueba1_demo.srcs\sources_1\new\top_system.vhd:]
WARNING: [filemgmt 56-199] Attempt to get parsing info during refresh. "On-the-fly" syntax checking information may be incorrect. [C:\Users\kille\Documents\GitHub\TFM-UPM\Practica\Prueba1_demo_v1.0\prueba1_demo.srcs\sources_1\new\apa102_ctrl.vhd:]
WARNING: [filemgmt 56-199] Attempt to get parsing info during refresh. "On-the-fly" syntax checking information may be incorrect. [C:\Users\kille\Documents\GitHub\TFM-UPM\Practica\Prueba1_demo_v1.0\prueba1_demo.srcs\sources_1\new\i2s_transceiver.vhd:]
WARNING: [filemgmt 56-199] Attempt to get parsing info during refresh. "On-the-fly" syntax checking information may be incorrect. [C:\Users\kille\Documents\GitHub\TFM-UPM\Practica\Prueba1_demo_v1.0\prueba1_demo.srcs\sources_1\new\audio_player.vhd:]
WARNING: [filemgmt 56-199] Attempt to get parsing info during refresh. "On-the-fly" syntax checking information may be incorrect. [C:\Users\kille\Documents\GitHub\TFM-UPM\Practica\Prueba1_demo_v1.0\prueba1_demo.srcs\sources_1\new\tas2110_i2c_ctrl.vhd:]
WARNING: [filemgmt 56-199] Attempt to get parsing info during refresh. "On-the-fly" syntax checking information may be incorrect. [C:\Users\kille\Documents\GitHub\TFM-UPM\Practica\Prueba1_demo_v1.0\prueba1_demo.srcs\sources_1\new\audio_player.vhd:]
WARNING: [filemgmt 56-199] Attempt to get parsing info during refresh. "On-the-fly" syntax checking information may be incorrect. [C:\Users\kille\Documents\GitHub\TFM-UPM\Practica\Prueba1_demo_v1.0\prueba1_demo.srcs\sources_1\new\audio_player.vhd:]
WARNING: [filemgmt 56-199] Attempt to get parsing info during refresh. "On-the-fly" syntax checking information may be incorrect. [C:\Users\kille\Documents\GitHub\TFM-UPM\Practica\Prueba1_demo_v1.0\prueba1_demo.srcs\sources_1\new\top_system.vhd:]
WARNING: [filemgmt 56-199] Attempt to get parsing info during refresh. "On-the-fly" syntax checking information may be incorrect. [C:\Users\kille\Documents\GitHub\TFM-UPM\Practica\Prueba1_demo_v1.0\prueba1_demo.srcs\sources_1\new\apa102_ctrl.vhd:]
WARNING: [filemgmt 56-199] Attempt to get parsing info during refresh. "On-the-fly" syntax checking information may be incorrect. [C:\Users\kille\Documents\GitHub\TFM-UPM\Practica\Prueba1_demo_v1.0\prueba1_demo.srcs\sources_1\new\i2s_transceiver.vhd:]
WARNING: [filemgmt 56-199] Attempt to get parsing info during refresh. "On-the-fly" syntax checking information may be incorrect. [C:\Users\kille\Documents\GitHub\TFM-UPM\Practica\Prueba1_demo_v1.0\prueba1_demo.srcs\sources_1\new\audio_player.vhd:]
WARNING: [filemgmt 56-199] Attempt to get parsing info during refresh. "On-the-fly" syntax checking information may be incorrect. [C:\Users\kille\Documents\GitHub\TFM-UPM\Practica\Prueba1_demo_v1.0\prueba1_demo.srcs\sources_1\new\tas2110_i2c_ctrl.vhd:]
WARNING: [filemgmt 56-199] Attempt to get parsing info during refresh. "On-the-fly" syntax checking information may be incorrect. [C:\Users\kille\Documents\GitHub\TFM-UPM\Practica\Prueba1_demo_v1.0\prueba1_demo.srcs\sources_1\new\tas2110_i2c_ctrl.vhd:]
WARNING: [filemgmt 56-199] Attempt to get parsing info during refresh. "On-the-fly" syntax checking information may be incorrect. [C:\Users\kille\Documents\GitHub\TFM-UPM\Practica\Prueba1_demo_v1.0\prueba1_demo.srcs\sources_1\new\tas2110_i2c_ctrl.vhd:]
ERROR: [Common 17-180] Spawn failed: La operación se completó correctamente.

WARNING: [filemgmt 56-199] Attempt to get parsing info during refresh. "On-the-fly" syntax checking information may be incorrect. [C:\Users\kille\Documents\GitHub\TFM-UPM\Practica\Prueba1_demo_v1.0\prueba1_demo.srcs\sources_1\new\top_system.vhd:]
WARNING: [filemgmt 56-199] Attempt to get parsing info during refresh. "On-the-fly" syntax checking information may be incorrect. [C:\Users\kille\Documents\GitHub\TFM-UPM\Practica\Prueba1_demo_v1.0\prueba1_demo.srcs\sources_1\new\apa102_ctrl.vhd:]
WARNING: [filemgmt 56-199] Attempt to get parsing info during refresh. "On-the-fly" syntax checking information may be incorrect. [C:\Users\kille\Documents\GitHub\TFM-UPM\Practica\Prueba1_demo_v1.0\prueba1_demo.srcs\sources_1\new\i2s_transceiver.vhd:]
WARNING: [filemgmt 56-199] Attempt to get parsing info during refresh. "On-the-fly" syntax checking information may be incorrect. [C:\Users\kille\Documents\GitHub\TFM-UPM\Practica\Prueba1_demo_v1.0\prueba1_demo.srcs\sources_1\new\audio_player.vhd:]
WARNING: [filemgmt 56-199] Attempt to get parsing info during refresh. "On-the-fly" syntax checking information may be incorrect. [C:\Users\kille\Documents\GitHub\TFM-UPM\Practica\Prueba1_demo_v1.0\prueba1_demo.srcs\sources_1\new\tas2110_i2c_ctrl.vhd:]
WARNING: [filemgmt 56-199] Attempt to get parsing info during refresh. "On-the-fly" syntax checking information may be incorrect. [C:\Users\kille\Documents\GitHub\TFM-UPM\Practica\Prueba1_demo_v1.0\prueba1_demo.srcs\sources_1\new\apa102_ctrl.vhd:]
WARNING: [filemgmt 56-199] Attempt to get parsing info during refresh. "On-the-fly" syntax checking information may be incorrect. [C:\Users\kille\Documents\GitHub\TFM-UPM\Practica\Prueba1_demo_v1.0\prueba1_demo.srcs\sources_1\new\apa102_ctrl.vhd:]
WARNING: [filemgmt 56-199] Attempt to get parsing info during refresh. "On-the-fly" syntax checking information may be incorrect. [C:\Users\kille\Documents\GitHub\TFM-UPM\Practica\Prueba1_demo_v1.0\prueba1_demo.srcs\sources_1\new\top_system.vhd:]
WARNING: [filemgmt 56-199] Attempt to get parsing info during refresh. "On-the-fly" syntax checking information may be incorrect. [C:\Users\kille\Documents\GitHub\TFM-UPM\Practica\Prueba1_demo_v1.0\prueba1_demo.srcs\sources_1\new\apa102_ctrl.vhd:]
WARNING: [filemgmt 56-199] Attempt to get parsing info during refresh. "On-the-fly" syntax checking information may be incorrect. [C:\Users\kille\Documents\GitHub\TFM-UPM\Practica\Prueba1_demo_v1.0\prueba1_demo.srcs\sources_1\new\i2s_transceiver.vhd:]
WARNING: [filemgmt 56-199] Attempt to get parsing info during refresh. "On-the-fly" syntax checking information may be incorrect. [C:\Users\kille\Documents\GitHub\TFM-UPM\Practica\Prueba1_demo_v1.0\prueba1_demo.srcs\sources_1\new\audio_player.vhd:]
WARNING: [filemgmt 56-199] Attempt to get parsing info during refresh. "On-the-fly" syntax checking information may be incorrect. [C:\Users\kille\Documents\GitHub\TFM-UPM\Practica\Prueba1_demo_v1.0\prueba1_demo.srcs\sources_1\new\tas2110_i2c_ctrl.vhd:]
WARNING: [filemgmt 56-199] Attempt to get parsing info during refresh. "On-the-fly" syntax checking information may be incorrect. [C:\Users\kille\Documents\GitHub\TFM-UPM\Practica\Prueba1_demo_v1.0\prueba1_demo.srcs\sources_1\new\tas2110_i2c_ctrl.vhd:]
WARNING: [filemgmt 56-199] Attempt to get parsing info during refresh. "On-the-fly" syntax checking information may be incorrect. [C:\Users\kille\Documents\GitHub\TFM-UPM\Practica\Prueba1_demo_v1.0\prueba1_demo.srcs\sources_1\new\tas2110_i2c_ctrl.vhd:]
WARNING: [filemgmt 56-199] Attempt to get parsing info during refresh. "On-the-fly" syntax checking information may be incorrect. [C:\Users\kille\Documents\GitHub\TFM-UPM\Practica\Prueba1_demo_v1.0\prueba1_demo.srcs\sources_1\new\top_system.vhd:]
WARNING: [filemgmt 56-199] Attempt to get parsing info during refresh. "On-the-fly" syntax checking information may be incorrect. [C:\Users\kille\Documents\GitHub\TFM-UPM\Practica\Prueba1_demo_v1.0\prueba1_demo.srcs\sources_1\new\apa102_ctrl.vhd:]
WARNING: [filemgmt 56-199] Attempt to get parsing info during refresh. "On-the-fly" syntax checking information may be incorrect. [C:\Users\kille\Documents\GitHub\TFM-UPM\Practica\Prueba1_demo_v1.0\prueba1_demo.srcs\sources_1\new\i2s_transceiver.vhd:]
WARNING: [filemgmt 56-199] Attempt to get parsing info during refresh. "On-the-fly" syntax checking information may be incorrect. [C:\Users\kille\Documents\GitHub\TFM-UPM\Practica\Prueba1_demo_v1.0\prueba1_demo.srcs\sources_1\new\audio_player.vhd:]
WARNING: [filemgmt 56-199] Attempt to get parsing info during refresh. "On-the-fly" syntax checking information may be incorrect. [C:\Users\kille\Documents\GitHub\TFM-UPM\Practica\Prueba1_demo_v1.0\prueba1_demo.srcs\sources_1\new\tas2110_i2c_ctrl.vhd:]
WARNING: [filemgmt 56-199] Attempt to get parsing info during refresh. "On-the-fly" syntax checking information may be incorrect. [C:\Users\kille\Documents\GitHub\TFM-UPM\Practica\Prueba1_demo_v1.0\prueba1_demo.srcs\sources_1\new\audio_player.vhd:]
WARNING: [filemgmt 56-199] Attempt to get parsing info during refresh. "On-the-fly" syntax checking information may be incorrect. [C:\Users\kille\Documents\GitHub\TFM-UPM\Practica\Prueba1_demo_v1.0\prueba1_demo.srcs\sources_1\new\audio_player.vhd:]
open_hw_manager
connect_hw_server -allow_non_jtag
INFO: [Labtools 27-2285] Connecting to hw_server url TCP:localhost:3121
INFO: [Labtools 27-2222] Launching hw_server...
INFO: [Labtools 27-2221] Launch Output:

****** Xilinx hw_server v2025.1
  **** Build date : May  6 2025 at 09:15:36
    ** Copyright 1986-2022 Xilinx, Inc. All Rights Reserved.


INFO: [Labtools 27-3415] Connecting to cs_server url TCP:localhost:0
INFO: [Labtools 27-3417] Launching cs_server...
INFO: [Labtools 27-2221] Launch Output:


******** Xilinx cs_server v2025.1.0
  ****** Build date   : May 13 2025-21:15:27
    **** Build number : 2025.1.1747163727
      ** Copyright 2017-2022 Xilinx, Inc. All Rights Reserved.
      ** Copyright 2022-2026 Advanced Micro Devices, Inc. All Rights Reserved.



connect_hw_server: Time (s): cpu = 00:00:01 ; elapsed = 00:00:09 . Memory (MB): peak = 2449.277 ; gain = 0.000
open_hw_target
INFO: [Labtoolstcl 44-466] Opening hw_target localhost:3121/xilinx_tcf/Digilent/210292AD31A3A
set_property PROGRAM.FILE {C:/Users/kille/Documents/GitHub/TFM-UPM/Practica/Prueba1_demo_v1.0/prueba1_demo.runs/impl_1/design_1_wrapper.bit} [get_hw_devices xc7a100t_0]
set_property PROBES.FILE {C:/Users/kille/Documents/GitHub/TFM-UPM/Practica/Prueba1_demo_v1.0/prueba1_demo.runs/impl_1/design_1_wrapper.ltx} [get_hw_devices xc7a100t_0]
set_property FULL_PROBES.FILE {C:/Users/kille/Documents/GitHub/TFM-UPM/Practica/Prueba1_demo_v1.0/prueba1_demo.runs/impl_1/design_1_wrapper.ltx} [get_hw_devices xc7a100t_0]
current_hw_device [get_hw_devices xc7a100t_0]
refresh_hw_device [lindex [get_hw_devices xc7a100t_0] 0]
INFO: [Labtools 27-2302] Device xc7a100t (JTAG device index = 0) is programmed with a design that has 2 ILA core(s).
display_hw_ila_data [ get_hw_ila_data hw_ila_data_1 -of_objects [get_hw_ilas -of_objects [get_hw_devices xc7a100t_0] -filter {CELL_NAME=~"design_1_i/system_ila_0/U0/ila_lib"}]]
display_hw_ila_data [ get_hw_ila_data hw_ila_data_2 -of_objects [get_hw_ilas -of_objects [get_hw_devices xc7a100t_0] -filter {CELL_NAME=~"design_1_i/system_ila_1/U0/ila_lib"}]]
set_property PROBES.FILE {C:/Users/kille/Documents/GitHub/TFM-UPM/Practica/Prueba1_demo_v1.0/prueba1_demo.runs/impl_1/design_1_wrapper.ltx} [get_hw_devices xc7a100t_0]
set_property FULL_PROBES.FILE {C:/Users/kille/Documents/GitHub/TFM-UPM/Practica/Prueba1_demo_v1.0/prueba1_demo.runs/impl_1/design_1_wrapper.ltx} [get_hw_devices xc7a100t_0]
set_property PROGRAM.FILE {C:/Users/kille/Documents/GitHub/TFM-UPM/Practica/Prueba1_demo_v1.0/prueba1_demo.runs/impl_1/design_1_wrapper.bit} [get_hw_devices xc7a100t_0]
program_hw_devices [get_hw_devices xc7a100t_0]
INFO: [Labtools 27-3164] End of startup status: HIGH
refresh_hw_device [lindex [get_hw_devices xc7a100t_0] 0]
INFO: [Labtools 27-2302] Device xc7a100t (JTAG device index = 0) is programmed with a design that has 2 ILA core(s).
WARNING: [filemgmt 56-199] Attempt to get parsing info during refresh. "On-the-fly" syntax checking information may be incorrect. [C:\Users\kille\Documents\GitHub\TFM-UPM\Practica\Prueba1_demo_v1.0\prueba1_demo.srcs\sources_1\new\top_system.vhd:]
WARNING: [filemgmt 56-199] Attempt to get parsing info during refresh. "On-the-fly" syntax checking information may be incorrect. [C:\Users\kille\Documents\GitHub\TFM-UPM\Practica\Prueba1_demo_v1.0\prueba1_demo.srcs\sources_1\new\apa102_ctrl.vhd:]
WARNING: [filemgmt 56-199] Attempt to get parsing info during refresh. "On-the-fly" syntax checking information may be incorrect. [C:\Users\kille\Documents\GitHub\TFM-UPM\Practica\Prueba1_demo_v1.0\prueba1_demo.srcs\sources_1\new\i2s_transceiver.vhd:]
WARNING: [filemgmt 56-199] Attempt to get parsing info during refresh. "On-the-fly" syntax checking information may be incorrect. [C:\Users\kille\Documents\GitHub\TFM-UPM\Practica\Prueba1_demo_v1.0\prueba1_demo.srcs\sources_1\new\audio_player.vhd:]
WARNING: [filemgmt 56-199] Attempt to get parsing info during refresh. "On-the-fly" syntax checking information may be incorrect. [C:\Users\kille\Documents\GitHub\TFM-UPM\Practica\Prueba1_demo_v1.0\prueba1_demo.srcs\sources_1\new\tas2110_i2c_ctrl.vhd:]
WARNING: [filemgmt 56-199] Attempt to get parsing info during refresh. "On-the-fly" syntax checking information may be incorrect. [C:\Users\kille\Documents\GitHub\TFM-UPM\Practica\Prueba1_demo_v1.0\prueba1_demo.srcs\sources_1\new\apa102_ctrl.vhd:]
WARNING: [filemgmt 56-199] Attempt to get parsing info during refresh. "On-the-fly" syntax checking information may be incorrect. [C:\Users\kille\Documents\GitHub\TFM-UPM\Practica\Prueba1_demo_v1.0\prueba1_demo.srcs\sources_1\new\apa102_ctrl.vhd:]
WARNING: [filemgmt 56-199] Attempt to get parsing info during refresh. "On-the-fly" syntax checking information may be incorrect. [C:\Users\kille\Documents\GitHub\TFM-UPM\Practica\Prueba1_demo_v1.0\prueba1_demo.srcs\sources_1\new\top_system.vhd:]
WARNING: [filemgmt 56-199] Attempt to get parsing info during refresh. "On-the-fly" syntax checking information may be incorrect. [C:\Users\kille\Documents\GitHub\TFM-UPM\Practica\Prueba1_demo_v1.0\prueba1_demo.srcs\sources_1\new\apa102_ctrl.vhd:]
WARNING: [filemgmt 56-199] Attempt to get parsing info during refresh. "On-the-fly" syntax checking information may be incorrect. [C:\Users\kille\Documents\GitHub\TFM-UPM\Practica\Prueba1_demo_v1.0\prueba1_demo.srcs\sources_1\new\i2s_transceiver.vhd:]
WARNING: [filemgmt 56-199] Attempt to get parsing info during refresh. "On-the-fly" syntax checking information may be incorrect. [C:\Users\kille\Documents\GitHub\TFM-UPM\Practica\Prueba1_demo_v1.0\prueba1_demo.srcs\sources_1\new\audio_player.vhd:]
WARNING: [filemgmt 56-199] Attempt to get parsing info during refresh. "On-the-fly" syntax checking information may be incorrect. [C:\Users\kille\Documents\GitHub\TFM-UPM\Practica\Prueba1_demo_v1.0\prueba1_demo.srcs\sources_1\new\tas2110_i2c_ctrl.vhd:]
WARNING: [filemgmt 56-199] Attempt to get parsing info during refresh. "On-the-fly" syntax checking information may be incorrect. [C:\Users\kille\Documents\GitHub\TFM-UPM\Practica\Prueba1_demo_v1.0\prueba1_demo.srcs\sources_1\new\top_system.vhd:]
WARNING: [filemgmt 56-199] Attempt to get parsing info during refresh. "On-the-fly" syntax checking information may be incorrect. [C:\Users\kille\Documents\GitHub\TFM-UPM\Practica\Prueba1_demo_v1.0\prueba1_demo.srcs\sources_1\new\top_system.vhd:]
WARNING: [filemgmt 56-199] Attempt to get parsing info during refresh. "On-the-fly" syntax checking information may be incorrect. [C:\Users\kille\Documents\GitHub\TFM-UPM\Practica\Prueba1_demo_v1.0\prueba1_demo.srcs\sources_1\new\top_system.vhd:]
WARNING: [filemgmt 56-199] Attempt to get parsing info during refresh. "On-the-fly" syntax checking information may be incorrect. [C:\Users\kille\Documents\GitHub\TFM-UPM\Practica\Prueba1_demo_v1.0\prueba1_demo.srcs\sources_1\new\apa102_ctrl.vhd:]
WARNING: [filemgmt 56-199] Attempt to get parsing info during refresh. "On-the-fly" syntax checking information may be incorrect. [C:\Users\kille\Documents\GitHub\TFM-UPM\Practica\Prueba1_demo_v1.0\prueba1_demo.srcs\sources_1\new\i2s_transceiver.vhd:]
WARNING: [filemgmt 56-199] Attempt to get parsing info during refresh. "On-the-fly" syntax checking information may be incorrect. [C:\Users\kille\Documents\GitHub\TFM-UPM\Practica\Prueba1_demo_v1.0\prueba1_demo.srcs\sources_1\new\audio_player.vhd:]
WARNING: [filemgmt 56-199] Attempt to get parsing info during refresh. "On-the-fly" syntax checking information may be incorrect. [C:\Users\kille\Documents\GitHub\TFM-UPM\Practica\Prueba1_demo_v1.0\prueba1_demo.srcs\sources_1\new\tas2110_i2c_ctrl.vhd:]
WARNING: [filemgmt 56-199] Attempt to get parsing info during refresh. "On-the-fly" syntax checking information may be incorrect. [C:\Users\kille\Documents\GitHub\TFM-UPM\Practica\Prueba1_demo_v1.0\prueba1_demo.srcs\sources_1\new\i2s_transceiver.vhd:]
WARNING: [filemgmt 56-199] Attempt to get parsing info during refresh. "On-the-fly" syntax checking information may be incorrect. [C:\Users\kille\Documents\GitHub\TFM-UPM\Practica\Prueba1_demo_v1.0\prueba1_demo.srcs\sources_1\new\i2s_transceiver.vhd:]
ERROR: [Common 17-180] Spawn failed: La operación se completó correctamente.

WARNING: [filemgmt 56-199] Attempt to get parsing info during refresh. "On-the-fly" syntax checking information may be incorrect. [C:\Users\kille\Documents\GitHub\TFM-UPM\Practica\Prueba1_demo_v1.0\prueba1_demo.srcs\sources_1\new\top_system.vhd:]
WARNING: [filemgmt 56-199] Attempt to get parsing info during refresh. "On-the-fly" syntax checking information may be incorrect. [C:\Users\kille\Documents\GitHub\TFM-UPM\Practica\Prueba1_demo_v1.0\prueba1_demo.srcs\sources_1\new\apa102_ctrl.vhd:]
WARNING: [filemgmt 56-199] Attempt to get parsing info during refresh. "On-the-fly" syntax checking information may be incorrect. [C:\Users\kille\Documents\GitHub\TFM-UPM\Practica\Prueba1_demo_v1.0\prueba1_demo.srcs\sources_1\new\i2s_transceiver.vhd:]
WARNING: [filemgmt 56-199] Attempt to get parsing info during refresh. "On-the-fly" syntax checking information may be incorrect. [C:\Users\kille\Documents\GitHub\TFM-UPM\Practica\Prueba1_demo_v1.0\prueba1_demo.srcs\sources_1\new\audio_player.vhd:]
WARNING: [filemgmt 56-199] Attempt to get parsing info during refresh. "On-the-fly" syntax checking information may be incorrect. [C:\Users\kille\Documents\GitHub\TFM-UPM\Practica\Prueba1_demo_v1.0\prueba1_demo.srcs\sources_1\new\tas2110_i2c_ctrl.vhd:]
WARNING: [filemgmt 56-199] Attempt to get parsing info during refresh. "On-the-fly" syntax checking information may be incorrect. [C:\Users\kille\Documents\GitHub\TFM-UPM\Practica\Prueba1_demo_v1.0\prueba1_demo.srcs\sources_1\new\tas2110_i2c_ctrl.vhd:]
WARNING: [filemgmt 56-199] Attempt to get parsing info during refresh. "On-the-fly" syntax checking information may be incorrect. [C:\Users\kille\Documents\GitHub\TFM-UPM\Practica\Prueba1_demo_v1.0\prueba1_demo.srcs\sources_1\new\tas2110_i2c_ctrl.vhd:]
WARNING: [filemgmt 56-199] Attempt to get parsing info during refresh. "On-the-fly" syntax checking information may be incorrect. [C:\Users\kille\Documents\GitHub\TFM-UPM\Practica\Prueba1_demo_v1.0\prueba1_demo.srcs\sources_1\new\top_system.vhd:]
WARNING: [filemgmt 56-199] Attempt to get parsing info during refresh. "On-the-fly" syntax checking information may be incorrect. [C:\Users\kille\Documents\GitHub\TFM-UPM\Practica\Prueba1_demo_v1.0\prueba1_demo.srcs\sources_1\new\apa102_ctrl.vhd:]
WARNING: [filemgmt 56-199] Attempt to get parsing info during refresh. "On-the-fly" syntax checking information may be incorrect. [C:\Users\kille\Documents\GitHub\TFM-UPM\Practica\Prueba1_demo_v1.0\prueba1_demo.srcs\sources_1\new\i2s_transceiver.vhd:]
WARNING: [filemgmt 56-199] Attempt to get parsing info during refresh. "On-the-fly" syntax checking information may be incorrect. [C:\Users\kille\Documents\GitHub\TFM-UPM\Practica\Prueba1_demo_v1.0\prueba1_demo.srcs\sources_1\new\audio_player.vhd:]
WARNING: [filemgmt 56-199] Attempt to get parsing info during refresh. "On-the-fly" syntax checking information may be incorrect. [C:\Users\kille\Documents\GitHub\TFM-UPM\Practica\Prueba1_demo_v1.0\prueba1_demo.srcs\sources_1\new\tas2110_i2c_ctrl.vhd:]
WARNING: [filemgmt 56-199] Attempt to get parsing info during refresh. "On-the-fly" syntax checking information may be incorrect. [C:\Users\kille\Documents\GitHub\TFM-UPM\Practica\Prueba1_demo_v1.0\prueba1_demo.srcs\sources_1\new\tas2110_i2c_ctrl.vhd:]
WARNING: [filemgmt 56-199] Attempt to get parsing info during refresh. "On-the-fly" syntax checking information may be incorrect. [C:\Users\kille\Documents\GitHub\TFM-UPM\Practica\Prueba1_demo_v1.0\prueba1_demo.srcs\sources_1\new\tas2110_i2c_ctrl.vhd:]
WARNING: [filemgmt 56-199] Attempt to get parsing info during refresh. "On-the-fly" syntax checking information may be incorrect. [C:\Users\kille\Documents\GitHub\TFM-UPM\Practica\Prueba1_demo_v1.0\prueba1_demo.srcs\sources_1\new\top_system.vhd:]
WARNING: [filemgmt 56-199] Attempt to get parsing info during refresh. "On-the-fly" syntax checking information may be incorrect. [C:\Users\kille\Documents\GitHub\TFM-UPM\Practica\Prueba1_demo_v1.0\prueba1_demo.srcs\sources_1\new\apa102_ctrl.vhd:]
WARNING: [filemgmt 56-199] Attempt to get parsing info during refresh. "On-the-fly" syntax checking information may be incorrect. [C:\Users\kille\Documents\GitHub\TFM-UPM\Practica\Prueba1_demo_v1.0\prueba1_demo.srcs\sources_1\new\i2s_transceiver.vhd:]
WARNING: [filemgmt 56-199] Attempt to get parsing info during refresh. "On-the-fly" syntax checking information may be incorrect. [C:\Users\kille\Documents\GitHub\TFM-UPM\Practica\Prueba1_demo_v1.0\prueba1_demo.srcs\sources_1\new\audio_player.vhd:]
WARNING: [filemgmt 56-199] Attempt to get parsing info during refresh. "On-the-fly" syntax checking information may be incorrect. [C:\Users\kille\Documents\GitHub\TFM-UPM\Practica\Prueba1_demo_v1.0\prueba1_demo.srcs\sources_1\new\tas2110_i2c_ctrl.vhd:]
WARNING: [filemgmt 56-199] Attempt to get parsing info during refresh. "On-the-fly" syntax checking information may be incorrect. [C:\Users\kille\Documents\GitHub\TFM-UPM\Practica\Prueba1_demo_v1.0\prueba1_demo.srcs\sources_1\new\top_system.vhd:]
WARNING: [filemgmt 56-199] Attempt to get parsing info during refresh. "On-the-fly" syntax checking information may be incorrect. [C:\Users\kille\Documents\GitHub\TFM-UPM\Practica\Prueba1_demo_v1.0\prueba1_demo.srcs\sources_1\new\top_system.vhd:]
WARNING: [filemgmt 56-199] Attempt to get parsing info during refresh. "On-the-fly" syntax checking information may be incorrect. [C:\Users\kille\Documents\GitHub\TFM-UPM\Practica\Prueba1_demo_v1.0\prueba1_demo.srcs\sources_1\new\top_system.vhd:]
WARNING: [filemgmt 56-199] Attempt to get parsing info during refresh. "On-the-fly" syntax checking information may be incorrect. [C:\Users\kille\Documents\GitHub\TFM-UPM\Practica\Prueba1_demo_v1.0\prueba1_demo.srcs\sources_1\new\apa102_ctrl.vhd:]
WARNING: [filemgmt 56-199] Attempt to get parsing info during refresh. "On-the-fly" syntax checking information may be incorrect. [C:\Users\kille\Documents\GitHub\TFM-UPM\Practica\Prueba1_demo_v1.0\prueba1_demo.srcs\sources_1\new\i2s_transceiver.vhd:]
WARNING: [filemgmt 56-199] Attempt to get parsing info during refresh. "On-the-fly" syntax checking information may be incorrect. [C:\Users\kille\Documents\GitHub\TFM-UPM\Practica\Prueba1_demo_v1.0\prueba1_demo.srcs\sources_1\new\audio_player.vhd:]
WARNING: [filemgmt 56-199] Attempt to get parsing info during refresh. "On-the-fly" syntax checking information may be incorrect. [C:\Users\kille\Documents\GitHub\TFM-UPM\Practica\Prueba1_demo_v1.0\prueba1_demo.srcs\sources_1\new\tas2110_i2c_ctrl.vhd:]
WARNING: [filemgmt 56-199] Attempt to get parsing info during refresh. "On-the-fly" syntax checking information may be incorrect. [C:\Users\kille\Documents\GitHub\TFM-UPM\Practica\Prueba1_demo_v1.0\prueba1_demo.srcs\sources_1\new\i2s_transceiver.vhd:]
WARNING: [filemgmt 56-199] Attempt to get parsing info during refresh. "On-the-fly" syntax checking information may be incorrect. [C:\Users\kille\Documents\GitHub\TFM-UPM\Practica\Prueba1_demo_v1.0\prueba1_demo.srcs\sources_1\new\i2s_transceiver.vhd:]
ERROR: [Common 17-180] Spawn failed: La operación se completó correctamente.

WARNING: [filemgmt 56-199] Attempt to get parsing info during refresh. "On-the-fly" syntax checking information may be incorrect. [C:\Users\kille\Documents\GitHub\TFM-UPM\Practica\Prueba1_demo_v1.0\prueba1_demo.srcs\sources_1\new\top_system.vhd:]
WARNING: [filemgmt 56-199] Attempt to get parsing info during refresh. "On-the-fly" syntax checking information may be incorrect. [C:\Users\kille\Documents\GitHub\TFM-UPM\Practica\Prueba1_demo_v1.0\prueba1_demo.srcs\sources_1\new\apa102_ctrl.vhd:]
WARNING: [filemgmt 56-199] Attempt to get parsing info during refresh. "On-the-fly" syntax checking information may be incorrect. [C:\Users\kille\Documents\GitHub\TFM-UPM\Practica\Prueba1_demo_v1.0\prueba1_demo.srcs\sources_1\new\i2s_transceiver.vhd:]
WARNING: [filemgmt 56-199] Attempt to get parsing info during refresh. "On-the-fly" syntax checking information may be incorrect. [C:\Users\kille\Documents\GitHub\TFM-UPM\Practica\Prueba1_demo_v1.0\prueba1_demo.srcs\sources_1\new\audio_player.vhd:]
WARNING: [filemgmt 56-199] Attempt to get parsing info during refresh. "On-the-fly" syntax checking information may be incorrect. [C:\Users\kille\Documents\GitHub\TFM-UPM\Practica\Prueba1_demo_v1.0\prueba1_demo.srcs\sources_1\new\tas2110_i2c_ctrl.vhd:]
WARNING: [filemgmt 56-199] Attempt to get parsing info during refresh. "On-the-fly" syntax checking information may be incorrect. [C:\Users\kille\Documents\GitHub\TFM-UPM\Practica\Prueba1_demo_v1.0\prueba1_demo.srcs\sources_1\new\apa102_ctrl.vhd:]
WARNING: [filemgmt 56-199] Attempt to get parsing info during refresh. "On-the-fly" syntax checking information may be incorrect. [C:\Users\kille\Documents\GitHub\TFM-UPM\Practica\Prueba1_demo_v1.0\prueba1_demo.srcs\sources_1\new\apa102_ctrl.vhd:]
ERROR: [Common 17-180] Spawn failed: La operación se completó correctamente.

WARNING: [filemgmt 56-199] Attempt to get parsing info during refresh. "On-the-fly" syntax checking information may be incorrect. [C:\Users\kille\Documents\GitHub\TFM-UPM\Practica\Prueba1_demo_v1.0\prueba1_demo.srcs\sources_1\new\top_system.vhd:]
WARNING: [filemgmt 56-199] Attempt to get parsing info during refresh. "On-the-fly" syntax checking information may be incorrect. [C:\Users\kille\Documents\GitHub\TFM-UPM\Practica\Prueba1_demo_v1.0\prueba1_demo.srcs\sources_1\new\apa102_ctrl.vhd:]
WARNING: [filemgmt 56-199] Attempt to get parsing info during refresh. "On-the-fly" syntax checking information may be incorrect. [C:\Users\kille\Documents\GitHub\TFM-UPM\Practica\Prueba1_demo_v1.0\prueba1_demo.srcs\sources_1\new\i2s_transceiver.vhd:]
WARNING: [filemgmt 56-199] Attempt to get parsing info during refresh. "On-the-fly" syntax checking information may be incorrect. [C:\Users\kille\Documents\GitHub\TFM-UPM\Practica\Prueba1_demo_v1.0\prueba1_demo.srcs\sources_1\new\audio_player.vhd:]
WARNING: [filemgmt 56-199] Attempt to get parsing info during refresh. "On-the-fly" syntax checking information may be incorrect. [C:\Users\kille\Documents\GitHub\TFM-UPM\Practica\Prueba1_demo_v1.0\prueba1_demo.srcs\sources_1\new\tas2110_i2c_ctrl.vhd:]
WARNING: [filemgmt 56-199] Attempt to get parsing info during refresh. "On-the-fly" syntax checking information may be incorrect. [C:\Users\kille\Documents\GitHub\TFM-UPM\Practica\Prueba1_demo_v1.0\prueba1_demo.srcs\sources_1\new\top_system.vhd:]
WARNING: [filemgmt 56-199] Attempt to get parsing info during refresh. "On-the-fly" syntax checking information may be incorrect. [C:\Users\kille\Documents\GitHub\TFM-UPM\Practica\Prueba1_demo_v1.0\prueba1_demo.srcs\sources_1\new\top_system.vhd:]
WARNING: [filemgmt 56-199] Attempt to get parsing info during refresh. "On-the-fly" syntax checking information may be incorrect. [C:\Users\kille\Documents\GitHub\TFM-UPM\Practica\Prueba1_demo_v1.0\prueba1_demo.srcs\sources_1\new\top_system.vhd:]
WARNING: [filemgmt 56-199] Attempt to get parsing info during refresh. "On-the-fly" syntax checking information may be incorrect. [C:\Users\kille\Documents\GitHub\TFM-UPM\Practica\Prueba1_demo_v1.0\prueba1_demo.srcs\sources_1\new\apa102_ctrl.vhd:]
WARNING: [filemgmt 56-199] Attempt to get parsing info during refresh. "On-the-fly" syntax checking information may be incorrect. [C:\Users\kille\Documents\GitHub\TFM-UPM\Practica\Prueba1_demo_v1.0\prueba1_demo.srcs\sources_1\new\i2s_transceiver.vhd:]
WARNING: [filemgmt 56-199] Attempt to get parsing info during refresh. "On-the-fly" syntax checking information may be incorrect. [C:\Users\kille\Documents\GitHub\TFM-UPM\Practica\Prueba1_demo_v1.0\prueba1_demo.srcs\sources_1\new\audio_player.vhd:]
WARNING: [filemgmt 56-199] Attempt to get parsing info during refresh. "On-the-fly" syntax checking information may be incorrect. [C:\Users\kille\Documents\GitHub\TFM-UPM\Practica\Prueba1_demo_v1.0\prueba1_demo.srcs\sources_1\new\tas2110_i2c_ctrl.vhd:]
WARNING: [filemgmt 56-199] Attempt to get parsing info during refresh. "On-the-fly" syntax checking information may be incorrect. [C:\Users\kille\Documents\GitHub\TFM-UPM\Practica\Prueba1_demo_v1.0\prueba1_demo.srcs\sources_1\new\tas2110_i2c_ctrl.vhd:]
WARNING: [filemgmt 56-199] Attempt to get parsing info during refresh. "On-the-fly" syntax checking information may be incorrect. [C:\Users\kille\Documents\GitHub\TFM-UPM\Practica\Prueba1_demo_v1.0\prueba1_demo.srcs\sources_1\new\tas2110_i2c_ctrl.vhd:]
WARNING: [filemgmt 56-199] Attempt to get parsing info during refresh. "On-the-fly" syntax checking information may be incorrect. [C:\Users\kille\Documents\GitHub\TFM-UPM\Practica\Prueba1_demo_v1.0\prueba1_demo.srcs\sources_1\new\top_system.vhd:]
WARNING: [filemgmt 56-199] Attempt to get parsing info during refresh. "On-the-fly" syntax checking information may be incorrect. [C:\Users\kille\Documents\GitHub\TFM-UPM\Practica\Prueba1_demo_v1.0\prueba1_demo.srcs\sources_1\new\apa102_ctrl.vhd:]
WARNING: [filemgmt 56-199] Attempt to get parsing info during refresh. "On-the-fly" syntax checking information may be incorrect. [C:\Users\kille\Documents\GitHub\TFM-UPM\Practica\Prueba1_demo_v1.0\prueba1_demo.srcs\sources_1\new\i2s_transceiver.vhd:]
WARNING: [filemgmt 56-199] Attempt to get parsing info during refresh. "On-the-fly" syntax checking information may be incorrect. [C:\Users\kille\Documents\GitHub\TFM-UPM\Practica\Prueba1_demo_v1.0\prueba1_demo.srcs\sources_1\new\audio_player.vhd:]
WARNING: [filemgmt 56-199] Attempt to get parsing info during refresh. "On-the-fly" syntax checking information may be incorrect. [C:\Users\kille\Documents\GitHub\TFM-UPM\Practica\Prueba1_demo_v1.0\prueba1_demo.srcs\sources_1\new\tas2110_i2c_ctrl.vhd:]
WARNING: [filemgmt 56-199] Attempt to get parsing info during refresh. "On-the-fly" syntax checking information may be incorrect. [C:\Users\kille\Documents\GitHub\TFM-UPM\Practica\Prueba1_demo_v1.0\prueba1_demo.srcs\sources_1\new\audio_player.vhd:]
WARNING: [filemgmt 56-199] Attempt to get parsing info during refresh. "On-the-fly" syntax checking information may be incorrect. [C:\Users\kille\Documents\GitHub\TFM-UPM\Practica\Prueba1_demo_v1.0\prueba1_demo.srcs\sources_1\new\audio_player.vhd:]
WARNING: [filemgmt 56-199] Attempt to get parsing info during refresh. "On-the-fly" syntax checking information may be incorrect. [C:\Users\kille\Documents\GitHub\TFM-UPM\Practica\Prueba1_demo_v1.0\prueba1_demo.srcs\sources_1\new\top_system.vhd:]
WARNING: [filemgmt 56-199] Attempt to get parsing info during refresh. "On-the-fly" syntax checking information may be incorrect. [C:\Users\kille\Documents\GitHub\TFM-UPM\Practica\Prueba1_demo_v1.0\prueba1_demo.srcs\sources_1\new\apa102_ctrl.vhd:]
WARNING: [filemgmt 56-199] Attempt to get parsing info during refresh. "On-the-fly" syntax checking information may be incorrect. [C:\Users\kille\Documents\GitHub\TFM-UPM\Practica\Prueba1_demo_v1.0\prueba1_demo.srcs\sources_1\new\i2s_transceiver.vhd:]
WARNING: [filemgmt 56-199] Attempt to get parsing info during refresh. "On-the-fly" syntax checking information may be incorrect. [C:\Users\kille\Documents\GitHub\TFM-UPM\Practica\Prueba1_demo_v1.0\prueba1_demo.srcs\sources_1\new\audio_player.vhd:]
WARNING: [filemgmt 56-199] Attempt to get parsing info during refresh. "On-the-fly" syntax checking information may be incorrect. [C:\Users\kille\Documents\GitHub\TFM-UPM\Practica\Prueba1_demo_v1.0\prueba1_demo.srcs\sources_1\new\tas2110_i2c_ctrl.vhd:]
WARNING: [filemgmt 56-199] Attempt to get parsing info during refresh. "On-the-fly" syntax checking information may be incorrect. [C:\Users\kille\Documents\GitHub\TFM-UPM\Practica\Prueba1_demo_v1.0\prueba1_demo.srcs\sources_1\new\i2s_transceiver.vhd:]
WARNING: [filemgmt 56-199] Attempt to get parsing info during refresh. "On-the-fly" syntax checking information may be incorrect. [C:\Users\kille\Documents\GitHub\TFM-UPM\Practica\Prueba1_demo_v1.0\prueba1_demo.srcs\sources_1\new\i2s_transceiver.vhd:]
ERROR: [Common 17-180] Spawn failed: La operación se completó correctamente.

WARNING: [filemgmt 56-199] Attempt to get parsing info during refresh. "On-the-fly" syntax checking information may be incorrect. [C:\Users\kille\Documents\GitHub\TFM-UPM\Practica\Prueba1_demo_v1.0\prueba1_demo.srcs\sources_1\new\top_system.vhd:]
WARNING: [filemgmt 56-199] Attempt to get parsing info during refresh. "On-the-fly" syntax checking information may be incorrect. [C:\Users\kille\Documents\GitHub\TFM-UPM\Practica\Prueba1_demo_v1.0\prueba1_demo.srcs\sources_1\new\apa102_ctrl.vhd:]
WARNING: [filemgmt 56-199] Attempt to get parsing info during refresh. "On-the-fly" syntax checking information may be incorrect. [C:\Users\kille\Documents\GitHub\TFM-UPM\Practica\Prueba1_demo_v1.0\prueba1_demo.srcs\sources_1\new\i2s_transceiver.vhd:]
WARNING: [filemgmt 56-199] Attempt to get parsing info during refresh. "On-the-fly" syntax checking information may be incorrect. [C:\Users\kille\Documents\GitHub\TFM-UPM\Practica\Prueba1_demo_v1.0\prueba1_demo.srcs\sources_1\new\audio_player.vhd:]
WARNING: [filemgmt 56-199] Attempt to get parsing info during refresh. "On-the-fly" syntax checking information may be incorrect. [C:\Users\kille\Documents\GitHub\TFM-UPM\Practica\Prueba1_demo_v1.0\prueba1_demo.srcs\sources_1\new\tas2110_i2c_ctrl.vhd:]
WARNING: [filemgmt 56-199] Attempt to get parsing info during refresh. "On-the-fly" syntax checking information may be incorrect. [C:\Users\kille\Documents\GitHub\TFM-UPM\Practica\Prueba1_demo_v1.0\prueba1_demo.srcs\sources_1\new\tas2110_i2c_ctrl.vhd:]
WARNING: [filemgmt 56-199] Attempt to get parsing info during refresh. "On-the-fly" syntax checking information may be incorrect. [C:\Users\kille\Documents\GitHub\TFM-UPM\Practica\Prueba1_demo_v1.0\prueba1_demo.srcs\sources_1\new\tas2110_i2c_ctrl.vhd:]
WARNING: [filemgmt 56-199] Attempt to get parsing info during refresh. "On-the-fly" syntax checking information may be incorrect. [C:\Users\kille\Documents\GitHub\TFM-UPM\Practica\Prueba1_demo_v1.0\prueba1_demo.srcs\sources_1\new\top_system.vhd:]
WARNING: [filemgmt 56-199] Attempt to get parsing info during refresh. "On-the-fly" syntax checking information may be incorrect. [C:\Users\kille\Documents\GitHub\TFM-UPM\Practica\Prueba1_demo_v1.0\prueba1_demo.srcs\sources_1\new\apa102_ctrl.vhd:]
WARNING: [filemgmt 56-199] Attempt to get parsing info during refresh. "On-the-fly" syntax checking information may be incorrect. [C:\Users\kille\Documents\GitHub\TFM-UPM\Practica\Prueba1_demo_v1.0\prueba1_demo.srcs\sources_1\new\i2s_transceiver.vhd:]
WARNING: [filemgmt 56-199] Attempt to get parsing info during refresh. "On-the-fly" syntax checking information may be incorrect. [C:\Users\kille\Documents\GitHub\TFM-UPM\Practica\Prueba1_demo_v1.0\prueba1_demo.srcs\sources_1\new\audio_player.vhd:]
WARNING: [filemgmt 56-199] Attempt to get parsing info during refresh. "On-the-fly" syntax checking information may be incorrect. [C:\Users\kille\Documents\GitHub\TFM-UPM\Practica\Prueba1_demo_v1.0\prueba1_demo.srcs\sources_1\new\tas2110_i2c_ctrl.vhd:]
WARNING: [filemgmt 56-199] Attempt to get parsing info during refresh. "On-the-fly" syntax checking information may be incorrect. [C:\Users\kille\Documents\GitHub\TFM-UPM\Practica\Prueba1_demo_v1.0\prueba1_demo.srcs\sources_1\new\apa102_ctrl.vhd:]
WARNING: [filemgmt 56-199] Attempt to get parsing info during refresh. "On-the-fly" syntax checking information may be incorrect. [C:\Users\kille\Documents\GitHub\TFM-UPM\Practica\Prueba1_demo_v1.0\prueba1_demo.srcs\sources_1\new\apa102_ctrl.vhd:]
WARNING: [filemgmt 56-199] Attempt to get parsing info during refresh. "On-the-fly" syntax checking information may be incorrect. [C:\Users\kille\Documents\GitHub\TFM-UPM\Practica\Prueba1_demo_v1.0\prueba1_demo.srcs\sources_1\new\top_system.vhd:]
WARNING: [filemgmt 56-199] Attempt to get parsing info during refresh. "On-the-fly" syntax checking information may be incorrect. [C:\Users\kille\Documents\GitHub\TFM-UPM\Practica\Prueba1_demo_v1.0\prueba1_demo.srcs\sources_1\new\apa102_ctrl.vhd:]
WARNING: [filemgmt 56-199] Attempt to get parsing info during refresh. "On-the-fly" syntax checking information may be incorrect. [C:\Users\kille\Documents\GitHub\TFM-UPM\Practica\Prueba1_demo_v1.0\prueba1_demo.srcs\sources_1\new\i2s_transceiver.vhd:]
WARNING: [filemgmt 56-199] Attempt to get parsing info during refresh. "On-the-fly" syntax checking information may be incorrect. [C:\Users\kille\Documents\GitHub\TFM-UPM\Practica\Prueba1_demo_v1.0\prueba1_demo.srcs\sources_1\new\audio_player.vhd:]
WARNING: [filemgmt 56-199] Attempt to get parsing info during refresh. "On-the-fly" syntax checking information may be incorrect. [C:\Users\kille\Documents\GitHub\TFM-UPM\Practica\Prueba1_demo_v1.0\prueba1_demo.srcs\sources_1\new\tas2110_i2c_ctrl.vhd:]
WARNING: [filemgmt 56-199] Attempt to get parsing info during refresh. "On-the-fly" syntax checking information may be incorrect. [C:\Users\kille\Documents\GitHub\TFM-UPM\Practica\Prueba1_demo_v1.0\prueba1_demo.srcs\sources_1\new\top_system.vhd:]
WARNING: [filemgmt 56-199] Attempt to get parsing info during refresh. "On-the-fly" syntax checking information may be incorrect. [C:\Users\kille\Documents\GitHub\TFM-UPM\Practica\Prueba1_demo_v1.0\prueba1_demo.srcs\sources_1\new\top_system.vhd:]
WARNING: [filemgmt 56-199] Attempt to get parsing info during refresh. "On-the-fly" syntax checking information may be incorrect. [C:\Users\kille\Documents\GitHub\TFM-UPM\Practica\Prueba1_demo_v1.0\prueba1_demo.srcs\sources_1\new\top_system.vhd:]
WARNING: [filemgmt 56-199] Attempt to get parsing info during refresh. "On-the-fly" syntax checking information may be incorrect. [C:\Users\kille\Documents\GitHub\TFM-UPM\Practica\Prueba1_demo_v1.0\prueba1_demo.srcs\sources_1\new\apa102_ctrl.vhd:]
WARNING: [filemgmt 56-199] Attempt to get parsing info during refresh. "On-the-fly" syntax checking information may be incorrect. [C:\Users\kille\Documents\GitHub\TFM-UPM\Practica\Prueba1_demo_v1.0\prueba1_demo.srcs\sources_1\new\i2s_transceiver.vhd:]
WARNING: [filemgmt 56-199] Attempt to get parsing info during refresh. "On-the-fly" syntax checking information may be incorrect. [C:\Users\kille\Documents\GitHub\TFM-UPM\Practica\Prueba1_demo_v1.0\prueba1_demo.srcs\sources_1\new\audio_player.vhd:]
WARNING: [filemgmt 56-199] Attempt to get parsing info during refresh. "On-the-fly" syntax checking information may be incorrect. [C:\Users\kille\Documents\GitHub\TFM-UPM\Practica\Prueba1_demo_v1.0\prueba1_demo.srcs\sources_1\new\tas2110_i2c_ctrl.vhd:]
WARNING: [filemgmt 56-199] Attempt to get parsing info during refresh. "On-the-fly" syntax checking information may be incorrect. [C:\Users\kille\Documents\GitHub\TFM-UPM\Practica\Prueba1_demo_v1.0\prueba1_demo.srcs\sources_1\new\audio_player.vhd:]
WARNING: [filemgmt 56-199] Attempt to get parsing info during refresh. "On-the-fly" syntax checking information may be incorrect. [C:\Users\kille\Documents\GitHub\TFM-UPM\Practica\Prueba1_demo_v1.0\prueba1_demo.srcs\sources_1\new\audio_player.vhd:]
ERROR: [Common 17-180] Spawn failed: La operación se completó correctamente.

report_ip_status -name ip_status 
update_module_reference [get_ips  design_1_top_system_0_1]
INFO: [IP_Flow 19-5107] Inferred bus interface 'reset_n' of definition 'xilinx.com:signal:reset:1.0' (from Xilinx Repository).
INFO: [IP_Flow 19-5107] Inferred bus interface 'led_clk' of definition 'xilinx.com:signal:clock:1.0' (from Xilinx Repository).
INFO: [IP_Flow 19-5107] Inferred bus interface 'sd_clk' of definition 'xilinx.com:signal:clock:1.0' (from Xilinx Repository).
CRITICAL WARNING: [IP_Flow 19-4751] Bus Interface 'led_clk': FREQ_HZ bus parameter is missing for output clock interface.
CRITICAL WARNING: [IP_Flow 19-4751] Bus Interface 'sd_clk': FREQ_HZ bus parameter is missing for output clock interface.
INFO: [IP_Flow 19-5107] Inferred bus interface 'reset_n' of definition 'xilinx.com:signal:reset:1.0' (from Xilinx Repository).
INFO: [IP_Flow 19-5107] Inferred bus interface 'led_clk' of definition 'xilinx.com:signal:clock:1.0' (from Xilinx Repository).
INFO: [IP_Flow 19-5107] Inferred bus interface 'sd_clk' of definition 'xilinx.com:signal:clock:1.0' (from Xilinx Repository).
CRITICAL WARNING: [IP_Flow 19-4751] Bus Interface 'led_clk': FREQ_HZ bus parameter is missing for output clock interface.
CRITICAL WARNING: [IP_Flow 19-4751] Bus Interface 'sd_clk': FREQ_HZ bus parameter is missing for output clock interface.
Upgrading 'C:/Users/kille/Documents/GitHub/TFM-UPM/Practica/Prueba1_demo_v1.0/prueba1_demo.srcs/sources_1/bd/design_1/design_1.bd'
INFO: [IP_Flow 19-3420] Updated design_1_top_system_0_1 to use current project options
WARNING: [IP_Flow 19-4698] Upgrade has added port 'LED_out'
WARNING: [IP_Flow 19-3298] Detected external port differences while upgrading 'design_1_top_system_0_1'. These changes may impact your design.
CRITICAL WARNING: [Coretcl 2-1280] The upgrade of 'design_1_top_system_0_1' has identified issues that may require user intervention. Please verify that the instance is correctly configured, and review any upgrade messages.
WARNING: [filemgmt 56-199] Attempt to get parsing info during refresh. "On-the-fly" syntax checking information may be incorrect. [C:\Users\kille\Documents\GitHub\TFM-UPM\Practica\Prueba1_demo_v1.0\prueba1_demo.srcs\sources_1\new\top_system.vhd:]
WARNING: [filemgmt 56-199] Attempt to get parsing info during refresh. "On-the-fly" syntax checking information may be incorrect. [C:\Users\kille\Documents\GitHub\TFM-UPM\Practica\Prueba1_demo_v1.0\prueba1_demo.srcs\sources_1\new\apa102_ctrl.vhd:]
WARNING: [filemgmt 56-199] Attempt to get parsing info during refresh. "On-the-fly" syntax checking information may be incorrect. [C:\Users\kille\Documents\GitHub\TFM-UPM\Practica\Prueba1_demo_v1.0\prueba1_demo.srcs\sources_1\new\i2s_transceiver.vhd:]
WARNING: [filemgmt 56-199] Attempt to get parsing info during refresh. "On-the-fly" syntax checking information may be incorrect. [C:\Users\kille\Documents\GitHub\TFM-UPM\Practica\Prueba1_demo_v1.0\prueba1_demo.srcs\sources_1\new\audio_player.vhd:]
WARNING: [filemgmt 56-199] Attempt to get parsing info during refresh. "On-the-fly" syntax checking information may be incorrect. [C:\Users\kille\Documents\GitHub\TFM-UPM\Practica\Prueba1_demo_v1.0\prueba1_demo.srcs\sources_1\new\tas2110_i2c_ctrl.vhd:]
WARNING: [filemgmt 56-199] Attempt to get parsing info during refresh. "On-the-fly" syntax checking information may be incorrect. [C:\Users\kille\Documents\GitHub\TFM-UPM\Practica\Prueba1_demo_v1.0\prueba1_demo.srcs\sources_1\new\audio_player.vhd:]
WARNING: [filemgmt 56-199] Attempt to get parsing info during refresh. "On-the-fly" syntax checking information may be incorrect. [C:\Users\kille\Documents\GitHub\TFM-UPM\Practica\Prueba1_demo_v1.0\prueba1_demo.srcs\sources_1\new\audio_player.vhd:]
WARNING: [filemgmt 56-199] Attempt to get parsing info during refresh. "On-the-fly" syntax checking information may be incorrect. [C:\Users\kille\Documents\GitHub\TFM-UPM\Practica\Prueba1_demo_v1.0\prueba1_demo.srcs\sources_1\new\top_system.vhd:]
WARNING: [filemgmt 56-199] Attempt to get parsing info during refresh. "On-the-fly" syntax checking information may be incorrect. [C:\Users\kille\Documents\GitHub\TFM-UPM\Practica\Prueba1_demo_v1.0\prueba1_demo.srcs\sources_1\new\apa102_ctrl.vhd:]
WARNING: [filemgmt 56-199] Attempt to get parsing info during refresh. "On-the-fly" syntax checking information may be incorrect. [C:\Users\kille\Documents\GitHub\TFM-UPM\Practica\Prueba1_demo_v1.0\prueba1_demo.srcs\sources_1\new\i2s_transceiver.vhd:]
WARNING: [filemgmt 56-199] Attempt to get parsing info during refresh. "On-the-fly" syntax checking information may be incorrect. [C:\Users\kille\Documents\GitHub\TFM-UPM\Practica\Prueba1_demo_v1.0\prueba1_demo.srcs\sources_1\new\audio_player.vhd:]
WARNING: [filemgmt 56-199] Attempt to get parsing info during refresh. "On-the-fly" syntax checking information may be incorrect. [C:\Users\kille\Documents\GitHub\TFM-UPM\Practica\Prueba1_demo_v1.0\prueba1_demo.srcs\sources_1\new\tas2110_i2c_ctrl.vhd:]
WARNING: [filemgmt 56-199] Attempt to get parsing info during refresh. "On-the-fly" syntax checking information may be incorrect. [C:\Users\kille\Documents\GitHub\TFM-UPM\Practica\Prueba1_demo_v1.0\prueba1_demo.srcs\sources_1\new\tas2110_i2c_ctrl.vhd:]
WARNING: [filemgmt 56-199] Attempt to get parsing info during refresh. "On-the-fly" syntax checking information may be incorrect. [C:\Users\kille\Documents\GitHub\TFM-UPM\Practica\Prueba1_demo_v1.0\prueba1_demo.srcs\sources_1\new\tas2110_i2c_ctrl.vhd:]
WARNING: [filemgmt 56-199] Attempt to get parsing info during refresh. "On-the-fly" syntax checking information may be incorrect. [C:\Users\kille\Documents\GitHub\TFM-UPM\Practica\Prueba1_demo_v1.0\prueba1_demo.srcs\sources_1\new\top_system.vhd:]
WARNING: [filemgmt 56-199] Attempt to get parsing info during refresh. "On-the-fly" syntax checking information may be incorrect. [C:\Users\kille\Documents\GitHub\TFM-UPM\Practica\Prueba1_demo_v1.0\prueba1_demo.srcs\sources_1\new\apa102_ctrl.vhd:]
WARNING: [filemgmt 56-199] Attempt to get parsing info during refresh. "On-the-fly" syntax checking information may be incorrect. [C:\Users\kille\Documents\GitHub\TFM-UPM\Practica\Prueba1_demo_v1.0\prueba1_demo.srcs\sources_1\new\i2s_transceiver.vhd:]
WARNING: [filemgmt 56-199] Attempt to get parsing info during refresh. "On-the-fly" syntax checking information may be incorrect. [C:\Users\kille\Documents\GitHub\TFM-UPM\Practica\Prueba1_demo_v1.0\prueba1_demo.srcs\sources_1\new\audio_player.vhd:]
WARNING: [filemgmt 56-199] Attempt to get parsing info during refresh. "On-the-fly" syntax checking information may be incorrect. [C:\Users\kille\Documents\GitHub\TFM-UPM\Practica\Prueba1_demo_v1.0\prueba1_demo.srcs\sources_1\new\tas2110_i2c_ctrl.vhd:]
WARNING: [filemgmt 56-199] Attempt to get parsing info during refresh. "On-the-fly" syntax checking information may be incorrect. [C:\Users\kille\Documents\GitHub\TFM-UPM\Practica\Prueba1_demo_v1.0\prueba1_demo.srcs\sources_1\new\i2s_transceiver.vhd:]
WARNING: [filemgmt 56-199] Attempt to get parsing info during refresh. "On-the-fly" syntax checking information may be incorrect. [C:\Users\kille\Documents\GitHub\TFM-UPM\Practica\Prueba1_demo_v1.0\prueba1_demo.srcs\sources_1\new\i2s_transceiver.vhd:]
WARNING: [filemgmt 56-199] Attempt to get parsing info during refresh. "On-the-fly" syntax checking information may be incorrect. [C:\Users\kille\Documents\GitHub\TFM-UPM\Practica\Prueba1_demo_v1.0\prueba1_demo.srcs\sources_1\new\top_system.vhd:]
WARNING: [filemgmt 56-199] Attempt to get parsing info during refresh. "On-the-fly" syntax checking information may be incorrect. [C:\Users\kille\Documents\GitHub\TFM-UPM\Practica\Prueba1_demo_v1.0\prueba1_demo.srcs\sources_1\new\apa102_ctrl.vhd:]
WARNING: [filemgmt 56-199] Attempt to get parsing info during refresh. "On-the-fly" syntax checking information may be incorrect. [C:\Users\kille\Documents\GitHub\TFM-UPM\Practica\Prueba1_demo_v1.0\prueba1_demo.srcs\sources_1\new\i2s_transceiver.vhd:]
WARNING: [filemgmt 56-199] Attempt to get parsing info during refresh. "On-the-fly" syntax checking information may be incorrect. [C:\Users\kille\Documents\GitHub\TFM-UPM\Practica\Prueba1_demo_v1.0\prueba1_demo.srcs\sources_1\new\audio_player.vhd:]
WARNING: [filemgmt 56-199] Attempt to get parsing info during refresh. "On-the-fly" syntax checking information may be incorrect. [C:\Users\kille\Documents\GitHub\TFM-UPM\Practica\Prueba1_demo_v1.0\prueba1_demo.srcs\sources_1\new\tas2110_i2c_ctrl.vhd:]
WARNING: [filemgmt 56-199] Attempt to get parsing info during refresh. "On-the-fly" syntax checking information may be incorrect. [C:\Users\kille\Documents\GitHub\TFM-UPM\Practica\Prueba1_demo_v1.0\prueba1_demo.srcs\sources_1\new\apa102_ctrl.vhd:]
WARNING: [filemgmt 56-199] Attempt to get parsing info during refresh. "On-the-fly" syntax checking information may be incorrect. [C:\Users\kille\Documents\GitHub\TFM-UPM\Practica\Prueba1_demo_v1.0\prueba1_demo.srcs\sources_1\new\apa102_ctrl.vhd:]
Wrote  : <C:\Users\kille\Documents\GitHub\TFM-UPM\Practica\Prueba1_demo_v1.0\prueba1_demo.srcs\sources_1\bd\design_1\design_1.bd> 
Wrote  : <C:/Users/kille/Documents/GitHub/TFM-UPM/Practica/Prueba1_demo_v1.0/prueba1_demo.srcs/sources_1/bd/design_1/ui/bd_1f5defd0.ui> 
ERROR: [Common 17-180] Spawn failed: La operación se completó correctamente.

report_ip_status -name ip_status 
WARNING: [filemgmt 56-199] Attempt to get parsing info during refresh. "On-the-fly" syntax checking information may be incorrect. [C:\Users\kille\Documents\GitHub\TFM-UPM\Practica\Prueba1_demo_v1.0\prueba1_demo.srcs\sources_1\new\top_system.vhd:]
WARNING: [filemgmt 56-199] Attempt to get parsing info during refresh. "On-the-fly" syntax checking information may be incorrect. [C:\Users\kille\Documents\GitHub\TFM-UPM\Practica\Prueba1_demo_v1.0\prueba1_demo.srcs\sources_1\new\apa102_ctrl.vhd:]
WARNING: [filemgmt 56-199] Attempt to get parsing info during refresh. "On-the-fly" syntax checking information may be incorrect. [C:\Users\kille\Documents\GitHub\TFM-UPM\Practica\Prueba1_demo_v1.0\prueba1_demo.srcs\sources_1\new\i2s_transceiver.vhd:]
WARNING: [filemgmt 56-199] Attempt to get parsing info during refresh. "On-the-fly" syntax checking information may be incorrect. [C:\Users\kille\Documents\GitHub\TFM-UPM\Practica\Prueba1_demo_v1.0\prueba1_demo.srcs\sources_1\new\audio_player.vhd:]
WARNING: [filemgmt 56-199] Attempt to get parsing info during refresh. "On-the-fly" syntax checking information may be incorrect. [C:\Users\kille\Documents\GitHub\TFM-UPM\Practica\Prueba1_demo_v1.0\prueba1_demo.srcs\sources_1\new\tas2110_i2c_ctrl.vhd:]
WARNING: [filemgmt 56-199] Attempt to get parsing info during refresh. "On-the-fly" syntax checking information may be incorrect. [C:\Users\kille\Documents\GitHub\TFM-UPM\Practica\Prueba1_demo_v1.0\prueba1_demo.srcs\sources_1\new\audio_player.vhd:]
WARNING: [filemgmt 56-199] Attempt to get parsing info during refresh. "On-the-fly" syntax checking information may be incorrect. [C:\Users\kille\Documents\GitHub\TFM-UPM\Practica\Prueba1_demo_v1.0\prueba1_demo.srcs\sources_1\new\audio_player.vhd:]
WARNING: [filemgmt 56-199] Attempt to get parsing info during refresh. "On-the-fly" syntax checking information may be incorrect. [C:\Users\kille\Documents\GitHub\TFM-UPM\Practica\Prueba1_demo_v1.0\prueba1_demo.srcs\sources_1\new\top_system.vhd:]
WARNING: [filemgmt 56-199] Attempt to get parsing info during refresh. "On-the-fly" syntax checking information may be incorrect. [C:\Users\kille\Documents\GitHub\TFM-UPM\Practica\Prueba1_demo_v1.0\prueba1_demo.srcs\sources_1\new\apa102_ctrl.vhd:]
WARNING: [filemgmt 56-199] Attempt to get parsing info during refresh. "On-the-fly" syntax checking information may be incorrect. [C:\Users\kille\Documents\GitHub\TFM-UPM\Practica\Prueba1_demo_v1.0\prueba1_demo.srcs\sources_1\new\i2s_transceiver.vhd:]
WARNING: [filemgmt 56-199] Attempt to get parsing info during refresh. "On-the-fly" syntax checking information may be incorrect. [C:\Users\kille\Documents\GitHub\TFM-UPM\Practica\Prueba1_demo_v1.0\prueba1_demo.srcs\sources_1\new\audio_player.vhd:]
WARNING: [filemgmt 56-199] Attempt to get parsing info during refresh. "On-the-fly" syntax checking information may be incorrect. [C:\Users\kille\Documents\GitHub\TFM-UPM\Practica\Prueba1_demo_v1.0\prueba1_demo.srcs\sources_1\new\tas2110_i2c_ctrl.vhd:]
WARNING: [filemgmt 56-199] Attempt to get parsing info during refresh. "On-the-fly" syntax checking information may be incorrect. [C:\Users\kille\Documents\GitHub\TFM-UPM\Practica\Prueba1_demo_v1.0\prueba1_demo.srcs\sources_1\new\i2s_transceiver.vhd:]
WARNING: [filemgmt 56-199] Attempt to get parsing info during refresh. "On-the-fly" syntax checking information may be incorrect. [C:\Users\kille\Documents\GitHub\TFM-UPM\Practica\Prueba1_demo_v1.0\prueba1_demo.srcs\sources_1\new\i2s_transceiver.vhd:]
WARNING: [filemgmt 56-199] Attempt to get parsing info during refresh. "On-the-fly" syntax checking information may be incorrect. [C:\Users\kille\Documents\GitHub\TFM-UPM\Practica\Prueba1_demo_v1.0\prueba1_demo.srcs\sources_1\new\top_system.vhd:]
WARNING: [filemgmt 56-199] Attempt to get parsing info during refresh. "On-the-fly" syntax checking information may be incorrect. [C:\Users\kille\Documents\GitHub\TFM-UPM\Practica\Prueba1_demo_v1.0\prueba1_demo.srcs\sources_1\new\apa102_ctrl.vhd:]
WARNING: [filemgmt 56-199] Attempt to get parsing info during refresh. "On-the-fly" syntax checking information may be incorrect. [C:\Users\kille\Documents\GitHub\TFM-UPM\Practica\Prueba1_demo_v1.0\prueba1_demo.srcs\sources_1\new\i2s_transceiver.vhd:]
WARNING: [filemgmt 56-199] Attempt to get parsing info during refresh. "On-the-fly" syntax checking information may be incorrect. [C:\Users\kille\Documents\GitHub\TFM-UPM\Practica\Prueba1_demo_v1.0\prueba1_demo.srcs\sources_1\new\audio_player.vhd:]
WARNING: [filemgmt 56-199] Attempt to get parsing info during refresh. "On-the-fly" syntax checking information may be incorrect. [C:\Users\kille\Documents\GitHub\TFM-UPM\Practica\Prueba1_demo_v1.0\prueba1_demo.srcs\sources_1\new\tas2110_i2c_ctrl.vhd:]
WARNING: [filemgmt 56-199] Attempt to get parsing info during refresh. "On-the-fly" syntax checking information may be incorrect. [C:\Users\kille\Documents\GitHub\TFM-UPM\Practica\Prueba1_demo_v1.0\prueba1_demo.srcs\sources_1\new\tas2110_i2c_ctrl.vhd:]
WARNING: [filemgmt 56-199] Attempt to get parsing info during refresh. "On-the-fly" syntax checking information may be incorrect. [C:\Users\kille\Documents\GitHub\TFM-UPM\Practica\Prueba1_demo_v1.0\prueba1_demo.srcs\sources_1\new\tas2110_i2c_ctrl.vhd:]
ERROR: [Common 17-180] Spawn failed: La operación se completó correctamente.

startgroup
make_bd_pins_external  [get_bd_pins top_system_0/LED_out]
endgroup
validate_bd_design
WARNING: [BD 41-1781] Updates have been made to one or more nets/interface connections marked for debug.
Debug nets, which are already connected to any ILA IP core in the block-design, will be automatically available for debug in Hardware Manager.
For unconnected Debug nets, please open synthesized design and use 'Set Up Debug' wizard to insert, modify or delete Debug Cores. 
INFO: [xilinx.com:ip:clk_wiz:6.0-1] /clk_wiz_0 clk_wiz propagate
save_bd_design
Wrote  : <C:\Users\kille\Documents\GitHub\TFM-UPM\Practica\Prueba1_demo_v1.0\prueba1_demo.srcs\sources_1\bd\design_1\design_1.bd> 
Wrote  : <C:/Users/kille/Documents/GitHub/TFM-UPM/Practica/Prueba1_demo_v1.0/prueba1_demo.srcs/sources_1/bd/design_1/ui/bd_1f5defd0.ui> 
reset_run synth_1
INFO: [Project 1-1161] Replacing file C:/Users/kille/Documents/GitHub/TFM-UPM/Practica/Prueba1_demo_v1.0/prueba1_demo.srcs/utils_1/imports/synth_1/top_system.dcp with file C:/Users/kille/Documents/GitHub/TFM-UPM/Practica/Prueba1_demo_v1.0/prueba1_demo.runs/synth_1/design_1_wrapper.dcp
WARNING: [filemgmt 56-199] Attempt to get parsing info during refresh. "On-the-fly" syntax checking information may be incorrect. [C:\Users\kille\Documents\GitHub\TFM-UPM\Practica\Prueba1_demo_v1.0\prueba1_demo.srcs\sources_1\new\top_system.vhd:]
WARNING: [filemgmt 56-199] Attempt to get parsing info during refresh. "On-the-fly" syntax checking information may be incorrect. [C:\Users\kille\Documents\GitHub\TFM-UPM\Practica\Prueba1_demo_v1.0\prueba1_demo.srcs\sources_1\new\apa102_ctrl.vhd:]
WARNING: [filemgmt 56-199] Attempt to get parsing info during refresh. "On-the-fly" syntax checking information may be incorrect. [C:\Users\kille\Documents\GitHub\TFM-UPM\Practica\Prueba1_demo_v1.0\prueba1_demo.srcs\sources_1\new\i2s_transceiver.vhd:]
WARNING: [filemgmt 56-199] Attempt to get parsing info during refresh. "On-the-fly" syntax checking information may be incorrect. [C:\Users\kille\Documents\GitHub\TFM-UPM\Practica\Prueba1_demo_v1.0\prueba1_demo.srcs\sources_1\new\audio_player.vhd:]
WARNING: [filemgmt 56-199] Attempt to get parsing info during refresh. "On-the-fly" syntax checking information may be incorrect. [C:\Users\kille\Documents\GitHub\TFM-UPM\Practica\Prueba1_demo_v1.0\prueba1_demo.srcs\sources_1\new\tas2110_i2c_ctrl.vhd:]
WARNING: [filemgmt 56-199] Attempt to get parsing info during refresh. "On-the-fly" syntax checking information may be incorrect. [C:\Users\kille\Documents\GitHub\TFM-UPM\Practica\Prueba1_demo_v1.0\prueba1_demo.srcs\sources_1\new\tas2110_i2c_ctrl.vhd:]
WARNING: [filemgmt 56-199] Attempt to get parsing info during refresh. "On-the-fly" syntax checking information may be incorrect. [C:\Users\kille\Documents\GitHub\TFM-UPM\Practica\Prueba1_demo_v1.0\prueba1_demo.srcs\sources_1\new\tas2110_i2c_ctrl.vhd:]
WARNING: [filemgmt 56-199] Attempt to get parsing info during refresh. "On-the-fly" syntax checking information may be incorrect. [C:\Users\kille\Documents\GitHub\TFM-UPM\Practica\Prueba1_demo_v1.0\prueba1_demo.srcs\sources_1\new\top_system.vhd:]
WARNING: [filemgmt 56-199] Attempt to get parsing info during refresh. "On-the-fly" syntax checking information may be incorrect. [C:\Users\kille\Documents\GitHub\TFM-UPM\Practica\Prueba1_demo_v1.0\prueba1_demo.srcs\sources_1\new\apa102_ctrl.vhd:]
WARNING: [filemgmt 56-199] Attempt to get parsing info during refresh. "On-the-fly" syntax checking information may be incorrect. [C:\Users\kille\Documents\GitHub\TFM-UPM\Practica\Prueba1_demo_v1.0\prueba1_demo.srcs\sources_1\new\i2s_transceiver.vhd:]
WARNING: [filemgmt 56-199] Attempt to get parsing info during refresh. "On-the-fly" syntax checking information may be incorrect. [C:\Users\kille\Documents\GitHub\TFM-UPM\Practica\Prueba1_demo_v1.0\prueba1_demo.srcs\sources_1\new\audio_player.vhd:]
WARNING: [filemgmt 56-199] Attempt to get parsing info during refresh. "On-the-fly" syntax checking information may be incorrect. [C:\Users\kille\Documents\GitHub\TFM-UPM\Practica\Prueba1_demo_v1.0\prueba1_demo.srcs\sources_1\new\tas2110_i2c_ctrl.vhd:]
WARNING: [filemgmt 56-199] Attempt to get parsing info during refresh. "On-the-fly" syntax checking information may be incorrect. [C:\Users\kille\Documents\GitHub\TFM-UPM\Practica\Prueba1_demo_v1.0\prueba1_demo.srcs\sources_1\new\apa102_ctrl.vhd:]
WARNING: [filemgmt 56-199] Attempt to get parsing info during refresh. "On-the-fly" syntax checking information may be incorrect. [C:\Users\kille\Documents\GitHub\TFM-UPM\Practica\Prueba1_demo_v1.0\prueba1_demo.srcs\sources_1\new\apa102_ctrl.vhd:]
WARNING: [filemgmt 56-199] Attempt to get parsing info during refresh. "On-the-fly" syntax checking information may be incorrect. [C:\Users\kille\Documents\GitHub\TFM-UPM\Practica\Prueba1_demo_v1.0\prueba1_demo.srcs\sources_1\new\top_system.vhd:]
WARNING: [filemgmt 56-199] Attempt to get parsing info during refresh. "On-the-fly" syntax checking information may be incorrect. [C:\Users\kille\Documents\GitHub\TFM-UPM\Practica\Prueba1_demo_v1.0\prueba1_demo.srcs\sources_1\new\apa102_ctrl.vhd:]
WARNING: [filemgmt 56-199] Attempt to get parsing info during refresh. "On-the-fly" syntax checking information may be incorrect. [C:\Users\kille\Documents\GitHub\TFM-UPM\Practica\Prueba1_demo_v1.0\prueba1_demo.srcs\sources_1\new\i2s_transceiver.vhd:]
WARNING: [filemgmt 56-199] Attempt to get parsing info during refresh. "On-the-fly" syntax checking information may be incorrect. [C:\Users\kille\Documents\GitHub\TFM-UPM\Practica\Prueba1_demo_v1.0\prueba1_demo.srcs\sources_1\new\audio_player.vhd:]
WARNING: [filemgmt 56-199] Attempt to get parsing info during refresh. "On-the-fly" syntax checking information may be incorrect. [C:\Users\kille\Documents\GitHub\TFM-UPM\Practica\Prueba1_demo_v1.0\prueba1_demo.srcs\sources_1\new\tas2110_i2c_ctrl.vhd:]
WARNING: [filemgmt 56-199] Attempt to get parsing info during refresh. "On-the-fly" syntax checking information may be incorrect. [C:\Users\kille\Documents\GitHub\TFM-UPM\Practica\Prueba1_demo_v1.0\prueba1_demo.srcs\sources_1\new\audio_player.vhd:]
WARNING: [filemgmt 56-199] Attempt to get parsing info during refresh. "On-the-fly" syntax checking information may be incorrect. [C:\Users\kille\Documents\GitHub\TFM-UPM\Practica\Prueba1_demo_v1.0\prueba1_demo.srcs\sources_1\new\audio_player.vhd:]
WARNING: [filemgmt 56-199] Attempt to get parsing info during refresh. "On-the-fly" syntax checking information may be incorrect. [C:\Users\kille\Documents\GitHub\TFM-UPM\Practica\Prueba1_demo_v1.0\prueba1_demo.srcs\sources_1\new\top_system.vhd:]
WARNING: [filemgmt 56-199] Attempt to get parsing info during refresh. "On-the-fly" syntax checking information may be incorrect. [C:\Users\kille\Documents\GitHub\TFM-UPM\Practica\Prueba1_demo_v1.0\prueba1_demo.srcs\sources_1\new\apa102_ctrl.vhd:]
WARNING: [filemgmt 56-199] Attempt to get parsing info during refresh. "On-the-fly" syntax checking information may be incorrect. [C:\Users\kille\Documents\GitHub\TFM-UPM\Practica\Prueba1_demo_v1.0\prueba1_demo.srcs\sources_1\new\i2s_transceiver.vhd:]
WARNING: [filemgmt 56-199] Attempt to get parsing info during refresh. "On-the-fly" syntax checking information may be incorrect. [C:\Users\kille\Documents\GitHub\TFM-UPM\Practica\Prueba1_demo_v1.0\prueba1_demo.srcs\sources_1\new\audio_player.vhd:]
WARNING: [filemgmt 56-199] Attempt to get parsing info during refresh. "On-the-fly" syntax checking information may be incorrect. [C:\Users\kille\Documents\GitHub\TFM-UPM\Practica\Prueba1_demo_v1.0\prueba1_demo.srcs\sources_1\new\tas2110_i2c_ctrl.vhd:]
WARNING: [filemgmt 56-199] Attempt to get parsing info during refresh. "On-the-fly" syntax checking information may be incorrect. [C:\Users\kille\Documents\GitHub\TFM-UPM\Practica\Prueba1_demo_v1.0\prueba1_demo.srcs\sources_1\new\i2s_transceiver.vhd:]
WARNING: [filemgmt 56-199] Attempt to get parsing info during refresh. "On-the-fly" syntax checking information may be incorrect. [C:\Users\kille\Documents\GitHub\TFM-UPM\Practica\Prueba1_demo_v1.0\prueba1_demo.srcs\sources_1\new\i2s_transceiver.vhd:]
ERROR: [Common 17-180] Spawn failed: La operación se completó correctamente.

launch_runs impl_1 -to_step write_bitstream -jobs 12
INFO: [BD 41-1662] The design 'design_1.bd' is already validated. Therefore parameter propagation will not be re-run.
WARNING: [BD 41-3257] Drive strength cannot be preserved for ports connected to net btn_center_0_0_1 as it is marked for debug
WARNING: [BD 41-3256] Drive strength cannot be preserved for ports connected to net btn_right_0_0_1 as it connected to debug IP /system_ila_1 
WARNING: [BD 41-3256] Drive strength cannot be preserved for ports connected to net clk_100Mhz_0_1 as it connected to debug IP /system_ila_0 
WARNING: [BD 41-3257] Drive strength cannot be preserved for ports connected to net top_system_0_dbg_scl_out as it is marked for debug
WARNING: [BD 41-3257] Drive strength cannot be preserved for ports connected to net top_system_0_dbg_sda_out as it is marked for debug
WARNING: [BD 41-3257] Drive strength cannot be preserved for ports connected to net top_system_0_i2s_dout as it is marked for debug
WARNING: [BD 41-3256] Drive strength cannot be preserved for ports connected to net top_system_0_led_clk as it connected to debug IP /system_ila_0 
WARNING: [BD 41-3257] Drive strength cannot be preserved for ports connected to net top_system_0_led_data as it is marked for debug
VHDL Output written to : c:/Users/kille/Documents/GitHub/TFM-UPM/Practica/Prueba1_demo_v1.0/prueba1_demo.gen/sources_1/bd/design_1/synth/design_1.vhd
WARNING: [BD 41-3257] Drive strength cannot be preserved for ports connected to net btn_center_0_0_1 as it is marked for debug
WARNING: [BD 41-3256] Drive strength cannot be preserved for ports connected to net btn_right_0_0_1 as it connected to debug IP /system_ila_1 
WARNING: [BD 41-3256] Drive strength cannot be preserved for ports connected to net clk_100Mhz_0_1 as it connected to debug IP /system_ila_0 
WARNING: [BD 41-3257] Drive strength cannot be preserved for ports connected to net top_system_0_dbg_scl_out as it is marked for debug
WARNING: [BD 41-3257] Drive strength cannot be preserved for ports connected to net top_system_0_dbg_sda_out as it is marked for debug
WARNING: [BD 41-3257] Drive strength cannot be preserved for ports connected to net top_system_0_i2s_dout as it is marked for debug
WARNING: [BD 41-3256] Drive strength cannot be preserved for ports connected to net top_system_0_led_clk as it connected to debug IP /system_ila_0 
WARNING: [BD 41-3257] Drive strength cannot be preserved for ports connected to net top_system_0_led_data as it is marked for debug
VHDL Output written to : c:/Users/kille/Documents/GitHub/TFM-UPM/Practica/Prueba1_demo_v1.0/prueba1_demo.gen/sources_1/bd/design_1/sim/design_1.vhd
VHDL Output written to : c:/Users/kille/Documents/GitHub/TFM-UPM/Practica/Prueba1_demo_v1.0/prueba1_demo.gen/sources_1/bd/design_1/hdl/design_1_wrapper.vhd
INFO: [BD 41-1029] Generation completed for the IP Integrator block top_system_0 .
INFO: [BD 41-1637] Generated targets are already up-to-date for block design 'bd_f60c' - hence not re-generating.
INFO: [BD 41-1637] Generated targets are already up-to-date for block design 'bd_f69c' - hence not re-generating.
INFO: [BD 41-1982] Skipping generation for the cell util_vector_logic_0, which is locked by user.
Exporting to file c:/Users/kille/Documents/GitHub/TFM-UPM/Practica/Prueba1_demo_v1.0/prueba1_demo.gen/sources_1/bd/design_1/hw_handoff/design_1.hwh
Generated Hardware Definition File c:/Users/kille/Documents/GitHub/TFM-UPM/Practica/Prueba1_demo_v1.0/prueba1_demo.gen/sources_1/bd/design_1/synth/design_1.hwdef
[Wed Aug  5 18:55:44 2026] Launched design_1_top_system_0_1_synth_1, synth_1...
Run output will be captured here:
design_1_top_system_0_1_synth_1: C:/Users/kille/Documents/GitHub/TFM-UPM/Practica/Prueba1_demo_v1.0/prueba1_demo.runs/design_1_top_system_0_1_synth_1/runme.log
synth_1: C:/Users/kille/Documents/GitHub/TFM-UPM/Practica/Prueba1_demo_v1.0/prueba1_demo.runs/synth_1/runme.log
[Wed Aug  5 18:55:44 2026] Launched impl_1...
Run output will be captured here: C:/Users/kille/Documents/GitHub/TFM-UPM/Practica/Prueba1_demo_v1.0/prueba1_demo.runs/impl_1/runme.log
launch_runs: Time (s): cpu = 00:00:02 ; elapsed = 00:00:06 . Memory (MB): peak = 2449.277 ; gain = 0.000
WARNING: [filemgmt 56-199] Attempt to get parsing info during refresh. "On-the-fly" syntax checking information may be incorrect. [C:\Users\kille\Documents\GitHub\TFM-UPM\Practica\Prueba1_demo_v1.0\prueba1_demo.srcs\sources_1\new\top_system.vhd:]
WARNING: [filemgmt 56-199] Attempt to get parsing info during refresh. "On-the-fly" syntax checking information may be incorrect. [C:\Users\kille\Documents\GitHub\TFM-UPM\Practica\Prueba1_demo_v1.0\prueba1_demo.srcs\sources_1\new\apa102_ctrl.vhd:]
WARNING: [filemgmt 56-199] Attempt to get parsing info during refresh. "On-the-fly" syntax checking information may be incorrect. [C:\Users\kille\Documents\GitHub\TFM-UPM\Practica\Prueba1_demo_v1.0\prueba1_demo.srcs\sources_1\new\i2s_transceiver.vhd:]
WARNING: [filemgmt 56-199] Attempt to get parsing info during refresh. "On-the-fly" syntax checking information may be incorrect. [C:\Users\kille\Documents\GitHub\TFM-UPM\Practica\Prueba1_demo_v1.0\prueba1_demo.srcs\sources_1\new\audio_player.vhd:]
WARNING: [filemgmt 56-199] Attempt to get parsing info during refresh. "On-the-fly" syntax checking information may be incorrect. [C:\Users\kille\Documents\GitHub\TFM-UPM\Practica\Prueba1_demo_v1.0\prueba1_demo.srcs\sources_1\new\tas2110_i2c_ctrl.vhd:]
WARNING: [filemgmt 56-199] Attempt to get parsing info during refresh. "On-the-fly" syntax checking information may be incorrect. [C:\Users\kille\Documents\GitHub\TFM-UPM\Practica\Prueba1_demo_v1.0\prueba1_demo.srcs\sources_1\new\tas2110_i2c_ctrl.vhd:]
WARNING: [filemgmt 56-199] Attempt to get parsing info during refresh. "On-the-fly" syntax checking information may be incorrect. [C:\Users\kille\Documents\GitHub\TFM-UPM\Practica\Prueba1_demo_v1.0\prueba1_demo.srcs\sources_1\new\tas2110_i2c_ctrl.vhd:]
WARNING: [filemgmt 56-199] Attempt to get parsing info during refresh. "On-the-fly" syntax checking information may be incorrect. [C:\Users\kille\Documents\GitHub\TFM-UPM\Practica\Prueba1_demo_v1.0\prueba1_demo.srcs\sources_1\new\top_system.vhd:]
WARNING: [filemgmt 56-199] Attempt to get parsing info during refresh. "On-the-fly" syntax checking information may be incorrect. [C:\Users\kille\Documents\GitHub\TFM-UPM\Practica\Prueba1_demo_v1.0\prueba1_demo.srcs\sources_1\new\apa102_ctrl.vhd:]
WARNING: [filemgmt 56-199] Attempt to get parsing info during refresh. "On-the-fly" syntax checking information may be incorrect. [C:\Users\kille\Documents\GitHub\TFM-UPM\Practica\Prueba1_demo_v1.0\prueba1_demo.srcs\sources_1\new\i2s_transceiver.vhd:]
WARNING: [filemgmt 56-199] Attempt to get parsing info during refresh. "On-the-fly" syntax checking information may be incorrect. [C:\Users\kille\Documents\GitHub\TFM-UPM\Practica\Prueba1_demo_v1.0\prueba1_demo.srcs\sources_1\new\audio_player.vhd:]
WARNING: [filemgmt 56-199] Attempt to get parsing info during refresh. "On-the-fly" syntax checking information may be incorrect. [C:\Users\kille\Documents\GitHub\TFM-UPM\Practica\Prueba1_demo_v1.0\prueba1_demo.srcs\sources_1\new\tas2110_i2c_ctrl.vhd:]
WARNING: [filemgmt 56-199] Attempt to get parsing info during refresh. "On-the-fly" syntax checking information may be incorrect. [C:\Users\kille\Documents\GitHub\TFM-UPM\Practica\Prueba1_demo_v1.0\prueba1_demo.srcs\sources_1\new\audio_player.vhd:]
WARNING: [filemgmt 56-199] Attempt to get parsing info during refresh. "On-the-fly" syntax checking information may be incorrect. [C:\Users\kille\Documents\GitHub\TFM-UPM\Practica\Prueba1_demo_v1.0\prueba1_demo.srcs\sources_1\new\audio_player.vhd:]
WARNING: [filemgmt 56-199] Attempt to get parsing info during refresh. "On-the-fly" syntax checking information may be incorrect. [C:\Users\kille\Documents\GitHub\TFM-UPM\Practica\Prueba1_demo_v1.0\prueba1_demo.srcs\sources_1\new\top_system.vhd:]
WARNING: [filemgmt 56-199] Attempt to get parsing info during refresh. "On-the-fly" syntax checking information may be incorrect. [C:\Users\kille\Documents\GitHub\TFM-UPM\Practica\Prueba1_demo_v1.0\prueba1_demo.srcs\sources_1\new\apa102_ctrl.vhd:]
WARNING: [filemgmt 56-199] Attempt to get parsing info during refresh. "On-the-fly" syntax checking information may be incorrect. [C:\Users\kille\Documents\GitHub\TFM-UPM\Practica\Prueba1_demo_v1.0\prueba1_demo.srcs\sources_1\new\i2s_transceiver.vhd:]
WARNING: [filemgmt 56-199] Attempt to get parsing info during refresh. "On-the-fly" syntax checking information may be incorrect. [C:\Users\kille\Documents\GitHub\TFM-UPM\Practica\Prueba1_demo_v1.0\prueba1_demo.srcs\sources_1\new\audio_player.vhd:]
WARNING: [filemgmt 56-199] Attempt to get parsing info during refresh. "On-the-fly" syntax checking information may be incorrect. [C:\Users\kille\Documents\GitHub\TFM-UPM\Practica\Prueba1_demo_v1.0\prueba1_demo.srcs\sources_1\new\tas2110_i2c_ctrl.vhd:]
WARNING: [filemgmt 56-199] Attempt to get parsing info during refresh. "On-the-fly" syntax checking information may be incorrect. [C:\Users\kille\Documents\GitHub\TFM-UPM\Practica\Prueba1_demo_v1.0\prueba1_demo.srcs\sources_1\new\i2s_transceiver.vhd:]
WARNING: [filemgmt 56-199] Attempt to get parsing info during refresh. "On-the-fly" syntax checking information may be incorrect. [C:\Users\kille\Documents\GitHub\TFM-UPM\Practica\Prueba1_demo_v1.0\prueba1_demo.srcs\sources_1\new\i2s_transceiver.vhd:]
WARNING: [filemgmt 56-199] Attempt to get parsing info during refresh. "On-the-fly" syntax checking information may be incorrect. [C:\Users\kille\Documents\GitHub\TFM-UPM\Practica\Prueba1_demo_v1.0\prueba1_demo.srcs\sources_1\new\top_system.vhd:]
WARNING: [filemgmt 56-199] Attempt to get parsing info during refresh. "On-the-fly" syntax checking information may be incorrect. [C:\Users\kille\Documents\GitHub\TFM-UPM\Practica\Prueba1_demo_v1.0\prueba1_demo.srcs\sources_1\new\apa102_ctrl.vhd:]
WARNING: [filemgmt 56-199] Attempt to get parsing info during refresh. "On-the-fly" syntax checking information may be incorrect. [C:\Users\kille\Documents\GitHub\TFM-UPM\Practica\Prueba1_demo_v1.0\prueba1_demo.srcs\sources_1\new\i2s_transceiver.vhd:]
WARNING: [filemgmt 56-199] Attempt to get parsing info during refresh. "On-the-fly" syntax checking information may be incorrect. [C:\Users\kille\Documents\GitHub\TFM-UPM\Practica\Prueba1_demo_v1.0\prueba1_demo.srcs\sources_1\new\audio_player.vhd:]
WARNING: [filemgmt 56-199] Attempt to get parsing info during refresh. "On-the-fly" syntax checking information may be incorrect. [C:\Users\kille\Documents\GitHub\TFM-UPM\Practica\Prueba1_demo_v1.0\prueba1_demo.srcs\sources_1\new\tas2110_i2c_ctrl.vhd:]
WARNING: [filemgmt 56-199] Attempt to get parsing info during refresh. "On-the-fly" syntax checking information may be incorrect. [C:\Users\kille\Documents\GitHub\TFM-UPM\Practica\Prueba1_demo_v1.0\prueba1_demo.srcs\sources_1\new\apa102_ctrl.vhd:]
WARNING: [filemgmt 56-199] Attempt to get parsing info during refresh. "On-the-fly" syntax checking information may be incorrect. [C:\Users\kille\Documents\GitHub\TFM-UPM\Practica\Prueba1_demo_v1.0\prueba1_demo.srcs\sources_1\new\apa102_ctrl.vhd:]
WARNING: [filemgmt 56-199] Attempt to get parsing info during refresh. "On-the-fly" syntax checking information may be incorrect. [C:\Users\kille\Documents\GitHub\TFM-UPM\Practica\Prueba1_demo_v1.0\prueba1_demo.srcs\sources_1\new\top_system.vhd:]
WARNING: [filemgmt 56-199] Attempt to get parsing info during refresh. "On-the-fly" syntax checking information may be incorrect. [C:\Users\kille\Documents\GitHub\TFM-UPM\Practica\Prueba1_demo_v1.0\prueba1_demo.srcs\sources_1\new\apa102_ctrl.vhd:]
WARNING: [filemgmt 56-199] Attempt to get parsing info during refresh. "On-the-fly" syntax checking information may be incorrect. [C:\Users\kille\Documents\GitHub\TFM-UPM\Practica\Prueba1_demo_v1.0\prueba1_demo.srcs\sources_1\new\i2s_transceiver.vhd:]
WARNING: [filemgmt 56-199] Attempt to get parsing info during refresh. "On-the-fly" syntax checking information may be incorrect. [C:\Users\kille\Documents\GitHub\TFM-UPM\Practica\Prueba1_demo_v1.0\prueba1_demo.srcs\sources_1\new\audio_player.vhd:]
WARNING: [filemgmt 56-199] Attempt to get parsing info during refresh. "On-the-fly" syntax checking information may be incorrect. [C:\Users\kille\Documents\GitHub\TFM-UPM\Practica\Prueba1_demo_v1.0\prueba1_demo.srcs\sources_1\new\tas2110_i2c_ctrl.vhd:]
WARNING: [filemgmt 56-199] Attempt to get parsing info during refresh. "On-the-fly" syntax checking information may be incorrect. [C:\Users\kille\Documents\GitHub\TFM-UPM\Practica\Prueba1_demo_v1.0\prueba1_demo.srcs\sources_1\new\top_system.vhd:]
WARNING: [filemgmt 56-199] Attempt to get parsing info during refresh. "On-the-fly" syntax checking information may be incorrect. [C:\Users\kille\Documents\GitHub\TFM-UPM\Practica\Prueba1_demo_v1.0\prueba1_demo.srcs\sources_1\new\top_system.vhd:]
WARNING: [filemgmt 56-199] Attempt to get parsing info during refresh. "On-the-fly" syntax checking information may be incorrect. [C:\Users\kille\Documents\GitHub\TFM-UPM\Practica\Prueba1_demo_v1.0\prueba1_demo.srcs\sources_1\new\top_system.vhd:]
WARNING: [filemgmt 56-199] Attempt to get parsing info during refresh. "On-the-fly" syntax checking information may be incorrect. [C:\Users\kille\Documents\GitHub\TFM-UPM\Practica\Prueba1_demo_v1.0\prueba1_demo.srcs\sources_1\new\apa102_ctrl.vhd:]
WARNING: [filemgmt 56-199] Attempt to get parsing info during refresh. "On-the-fly" syntax checking information may be incorrect. [C:\Users\kille\Documents\GitHub\TFM-UPM\Practica\Prueba1_demo_v1.0\prueba1_demo.srcs\sources_1\new\i2s_transceiver.vhd:]
WARNING: [filemgmt 56-199] Attempt to get parsing info during refresh. "On-the-fly" syntax checking information may be incorrect. [C:\Users\kille\Documents\GitHub\TFM-UPM\Practica\Prueba1_demo_v1.0\prueba1_demo.srcs\sources_1\new\audio_player.vhd:]
WARNING: [filemgmt 56-199] Attempt to get parsing info during refresh. "On-the-fly" syntax checking information may be incorrect. [C:\Users\kille\Documents\GitHub\TFM-UPM\Practica\Prueba1_demo_v1.0\prueba1_demo.srcs\sources_1\new\tas2110_i2c_ctrl.vhd:]
WARNING: [filemgmt 56-199] Attempt to get parsing info during refresh. "On-the-fly" syntax checking information may be incorrect. [C:\Users\kille\Documents\GitHub\TFM-UPM\Practica\Prueba1_demo_v1.0\prueba1_demo.srcs\sources_1\new\i2s_transceiver.vhd:]
WARNING: [filemgmt 56-199] Attempt to get parsing info during refresh. "On-the-fly" syntax checking information may be incorrect. [C:\Users\kille\Documents\GitHub\TFM-UPM\Practica\Prueba1_demo_v1.0\prueba1_demo.srcs\sources_1\new\i2s_transceiver.vhd:]
ERROR: [Common 17-180] Spawn failed: La operación se completó correctamente.

WARNING: [filemgmt 56-199] Attempt to get parsing info during refresh. "On-the-fly" syntax checking information may be incorrect. [C:\Users\kille\Documents\GitHub\TFM-UPM\Practica\Prueba1_demo_v1.0\prueba1_demo.srcs\sources_1\new\top_system.vhd:]
WARNING: [filemgmt 56-199] Attempt to get parsing info during refresh. "On-the-fly" syntax checking information may be incorrect. [C:\Users\kille\Documents\GitHub\TFM-UPM\Practica\Prueba1_demo_v1.0\prueba1_demo.srcs\sources_1\new\apa102_ctrl.vhd:]
WARNING: [filemgmt 56-199] Attempt to get parsing info during refresh. "On-the-fly" syntax checking information may be incorrect. [C:\Users\kille\Documents\GitHub\TFM-UPM\Practica\Prueba1_demo_v1.0\prueba1_demo.srcs\sources_1\new\i2s_transceiver.vhd:]
WARNING: [filemgmt 56-199] Attempt to get parsing info during refresh. "On-the-fly" syntax checking information may be incorrect. [C:\Users\kille\Documents\GitHub\TFM-UPM\Practica\Prueba1_demo_v1.0\prueba1_demo.srcs\sources_1\new\audio_player.vhd:]
WARNING: [filemgmt 56-199] Attempt to get parsing info during refresh. "On-the-fly" syntax checking information may be incorrect. [C:\Users\kille\Documents\GitHub\TFM-UPM\Practica\Prueba1_demo_v1.0\prueba1_demo.srcs\sources_1\new\tas2110_i2c_ctrl.vhd:]
WARNING: [filemgmt 56-199] Attempt to get parsing info during refresh. "On-the-fly" syntax checking information may be incorrect. [C:\Users\kille\Documents\GitHub\TFM-UPM\Practica\Prueba1_demo_v1.0\prueba1_demo.srcs\sources_1\new\audio_player.vhd:]
WARNING: [filemgmt 56-199] Attempt to get parsing info during refresh. "On-the-fly" syntax checking information may be incorrect. [C:\Users\kille\Documents\GitHub\TFM-UPM\Practica\Prueba1_demo_v1.0\prueba1_demo.srcs\sources_1\new\audio_player.vhd:]
ERROR: [Common 17-180] Spawn failed: La operación se completó correctamente.

WARNING: [filemgmt 56-199] Attempt to get parsing info during refresh. "On-the-fly" syntax checking information may be incorrect. [C:\Users\kille\Documents\GitHub\TFM-UPM\Practica\Prueba1_demo_v1.0\prueba1_demo.srcs\sources_1\new\top_system.vhd:]
WARNING: [filemgmt 56-199] Attempt to get parsing info during refresh. "On-the-fly" syntax checking information may be incorrect. [C:\Users\kille\Documents\GitHub\TFM-UPM\Practica\Prueba1_demo_v1.0\prueba1_demo.srcs\sources_1\new\apa102_ctrl.vhd:]
WARNING: [filemgmt 56-199] Attempt to get parsing info during refresh. "On-the-fly" syntax checking information may be incorrect. [C:\Users\kille\Documents\GitHub\TFM-UPM\Practica\Prueba1_demo_v1.0\prueba1_demo.srcs\sources_1\new\i2s_transceiver.vhd:]
WARNING: [filemgmt 56-199] Attempt to get parsing info during refresh. "On-the-fly" syntax checking information may be incorrect. [C:\Users\kille\Documents\GitHub\TFM-UPM\Practica\Prueba1_demo_v1.0\prueba1_demo.srcs\sources_1\new\audio_player.vhd:]
WARNING: [filemgmt 56-199] Attempt to get parsing info during refresh. "On-the-fly" syntax checking information may be incorrect. [C:\Users\kille\Documents\GitHub\TFM-UPM\Practica\Prueba1_demo_v1.0\prueba1_demo.srcs\sources_1\new\tas2110_i2c_ctrl.vhd:]
WARNING: [filemgmt 56-199] Attempt to get parsing info during refresh. "On-the-fly" syntax checking information may be incorrect. [C:\Users\kille\Documents\GitHub\TFM-UPM\Practica\Prueba1_demo_v1.0\prueba1_demo.srcs\sources_1\new\tas2110_i2c_ctrl.vhd:]
WARNING: [filemgmt 56-199] Attempt to get parsing info during refresh. "On-the-fly" syntax checking information may be incorrect. [C:\Users\kille\Documents\GitHub\TFM-UPM\Practica\Prueba1_demo_v1.0\prueba1_demo.srcs\sources_1\new\tas2110_i2c_ctrl.vhd:]
WARNING: [filemgmt 56-199] Attempt to get parsing info during refresh. "On-the-fly" syntax checking information may be incorrect. [C:\Users\kille\Documents\GitHub\TFM-UPM\Practica\Prueba1_demo_v1.0\prueba1_demo.srcs\sources_1\new\top_system.vhd:]
WARNING: [filemgmt 56-199] Attempt to get parsing info during refresh. "On-the-fly" syntax checking information may be incorrect. [C:\Users\kille\Documents\GitHub\TFM-UPM\Practica\Prueba1_demo_v1.0\prueba1_demo.srcs\sources_1\new\apa102_ctrl.vhd:]
WARNING: [filemgmt 56-199] Attempt to get parsing info during refresh. "On-the-fly" syntax checking information may be incorrect. [C:\Users\kille\Documents\GitHub\TFM-UPM\Practica\Prueba1_demo_v1.0\prueba1_demo.srcs\sources_1\new\i2s_transceiver.vhd:]
WARNING: [filemgmt 56-199] Attempt to get parsing info during refresh. "On-the-fly" syntax checking information may be incorrect. [C:\Users\kille\Documents\GitHub\TFM-UPM\Practica\Prueba1_demo_v1.0\prueba1_demo.srcs\sources_1\new\audio_player.vhd:]
WARNING: [filemgmt 56-199] Attempt to get parsing info during refresh. "On-the-fly" syntax checking information may be incorrect. [C:\Users\kille\Documents\GitHub\TFM-UPM\Practica\Prueba1_demo_v1.0\prueba1_demo.srcs\sources_1\new\tas2110_i2c_ctrl.vhd:]
WARNING: [filemgmt 56-199] Attempt to get parsing info during refresh. "On-the-fly" syntax checking information may be incorrect. [C:\Users\kille\Documents\GitHub\TFM-UPM\Practica\Prueba1_demo_v1.0\prueba1_demo.srcs\sources_1\new\audio_player.vhd:]
WARNING: [filemgmt 56-199] Attempt to get parsing info during refresh. "On-the-fly" syntax checking information may be incorrect. [C:\Users\kille\Documents\GitHub\TFM-UPM\Practica\Prueba1_demo_v1.0\prueba1_demo.srcs\sources_1\new\audio_player.vhd:]
report_ip_status -name ip_status 
update_module_reference [get_ips  design_1_top_system_0_1]
INFO: [IP_Flow 19-5107] Inferred bus interface 'reset_n' of definition 'xilinx.com:signal:reset:1.0' (from Xilinx Repository).
INFO: [IP_Flow 19-5107] Inferred bus interface 'sw0_reset' of definition 'xilinx.com:signal:reset:1.0' (from Xilinx Repository).
INFO: [IP_Flow 19-5107] Inferred bus interface 'led_clk' of definition 'xilinx.com:signal:clock:1.0' (from Xilinx Repository).
INFO: [IP_Flow 19-5107] Inferred bus interface 'sd_clk' of definition 'xilinx.com:signal:clock:1.0' (from Xilinx Repository).
CRITICAL WARNING: [IP_Flow 19-4751] Bus Interface 'led_clk': FREQ_HZ bus parameter is missing for output clock interface.
CRITICAL WARNING: [IP_Flow 19-4751] Bus Interface 'sd_clk': FREQ_HZ bus parameter is missing for output clock interface.
INFO: [IP_Flow 19-5107] Inferred bus interface 'reset_n' of definition 'xilinx.com:signal:reset:1.0' (from Xilinx Repository).
INFO: [IP_Flow 19-5107] Inferred bus interface 'sw0_reset' of definition 'xilinx.com:signal:reset:1.0' (from Xilinx Repository).
INFO: [IP_Flow 19-5107] Inferred bus interface 'led_clk' of definition 'xilinx.com:signal:clock:1.0' (from Xilinx Repository).
INFO: [IP_Flow 19-5107] Inferred bus interface 'sd_clk' of definition 'xilinx.com:signal:clock:1.0' (from Xilinx Repository).
CRITICAL WARNING: [IP_Flow 19-4751] Bus Interface 'led_clk': FREQ_HZ bus parameter is missing for output clock interface.
CRITICAL WARNING: [IP_Flow 19-4751] Bus Interface 'sd_clk': FREQ_HZ bus parameter is missing for output clock interface.
Upgrading 'C:/Users/kille/Documents/GitHub/TFM-UPM/Practica/Prueba1_demo_v1.0/prueba1_demo.srcs/sources_1/bd/design_1/design_1.bd'
INFO: [IP_Flow 19-3420] Updated design_1_top_system_0_1 to use current project options
WARNING: [IP_Flow 19-4698] Upgrade has added port 'sw0_reset'
WARNING: [IP_Flow 19-3298] Detected external port differences while upgrading 'design_1_top_system_0_1'. These changes may impact your design.
CRITICAL WARNING: [Coretcl 2-1280] The upgrade of 'design_1_top_system_0_1' has identified issues that may require user intervention. Please verify that the instance is correctly configured, and review any upgrade messages.
WARNING: [filemgmt 56-199] Attempt to get parsing info during refresh. "On-the-fly" syntax checking information may be incorrect. [C:\Users\kille\Documents\GitHub\TFM-UPM\Practica\Prueba1_demo_v1.0\prueba1_demo.srcs\sources_1\new\top_system.vhd:]
WARNING: [filemgmt 56-199] Attempt to get parsing info during refresh. "On-the-fly" syntax checking information may be incorrect. [C:\Users\kille\Documents\GitHub\TFM-UPM\Practica\Prueba1_demo_v1.0\prueba1_demo.srcs\sources_1\new\apa102_ctrl.vhd:]
WARNING: [filemgmt 56-199] Attempt to get parsing info during refresh. "On-the-fly" syntax checking information may be incorrect. [C:\Users\kille\Documents\GitHub\TFM-UPM\Practica\Prueba1_demo_v1.0\prueba1_demo.srcs\sources_1\new\i2s_transceiver.vhd:]
WARNING: [filemgmt 56-199] Attempt to get parsing info during refresh. "On-the-fly" syntax checking information may be incorrect. [C:\Users\kille\Documents\GitHub\TFM-UPM\Practica\Prueba1_demo_v1.0\prueba1_demo.srcs\sources_1\new\audio_player.vhd:]
WARNING: [filemgmt 56-199] Attempt to get parsing info during refresh. "On-the-fly" syntax checking information may be incorrect. [C:\Users\kille\Documents\GitHub\TFM-UPM\Practica\Prueba1_demo_v1.0\prueba1_demo.srcs\sources_1\new\tas2110_i2c_ctrl.vhd:]
WARNING: [filemgmt 56-199] Attempt to get parsing info during refresh. "On-the-fly" syntax checking information may be incorrect. [C:\Users\kille\Documents\GitHub\TFM-UPM\Practica\Prueba1_demo_v1.0\prueba1_demo.srcs\sources_1\new\i2s_transceiver.vhd:]
WARNING: [filemgmt 56-199] Attempt to get parsing info during refresh. "On-the-fly" syntax checking information may be incorrect. [C:\Users\kille\Documents\GitHub\TFM-UPM\Practica\Prueba1_demo_v1.0\prueba1_demo.srcs\sources_1\new\i2s_transceiver.vhd:]
WARNING: [filemgmt 56-199] Attempt to get parsing info during refresh. "On-the-fly" syntax checking information may be incorrect. [C:\Users\kille\Documents\GitHub\TFM-UPM\Practica\Prueba1_demo_v1.0\prueba1_demo.srcs\sources_1\new\top_system.vhd:]
WARNING: [filemgmt 56-199] Attempt to get parsing info during refresh. "On-the-fly" syntax checking information may be incorrect. [C:\Users\kille\Documents\GitHub\TFM-UPM\Practica\Prueba1_demo_v1.0\prueba1_demo.srcs\sources_1\new\apa102_ctrl.vhd:]
WARNING: [filemgmt 56-199] Attempt to get parsing info during refresh. "On-the-fly" syntax checking information may be incorrect. [C:\Users\kille\Documents\GitHub\TFM-UPM\Practica\Prueba1_demo_v1.0\prueba1_demo.srcs\sources_1\new\i2s_transceiver.vhd:]
WARNING: [filemgmt 56-199] Attempt to get parsing info during refresh. "On-the-fly" syntax checking information may be incorrect. [C:\Users\kille\Documents\GitHub\TFM-UPM\Practica\Prueba1_demo_v1.0\prueba1_demo.srcs\sources_1\new\audio_player.vhd:]
WARNING: [filemgmt 56-199] Attempt to get parsing info during refresh. "On-the-fly" syntax checking information may be incorrect. [C:\Users\kille\Documents\GitHub\TFM-UPM\Practica\Prueba1_demo_v1.0\prueba1_demo.srcs\sources_1\new\tas2110_i2c_ctrl.vhd:]
WARNING: [filemgmt 56-199] Attempt to get parsing info during refresh. "On-the-fly" syntax checking information may be incorrect. [C:\Users\kille\Documents\GitHub\TFM-UPM\Practica\Prueba1_demo_v1.0\prueba1_demo.srcs\sources_1\new\tas2110_i2c_ctrl.vhd:]
WARNING: [filemgmt 56-199] Attempt to get parsing info during refresh. "On-the-fly" syntax checking information may be incorrect. [C:\Users\kille\Documents\GitHub\TFM-UPM\Practica\Prueba1_demo_v1.0\prueba1_demo.srcs\sources_1\new\tas2110_i2c_ctrl.vhd:]
WARNING: [filemgmt 56-199] Attempt to get parsing info during refresh. "On-the-fly" syntax checking information may be incorrect. [C:\Users\kille\Documents\GitHub\TFM-UPM\Practica\Prueba1_demo_v1.0\prueba1_demo.srcs\sources_1\new\top_system.vhd:]
WARNING: [filemgmt 56-199] Attempt to get parsing info during refresh. "On-the-fly" syntax checking information may be incorrect. [C:\Users\kille\Documents\GitHub\TFM-UPM\Practica\Prueba1_demo_v1.0\prueba1_demo.srcs\sources_1\new\apa102_ctrl.vhd:]
WARNING: [filemgmt 56-199] Attempt to get parsing info during refresh. "On-the-fly" syntax checking information may be incorrect. [C:\Users\kille\Documents\GitHub\TFM-UPM\Practica\Prueba1_demo_v1.0\prueba1_demo.srcs\sources_1\new\i2s_transceiver.vhd:]
WARNING: [filemgmt 56-199] Attempt to get parsing info during refresh. "On-the-fly" syntax checking information may be incorrect. [C:\Users\kille\Documents\GitHub\TFM-UPM\Practica\Prueba1_demo_v1.0\prueba1_demo.srcs\sources_1\new\audio_player.vhd:]
WARNING: [filemgmt 56-199] Attempt to get parsing info during refresh. "On-the-fly" syntax checking information may be incorrect. [C:\Users\kille\Documents\GitHub\TFM-UPM\Practica\Prueba1_demo_v1.0\prueba1_demo.srcs\sources_1\new\tas2110_i2c_ctrl.vhd:]
WARNING: [filemgmt 56-199] Attempt to get parsing info during refresh. "On-the-fly" syntax checking information may be incorrect. [C:\Users\kille\Documents\GitHub\TFM-UPM\Practica\Prueba1_demo_v1.0\prueba1_demo.srcs\sources_1\new\apa102_ctrl.vhd:]
WARNING: [filemgmt 56-199] Attempt to get parsing info during refresh. "On-the-fly" syntax checking information may be incorrect. [C:\Users\kille\Documents\GitHub\TFM-UPM\Practica\Prueba1_demo_v1.0\prueba1_demo.srcs\sources_1\new\apa102_ctrl.vhd:]
WARNING: [filemgmt 56-199] Attempt to get parsing info during refresh. "On-the-fly" syntax checking information may be incorrect. [C:\Users\kille\Documents\GitHub\TFM-UPM\Practica\Prueba1_demo_v1.0\prueba1_demo.srcs\sources_1\new\top_system.vhd:]
WARNING: [filemgmt 56-199] Attempt to get parsing info during refresh. "On-the-fly" syntax checking information may be incorrect. [C:\Users\kille\Documents\GitHub\TFM-UPM\Practica\Prueba1_demo_v1.0\prueba1_demo.srcs\sources_1\new\apa102_ctrl.vhd:]
WARNING: [filemgmt 56-199] Attempt to get parsing info during refresh. "On-the-fly" syntax checking information may be incorrect. [C:\Users\kille\Documents\GitHub\TFM-UPM\Practica\Prueba1_demo_v1.0\prueba1_demo.srcs\sources_1\new\i2s_transceiver.vhd:]
WARNING: [filemgmt 56-199] Attempt to get parsing info during refresh. "On-the-fly" syntax checking information may be incorrect. [C:\Users\kille\Documents\GitHub\TFM-UPM\Practica\Prueba1_demo_v1.0\prueba1_demo.srcs\sources_1\new\audio_player.vhd:]
WARNING: [filemgmt 56-199] Attempt to get parsing info during refresh. "On-the-fly" syntax checking information may be incorrect. [C:\Users\kille\Documents\GitHub\TFM-UPM\Practica\Prueba1_demo_v1.0\prueba1_demo.srcs\sources_1\new\tas2110_i2c_ctrl.vhd:]
WARNING: [filemgmt 56-199] Attempt to get parsing info during refresh. "On-the-fly" syntax checking information may be incorrect. [C:\Users\kille\Documents\GitHub\TFM-UPM\Practica\Prueba1_demo_v1.0\prueba1_demo.srcs\sources_1\new\audio_player.vhd:]
WARNING: [filemgmt 56-199] Attempt to get parsing info during refresh. "On-the-fly" syntax checking information may be incorrect. [C:\Users\kille\Documents\GitHub\TFM-UPM\Practica\Prueba1_demo_v1.0\prueba1_demo.srcs\sources_1\new\audio_player.vhd:]
Wrote  : <C:\Users\kille\Documents\GitHub\TFM-UPM\Practica\Prueba1_demo_v1.0\prueba1_demo.srcs\sources_1\bd\design_1\design_1.bd> 
Wrote  : <C:/Users/kille/Documents/GitHub/TFM-UPM/Practica/Prueba1_demo_v1.0/prueba1_demo.srcs/sources_1/bd/design_1/ui/bd_1f5defd0.ui> 
ERROR: [Common 17-180] Spawn failed: La operación se completó correctamente.

report_ip_status -name ip_status 
reset_target all [get_files  C:/Users/kille/Documents/GitHub/TFM-UPM/Practica/Prueba1_demo_v1.0/prueba1_demo.srcs/sources_1/bd/design_1/design_1.bd]
INFO: [BD 41-1983] Skipping reset outputs for the ip util_vector_logic_0, which is locked by user.
export_ip_user_files -of_objects  [get_files  C:/Users/kille/Documents/GitHub/TFM-UPM/Practica/Prueba1_demo_v1.0/prueba1_demo.srcs/sources_1/bd/design_1/design_1.bd] -sync -no_script -force -quiet
delete_ip_run [get_files -of_objects [get_fileset sources_1] C:/Users/kille/Documents/GitHub/TFM-UPM/Practica/Prueba1_demo_v1.0/prueba1_demo.srcs/sources_1/bd/design_1/design_1.bd]
WARNING: [filemgmt 56-199] Attempt to get parsing info during refresh. "On-the-fly" syntax checking information may be incorrect. [C:\Users\kille\Documents\GitHub\TFM-UPM\Practica\Prueba1_demo_v1.0\prueba1_demo.srcs\sources_1\new\top_system.vhd:]
WARNING: [filemgmt 56-199] Attempt to get parsing info during refresh. "On-the-fly" syntax checking information may be incorrect. [C:\Users\kille\Documents\GitHub\TFM-UPM\Practica\Prueba1_demo_v1.0\prueba1_demo.srcs\sources_1\new\apa102_ctrl.vhd:]
WARNING: [filemgmt 56-199] Attempt to get parsing info during refresh. "On-the-fly" syntax checking information may be incorrect. [C:\Users\kille\Documents\GitHub\TFM-UPM\Practica\Prueba1_demo_v1.0\prueba1_demo.srcs\sources_1\new\i2s_transceiver.vhd:]
WARNING: [filemgmt 56-199] Attempt to get parsing info during refresh. "On-the-fly" syntax checking information may be incorrect. [C:\Users\kille\Documents\GitHub\TFM-UPM\Practica\Prueba1_demo_v1.0\prueba1_demo.srcs\sources_1\new\audio_player.vhd:]
WARNING: [filemgmt 56-199] Attempt to get parsing info during refresh. "On-the-fly" syntax checking information may be incorrect. [C:\Users\kille\Documents\GitHub\TFM-UPM\Practica\Prueba1_demo_v1.0\prueba1_demo.srcs\sources_1\new\tas2110_i2c_ctrl.vhd:]
WARNING: [filemgmt 56-199] Attempt to get parsing info during refresh. "On-the-fly" syntax checking information may be incorrect. [C:\Users\kille\Documents\GitHub\TFM-UPM\Practica\Prueba1_demo_v1.0\prueba1_demo.srcs\sources_1\new\apa102_ctrl.vhd:]
WARNING: [filemgmt 56-199] Attempt to get parsing info during refresh. "On-the-fly" syntax checking information may be incorrect. [C:\Users\kille\Documents\GitHub\TFM-UPM\Practica\Prueba1_demo_v1.0\prueba1_demo.srcs\sources_1\new\apa102_ctrl.vhd:]
WARNING: [filemgmt 56-199] Attempt to get parsing info during refresh. "On-the-fly" syntax checking information may be incorrect. [C:\Users\kille\Documents\GitHub\TFM-UPM\Practica\Prueba1_demo_v1.0\prueba1_demo.srcs\sources_1\new\top_system.vhd:]
WARNING: [filemgmt 56-199] Attempt to get parsing info during refresh. "On-the-fly" syntax checking information may be incorrect. [C:\Users\kille\Documents\GitHub\TFM-UPM\Practica\Prueba1_demo_v1.0\prueba1_demo.srcs\sources_1\new\apa102_ctrl.vhd:]
WARNING: [filemgmt 56-199] Attempt to get parsing info during refresh. "On-the-fly" syntax checking information may be incorrect. [C:\Users\kille\Documents\GitHub\TFM-UPM\Practica\Prueba1_demo_v1.0\prueba1_demo.srcs\sources_1\new\i2s_transceiver.vhd:]
WARNING: [filemgmt 56-199] Attempt to get parsing info during refresh. "On-the-fly" syntax checking information may be incorrect. [C:\Users\kille\Documents\GitHub\TFM-UPM\Practica\Prueba1_demo_v1.0\prueba1_demo.srcs\sources_1\new\audio_player.vhd:]
WARNING: [filemgmt 56-199] Attempt to get parsing info during refresh. "On-the-fly" syntax checking information may be incorrect. [C:\Users\kille\Documents\GitHub\TFM-UPM\Practica\Prueba1_demo_v1.0\prueba1_demo.srcs\sources_1\new\tas2110_i2c_ctrl.vhd:]
WARNING: [filemgmt 56-199] Attempt to get parsing info during refresh. "On-the-fly" syntax checking information may be incorrect. [C:\Users\kille\Documents\GitHub\TFM-UPM\Practica\Prueba1_demo_v1.0\prueba1_demo.srcs\sources_1\new\audio_player.vhd:]
WARNING: [filemgmt 56-199] Attempt to get parsing info during refresh. "On-the-fly" syntax checking information may be incorrect. [C:\Users\kille\Documents\GitHub\TFM-UPM\Practica\Prueba1_demo_v1.0\prueba1_demo.srcs\sources_1\new\audio_player.vhd:]
WARNING: [filemgmt 56-199] Attempt to get parsing info during refresh. "On-the-fly" syntax checking information may be incorrect. [C:\Users\kille\Documents\GitHub\TFM-UPM\Practica\Prueba1_demo_v1.0\prueba1_demo.srcs\sources_1\new\top_system.vhd:]
WARNING: [filemgmt 56-199] Attempt to get parsing info during refresh. "On-the-fly" syntax checking information may be incorrect. [C:\Users\kille\Documents\GitHub\TFM-UPM\Practica\Prueba1_demo_v1.0\prueba1_demo.srcs\sources_1\new\apa102_ctrl.vhd:]
WARNING: [filemgmt 56-199] Attempt to get parsing info during refresh. "On-the-fly" syntax checking information may be incorrect. [C:\Users\kille\Documents\GitHub\TFM-UPM\Practica\Prueba1_demo_v1.0\prueba1_demo.srcs\sources_1\new\i2s_transceiver.vhd:]
WARNING: [filemgmt 56-199] Attempt to get parsing info during refresh. "On-the-fly" syntax checking information may be incorrect. [C:\Users\kille\Documents\GitHub\TFM-UPM\Practica\Prueba1_demo_v1.0\prueba1_demo.srcs\sources_1\new\audio_player.vhd:]
WARNING: [filemgmt 56-199] Attempt to get parsing info during refresh. "On-the-fly" syntax checking information may be incorrect. [C:\Users\kille\Documents\GitHub\TFM-UPM\Practica\Prueba1_demo_v1.0\prueba1_demo.srcs\sources_1\new\tas2110_i2c_ctrl.vhd:]
WARNING: [filemgmt 56-199] Attempt to get parsing info during refresh. "On-the-fly" syntax checking information may be incorrect. [C:\Users\kille\Documents\GitHub\TFM-UPM\Practica\Prueba1_demo_v1.0\prueba1_demo.srcs\sources_1\new\tas2110_i2c_ctrl.vhd:]
WARNING: [filemgmt 56-199] Attempt to get parsing info during refresh. "On-the-fly" syntax checking information may be incorrect. [C:\Users\kille\Documents\GitHub\TFM-UPM\Practica\Prueba1_demo_v1.0\prueba1_demo.srcs\sources_1\new\tas2110_i2c_ctrl.vhd:]
WARNING: [filemgmt 56-199] Attempt to get parsing info during refresh. "On-the-fly" syntax checking information may be incorrect. [C:\Users\kille\Documents\GitHub\TFM-UPM\Practica\Prueba1_demo_v1.0\prueba1_demo.srcs\sources_1\new\top_system.vhd:]
WARNING: [filemgmt 56-199] Attempt to get parsing info during refresh. "On-the-fly" syntax checking information may be incorrect. [C:\Users\kille\Documents\GitHub\TFM-UPM\Practica\Prueba1_demo_v1.0\prueba1_demo.srcs\sources_1\new\apa102_ctrl.vhd:]
WARNING: [filemgmt 56-199] Attempt to get parsing info during refresh. "On-the-fly" syntax checking information may be incorrect. [C:\Users\kille\Documents\GitHub\TFM-UPM\Practica\Prueba1_demo_v1.0\prueba1_demo.srcs\sources_1\new\i2s_transceiver.vhd:]
WARNING: [filemgmt 56-199] Attempt to get parsing info during refresh. "On-the-fly" syntax checking information may be incorrect. [C:\Users\kille\Documents\GitHub\TFM-UPM\Practica\Prueba1_demo_v1.0\prueba1_demo.srcs\sources_1\new\audio_player.vhd:]
WARNING: [filemgmt 56-199] Attempt to get parsing info during refresh. "On-the-fly" syntax checking information may be incorrect. [C:\Users\kille\Documents\GitHub\TFM-UPM\Practica\Prueba1_demo_v1.0\prueba1_demo.srcs\sources_1\new\tas2110_i2c_ctrl.vhd:]
WARNING: [filemgmt 56-199] Attempt to get parsing info during refresh. "On-the-fly" syntax checking information may be incorrect. [C:\Users\kille\Documents\GitHub\TFM-UPM\Practica\Prueba1_demo_v1.0\prueba1_demo.srcs\sources_1\new\top_system.vhd:]
WARNING: [filemgmt 56-199] Attempt to get parsing info during refresh. "On-the-fly" syntax checking information may be incorrect. [C:\Users\kille\Documents\GitHub\TFM-UPM\Practica\Prueba1_demo_v1.0\prueba1_demo.srcs\sources_1\new\top_system.vhd:]
generate_target all [get_files  C:/Users/kille/Documents/GitHub/TFM-UPM/Practica/Prueba1_demo_v1.0/prueba1_demo.srcs/sources_1/bd/design_1/design_1.bd]
WARNING: [BD 41-1781] Updates have been made to one or more nets/interface connections marked for debug.
Debug nets, which are already connected to any ILA IP core in the block-design, will be automatically available for debug in Hardware Manager.
For unconnected Debug nets, please open synthesized design and use 'Set Up Debug' wizard to insert, modify or delete Debug Cores. 
INFO: [xilinx.com:ip:clk_wiz:6.0-1] /clk_wiz_0 clk_wiz propagate
CRITICAL WARNING: [BD 41-759] The input pins (listed below) are either not connected or do not have a source port, and they don't have a tie-off specified. These pins are tied-off to all 0's to avoid error in Implementation flow.
Please check your design and connect them as needed: 
/top_system_0/sw0_reset

Wrote  : <C:\Users\kille\Documents\GitHub\TFM-UPM\Practica\Prueba1_demo_v1.0\prueba1_demo.srcs\sources_1\bd\design_1\design_1.bd> 
WARNING: [BD 41-3257] Drive strength cannot be preserved for ports connected to net btn_center_0_0_1 as it is marked for debug
WARNING: [BD 41-3256] Drive strength cannot be preserved for ports connected to net btn_right_0_0_1 as it connected to debug IP /system_ila_1 
WARNING: [BD 41-3256] Drive strength cannot be preserved for ports connected to net clk_100Mhz_0_1 as it connected to debug IP /system_ila_0 
WARNING: [BD 41-3257] Drive strength cannot be preserved for ports connected to net top_system_0_dbg_scl_out as it is marked for debug
WARNING: [BD 41-3257] Drive strength cannot be preserved for ports connected to net top_system_0_dbg_sda_out as it is marked for debug
WARNING: [BD 41-3257] Drive strength cannot be preserved for ports connected to net top_system_0_i2s_dout as it is marked for debug
WARNING: [BD 41-3256] Drive strength cannot be preserved for ports connected to net top_system_0_led_clk as it connected to debug IP /system_ila_0 
WARNING: [BD 41-3257] Drive strength cannot be preserved for ports connected to net top_system_0_led_data as it is marked for debug
VHDL Output written to : c:/Users/kille/Documents/GitHub/TFM-UPM/Practica/Prueba1_demo_v1.0/prueba1_demo.gen/sources_1/bd/design_1/synth/design_1.vhd
WARNING: [BD 41-3257] Drive strength cannot be preserved for ports connected to net btn_center_0_0_1 as it is marked for debug
WARNING: [BD 41-3256] Drive strength cannot be preserved for ports connected to net btn_right_0_0_1 as it connected to debug IP /system_ila_1 
WARNING: [BD 41-3256] Drive strength cannot be preserved for ports connected to net clk_100Mhz_0_1 as it connected to debug IP /system_ila_0 
WARNING: [BD 41-3257] Drive strength cannot be preserved for ports connected to net top_system_0_dbg_scl_out as it is marked for debug
WARNING: [BD 41-3257] Drive strength cannot be preserved for ports connected to net top_system_0_dbg_sda_out as it is marked for debug
WARNING: [BD 41-3257] Drive strength cannot be preserved for ports connected to net top_system_0_i2s_dout as it is marked for debug
WARNING: [BD 41-3256] Drive strength cannot be preserved for ports connected to net top_system_0_led_clk as it connected to debug IP /system_ila_0 
WARNING: [BD 41-3257] Drive strength cannot be preserved for ports connected to net top_system_0_led_data as it is marked for debug
VHDL Output written to : c:/Users/kille/Documents/GitHub/TFM-UPM/Practica/Prueba1_demo_v1.0/prueba1_demo.gen/sources_1/bd/design_1/sim/design_1.vhd
VHDL Output written to : c:/Users/kille/Documents/GitHub/TFM-UPM/Practica/Prueba1_demo_v1.0/prueba1_demo.gen/sources_1/bd/design_1/hdl/design_1_wrapper.vhd
INFO: [BD 41-1029] Generation completed for the IP Integrator block top_system_0 .
WARNING: [IP_Flow 19-4994] Overwriting existing constraint file 'c:/Users/kille/Documents/GitHub/TFM-UPM/Practica/Prueba1_demo_v1.0/prueba1_demo.gen/sources_1/bd/design_1/ip/design_1_system_ila_0_0/design_1_system_ila_0_0_ooc.xdc'
Exporting to file c:/Users/kille/Documents/GitHub/TFM-UPM/Practica/Prueba1_demo_v1.0/prueba1_demo.gen/sources_1/bd/design_1/ip/design_1_system_ila_0_0/bd_0/hw_handoff/design_1_system_ila_0_0.hwh
Generated Hardware Definition File c:/Users/kille/Documents/GitHub/TFM-UPM/Practica/Prueba1_demo_v1.0/prueba1_demo.gen/sources_1/bd/design_1/ip/design_1_system_ila_0_0/bd_0/synth/design_1_system_ila_0_0.hwdef
INFO: [BD 41-1029] Generation completed for the IP Integrator block system_ila_0 .
WARNING: [IP_Flow 19-4994] Overwriting existing constraint file 'c:/Users/kille/Documents/GitHub/TFM-UPM/Practica/Prueba1_demo_v1.0/prueba1_demo.gen/sources_1/bd/design_1/ip/design_1_system_ila_1_1/design_1_system_ila_1_1_ooc.xdc'
Exporting to file c:/Users/kille/Documents/GitHub/TFM-UPM/Practica/Prueba1_demo_v1.0/prueba1_demo.gen/sources_1/bd/design_1/ip/design_1_system_ila_1_1/bd_0/hw_handoff/design_1_system_ila_1_1.hwh
Generated Hardware Definition File c:/Users/kille/Documents/GitHub/TFM-UPM/Practica/Prueba1_demo_v1.0/prueba1_demo.gen/sources_1/bd/design_1/ip/design_1_system_ila_1_1/bd_0/synth/design_1_system_ila_1_1.hwdef
INFO: [BD 41-1029] Generation completed for the IP Integrator block system_ila_1 .
INFO: [BD 41-1029] Generation completed for the IP Integrator block clk_wiz_0 .
INFO: [BD 41-1029] Generation completed for the IP Integrator block fifo_generator_0 .
INFO: [BD 41-1982] Skipping generation for the cell util_vector_logic_0, which is locked by user.
Exporting to file c:/Users/kille/Documents/GitHub/TFM-UPM/Practica/Prueba1_demo_v1.0/prueba1_demo.gen/sources_1/bd/design_1/hw_handoff/design_1.hwh
Generated Hardware Definition File c:/Users/kille/Documents/GitHub/TFM-UPM/Practica/Prueba1_demo_v1.0/prueba1_demo.gen/sources_1/bd/design_1/synth/design_1.hwdef
generate_target: Time (s): cpu = 00:00:04 ; elapsed = 00:00:05 . Memory (MB): peak = 2449.277 ; gain = 0.000
catch { config_ip_cache -export [get_ips -all design_1_system_ila_0_0] }
INFO: [IP_Flow 19-4993] Using cached IP synthesis design for IP design_1_system_ila_0_0, cache-ID = f7e3b26cb33297ba; cache size = 9.894 MB.
config_ip_cache: Time (s): cpu = 00:00:06 ; elapsed = 00:00:06 . Memory (MB): peak = 2449.277 ; gain = 0.000
catch { config_ip_cache -export [get_ips -all design_1_system_ila_1_1] }
catch { config_ip_cache -export [get_ips -all design_1_clk_wiz_0_0] }
catch { config_ip_cache -export [get_ips -all design_1_fifo_generator_0_0] }
INFO: [IP_Flow 19-4993] Using cached IP synthesis design for IP design_1_fifo_generator_0_0, cache-ID = fef71f70138c2c1e; cache size = 9.894 MB.
export_ip_user_files -of_objects [get_files C:/Users/kille/Documents/GitHub/TFM-UPM/Practica/Prueba1_demo_v1.0/prueba1_demo.srcs/sources_1/bd/design_1/design_1.bd] -no_script -sync -force -quiet
create_ip_run [get_files -of_objects [get_fileset sources_1] C:/Users/kille/Documents/GitHub/TFM-UPM/Practica/Prueba1_demo_v1.0/prueba1_demo.srcs/sources_1/bd/design_1/design_1.bd]
launch_runs design_1_clk_wiz_0_0_synth_1 design_1_system_ila_1_1_synth_1 design_1_top_system_0_1_synth_1 -jobs 12
WARNING: [filemgmt 56-199] Attempt to get parsing info during refresh. "On-the-fly" syntax checking information may be incorrect. [C:\Users\kille\Documents\GitHub\TFM-UPM\Practica\Prueba1_demo_v1.0\prueba1_demo.srcs\sources_1\new\top_system.vhd:]
WARNING: [filemgmt 56-199] Attempt to get parsing info during refresh. "On-the-fly" syntax checking information may be incorrect. [C:\Users\kille\Documents\GitHub\TFM-UPM\Practica\Prueba1_demo_v1.0\prueba1_demo.srcs\sources_1\new\apa102_ctrl.vhd:]
WARNING: [filemgmt 56-199] Attempt to get parsing info during refresh. "On-the-fly" syntax checking information may be incorrect. [C:\Users\kille\Documents\GitHub\TFM-UPM\Practica\Prueba1_demo_v1.0\prueba1_demo.srcs\sources_1\new\i2s_transceiver.vhd:]
WARNING: [filemgmt 56-199] Attempt to get parsing info during refresh. "On-the-fly" syntax checking information may be incorrect. [C:\Users\kille\Documents\GitHub\TFM-UPM\Practica\Prueba1_demo_v1.0\prueba1_demo.srcs\sources_1\new\audio_player.vhd:]
WARNING: [filemgmt 56-199] Attempt to get parsing info during refresh. "On-the-fly" syntax checking information may be incorrect. [C:\Users\kille\Documents\GitHub\TFM-UPM\Practica\Prueba1_demo_v1.0\prueba1_demo.srcs\sources_1\new\tas2110_i2c_ctrl.vhd:]
WARNING: [filemgmt 56-199] Attempt to get parsing info during refresh. "On-the-fly" syntax checking information may be incorrect. [C:\Users\kille\Documents\GitHub\TFM-UPM\Practica\Prueba1_demo_v1.0\prueba1_demo.srcs\sources_1\new\top_system.vhd:]
WARNING: [filemgmt 56-199] Attempt to get parsing info during refresh. "On-the-fly" syntax checking information may be incorrect. [C:\Users\kille\Documents\GitHub\TFM-UPM\Practica\Prueba1_demo_v1.0\prueba1_demo.srcs\sources_1\new\top_system.vhd:]
WARNING: [filemgmt 56-199] Attempt to get parsing info during refresh. "On-the-fly" syntax checking information may be incorrect. [C:\Users\kille\Documents\GitHub\TFM-UPM\Practica\Prueba1_demo_v1.0\prueba1_demo.srcs\sources_1\new\top_system.vhd:]
WARNING: [filemgmt 56-199] Attempt to get parsing info during refresh. "On-the-fly" syntax checking information may be incorrect. [C:\Users\kille\Documents\GitHub\TFM-UPM\Practica\Prueba1_demo_v1.0\prueba1_demo.srcs\sources_1\new\apa102_ctrl.vhd:]
WARNING: [filemgmt 56-199] Attempt to get parsing info during refresh. "On-the-fly" syntax checking information may be incorrect. [C:\Users\kille\Documents\GitHub\TFM-UPM\Practica\Prueba1_demo_v1.0\prueba1_demo.srcs\sources_1\new\i2s_transceiver.vhd:]
WARNING: [filemgmt 56-199] Attempt to get parsing info during refresh. "On-the-fly" syntax checking information may be incorrect. [C:\Users\kille\Documents\GitHub\TFM-UPM\Practica\Prueba1_demo_v1.0\prueba1_demo.srcs\sources_1\new\audio_player.vhd:]
WARNING: [filemgmt 56-199] Attempt to get parsing info during refresh. "On-the-fly" syntax checking information may be incorrect. [C:\Users\kille\Documents\GitHub\TFM-UPM\Practica\Prueba1_demo_v1.0\prueba1_demo.srcs\sources_1\new\tas2110_i2c_ctrl.vhd:]
WARNING: [filemgmt 56-199] Attempt to get parsing info during refresh. "On-the-fly" syntax checking information may be incorrect. [C:\Users\kille\Documents\GitHub\TFM-UPM\Practica\Prueba1_demo_v1.0\prueba1_demo.srcs\sources_1\new\tas2110_i2c_ctrl.vhd:]
WARNING: [filemgmt 56-199] Attempt to get parsing info during refresh. "On-the-fly" syntax checking information may be incorrect. [C:\Users\kille\Documents\GitHub\TFM-UPM\Practica\Prueba1_demo_v1.0\prueba1_demo.srcs\sources_1\new\tas2110_i2c_ctrl.vhd:]
WARNING: [filemgmt 56-199] Attempt to get parsing info during refresh. "On-the-fly" syntax checking information may be incorrect. [C:\Users\kille\Documents\GitHub\TFM-UPM\Practica\Prueba1_demo_v1.0\prueba1_demo.srcs\sources_1\new\top_system.vhd:]
WARNING: [filemgmt 56-199] Attempt to get parsing info during refresh. "On-the-fly" syntax checking information may be incorrect. [C:\Users\kille\Documents\GitHub\TFM-UPM\Practica\Prueba1_demo_v1.0\prueba1_demo.srcs\sources_1\new\apa102_ctrl.vhd:]
WARNING: [filemgmt 56-199] Attempt to get parsing info during refresh. "On-the-fly" syntax checking information may be incorrect. [C:\Users\kille\Documents\GitHub\TFM-UPM\Practica\Prueba1_demo_v1.0\prueba1_demo.srcs\sources_1\new\i2s_transceiver.vhd:]
WARNING: [filemgmt 56-199] Attempt to get parsing info during refresh. "On-the-fly" syntax checking information may be incorrect. [C:\Users\kille\Documents\GitHub\TFM-UPM\Practica\Prueba1_demo_v1.0\prueba1_demo.srcs\sources_1\new\audio_player.vhd:]
WARNING: [filemgmt 56-199] Attempt to get parsing info during refresh. "On-the-fly" syntax checking information may be incorrect. [C:\Users\kille\Documents\GitHub\TFM-UPM\Practica\Prueba1_demo_v1.0\prueba1_demo.srcs\sources_1\new\tas2110_i2c_ctrl.vhd:]
WARNING: [filemgmt 56-199] Attempt to get parsing info during refresh. "On-the-fly" syntax checking information may be incorrect. [C:\Users\kille\Documents\GitHub\TFM-UPM\Practica\Prueba1_demo_v1.0\prueba1_demo.srcs\sources_1\new\i2s_transceiver.vhd:]
WARNING: [filemgmt 56-199] Attempt to get parsing info during refresh. "On-the-fly" syntax checking information may be incorrect. [C:\Users\kille\Documents\GitHub\TFM-UPM\Practica\Prueba1_demo_v1.0\prueba1_demo.srcs\sources_1\new\i2s_transceiver.vhd:]
WARNING: [filemgmt 56-199] Attempt to get parsing info during refresh. "On-the-fly" syntax checking information may be incorrect. [C:\Users\kille\Documents\GitHub\TFM-UPM\Practica\Prueba1_demo_v1.0\prueba1_demo.srcs\sources_1\new\top_system.vhd:]
WARNING: [filemgmt 56-199] Attempt to get parsing info during refresh. "On-the-fly" syntax checking information may be incorrect. [C:\Users\kille\Documents\GitHub\TFM-UPM\Practica\Prueba1_demo_v1.0\prueba1_demo.srcs\sources_1\new\apa102_ctrl.vhd:]
WARNING: [filemgmt 56-199] Attempt to get parsing info during refresh. "On-the-fly" syntax checking information may be incorrect. [C:\Users\kille\Documents\GitHub\TFM-UPM\Practica\Prueba1_demo_v1.0\prueba1_demo.srcs\sources_1\new\i2s_transceiver.vhd:]
WARNING: [filemgmt 56-199] Attempt to get parsing info during refresh. "On-the-fly" syntax checking information may be incorrect. [C:\Users\kille\Documents\GitHub\TFM-UPM\Practica\Prueba1_demo_v1.0\prueba1_demo.srcs\sources_1\new\audio_player.vhd:]
WARNING: [filemgmt 56-199] Attempt to get parsing info during refresh. "On-the-fly" syntax checking information may be incorrect. [C:\Users\kille\Documents\GitHub\TFM-UPM\Practica\Prueba1_demo_v1.0\prueba1_demo.srcs\sources_1\new\tas2110_i2c_ctrl.vhd:]
WARNING: [filemgmt 56-199] Attempt to get parsing info during refresh. "On-the-fly" syntax checking information may be incorrect. [C:\Users\kille\Documents\GitHub\TFM-UPM\Practica\Prueba1_demo_v1.0\prueba1_demo.srcs\sources_1\new\audio_player.vhd:]
WARNING: [filemgmt 56-199] Attempt to get parsing info during refresh. "On-the-fly" syntax checking information may be incorrect. [C:\Users\kille\Documents\GitHub\TFM-UPM\Practica\Prueba1_demo_v1.0\prueba1_demo.srcs\sources_1\new\audio_player.vhd:]
[Wed Aug  5 19:00:13 2026] Launched design_1_clk_wiz_0_0_synth_1, design_1_system_ila_1_1_synth_1, design_1_top_system_0_1_synth_1...
Run output will be captured here:
design_1_clk_wiz_0_0_synth_1: C:/Users/kille/Documents/GitHub/TFM-UPM/Practica/Prueba1_demo_v1.0/prueba1_demo.runs/design_1_clk_wiz_0_0_synth_1/runme.log
design_1_system_ila_1_1_synth_1: C:/Users/kille/Documents/GitHub/TFM-UPM/Practica/Prueba1_demo_v1.0/prueba1_demo.runs/design_1_system_ila_1_1_synth_1/runme.log
design_1_top_system_0_1_synth_1: C:/Users/kille/Documents/GitHub/TFM-UPM/Practica/Prueba1_demo_v1.0/prueba1_demo.runs/design_1_top_system_0_1_synth_1/runme.log
ERROR: [Common 17-180] Spawn failed: La operación se completó correctamente.

export_simulation -lib_map_path [list {modelsim=C:/Users/kille/Documents/GitHub/TFM-UPM/Practica/Prueba1_demo_v1.0/prueba1_demo.cache/compile_simlib/modelsim} {questa=C:/Users/kille/Documents/GitHub/TFM-UPM/Practica/Prueba1_demo_v1.0/prueba1_demo.cache/compile_simlib/questa} {riviera=C:/Users/kille/Documents/GitHub/TFM-UPM/Practica/Prueba1_demo_v1.0/prueba1_demo.cache/compile_simlib/riviera} {activehdl=C:/Users/kille/Documents/GitHub/TFM-UPM/Practica/Prueba1_demo_v1.0/prueba1_demo.cache/compile_simlib/activehdl}] -of_objects [get_files C:/Users/kille/Documents/GitHub/TFM-UPM/Practica/Prueba1_demo_v1.0/prueba1_demo.srcs/sources_1/bd/design_1/design_1.bd] -directory C:/Users/kille/Documents/GitHub/TFM-UPM/Practica/Prueba1_demo_v1.0/prueba1_demo.ip_user_files/sim_scripts -ip_user_files_dir C:/Users/kille/Documents/GitHub/TFM-UPM/Practica/Prueba1_demo_v1.0/prueba1_demo.ip_user_files -ipstatic_source_dir C:/Users/kille/Documents/GitHub/TFM-UPM/Practica/Prueba1_demo_v1.0/prueba1_demo.ip_user_files/ipstatic -use_ip_compiled_libs -force -quiet
WARNING: [filemgmt 56-199] Attempt to get parsing info during refresh. "On-the-fly" syntax checking information may be incorrect. [C:\Users\kille\Documents\GitHub\TFM-UPM\Practica\Prueba1_demo_v1.0\prueba1_demo.srcs\sources_1\new\top_system.vhd:]
WARNING: [filemgmt 56-199] Attempt to get parsing info during refresh. "On-the-fly" syntax checking information may be incorrect. [C:\Users\kille\Documents\GitHub\TFM-UPM\Practica\Prueba1_demo_v1.0\prueba1_demo.srcs\sources_1\new\apa102_ctrl.vhd:]
WARNING: [filemgmt 56-199] Attempt to get parsing info during refresh. "On-the-fly" syntax checking information may be incorrect. [C:\Users\kille\Documents\GitHub\TFM-UPM\Practica\Prueba1_demo_v1.0\prueba1_demo.srcs\sources_1\new\i2s_transceiver.vhd:]
WARNING: [filemgmt 56-199] Attempt to get parsing info during refresh. "On-the-fly" syntax checking information may be incorrect. [C:\Users\kille\Documents\GitHub\TFM-UPM\Practica\Prueba1_demo_v1.0\prueba1_demo.srcs\sources_1\new\audio_player.vhd:]
WARNING: [filemgmt 56-199] Attempt to get parsing info during refresh. "On-the-fly" syntax checking information may be incorrect. [C:\Users\kille\Documents\GitHub\TFM-UPM\Practica\Prueba1_demo_v1.0\prueba1_demo.srcs\sources_1\new\tas2110_i2c_ctrl.vhd:]
WARNING: [filemgmt 56-199] Attempt to get parsing info during refresh. "On-the-fly" syntax checking information may be incorrect. [C:\Users\kille\Documents\GitHub\TFM-UPM\Practica\Prueba1_demo_v1.0\prueba1_demo.srcs\sources_1\new\tas2110_i2c_ctrl.vhd:]
WARNING: [filemgmt 56-199] Attempt to get parsing info during refresh. "On-the-fly" syntax checking information may be incorrect. [C:\Users\kille\Documents\GitHub\TFM-UPM\Practica\Prueba1_demo_v1.0\prueba1_demo.srcs\sources_1\new\tas2110_i2c_ctrl.vhd:]
WARNING: [filemgmt 56-199] Attempt to get parsing info during refresh. "On-the-fly" syntax checking information may be incorrect. [C:\Users\kille\Documents\GitHub\TFM-UPM\Practica\Prueba1_demo_v1.0\prueba1_demo.srcs\sources_1\new\top_system.vhd:]
WARNING: [filemgmt 56-199] Attempt to get parsing info during refresh. "On-the-fly" syntax checking information may be incorrect. [C:\Users\kille\Documents\GitHub\TFM-UPM\Practica\Prueba1_demo_v1.0\prueba1_demo.srcs\sources_1\new\apa102_ctrl.vhd:]
WARNING: [filemgmt 56-199] Attempt to get parsing info during refresh. "On-the-fly" syntax checking information may be incorrect. [C:\Users\kille\Documents\GitHub\TFM-UPM\Practica\Prueba1_demo_v1.0\prueba1_demo.srcs\sources_1\new\i2s_transceiver.vhd:]
WARNING: [filemgmt 56-199] Attempt to get parsing info during refresh. "On-the-fly" syntax checking information may be incorrect. [C:\Users\kille\Documents\GitHub\TFM-UPM\Practica\Prueba1_demo_v1.0\prueba1_demo.srcs\sources_1\new\audio_player.vhd:]
WARNING: [filemgmt 56-199] Attempt to get parsing info during refresh. "On-the-fly" syntax checking information may be incorrect. [C:\Users\kille\Documents\GitHub\TFM-UPM\Practica\Prueba1_demo_v1.0\prueba1_demo.srcs\sources_1\new\tas2110_i2c_ctrl.vhd:]
WARNING: [filemgmt 56-199] Attempt to get parsing info during refresh. "On-the-fly" syntax checking information may be incorrect. [C:\Users\kille\Documents\GitHub\TFM-UPM\Practica\Prueba1_demo_v1.0\prueba1_demo.srcs\sources_1\new\apa102_ctrl.vhd:]
WARNING: [filemgmt 56-199] Attempt to get parsing info during refresh. "On-the-fly" syntax checking information may be incorrect. [C:\Users\kille\Documents\GitHub\TFM-UPM\Practica\Prueba1_demo_v1.0\prueba1_demo.srcs\sources_1\new\apa102_ctrl.vhd:]
WARNING: [filemgmt 56-199] Attempt to get parsing info during refresh. "On-the-fly" syntax checking information may be incorrect. [C:\Users\kille\Documents\GitHub\TFM-UPM\Practica\Prueba1_demo_v1.0\prueba1_demo.srcs\sources_1\new\top_system.vhd:]
WARNING: [filemgmt 56-199] Attempt to get parsing info during refresh. "On-the-fly" syntax checking information may be incorrect. [C:\Users\kille\Documents\GitHub\TFM-UPM\Practica\Prueba1_demo_v1.0\prueba1_demo.srcs\sources_1\new\apa102_ctrl.vhd:]
WARNING: [filemgmt 56-199] Attempt to get parsing info during refresh. "On-the-fly" syntax checking information may be incorrect. [C:\Users\kille\Documents\GitHub\TFM-UPM\Practica\Prueba1_demo_v1.0\prueba1_demo.srcs\sources_1\new\i2s_transceiver.vhd:]
WARNING: [filemgmt 56-199] Attempt to get parsing info during refresh. "On-the-fly" syntax checking information may be incorrect. [C:\Users\kille\Documents\GitHub\TFM-UPM\Practica\Prueba1_demo_v1.0\prueba1_demo.srcs\sources_1\new\audio_player.vhd:]
WARNING: [filemgmt 56-199] Attempt to get parsing info during refresh. "On-the-fly" syntax checking information may be incorrect. [C:\Users\kille\Documents\GitHub\TFM-UPM\Practica\Prueba1_demo_v1.0\prueba1_demo.srcs\sources_1\new\tas2110_i2c_ctrl.vhd:]
WARNING: [filemgmt 56-199] Attempt to get parsing info during refresh. "On-the-fly" syntax checking information may be incorrect. [C:\Users\kille\Documents\GitHub\TFM-UPM\Practica\Prueba1_demo_v1.0\prueba1_demo.srcs\sources_1\new\i2s_transceiver.vhd:]
WARNING: [filemgmt 56-199] Attempt to get parsing info during refresh. "On-the-fly" syntax checking information may be incorrect. [C:\Users\kille\Documents\GitHub\TFM-UPM\Practica\Prueba1_demo_v1.0\prueba1_demo.srcs\sources_1\new\i2s_transceiver.vhd:]
ERROR: [Common 17-180] Spawn failed: La operación se completó correctamente.

WARNING: [filemgmt 56-199] Attempt to get parsing info during refresh. "On-the-fly" syntax checking information may be incorrect. [C:\Users\kille\Documents\GitHub\TFM-UPM\Practica\Prueba1_demo_v1.0\prueba1_demo.srcs\sources_1\new\top_system.vhd:]
WARNING: [filemgmt 56-199] Attempt to get parsing info during refresh. "On-the-fly" syntax checking information may be incorrect. [C:\Users\kille\Documents\GitHub\TFM-UPM\Practica\Prueba1_demo_v1.0\prueba1_demo.srcs\sources_1\new\apa102_ctrl.vhd:]
WARNING: [filemgmt 56-199] Attempt to get parsing info during refresh. "On-the-fly" syntax checking information may be incorrect. [C:\Users\kille\Documents\GitHub\TFM-UPM\Practica\Prueba1_demo_v1.0\prueba1_demo.srcs\sources_1\new\i2s_transceiver.vhd:]
WARNING: [filemgmt 56-199] Attempt to get parsing info during refresh. "On-the-fly" syntax checking information may be incorrect. [C:\Users\kille\Documents\GitHub\TFM-UPM\Practica\Prueba1_demo_v1.0\prueba1_demo.srcs\sources_1\new\audio_player.vhd:]
WARNING: [filemgmt 56-199] Attempt to get parsing info during refresh. "On-the-fly" syntax checking information may be incorrect. [C:\Users\kille\Documents\GitHub\TFM-UPM\Practica\Prueba1_demo_v1.0\prueba1_demo.srcs\sources_1\new\tas2110_i2c_ctrl.vhd:]
WARNING: [filemgmt 56-199] Attempt to get parsing info during refresh. "On-the-fly" syntax checking information may be incorrect. [C:\Users\kille\Documents\GitHub\TFM-UPM\Practica\Prueba1_demo_v1.0\prueba1_demo.srcs\sources_1\new\top_system.vhd:]
WARNING: [filemgmt 56-199] Attempt to get parsing info during refresh. "On-the-fly" syntax checking information may be incorrect. [C:\Users\kille\Documents\GitHub\TFM-UPM\Practica\Prueba1_demo_v1.0\prueba1_demo.srcs\sources_1\new\top_system.vhd:]
ERROR: [Common 17-180] Spawn failed: La operación se completó correctamente.

startgroup
make_bd_pins_external  [get_bd_pins top_system_0/sw0_reset]
endgroup
generate_target all [get_files  C:/Users/kille/Documents/GitHub/TFM-UPM/Practica/Prueba1_demo_v1.0/prueba1_demo.srcs/sources_1/bd/design_1/design_1.bd]
WARNING: [BD 41-1781] Updates have been made to one or more nets/interface connections marked for debug.
Debug nets, which are already connected to any ILA IP core in the block-design, will be automatically available for debug in Hardware Manager.
For unconnected Debug nets, please open synthesized design and use 'Set Up Debug' wizard to insert, modify or delete Debug Cores. 
INFO: [xilinx.com:ip:clk_wiz:6.0-1] /clk_wiz_0 clk_wiz propagate
Wrote  : <C:\Users\kille\Documents\GitHub\TFM-UPM\Practica\Prueba1_demo_v1.0\prueba1_demo.srcs\sources_1\bd\design_1\design_1.bd> 
Wrote  : <C:/Users/kille/Documents/GitHub/TFM-UPM/Practica/Prueba1_demo_v1.0/prueba1_demo.srcs/sources_1/bd/design_1/ui/bd_1f5defd0.ui> 
WARNING: [BD 41-3257] Drive strength cannot be preserved for ports connected to net btn_center_0_0_1 as it is marked for debug
WARNING: [BD 41-3256] Drive strength cannot be preserved for ports connected to net btn_right_0_0_1 as it connected to debug IP /system_ila_1 
WARNING: [BD 41-3256] Drive strength cannot be preserved for ports connected to net clk_100Mhz_0_1 as it connected to debug IP /system_ila_0 
WARNING: [BD 41-3257] Drive strength cannot be preserved for ports connected to net top_system_0_dbg_scl_out as it is marked for debug
WARNING: [BD 41-3257] Drive strength cannot be preserved for ports connected to net top_system_0_dbg_sda_out as it is marked for debug
WARNING: [BD 41-3257] Drive strength cannot be preserved for ports connected to net top_system_0_i2s_dout as it is marked for debug
WARNING: [BD 41-3256] Drive strength cannot be preserved for ports connected to net top_system_0_led_clk as it connected to debug IP /system_ila_0 
WARNING: [BD 41-3257] Drive strength cannot be preserved for ports connected to net top_system_0_led_data as it is marked for debug
VHDL Output written to : c:/Users/kille/Documents/GitHub/TFM-UPM/Practica/Prueba1_demo_v1.0/prueba1_demo.gen/sources_1/bd/design_1/synth/design_1.vhd
WARNING: [BD 41-3257] Drive strength cannot be preserved for ports connected to net btn_center_0_0_1 as it is marked for debug
WARNING: [BD 41-3256] Drive strength cannot be preserved for ports connected to net btn_right_0_0_1 as it connected to debug IP /system_ila_1 
WARNING: [BD 41-3256] Drive strength cannot be preserved for ports connected to net clk_100Mhz_0_1 as it connected to debug IP /system_ila_0 
WARNING: [BD 41-3257] Drive strength cannot be preserved for ports connected to net top_system_0_dbg_scl_out as it is marked for debug
WARNING: [BD 41-3257] Drive strength cannot be preserved for ports connected to net top_system_0_dbg_sda_out as it is marked for debug
WARNING: [BD 41-3257] Drive strength cannot be preserved for ports connected to net top_system_0_i2s_dout as it is marked for debug
WARNING: [BD 41-3256] Drive strength cannot be preserved for ports connected to net top_system_0_led_clk as it connected to debug IP /system_ila_0 
WARNING: [BD 41-3257] Drive strength cannot be preserved for ports connected to net top_system_0_led_data as it is marked for debug
VHDL Output written to : c:/Users/kille/Documents/GitHub/TFM-UPM/Practica/Prueba1_demo_v1.0/prueba1_demo.gen/sources_1/bd/design_1/sim/design_1.vhd
VHDL Output written to : c:/Users/kille/Documents/GitHub/TFM-UPM/Practica/Prueba1_demo_v1.0/prueba1_demo.gen/sources_1/bd/design_1/hdl/design_1_wrapper.vhd
INFO: [BD 41-1637] Generated targets are already up-to-date for block design 'bd_f60c' - hence not re-generating.
INFO: [BD 41-1637] Generated targets are already up-to-date for block design 'bd_f69c' - hence not re-generating.
INFO: [BD 41-1982] Skipping generation for the cell util_vector_logic_0, which is locked by user.
Exporting to file c:/Users/kille/Documents/GitHub/TFM-UPM/Practica/Prueba1_demo_v1.0/prueba1_demo.gen/sources_1/bd/design_1/hw_handoff/design_1.hwh
Generated Hardware Definition File c:/Users/kille/Documents/GitHub/TFM-UPM/Practica/Prueba1_demo_v1.0/prueba1_demo.gen/sources_1/bd/design_1/synth/design_1.hwdef
catch { config_ip_cache -export [get_ips -all design_1_system_ila_1_1] }
catch { config_ip_cache -export [get_ips -all design_1_clk_wiz_0_0] }
export_ip_user_files -of_objects [get_files C:/Users/kille/Documents/GitHub/TFM-UPM/Practica/Prueba1_demo_v1.0/prueba1_demo.srcs/sources_1/bd/design_1/design_1.bd] -no_script -sync -force -quiet
create_ip_run [get_files -of_objects [get_fileset sources_1] C:/Users/kille/Documents/GitHub/TFM-UPM/Practica/Prueba1_demo_v1.0/prueba1_demo.srcs/sources_1/bd/design_1/design_1.bd]
launch_runs design_1_clk_wiz_0_0_synth_1 design_1_system_ila_1_1_synth_1 design_1_top_system_0_1_synth_1 -jobs 12
[Wed Aug  5 19:03:06 2026] Launched design_1_clk_wiz_0_0_synth_1, design_1_system_ila_1_1_synth_1, design_1_top_system_0_1_synth_1...
Run output will be captured here:
design_1_clk_wiz_0_0_synth_1: C:/Users/kille/Documents/GitHub/TFM-UPM/Practica/Prueba1_demo_v1.0/prueba1_demo.runs/design_1_clk_wiz_0_0_synth_1/runme.log
design_1_system_ila_1_1_synth_1: C:/Users/kille/Documents/GitHub/TFM-UPM/Practica/Prueba1_demo_v1.0/prueba1_demo.runs/design_1_system_ila_1_1_synth_1/runme.log
design_1_top_system_0_1_synth_1: C:/Users/kille/Documents/GitHub/TFM-UPM/Practica/Prueba1_demo_v1.0/prueba1_demo.runs/design_1_top_system_0_1_synth_1/runme.log
export_simulation -lib_map_path [list {modelsim=C:/Users/kille/Documents/GitHub/TFM-UPM/Practica/Prueba1_demo_v1.0/prueba1_demo.cache/compile_simlib/modelsim} {questa=C:/Users/kille/Documents/GitHub/TFM-UPM/Practica/Prueba1_demo_v1.0/prueba1_demo.cache/compile_simlib/questa} {riviera=C:/Users/kille/Documents/GitHub/TFM-UPM/Practica/Prueba1_demo_v1.0/prueba1_demo.cache/compile_simlib/riviera} {activehdl=C:/Users/kille/Documents/GitHub/TFM-UPM/Practica/Prueba1_demo_v1.0/prueba1_demo.cache/compile_simlib/activehdl}] -of_objects [get_files C:/Users/kille/Documents/GitHub/TFM-UPM/Practica/Prueba1_demo_v1.0/prueba1_demo.srcs/sources_1/bd/design_1/design_1.bd] -directory C:/Users/kille/Documents/GitHub/TFM-UPM/Practica/Prueba1_demo_v1.0/prueba1_demo.ip_user_files/sim_scripts -ip_user_files_dir C:/Users/kille/Documents/GitHub/TFM-UPM/Practica/Prueba1_demo_v1.0/prueba1_demo.ip_user_files -ipstatic_source_dir C:/Users/kille/Documents/GitHub/TFM-UPM/Practica/Prueba1_demo_v1.0/prueba1_demo.ip_user_files/ipstatic -use_ip_compiled_libs -force -quiet
WARNING: [filemgmt 56-199] Attempt to get parsing info during refresh. "On-the-fly" syntax checking information may be incorrect. [C:\Users\kille\Documents\GitHub\TFM-UPM\Practica\Prueba1_demo_v1.0\prueba1_demo.srcs\sources_1\new\top_system.vhd:]
WARNING: [filemgmt 56-199] Attempt to get parsing info during refresh. "On-the-fly" syntax checking information may be incorrect. [C:\Users\kille\Documents\GitHub\TFM-UPM\Practica\Prueba1_demo_v1.0\prueba1_demo.srcs\sources_1\new\apa102_ctrl.vhd:]
WARNING: [filemgmt 56-199] Attempt to get parsing info during refresh. "On-the-fly" syntax checking information may be incorrect. [C:\Users\kille\Documents\GitHub\TFM-UPM\Practica\Prueba1_demo_v1.0\prueba1_demo.srcs\sources_1\new\i2s_transceiver.vhd:]
WARNING: [filemgmt 56-199] Attempt to get parsing info during refresh. "On-the-fly" syntax checking information may be incorrect. [C:\Users\kille\Documents\GitHub\TFM-UPM\Practica\Prueba1_demo_v1.0\prueba1_demo.srcs\sources_1\new\audio_player.vhd:]
WARNING: [filemgmt 56-199] Attempt to get parsing info during refresh. "On-the-fly" syntax checking information may be incorrect. [C:\Users\kille\Documents\GitHub\TFM-UPM\Practica\Prueba1_demo_v1.0\prueba1_demo.srcs\sources_1\new\tas2110_i2c_ctrl.vhd:]
WARNING: [filemgmt 56-199] Attempt to get parsing info during refresh. "On-the-fly" syntax checking information may be incorrect. [C:\Users\kille\Documents\GitHub\TFM-UPM\Practica\Prueba1_demo_v1.0\prueba1_demo.srcs\sources_1\new\apa102_ctrl.vhd:]
WARNING: [filemgmt 56-199] Attempt to get parsing info during refresh. "On-the-fly" syntax checking information may be incorrect. [C:\Users\kille\Documents\GitHub\TFM-UPM\Practica\Prueba1_demo_v1.0\prueba1_demo.srcs\sources_1\new\apa102_ctrl.vhd:]
WARNING: [filemgmt 56-199] Attempt to get parsing info during refresh. "On-the-fly" syntax checking information may be incorrect. [C:\Users\kille\Documents\GitHub\TFM-UPM\Practica\Prueba1_demo_v1.0\prueba1_demo.srcs\sources_1\new\top_system.vhd:]
WARNING: [filemgmt 56-199] Attempt to get parsing info during refresh. "On-the-fly" syntax checking information may be incorrect. [C:\Users\kille\Documents\GitHub\TFM-UPM\Practica\Prueba1_demo_v1.0\prueba1_demo.srcs\sources_1\new\apa102_ctrl.vhd:]
WARNING: [filemgmt 56-199] Attempt to get parsing info during refresh. "On-the-fly" syntax checking information may be incorrect. [C:\Users\kille\Documents\GitHub\TFM-UPM\Practica\Prueba1_demo_v1.0\prueba1_demo.srcs\sources_1\new\i2s_transceiver.vhd:]
WARNING: [filemgmt 56-199] Attempt to get parsing info during refresh. "On-the-fly" syntax checking information may be incorrect. [C:\Users\kille\Documents\GitHub\TFM-UPM\Practica\Prueba1_demo_v1.0\prueba1_demo.srcs\sources_1\new\audio_player.vhd:]
WARNING: [filemgmt 56-199] Attempt to get parsing info during refresh. "On-the-fly" syntax checking information may be incorrect. [C:\Users\kille\Documents\GitHub\TFM-UPM\Practica\Prueba1_demo_v1.0\prueba1_demo.srcs\sources_1\new\tas2110_i2c_ctrl.vhd:]
WARNING: [filemgmt 56-199] Attempt to get parsing info during refresh. "On-the-fly" syntax checking information may be incorrect. [C:\Users\kille\Documents\GitHub\TFM-UPM\Practica\Prueba1_demo_v1.0\prueba1_demo.srcs\sources_1\new\audio_player.vhd:]
WARNING: [filemgmt 56-199] Attempt to get parsing info during refresh. "On-the-fly" syntax checking information may be incorrect. [C:\Users\kille\Documents\GitHub\TFM-UPM\Practica\Prueba1_demo_v1.0\prueba1_demo.srcs\sources_1\new\audio_player.vhd:]
WARNING: [filemgmt 56-199] Attempt to get parsing info during refresh. "On-the-fly" syntax checking information may be incorrect. [C:\Users\kille\Documents\GitHub\TFM-UPM\Practica\Prueba1_demo_v1.0\prueba1_demo.srcs\sources_1\new\top_system.vhd:]
WARNING: [filemgmt 56-199] Attempt to get parsing info during refresh. "On-the-fly" syntax checking information may be incorrect. [C:\Users\kille\Documents\GitHub\TFM-UPM\Practica\Prueba1_demo_v1.0\prueba1_demo.srcs\sources_1\new\apa102_ctrl.vhd:]
WARNING: [filemgmt 56-199] Attempt to get parsing info during refresh. "On-the-fly" syntax checking information may be incorrect. [C:\Users\kille\Documents\GitHub\TFM-UPM\Practica\Prueba1_demo_v1.0\prueba1_demo.srcs\sources_1\new\i2s_transceiver.vhd:]
WARNING: [filemgmt 56-199] Attempt to get parsing info during refresh. "On-the-fly" syntax checking information may be incorrect. [C:\Users\kille\Documents\GitHub\TFM-UPM\Practica\Prueba1_demo_v1.0\prueba1_demo.srcs\sources_1\new\audio_player.vhd:]
WARNING: [filemgmt 56-199] Attempt to get parsing info during refresh. "On-the-fly" syntax checking information may be incorrect. [C:\Users\kille\Documents\GitHub\TFM-UPM\Practica\Prueba1_demo_v1.0\prueba1_demo.srcs\sources_1\new\tas2110_i2c_ctrl.vhd:]
WARNING: [filemgmt 56-199] Attempt to get parsing info during refresh. "On-the-fly" syntax checking information may be incorrect. [C:\Users\kille\Documents\GitHub\TFM-UPM\Practica\Prueba1_demo_v1.0\prueba1_demo.srcs\sources_1\new\top_system.vhd:]
WARNING: [filemgmt 56-199] Attempt to get parsing info during refresh. "On-the-fly" syntax checking information may be incorrect. [C:\Users\kille\Documents\GitHub\TFM-UPM\Practica\Prueba1_demo_v1.0\prueba1_demo.srcs\sources_1\new\top_system.vhd:]
WARNING: [filemgmt 56-199] Attempt to get parsing info during refresh. "On-the-fly" syntax checking information may be incorrect. [C:\Users\kille\Documents\GitHub\TFM-UPM\Practica\Prueba1_demo_v1.0\prueba1_demo.srcs\sources_1\new\top_system.vhd:]
WARNING: [filemgmt 56-199] Attempt to get parsing info during refresh. "On-the-fly" syntax checking information may be incorrect. [C:\Users\kille\Documents\GitHub\TFM-UPM\Practica\Prueba1_demo_v1.0\prueba1_demo.srcs\sources_1\new\apa102_ctrl.vhd:]
WARNING: [filemgmt 56-199] Attempt to get parsing info during refresh. "On-the-fly" syntax checking information may be incorrect. [C:\Users\kille\Documents\GitHub\TFM-UPM\Practica\Prueba1_demo_v1.0\prueba1_demo.srcs\sources_1\new\i2s_transceiver.vhd:]
WARNING: [filemgmt 56-199] Attempt to get parsing info during refresh. "On-the-fly" syntax checking information may be incorrect. [C:\Users\kille\Documents\GitHub\TFM-UPM\Practica\Prueba1_demo_v1.0\prueba1_demo.srcs\sources_1\new\audio_player.vhd:]
WARNING: [filemgmt 56-199] Attempt to get parsing info during refresh. "On-the-fly" syntax checking information may be incorrect. [C:\Users\kille\Documents\GitHub\TFM-UPM\Practica\Prueba1_demo_v1.0\prueba1_demo.srcs\sources_1\new\tas2110_i2c_ctrl.vhd:]
WARNING: [filemgmt 56-199] Attempt to get parsing info during refresh. "On-the-fly" syntax checking information may be incorrect. [C:\Users\kille\Documents\GitHub\TFM-UPM\Practica\Prueba1_demo_v1.0\prueba1_demo.srcs\sources_1\new\tas2110_i2c_ctrl.vhd:]
WARNING: [filemgmt 56-199] Attempt to get parsing info during refresh. "On-the-fly" syntax checking information may be incorrect. [C:\Users\kille\Documents\GitHub\TFM-UPM\Practica\Prueba1_demo_v1.0\prueba1_demo.srcs\sources_1\new\tas2110_i2c_ctrl.vhd:]
validate_bd_design -force
WARNING: [BD 41-1781] Updates have been made to one or more nets/interface connections marked for debug.
Debug nets, which are already connected to any ILA IP core in the block-design, will be automatically available for debug in Hardware Manager.
For unconnected Debug nets, please open synthesized design and use 'Set Up Debug' wizard to insert, modify or delete Debug Cores. 
INFO: [xilinx.com:ip:clk_wiz:6.0-1] /clk_wiz_0 clk_wiz propagate
save_bd_design
Wrote  : <C:\Users\kille\Documents\GitHub\TFM-UPM\Practica\Prueba1_demo_v1.0\prueba1_demo.srcs\sources_1\bd\design_1\design_1.bd> 
Wrote  : <C:/Users/kille/Documents/GitHub/TFM-UPM/Practica/Prueba1_demo_v1.0/prueba1_demo.srcs/sources_1/bd/design_1/ui/bd_1f5defd0.ui> 
reset_run synth_1
launch_runs impl_1 -to_step write_bitstream -jobs 12
INFO: [BD 41-1662] The design 'design_1.bd' is already validated. Therefore parameter propagation will not be re-run.
WARNING: [BD 41-3257] Drive strength cannot be preserved for ports connected to net btn_center_0_0_1 as it is marked for debug
WARNING: [BD 41-3256] Drive strength cannot be preserved for ports connected to net btn_right_0_0_1 as it connected to debug IP /system_ila_1 
WARNING: [BD 41-3256] Drive strength cannot be preserved for ports connected to net clk_100Mhz_0_1 as it connected to debug IP /system_ila_0 
WARNING: [BD 41-3257] Drive strength cannot be preserved for ports connected to net top_system_0_dbg_scl_out as it is marked for debug
WARNING: [BD 41-3257] Drive strength cannot be preserved for ports connected to net top_system_0_dbg_sda_out as it is marked for debug
WARNING: [BD 41-3257] Drive strength cannot be preserved for ports connected to net top_system_0_i2s_dout as it is marked for debug
WARNING: [BD 41-3256] Drive strength cannot be preserved for ports connected to net top_system_0_led_clk as it connected to debug IP /system_ila_0 
WARNING: [BD 41-3257] Drive strength cannot be preserved for ports connected to net top_system_0_led_data as it is marked for debug
VHDL Output written to : c:/Users/kille/Documents/GitHub/TFM-UPM/Practica/Prueba1_demo_v1.0/prueba1_demo.gen/sources_1/bd/design_1/synth/design_1.vhd
WARNING: [BD 41-3257] Drive strength cannot be preserved for ports connected to net btn_center_0_0_1 as it is marked for debug
WARNING: [BD 41-3256] Drive strength cannot be preserved for ports connected to net btn_right_0_0_1 as it connected to debug IP /system_ila_1 
WARNING: [BD 41-3256] Drive strength cannot be preserved for ports connected to net clk_100Mhz_0_1 as it connected to debug IP /system_ila_0 
WARNING: [BD 41-3257] Drive strength cannot be preserved for ports connected to net top_system_0_dbg_scl_out as it is marked for debug
WARNING: [BD 41-3257] Drive strength cannot be preserved for ports connected to net top_system_0_dbg_sda_out as it is marked for debug
WARNING: [BD 41-3257] Drive strength cannot be preserved for ports connected to net top_system_0_i2s_dout as it is marked for debug
WARNING: [BD 41-3256] Drive strength cannot be preserved for ports connected to net top_system_0_led_clk as it connected to debug IP /system_ila_0 
WARNING: [BD 41-3257] Drive strength cannot be preserved for ports connected to net top_system_0_led_data as it is marked for debug
VHDL Output written to : c:/Users/kille/Documents/GitHub/TFM-UPM/Practica/Prueba1_demo_v1.0/prueba1_demo.gen/sources_1/bd/design_1/sim/design_1.vhd
VHDL Output written to : c:/Users/kille/Documents/GitHub/TFM-UPM/Practica/Prueba1_demo_v1.0/prueba1_demo.gen/sources_1/bd/design_1/hdl/design_1_wrapper.vhd
WARNING: [filemgmt 56-199] Attempt to get parsing info during refresh. "On-the-fly" syntax checking information may be incorrect. [C:\Users\kille\Documents\GitHub\TFM-UPM\Practica\Prueba1_demo_v1.0\prueba1_demo.srcs\sources_1\new\top_system.vhd:]
WARNING: [filemgmt 56-199] Attempt to get parsing info during refresh. "On-the-fly" syntax checking information may be incorrect. [C:\Users\kille\Documents\GitHub\TFM-UPM\Practica\Prueba1_demo_v1.0\prueba1_demo.srcs\sources_1\new\apa102_ctrl.vhd:]
WARNING: [filemgmt 56-199] Attempt to get parsing info during refresh. "On-the-fly" syntax checking information may be incorrect. [C:\Users\kille\Documents\GitHub\TFM-UPM\Practica\Prueba1_demo_v1.0\prueba1_demo.srcs\sources_1\new\i2s_transceiver.vhd:]
WARNING: [filemgmt 56-199] Attempt to get parsing info during refresh. "On-the-fly" syntax checking information may be incorrect. [C:\Users\kille\Documents\GitHub\TFM-UPM\Practica\Prueba1_demo_v1.0\prueba1_demo.srcs\sources_1\new\audio_player.vhd:]
WARNING: [filemgmt 56-199] Attempt to get parsing info during refresh. "On-the-fly" syntax checking information may be incorrect. [C:\Users\kille\Documents\GitHub\TFM-UPM\Practica\Prueba1_demo_v1.0\prueba1_demo.srcs\sources_1\new\tas2110_i2c_ctrl.vhd:]
WARNING: [filemgmt 56-199] Attempt to get parsing info during refresh. "On-the-fly" syntax checking information may be incorrect. [C:\Users\kille\Documents\GitHub\TFM-UPM\Practica\Prueba1_demo_v1.0\prueba1_demo.srcs\sources_1\new\top_system.vhd:]
WARNING: [filemgmt 56-199] Attempt to get parsing info during refresh. "On-the-fly" syntax checking information may be incorrect. [C:\Users\kille\Documents\GitHub\TFM-UPM\Practica\Prueba1_demo_v1.0\prueba1_demo.srcs\sources_1\new\top_system.vhd:]
WARNING: [filemgmt 56-199] Attempt to get parsing info during refresh. "On-the-fly" syntax checking information may be incorrect. [C:\Users\kille\Documents\GitHub\TFM-UPM\Practica\Prueba1_demo_v1.0\prueba1_demo.srcs\sources_1\new\top_system.vhd:]
WARNING: [filemgmt 56-199] Attempt to get parsing info during refresh. "On-the-fly" syntax checking information may be incorrect. [C:\Users\kille\Documents\GitHub\TFM-UPM\Practica\Prueba1_demo_v1.0\prueba1_demo.srcs\sources_1\new\apa102_ctrl.vhd:]
WARNING: [filemgmt 56-199] Attempt to get parsing info during refresh. "On-the-fly" syntax checking information may be incorrect. [C:\Users\kille\Documents\GitHub\TFM-UPM\Practica\Prueba1_demo_v1.0\prueba1_demo.srcs\sources_1\new\i2s_transceiver.vhd:]
WARNING: [filemgmt 56-199] Attempt to get parsing info during refresh. "On-the-fly" syntax checking information may be incorrect. [C:\Users\kille\Documents\GitHub\TFM-UPM\Practica\Prueba1_demo_v1.0\prueba1_demo.srcs\sources_1\new\audio_player.vhd:]
WARNING: [filemgmt 56-199] Attempt to get parsing info during refresh. "On-the-fly" syntax checking information may be incorrect. [C:\Users\kille\Documents\GitHub\TFM-UPM\Practica\Prueba1_demo_v1.0\prueba1_demo.srcs\sources_1\new\tas2110_i2c_ctrl.vhd:]
WARNING: [filemgmt 56-199] Attempt to get parsing info during refresh. "On-the-fly" syntax checking information may be incorrect. [C:\Users\kille\Documents\GitHub\TFM-UPM\Practica\Prueba1_demo_v1.0\prueba1_demo.srcs\sources_1\new\apa102_ctrl.vhd:]
WARNING: [filemgmt 56-199] Attempt to get parsing info during refresh. "On-the-fly" syntax checking information may be incorrect. [C:\Users\kille\Documents\GitHub\TFM-UPM\Practica\Prueba1_demo_v1.0\prueba1_demo.srcs\sources_1\new\apa102_ctrl.vhd:]
WARNING: [filemgmt 56-199] Attempt to get parsing info during refresh. "On-the-fly" syntax checking information may be incorrect. [C:\Users\kille\Documents\GitHub\TFM-UPM\Practica\Prueba1_demo_v1.0\prueba1_demo.srcs\sources_1\new\top_system.vhd:]
WARNING: [filemgmt 56-199] Attempt to get parsing info during refresh. "On-the-fly" syntax checking information may be incorrect. [C:\Users\kille\Documents\GitHub\TFM-UPM\Practica\Prueba1_demo_v1.0\prueba1_demo.srcs\sources_1\new\apa102_ctrl.vhd:]
WARNING: [filemgmt 56-199] Attempt to get parsing info during refresh. "On-the-fly" syntax checking information may be incorrect. [C:\Users\kille\Documents\GitHub\TFM-UPM\Practica\Prueba1_demo_v1.0\prueba1_demo.srcs\sources_1\new\i2s_transceiver.vhd:]
WARNING: [filemgmt 56-199] Attempt to get parsing info during refresh. "On-the-fly" syntax checking information may be incorrect. [C:\Users\kille\Documents\GitHub\TFM-UPM\Practica\Prueba1_demo_v1.0\prueba1_demo.srcs\sources_1\new\audio_player.vhd:]
WARNING: [filemgmt 56-199] Attempt to get parsing info during refresh. "On-the-fly" syntax checking information may be incorrect. [C:\Users\kille\Documents\GitHub\TFM-UPM\Practica\Prueba1_demo_v1.0\prueba1_demo.srcs\sources_1\new\tas2110_i2c_ctrl.vhd:]
WARNING: [filemgmt 56-199] Attempt to get parsing info during refresh. "On-the-fly" syntax checking information may be incorrect. [C:\Users\kille\Documents\GitHub\TFM-UPM\Practica\Prueba1_demo_v1.0\prueba1_demo.srcs\sources_1\new\audio_player.vhd:]
WARNING: [filemgmt 56-199] Attempt to get parsing info during refresh. "On-the-fly" syntax checking information may be incorrect. [C:\Users\kille\Documents\GitHub\TFM-UPM\Practica\Prueba1_demo_v1.0\prueba1_demo.srcs\sources_1\new\audio_player.vhd:]
INFO: [BD 41-1637] Generated targets are already up-to-date for block design 'bd_f60c' - hence not re-generating.
ERROR: [Common 17-180] Spawn failed: La operación se completó correctamente.

WARNING: [filemgmt 56-199] Attempt to get parsing info during refresh. "On-the-fly" syntax checking information may be incorrect. [C:\Users\kille\Documents\GitHub\TFM-UPM\Practica\Prueba1_demo_v1.0\prueba1_demo.srcs\sources_1\new\top_system.vhd:]
WARNING: [filemgmt 56-199] Attempt to get parsing info during refresh. "On-the-fly" syntax checking information may be incorrect. [C:\Users\kille\Documents\GitHub\TFM-UPM\Practica\Prueba1_demo_v1.0\prueba1_demo.srcs\sources_1\new\apa102_ctrl.vhd:]
WARNING: [filemgmt 56-199] Attempt to get parsing info during refresh. "On-the-fly" syntax checking information may be incorrect. [C:\Users\kille\Documents\GitHub\TFM-UPM\Practica\Prueba1_demo_v1.0\prueba1_demo.srcs\sources_1\new\i2s_transceiver.vhd:]
WARNING: [filemgmt 56-199] Attempt to get parsing info during refresh. "On-the-fly" syntax checking information may be incorrect. [C:\Users\kille\Documents\GitHub\TFM-UPM\Practica\Prueba1_demo_v1.0\prueba1_demo.srcs\sources_1\new\audio_player.vhd:]
WARNING: [filemgmt 56-199] Attempt to get parsing info during refresh. "On-the-fly" syntax checking information may be incorrect. [C:\Users\kille\Documents\GitHub\TFM-UPM\Practica\Prueba1_demo_v1.0\prueba1_demo.srcs\sources_1\new\tas2110_i2c_ctrl.vhd:]
WARNING: [filemgmt 56-199] Attempt to get parsing info during refresh. "On-the-fly" syntax checking information may be incorrect. [C:\Users\kille\Documents\GitHub\TFM-UPM\Practica\Prueba1_demo_v1.0\prueba1_demo.srcs\sources_1\new\tas2110_i2c_ctrl.vhd:]
WARNING: [filemgmt 56-199] Attempt to get parsing info during refresh. "On-the-fly" syntax checking information may be incorrect. [C:\Users\kille\Documents\GitHub\TFM-UPM\Practica\Prueba1_demo_v1.0\prueba1_demo.srcs\sources_1\new\tas2110_i2c_ctrl.vhd:]
INFO: [BD 41-1637] Generated targets are already up-to-date for block design 'bd_f69c' - hence not re-generating.
INFO: [BD 41-1982] Skipping generation for the cell util_vector_logic_0, which is locked by user.
Exporting to file c:/Users/kille/Documents/GitHub/TFM-UPM/Practica/Prueba1_demo_v1.0/prueba1_demo.gen/sources_1/bd/design_1/hw_handoff/design_1.hwh
Generated Hardware Definition File c:/Users/kille/Documents/GitHub/TFM-UPM/Practica/Prueba1_demo_v1.0/prueba1_demo.gen/sources_1/bd/design_1/synth/design_1.hwdef
ERROR: [Vivado 12-4756] Launch of runs aborted due to earlier errors while preparing sub-designs for run execution.
WARNING: [filemgmt 56-199] Attempt to get parsing info during refresh. "On-the-fly" syntax checking information may be incorrect. [C:\Users\kille\Documents\GitHub\TFM-UPM\Practica\Prueba1_demo_v1.0\prueba1_demo.srcs\sources_1\new\top_system.vhd:]
WARNING: [filemgmt 56-199] Attempt to get parsing info during refresh. "On-the-fly" syntax checking information may be incorrect. [C:\Users\kille\Documents\GitHub\TFM-UPM\Practica\Prueba1_demo_v1.0\prueba1_demo.srcs\sources_1\new\apa102_ctrl.vhd:]
WARNING: [filemgmt 56-199] Attempt to get parsing info during refresh. "On-the-fly" syntax checking information may be incorrect. [C:\Users\kille\Documents\GitHub\TFM-UPM\Practica\Prueba1_demo_v1.0\prueba1_demo.srcs\sources_1\new\i2s_transceiver.vhd:]
WARNING: [filemgmt 56-199] Attempt to get parsing info during refresh. "On-the-fly" syntax checking information may be incorrect. [C:\Users\kille\Documents\GitHub\TFM-UPM\Practica\Prueba1_demo_v1.0\prueba1_demo.srcs\sources_1\new\audio_player.vhd:]
WARNING: [filemgmt 56-199] Attempt to get parsing info during refresh. "On-the-fly" syntax checking information may be incorrect. [C:\Users\kille\Documents\GitHub\TFM-UPM\Practica\Prueba1_demo_v1.0\prueba1_demo.srcs\sources_1\new\tas2110_i2c_ctrl.vhd:]
WARNING: [filemgmt 56-199] Attempt to get parsing info during refresh. "On-the-fly" syntax checking information may be incorrect. [C:\Users\kille\Documents\GitHub\TFM-UPM\Practica\Prueba1_demo_v1.0\prueba1_demo.srcs\sources_1\new\apa102_ctrl.vhd:]
WARNING: [filemgmt 56-199] Attempt to get parsing info during refresh. "On-the-fly" syntax checking information may be incorrect. [C:\Users\kille\Documents\GitHub\TFM-UPM\Practica\Prueba1_demo_v1.0\prueba1_demo.srcs\sources_1\new\apa102_ctrl.vhd:]
WARNING: [filemgmt 56-199] Attempt to get parsing info during refresh. "On-the-fly" syntax checking information may be incorrect. [C:\Users\kille\Documents\GitHub\TFM-UPM\Practica\Prueba1_demo_v1.0\prueba1_demo.srcs\sources_1\new\top_system.vhd:]
WARNING: [filemgmt 56-199] Attempt to get parsing info during refresh. "On-the-fly" syntax checking information may be incorrect. [C:\Users\kille\Documents\GitHub\TFM-UPM\Practica\Prueba1_demo_v1.0\prueba1_demo.srcs\sources_1\new\apa102_ctrl.vhd:]
WARNING: [filemgmt 56-199] Attempt to get parsing info during refresh. "On-the-fly" syntax checking information may be incorrect. [C:\Users\kille\Documents\GitHub\TFM-UPM\Practica\Prueba1_demo_v1.0\prueba1_demo.srcs\sources_1\new\i2s_transceiver.vhd:]
WARNING: [filemgmt 56-199] Attempt to get parsing info during refresh. "On-the-fly" syntax checking information may be incorrect. [C:\Users\kille\Documents\GitHub\TFM-UPM\Practica\Prueba1_demo_v1.0\prueba1_demo.srcs\sources_1\new\audio_player.vhd:]
WARNING: [filemgmt 56-199] Attempt to get parsing info during refresh. "On-the-fly" syntax checking information may be incorrect. [C:\Users\kille\Documents\GitHub\TFM-UPM\Practica\Prueba1_demo_v1.0\prueba1_demo.srcs\sources_1\new\tas2110_i2c_ctrl.vhd:]
WARNING: [filemgmt 56-199] Attempt to get parsing info during refresh. "On-the-fly" syntax checking information may be incorrect. [C:\Users\kille\Documents\GitHub\TFM-UPM\Practica\Prueba1_demo_v1.0\prueba1_demo.srcs\sources_1\new\i2s_transceiver.vhd:]
WARNING: [filemgmt 56-199] Attempt to get parsing info during refresh. "On-the-fly" syntax checking information may be incorrect. [C:\Users\kille\Documents\GitHub\TFM-UPM\Practica\Prueba1_demo_v1.0\prueba1_demo.srcs\sources_1\new\i2s_transceiver.vhd:]
WARNING: [filemgmt 56-199] Attempt to get parsing info during refresh. "On-the-fly" syntax checking information may be incorrect. [C:\Users\kille\Documents\GitHub\TFM-UPM\Practica\Prueba1_demo_v1.0\prueba1_demo.srcs\sources_1\new\top_system.vhd:]
WARNING: [filemgmt 56-199] Attempt to get parsing info during refresh. "On-the-fly" syntax checking information may be incorrect. [C:\Users\kille\Documents\GitHub\TFM-UPM\Practica\Prueba1_demo_v1.0\prueba1_demo.srcs\sources_1\new\apa102_ctrl.vhd:]
WARNING: [filemgmt 56-199] Attempt to get parsing info during refresh. "On-the-fly" syntax checking information may be incorrect. [C:\Users\kille\Documents\GitHub\TFM-UPM\Practica\Prueba1_demo_v1.0\prueba1_demo.srcs\sources_1\new\i2s_transceiver.vhd:]
WARNING: [filemgmt 56-199] Attempt to get parsing info during refresh. "On-the-fly" syntax checking information may be incorrect. [C:\Users\kille\Documents\GitHub\TFM-UPM\Practica\Prueba1_demo_v1.0\prueba1_demo.srcs\sources_1\new\audio_player.vhd:]
WARNING: [filemgmt 56-199] Attempt to get parsing info during refresh. "On-the-fly" syntax checking information may be incorrect. [C:\Users\kille\Documents\GitHub\TFM-UPM\Practica\Prueba1_demo_v1.0\prueba1_demo.srcs\sources_1\new\tas2110_i2c_ctrl.vhd:]
WARNING: [filemgmt 56-199] Attempt to get parsing info during refresh. "On-the-fly" syntax checking information may be incorrect. [C:\Users\kille\Documents\GitHub\TFM-UPM\Practica\Prueba1_demo_v1.0\prueba1_demo.srcs\sources_1\new\audio_player.vhd:]
WARNING: [filemgmt 56-199] Attempt to get parsing info during refresh. "On-the-fly" syntax checking information may be incorrect. [C:\Users\kille\Documents\GitHub\TFM-UPM\Practica\Prueba1_demo_v1.0\prueba1_demo.srcs\sources_1\new\audio_player.vhd:]
ERROR: [Common 17-180] Spawn failed: La operación se completó correctamente.

launch_runs impl_1 -to_step write_bitstream -jobs 12
[Wed Aug  5 19:05:39 2026] Launched design_1_top_system_0_1_synth_1, design_1_system_ila_1_1_synth_1, synth_1...
Run output will be captured here:
design_1_top_system_0_1_synth_1: C:/Users/kille/Documents/GitHub/TFM-UPM/Practica/Prueba1_demo_v1.0/prueba1_demo.runs/design_1_top_system_0_1_synth_1/runme.log
design_1_system_ila_1_1_synth_1: C:/Users/kille/Documents/GitHub/TFM-UPM/Practica/Prueba1_demo_v1.0/prueba1_demo.runs/design_1_system_ila_1_1_synth_1/runme.log
synth_1: C:/Users/kille/Documents/GitHub/TFM-UPM/Practica/Prueba1_demo_v1.0/prueba1_demo.runs/synth_1/runme.log
[Wed Aug  5 19:05:39 2026] Launched impl_1...
Run output will be captured here: C:/Users/kille/Documents/GitHub/TFM-UPM/Practica/Prueba1_demo_v1.0/prueba1_demo.runs/impl_1/runme.log
WARNING: [filemgmt 56-199] Attempt to get parsing info during refresh. "On-the-fly" syntax checking information may be incorrect. [C:\Users\kille\Documents\GitHub\TFM-UPM\Practica\Prueba1_demo_v1.0\prueba1_demo.srcs\sources_1\new\top_system.vhd:]
WARNING: [filemgmt 56-199] Attempt to get parsing info during refresh. "On-the-fly" syntax checking information may be incorrect. [C:\Users\kille\Documents\GitHub\TFM-UPM\Practica\Prueba1_demo_v1.0\prueba1_demo.srcs\sources_1\new\apa102_ctrl.vhd:]
WARNING: [filemgmt 56-199] Attempt to get parsing info during refresh. "On-the-fly" syntax checking information may be incorrect. [C:\Users\kille\Documents\GitHub\TFM-UPM\Practica\Prueba1_demo_v1.0\prueba1_demo.srcs\sources_1\new\i2s_transceiver.vhd:]
WARNING: [filemgmt 56-199] Attempt to get parsing info during refresh. "On-the-fly" syntax checking information may be incorrect. [C:\Users\kille\Documents\GitHub\TFM-UPM\Practica\Prueba1_demo_v1.0\prueba1_demo.srcs\sources_1\new\audio_player.vhd:]
WARNING: [filemgmt 56-199] Attempt to get parsing info during refresh. "On-the-fly" syntax checking information may be incorrect. [C:\Users\kille\Documents\GitHub\TFM-UPM\Practica\Prueba1_demo_v1.0\prueba1_demo.srcs\sources_1\new\tas2110_i2c_ctrl.vhd:]
WARNING: [filemgmt 56-199] Attempt to get parsing info during refresh. "On-the-fly" syntax checking information may be incorrect. [C:\Users\kille\Documents\GitHub\TFM-UPM\Practica\Prueba1_demo_v1.0\prueba1_demo.srcs\sources_1\new\tas2110_i2c_ctrl.vhd:]
WARNING: [filemgmt 56-199] Attempt to get parsing info during refresh. "On-the-fly" syntax checking information may be incorrect. [C:\Users\kille\Documents\GitHub\TFM-UPM\Practica\Prueba1_demo_v1.0\prueba1_demo.srcs\sources_1\new\tas2110_i2c_ctrl.vhd:]
WARNING: [filemgmt 56-199] Attempt to get parsing info during refresh. "On-the-fly" syntax checking information may be incorrect. [C:\Users\kille\Documents\GitHub\TFM-UPM\Practica\Prueba1_demo_v1.0\prueba1_demo.srcs\sources_1\new\top_system.vhd:]
WARNING: [filemgmt 56-199] Attempt to get parsing info during refresh. "On-the-fly" syntax checking information may be incorrect. [C:\Users\kille\Documents\GitHub\TFM-UPM\Practica\Prueba1_demo_v1.0\prueba1_demo.srcs\sources_1\new\apa102_ctrl.vhd:]
WARNING: [filemgmt 56-199] Attempt to get parsing info during refresh. "On-the-fly" syntax checking information may be incorrect. [C:\Users\kille\Documents\GitHub\TFM-UPM\Practica\Prueba1_demo_v1.0\prueba1_demo.srcs\sources_1\new\i2s_transceiver.vhd:]
WARNING: [filemgmt 56-199] Attempt to get parsing info during refresh. "On-the-fly" syntax checking information may be incorrect. [C:\Users\kille\Documents\GitHub\TFM-UPM\Practica\Prueba1_demo_v1.0\prueba1_demo.srcs\sources_1\new\audio_player.vhd:]
WARNING: [filemgmt 56-199] Attempt to get parsing info during refresh. "On-the-fly" syntax checking information may be incorrect. [C:\Users\kille\Documents\GitHub\TFM-UPM\Practica\Prueba1_demo_v1.0\prueba1_demo.srcs\sources_1\new\tas2110_i2c_ctrl.vhd:]
WARNING: [filemgmt 56-199] Attempt to get parsing info during refresh. "On-the-fly" syntax checking information may be incorrect. [C:\Users\kille\Documents\GitHub\TFM-UPM\Practica\Prueba1_demo_v1.0\prueba1_demo.srcs\sources_1\new\top_system.vhd:]
WARNING: [filemgmt 56-199] Attempt to get parsing info during refresh. "On-the-fly" syntax checking information may be incorrect. [C:\Users\kille\Documents\GitHub\TFM-UPM\Practica\Prueba1_demo_v1.0\prueba1_demo.srcs\sources_1\new\top_system.vhd:]
WARNING: [filemgmt 56-199] Attempt to get parsing info during refresh. "On-the-fly" syntax checking information may be incorrect. [C:\Users\kille\Documents\GitHub\TFM-UPM\Practica\Prueba1_demo_v1.0\prueba1_demo.srcs\sources_1\new\top_system.vhd:]
WARNING: [filemgmt 56-199] Attempt to get parsing info during refresh. "On-the-fly" syntax checking information may be incorrect. [C:\Users\kille\Documents\GitHub\TFM-UPM\Practica\Prueba1_demo_v1.0\prueba1_demo.srcs\sources_1\new\apa102_ctrl.vhd:]
WARNING: [filemgmt 56-199] Attempt to get parsing info during refresh. "On-the-fly" syntax checking information may be incorrect. [C:\Users\kille\Documents\GitHub\TFM-UPM\Practica\Prueba1_demo_v1.0\prueba1_demo.srcs\sources_1\new\i2s_transceiver.vhd:]
WARNING: [filemgmt 56-199] Attempt to get parsing info during refresh. "On-the-fly" syntax checking information may be incorrect. [C:\Users\kille\Documents\GitHub\TFM-UPM\Practica\Prueba1_demo_v1.0\prueba1_demo.srcs\sources_1\new\audio_player.vhd:]
WARNING: [filemgmt 56-199] Attempt to get parsing info during refresh. "On-the-fly" syntax checking information may be incorrect. [C:\Users\kille\Documents\GitHub\TFM-UPM\Practica\Prueba1_demo_v1.0\prueba1_demo.srcs\sources_1\new\tas2110_i2c_ctrl.vhd:]
WARNING: [filemgmt 56-199] Attempt to get parsing info during refresh. "On-the-fly" syntax checking information may be incorrect. [C:\Users\kille\Documents\GitHub\TFM-UPM\Practica\Prueba1_demo_v1.0\prueba1_demo.srcs\sources_1\new\audio_player.vhd:]
WARNING: [filemgmt 56-199] Attempt to get parsing info during refresh. "On-the-fly" syntax checking information may be incorrect. [C:\Users\kille\Documents\GitHub\TFM-UPM\Practica\Prueba1_demo_v1.0\prueba1_demo.srcs\sources_1\new\audio_player.vhd:]
WARNING: [filemgmt 56-199] Attempt to get parsing info during refresh. "On-the-fly" syntax checking information may be incorrect. [C:\Users\kille\Documents\GitHub\TFM-UPM\Practica\Prueba1_demo_v1.0\prueba1_demo.srcs\sources_1\new\top_system.vhd:]
WARNING: [filemgmt 56-199] Attempt to get parsing info during refresh. "On-the-fly" syntax checking information may be incorrect. [C:\Users\kille\Documents\GitHub\TFM-UPM\Practica\Prueba1_demo_v1.0\prueba1_demo.srcs\sources_1\new\apa102_ctrl.vhd:]
WARNING: [filemgmt 56-199] Attempt to get parsing info during refresh. "On-the-fly" syntax checking information may be incorrect. [C:\Users\kille\Documents\GitHub\TFM-UPM\Practica\Prueba1_demo_v1.0\prueba1_demo.srcs\sources_1\new\i2s_transceiver.vhd:]
WARNING: [filemgmt 56-199] Attempt to get parsing info during refresh. "On-the-fly" syntax checking information may be incorrect. [C:\Users\kille\Documents\GitHub\TFM-UPM\Practica\Prueba1_demo_v1.0\prueba1_demo.srcs\sources_1\new\audio_player.vhd:]
WARNING: [filemgmt 56-199] Attempt to get parsing info during refresh. "On-the-fly" syntax checking information may be incorrect. [C:\Users\kille\Documents\GitHub\TFM-UPM\Practica\Prueba1_demo_v1.0\prueba1_demo.srcs\sources_1\new\tas2110_i2c_ctrl.vhd:]
WARNING: [filemgmt 56-199] Attempt to get parsing info during refresh. "On-the-fly" syntax checking information may be incorrect. [C:\Users\kille\Documents\GitHub\TFM-UPM\Practica\Prueba1_demo_v1.0\prueba1_demo.srcs\sources_1\new\i2s_transceiver.vhd:]
WARNING: [filemgmt 56-199] Attempt to get parsing info during refresh. "On-the-fly" syntax checking information may be incorrect. [C:\Users\kille\Documents\GitHub\TFM-UPM\Practica\Prueba1_demo_v1.0\prueba1_demo.srcs\sources_1\new\i2s_transceiver.vhd:]
WARNING: [filemgmt 56-199] Attempt to get parsing info during refresh. "On-the-fly" syntax checking information may be incorrect. [C:\Users\kille\Documents\GitHub\TFM-UPM\Practica\Prueba1_demo_v1.0\prueba1_demo.srcs\sources_1\new\top_system.vhd:]
WARNING: [filemgmt 56-199] Attempt to get parsing info during refresh. "On-the-fly" syntax checking information may be incorrect. [C:\Users\kille\Documents\GitHub\TFM-UPM\Practica\Prueba1_demo_v1.0\prueba1_demo.srcs\sources_1\new\apa102_ctrl.vhd:]
WARNING: [filemgmt 56-199] Attempt to get parsing info during refresh. "On-the-fly" syntax checking information may be incorrect. [C:\Users\kille\Documents\GitHub\TFM-UPM\Practica\Prueba1_demo_v1.0\prueba1_demo.srcs\sources_1\new\i2s_transceiver.vhd:]
WARNING: [filemgmt 56-199] Attempt to get parsing info during refresh. "On-the-fly" syntax checking information may be incorrect. [C:\Users\kille\Documents\GitHub\TFM-UPM\Practica\Prueba1_demo_v1.0\prueba1_demo.srcs\sources_1\new\audio_player.vhd:]
WARNING: [filemgmt 56-199] Attempt to get parsing info during refresh. "On-the-fly" syntax checking information may be incorrect. [C:\Users\kille\Documents\GitHub\TFM-UPM\Practica\Prueba1_demo_v1.0\prueba1_demo.srcs\sources_1\new\tas2110_i2c_ctrl.vhd:]
WARNING: [filemgmt 56-199] Attempt to get parsing info during refresh. "On-the-fly" syntax checking information may be incorrect. [C:\Users\kille\Documents\GitHub\TFM-UPM\Practica\Prueba1_demo_v1.0\prueba1_demo.srcs\sources_1\new\top_system.vhd:]
WARNING: [filemgmt 56-199] Attempt to get parsing info during refresh. "On-the-fly" syntax checking information may be incorrect. [C:\Users\kille\Documents\GitHub\TFM-UPM\Practica\Prueba1_demo_v1.0\prueba1_demo.srcs\sources_1\new\top_system.vhd:]
WARNING: [filemgmt 56-199] Attempt to get parsing info during refresh. "On-the-fly" syntax checking information may be incorrect. [C:\Users\kille\Documents\GitHub\TFM-UPM\Practica\Prueba1_demo_v1.0\prueba1_demo.srcs\sources_1\new\top_system.vhd:]
WARNING: [filemgmt 56-199] Attempt to get parsing info during refresh. "On-the-fly" syntax checking information may be incorrect. [C:\Users\kille\Documents\GitHub\TFM-UPM\Practica\Prueba1_demo_v1.0\prueba1_demo.srcs\sources_1\new\apa102_ctrl.vhd:]
WARNING: [filemgmt 56-199] Attempt to get parsing info during refresh. "On-the-fly" syntax checking information may be incorrect. [C:\Users\kille\Documents\GitHub\TFM-UPM\Practica\Prueba1_demo_v1.0\prueba1_demo.srcs\sources_1\new\i2s_transceiver.vhd:]
WARNING: [filemgmt 56-199] Attempt to get parsing info during refresh. "On-the-fly" syntax checking information may be incorrect. [C:\Users\kille\Documents\GitHub\TFM-UPM\Practica\Prueba1_demo_v1.0\prueba1_demo.srcs\sources_1\new\audio_player.vhd:]
WARNING: [filemgmt 56-199] Attempt to get parsing info during refresh. "On-the-fly" syntax checking information may be incorrect. [C:\Users\kille\Documents\GitHub\TFM-UPM\Practica\Prueba1_demo_v1.0\prueba1_demo.srcs\sources_1\new\tas2110_i2c_ctrl.vhd:]
WARNING: [filemgmt 56-199] Attempt to get parsing info during refresh. "On-the-fly" syntax checking information may be incorrect. [C:\Users\kille\Documents\GitHub\TFM-UPM\Practica\Prueba1_demo_v1.0\prueba1_demo.srcs\sources_1\new\apa102_ctrl.vhd:]
WARNING: [filemgmt 56-199] Attempt to get parsing info during refresh. "On-the-fly" syntax checking information may be incorrect. [C:\Users\kille\Documents\GitHub\TFM-UPM\Practica\Prueba1_demo_v1.0\prueba1_demo.srcs\sources_1\new\apa102_ctrl.vhd:]
WARNING: [filemgmt 56-199] Attempt to get parsing info during refresh. "On-the-fly" syntax checking information may be incorrect. [C:\Users\kille\Documents\GitHub\TFM-UPM\Practica\Prueba1_demo_v1.0\prueba1_demo.srcs\sources_1\new\top_system.vhd:]
WARNING: [filemgmt 56-199] Attempt to get parsing info during refresh. "On-the-fly" syntax checking information may be incorrect. [C:\Users\kille\Documents\GitHub\TFM-UPM\Practica\Prueba1_demo_v1.0\prueba1_demo.srcs\sources_1\new\apa102_ctrl.vhd:]
WARNING: [filemgmt 56-199] Attempt to get parsing info during refresh. "On-the-fly" syntax checking information may be incorrect. [C:\Users\kille\Documents\GitHub\TFM-UPM\Practica\Prueba1_demo_v1.0\prueba1_demo.srcs\sources_1\new\i2s_transceiver.vhd:]
WARNING: [filemgmt 56-199] Attempt to get parsing info during refresh. "On-the-fly" syntax checking information may be incorrect. [C:\Users\kille\Documents\GitHub\TFM-UPM\Practica\Prueba1_demo_v1.0\prueba1_demo.srcs\sources_1\new\audio_player.vhd:]
WARNING: [filemgmt 56-199] Attempt to get parsing info during refresh. "On-the-fly" syntax checking information may be incorrect. [C:\Users\kille\Documents\GitHub\TFM-UPM\Practica\Prueba1_demo_v1.0\prueba1_demo.srcs\sources_1\new\tas2110_i2c_ctrl.vhd:]
WARNING: [filemgmt 56-199] Attempt to get parsing info during refresh. "On-the-fly" syntax checking information may be incorrect. [C:\Users\kille\Documents\GitHub\TFM-UPM\Practica\Prueba1_demo_v1.0\prueba1_demo.srcs\sources_1\new\tas2110_i2c_ctrl.vhd:]
WARNING: [filemgmt 56-199] Attempt to get parsing info during refresh. "On-the-fly" syntax checking information may be incorrect. [C:\Users\kille\Documents\GitHub\TFM-UPM\Practica\Prueba1_demo_v1.0\prueba1_demo.srcs\sources_1\new\tas2110_i2c_ctrl.vhd:]
WARNING: [filemgmt 56-199] Attempt to get parsing info during refresh. "On-the-fly" syntax checking information may be incorrect. [C:\Users\kille\Documents\GitHub\TFM-UPM\Practica\Prueba1_demo_v1.0\prueba1_demo.srcs\sources_1\new\top_system.vhd:]
WARNING: [filemgmt 56-199] Attempt to get parsing info during refresh. "On-the-fly" syntax checking information may be incorrect. [C:\Users\kille\Documents\GitHub\TFM-UPM\Practica\Prueba1_demo_v1.0\prueba1_demo.srcs\sources_1\new\apa102_ctrl.vhd:]
WARNING: [filemgmt 56-199] Attempt to get parsing info during refresh. "On-the-fly" syntax checking information may be incorrect. [C:\Users\kille\Documents\GitHub\TFM-UPM\Practica\Prueba1_demo_v1.0\prueba1_demo.srcs\sources_1\new\i2s_transceiver.vhd:]
WARNING: [filemgmt 56-199] Attempt to get parsing info during refresh. "On-the-fly" syntax checking information may be incorrect. [C:\Users\kille\Documents\GitHub\TFM-UPM\Practica\Prueba1_demo_v1.0\prueba1_demo.srcs\sources_1\new\audio_player.vhd:]
WARNING: [filemgmt 56-199] Attempt to get parsing info during refresh. "On-the-fly" syntax checking information may be incorrect. [C:\Users\kille\Documents\GitHub\TFM-UPM\Practica\Prueba1_demo_v1.0\prueba1_demo.srcs\sources_1\new\tas2110_i2c_ctrl.vhd:]
WARNING: [filemgmt 56-199] Attempt to get parsing info during refresh. "On-the-fly" syntax checking information may be incorrect. [C:\Users\kille\Documents\GitHub\TFM-UPM\Practica\Prueba1_demo_v1.0\prueba1_demo.srcs\sources_1\new\i2s_transceiver.vhd:]
WARNING: [filemgmt 56-199] Attempt to get parsing info during refresh. "On-the-fly" syntax checking information may be incorrect. [C:\Users\kille\Documents\GitHub\TFM-UPM\Practica\Prueba1_demo_v1.0\prueba1_demo.srcs\sources_1\new\i2s_transceiver.vhd:]
ERROR: [Common 17-180] Spawn failed: La operación se completó correctamente.

WARNING: [filemgmt 56-199] Attempt to get parsing info during refresh. "On-the-fly" syntax checking information may be incorrect. [C:\Users\kille\Documents\GitHub\TFM-UPM\Practica\Prueba1_demo_v1.0\prueba1_demo.srcs\sources_1\new\top_system.vhd:]
WARNING: [filemgmt 56-199] Attempt to get parsing info during refresh. "On-the-fly" syntax checking information may be incorrect. [C:\Users\kille\Documents\GitHub\TFM-UPM\Practica\Prueba1_demo_v1.0\prueba1_demo.srcs\sources_1\new\apa102_ctrl.vhd:]
WARNING: [filemgmt 56-199] Attempt to get parsing info during refresh. "On-the-fly" syntax checking information may be incorrect. [C:\Users\kille\Documents\GitHub\TFM-UPM\Practica\Prueba1_demo_v1.0\prueba1_demo.srcs\sources_1\new\i2s_transceiver.vhd:]
WARNING: [filemgmt 56-199] Attempt to get parsing info during refresh. "On-the-fly" syntax checking information may be incorrect. [C:\Users\kille\Documents\GitHub\TFM-UPM\Practica\Prueba1_demo_v1.0\prueba1_demo.srcs\sources_1\new\audio_player.vhd:]
WARNING: [filemgmt 56-199] Attempt to get parsing info during refresh. "On-the-fly" syntax checking information may be incorrect. [C:\Users\kille\Documents\GitHub\TFM-UPM\Practica\Prueba1_demo_v1.0\prueba1_demo.srcs\sources_1\new\tas2110_i2c_ctrl.vhd:]
WARNING: [filemgmt 56-199] Attempt to get parsing info during refresh. "On-the-fly" syntax checking information may be incorrect. [C:\Users\kille\Documents\GitHub\TFM-UPM\Practica\Prueba1_demo_v1.0\prueba1_demo.srcs\sources_1\new\top_system.vhd:]
WARNING: [filemgmt 56-199] Attempt to get parsing info during refresh. "On-the-fly" syntax checking information may be incorrect. [C:\Users\kille\Documents\GitHub\TFM-UPM\Practica\Prueba1_demo_v1.0\prueba1_demo.srcs\sources_1\new\top_system.vhd:]
WARNING: [filemgmt 56-199] Attempt to get parsing info during refresh. "On-the-fly" syntax checking information may be incorrect. [C:\Users\kille\Documents\GitHub\TFM-UPM\Practica\Prueba1_demo_v1.0\prueba1_demo.srcs\sources_1\new\top_system.vhd:]
WARNING: [filemgmt 56-199] Attempt to get parsing info during refresh. "On-the-fly" syntax checking information may be incorrect. [C:\Users\kille\Documents\GitHub\TFM-UPM\Practica\Prueba1_demo_v1.0\prueba1_demo.srcs\sources_1\new\apa102_ctrl.vhd:]
WARNING: [filemgmt 56-199] Attempt to get parsing info during refresh. "On-the-fly" syntax checking information may be incorrect. [C:\Users\kille\Documents\GitHub\TFM-UPM\Practica\Prueba1_demo_v1.0\prueba1_demo.srcs\sources_1\new\i2s_transceiver.vhd:]
WARNING: [filemgmt 56-199] Attempt to get parsing info during refresh. "On-the-fly" syntax checking information may be incorrect. [C:\Users\kille\Documents\GitHub\TFM-UPM\Practica\Prueba1_demo_v1.0\prueba1_demo.srcs\sources_1\new\audio_player.vhd:]
WARNING: [filemgmt 56-199] Attempt to get parsing info during refresh. "On-the-fly" syntax checking information may be incorrect. [C:\Users\kille\Documents\GitHub\TFM-UPM\Practica\Prueba1_demo_v1.0\prueba1_demo.srcs\sources_1\new\tas2110_i2c_ctrl.vhd:]
WARNING: [filemgmt 56-199] Attempt to get parsing info during refresh. "On-the-fly" syntax checking information may be incorrect. [C:\Users\kille\Documents\GitHub\TFM-UPM\Practica\Prueba1_demo_v1.0\prueba1_demo.srcs\sources_1\new\apa102_ctrl.vhd:]
WARNING: [filemgmt 56-199] Attempt to get parsing info during refresh. "On-the-fly" syntax checking information may be incorrect. [C:\Users\kille\Documents\GitHub\TFM-UPM\Practica\Prueba1_demo_v1.0\prueba1_demo.srcs\sources_1\new\apa102_ctrl.vhd:]
WARNING: [filemgmt 56-199] Attempt to get parsing info during refresh. "On-the-fly" syntax checking information may be incorrect. [C:\Users\kille\Documents\GitHub\TFM-UPM\Practica\Prueba1_demo_v1.0\prueba1_demo.srcs\sources_1\new\top_system.vhd:]
WARNING: [filemgmt 56-199] Attempt to get parsing info during refresh. "On-the-fly" syntax checking information may be incorrect. [C:\Users\kille\Documents\GitHub\TFM-UPM\Practica\Prueba1_demo_v1.0\prueba1_demo.srcs\sources_1\new\apa102_ctrl.vhd:]
WARNING: [filemgmt 56-199] Attempt to get parsing info during refresh. "On-the-fly" syntax checking information may be incorrect. [C:\Users\kille\Documents\GitHub\TFM-UPM\Practica\Prueba1_demo_v1.0\prueba1_demo.srcs\sources_1\new\i2s_transceiver.vhd:]
WARNING: [filemgmt 56-199] Attempt to get parsing info during refresh. "On-the-fly" syntax checking information may be incorrect. [C:\Users\kille\Documents\GitHub\TFM-UPM\Practica\Prueba1_demo_v1.0\prueba1_demo.srcs\sources_1\new\audio_player.vhd:]
WARNING: [filemgmt 56-199] Attempt to get parsing info during refresh. "On-the-fly" syntax checking information may be incorrect. [C:\Users\kille\Documents\GitHub\TFM-UPM\Practica\Prueba1_demo_v1.0\prueba1_demo.srcs\sources_1\new\tas2110_i2c_ctrl.vhd:]
WARNING: [filemgmt 56-199] Attempt to get parsing info during refresh. "On-the-fly" syntax checking information may be incorrect. [C:\Users\kille\Documents\GitHub\TFM-UPM\Practica\Prueba1_demo_v1.0\prueba1_demo.srcs\sources_1\new\i2s_transceiver.vhd:]
WARNING: [filemgmt 56-199] Attempt to get parsing info during refresh. "On-the-fly" syntax checking information may be incorrect. [C:\Users\kille\Documents\GitHub\TFM-UPM\Practica\Prueba1_demo_v1.0\prueba1_demo.srcs\sources_1\new\i2s_transceiver.vhd:]
WARNING: [filemgmt 56-199] Attempt to get parsing info during refresh. "On-the-fly" syntax checking information may be incorrect. [C:\Users\kille\Documents\GitHub\TFM-UPM\Practica\Prueba1_demo_v1.0\prueba1_demo.srcs\sources_1\new\top_system.vhd:]
WARNING: [filemgmt 56-199] Attempt to get parsing info during refresh. "On-the-fly" syntax checking information may be incorrect. [C:\Users\kille\Documents\GitHub\TFM-UPM\Practica\Prueba1_demo_v1.0\prueba1_demo.srcs\sources_1\new\apa102_ctrl.vhd:]
WARNING: [filemgmt 56-199] Attempt to get parsing info during refresh. "On-the-fly" syntax checking information may be incorrect. [C:\Users\kille\Documents\GitHub\TFM-UPM\Practica\Prueba1_demo_v1.0\prueba1_demo.srcs\sources_1\new\i2s_transceiver.vhd:]
WARNING: [filemgmt 56-199] Attempt to get parsing info during refresh. "On-the-fly" syntax checking information may be incorrect. [C:\Users\kille\Documents\GitHub\TFM-UPM\Practica\Prueba1_demo_v1.0\prueba1_demo.srcs\sources_1\new\audio_player.vhd:]
WARNING: [filemgmt 56-199] Attempt to get parsing info during refresh. "On-the-fly" syntax checking information may be incorrect. [C:\Users\kille\Documents\GitHub\TFM-UPM\Practica\Prueba1_demo_v1.0\prueba1_demo.srcs\sources_1\new\tas2110_i2c_ctrl.vhd:]
WARNING: [filemgmt 56-199] Attempt to get parsing info during refresh. "On-the-fly" syntax checking information may be incorrect. [C:\Users\kille\Documents\GitHub\TFM-UPM\Practica\Prueba1_demo_v1.0\prueba1_demo.srcs\sources_1\new\audio_player.vhd:]
WARNING: [filemgmt 56-199] Attempt to get parsing info during refresh. "On-the-fly" syntax checking information may be incorrect. [C:\Users\kille\Documents\GitHub\TFM-UPM\Practica\Prueba1_demo_v1.0\prueba1_demo.srcs\sources_1\new\audio_player.vhd:]
reset_run synth_1
INFO: [Project 1-1161] Replacing file C:/Users/kille/Documents/GitHub/TFM-UPM/Practica/Prueba1_demo_v1.0/prueba1_demo.srcs/utils_1/imports/synth_1/top_system.dcp with file C:/Users/kille/Documents/GitHub/TFM-UPM/Practica/Prueba1_demo_v1.0/prueba1_demo.runs/synth_1/design_1_wrapper.dcp
launch_runs impl_1 -to_step write_bitstream -jobs 12
WARNING: [filemgmt 56-199] Attempt to get parsing info during refresh. "On-the-fly" syntax checking information may be incorrect. [C:\Users\kille\Documents\GitHub\TFM-UPM\Practica\Prueba1_demo_v1.0\prueba1_demo.srcs\sources_1\new\top_system.vhd:]
WARNING: [filemgmt 56-199] Attempt to get parsing info during refresh. "On-the-fly" syntax checking information may be incorrect. [C:\Users\kille\Documents\GitHub\TFM-UPM\Practica\Prueba1_demo_v1.0\prueba1_demo.srcs\sources_1\new\apa102_ctrl.vhd:]
WARNING: [filemgmt 56-199] Attempt to get parsing info during refresh. "On-the-fly" syntax checking information may be incorrect. [C:\Users\kille\Documents\GitHub\TFM-UPM\Practica\Prueba1_demo_v1.0\prueba1_demo.srcs\sources_1\new\i2s_transceiver.vhd:]
WARNING: [filemgmt 56-199] Attempt to get parsing info during refresh. "On-the-fly" syntax checking information may be incorrect. [C:\Users\kille\Documents\GitHub\TFM-UPM\Practica\Prueba1_demo_v1.0\prueba1_demo.srcs\sources_1\new\audio_player.vhd:]
WARNING: [filemgmt 56-199] Attempt to get parsing info during refresh. "On-the-fly" syntax checking information may be incorrect. [C:\Users\kille\Documents\GitHub\TFM-UPM\Practica\Prueba1_demo_v1.0\prueba1_demo.srcs\sources_1\new\tas2110_i2c_ctrl.vhd:]
WARNING: [filemgmt 56-199] Attempt to get parsing info during refresh. "On-the-fly" syntax checking information may be incorrect. [C:\Users\kille\Documents\GitHub\TFM-UPM\Practica\Prueba1_demo_v1.0\prueba1_demo.srcs\sources_1\new\audio_player.vhd:]
WARNING: [filemgmt 56-199] Attempt to get parsing info during refresh. "On-the-fly" syntax checking information may be incorrect. [C:\Users\kille\Documents\GitHub\TFM-UPM\Practica\Prueba1_demo_v1.0\prueba1_demo.srcs\sources_1\new\audio_player.vhd:]
WARNING: [filemgmt 56-199] Attempt to get parsing info during refresh. "On-the-fly" syntax checking information may be incorrect. [C:\Users\kille\Documents\GitHub\TFM-UPM\Practica\Prueba1_demo_v1.0\prueba1_demo.srcs\sources_1\new\top_system.vhd:]
WARNING: [filemgmt 56-199] Attempt to get parsing info during refresh. "On-the-fly" syntax checking information may be incorrect. [C:\Users\kille\Documents\GitHub\TFM-UPM\Practica\Prueba1_demo_v1.0\prueba1_demo.srcs\sources_1\new\apa102_ctrl.vhd:]
WARNING: [filemgmt 56-199] Attempt to get parsing info during refresh. "On-the-fly" syntax checking information may be incorrect. [C:\Users\kille\Documents\GitHub\TFM-UPM\Practica\Prueba1_demo_v1.0\prueba1_demo.srcs\sources_1\new\i2s_transceiver.vhd:]
WARNING: [filemgmt 56-199] Attempt to get parsing info during refresh. "On-the-fly" syntax checking information may be incorrect. [C:\Users\kille\Documents\GitHub\TFM-UPM\Practica\Prueba1_demo_v1.0\prueba1_demo.srcs\sources_1\new\audio_player.vhd:]
WARNING: [filemgmt 56-199] Attempt to get parsing info during refresh. "On-the-fly" syntax checking information may be incorrect. [C:\Users\kille\Documents\GitHub\TFM-UPM\Practica\Prueba1_demo_v1.0\prueba1_demo.srcs\sources_1\new\tas2110_i2c_ctrl.vhd:]
WARNING: [filemgmt 56-199] Attempt to get parsing info during refresh. "On-the-fly" syntax checking information may be incorrect. [C:\Users\kille\Documents\GitHub\TFM-UPM\Practica\Prueba1_demo_v1.0\prueba1_demo.srcs\sources_1\new\top_system.vhd:]
WARNING: [filemgmt 56-199] Attempt to get parsing info during refresh. "On-the-fly" syntax checking information may be incorrect. [C:\Users\kille\Documents\GitHub\TFM-UPM\Practica\Prueba1_demo_v1.0\prueba1_demo.srcs\sources_1\new\top_system.vhd:]
WARNING: [filemgmt 56-199] Attempt to get parsing info during refresh. "On-the-fly" syntax checking information may be incorrect. [C:\Users\kille\Documents\GitHub\TFM-UPM\Practica\Prueba1_demo_v1.0\prueba1_demo.srcs\sources_1\new\top_system.vhd:]
WARNING: [filemgmt 56-199] Attempt to get parsing info during refresh. "On-the-fly" syntax checking information may be incorrect. [C:\Users\kille\Documents\GitHub\TFM-UPM\Practica\Prueba1_demo_v1.0\prueba1_demo.srcs\sources_1\new\apa102_ctrl.vhd:]
WARNING: [filemgmt 56-199] Attempt to get parsing info during refresh. "On-the-fly" syntax checking information may be incorrect. [C:\Users\kille\Documents\GitHub\TFM-UPM\Practica\Prueba1_demo_v1.0\prueba1_demo.srcs\sources_1\new\i2s_transceiver.vhd:]
WARNING: [filemgmt 56-199] Attempt to get parsing info during refresh. "On-the-fly" syntax checking information may be incorrect. [C:\Users\kille\Documents\GitHub\TFM-UPM\Practica\Prueba1_demo_v1.0\prueba1_demo.srcs\sources_1\new\audio_player.vhd:]
WARNING: [filemgmt 56-199] Attempt to get parsing info during refresh. "On-the-fly" syntax checking information may be incorrect. [C:\Users\kille\Documents\GitHub\TFM-UPM\Practica\Prueba1_demo_v1.0\prueba1_demo.srcs\sources_1\new\tas2110_i2c_ctrl.vhd:]
WARNING: [filemgmt 56-199] Attempt to get parsing info during refresh. "On-the-fly" syntax checking information may be incorrect. [C:\Users\kille\Documents\GitHub\TFM-UPM\Practica\Prueba1_demo_v1.0\prueba1_demo.srcs\sources_1\new\apa102_ctrl.vhd:]
WARNING: [filemgmt 56-199] Attempt to get parsing info during refresh. "On-the-fly" syntax checking information may be incorrect. [C:\Users\kille\Documents\GitHub\TFM-UPM\Practica\Prueba1_demo_v1.0\prueba1_demo.srcs\sources_1\new\apa102_ctrl.vhd:]
[Wed Aug  5 19:14:32 2026] Launched synth_1...
Run output will be captured here: C:/Users/kille/Documents/GitHub/TFM-UPM/Practica/Prueba1_demo_v1.0/prueba1_demo.runs/synth_1/runme.log
[Wed Aug  5 19:14:32 2026] Launched impl_1...
Run output will be captured here: C:/Users/kille/Documents/GitHub/TFM-UPM/Practica/Prueba1_demo_v1.0/prueba1_demo.runs/impl_1/runme.log
WARNING: [filemgmt 56-199] Attempt to get parsing info during refresh. "On-the-fly" syntax checking information may be incorrect. [C:\Users\kille\Documents\GitHub\TFM-UPM\Practica\Prueba1_demo_v1.0\prueba1_demo.srcs\sources_1\new\top_system.vhd:]
WARNING: [filemgmt 56-199] Attempt to get parsing info during refresh. "On-the-fly" syntax checking information may be incorrect. [C:\Users\kille\Documents\GitHub\TFM-UPM\Practica\Prueba1_demo_v1.0\prueba1_demo.srcs\sources_1\new\apa102_ctrl.vhd:]
WARNING: [filemgmt 56-199] Attempt to get parsing info during refresh. "On-the-fly" syntax checking information may be incorrect. [C:\Users\kille\Documents\GitHub\TFM-UPM\Practica\Prueba1_demo_v1.0\prueba1_demo.srcs\sources_1\new\i2s_transceiver.vhd:]
WARNING: [filemgmt 56-199] Attempt to get parsing info during refresh. "On-the-fly" syntax checking information may be incorrect. [C:\Users\kille\Documents\GitHub\TFM-UPM\Practica\Prueba1_demo_v1.0\prueba1_demo.srcs\sources_1\new\audio_player.vhd:]
WARNING: [filemgmt 56-199] Attempt to get parsing info during refresh. "On-the-fly" syntax checking information may be incorrect. [C:\Users\kille\Documents\GitHub\TFM-UPM\Practica\Prueba1_demo_v1.0\prueba1_demo.srcs\sources_1\new\tas2110_i2c_ctrl.vhd:]
WARNING: [filemgmt 56-199] Attempt to get parsing info during refresh. "On-the-fly" syntax checking information may be incorrect. [C:\Users\kille\Documents\GitHub\TFM-UPM\Practica\Prueba1_demo_v1.0\prueba1_demo.srcs\sources_1\new\i2s_transceiver.vhd:]
WARNING: [filemgmt 56-199] Attempt to get parsing info during refresh. "On-the-fly" syntax checking information may be incorrect. [C:\Users\kille\Documents\GitHub\TFM-UPM\Practica\Prueba1_demo_v1.0\prueba1_demo.srcs\sources_1\new\i2s_transceiver.vhd:]
ERROR: [Labtoolstcl 44-513] HW Target shutdown. Closing target: localhost:3121/xilinx_tcf/Digilent/210292AD31A3A
WARNING: [filemgmt 56-199] Attempt to get parsing info during refresh. "On-the-fly" syntax checking information may be incorrect. [C:\Users\kille\Documents\GitHub\TFM-UPM\Practica\Prueba1_demo_v1.0\prueba1_demo.srcs\sources_1\new\top_system.vhd:]
WARNING: [filemgmt 56-199] Attempt to get parsing info during refresh. "On-the-fly" syntax checking information may be incorrect. [C:\Users\kille\Documents\GitHub\TFM-UPM\Practica\Prueba1_demo_v1.0\prueba1_demo.srcs\sources_1\new\apa102_ctrl.vhd:]
WARNING: [filemgmt 56-199] Attempt to get parsing info during refresh. "On-the-fly" syntax checking information may be incorrect. [C:\Users\kille\Documents\GitHub\TFM-UPM\Practica\Prueba1_demo_v1.0\prueba1_demo.srcs\sources_1\new\i2s_transceiver.vhd:]
WARNING: [filemgmt 56-199] Attempt to get parsing info during refresh. "On-the-fly" syntax checking information may be incorrect. [C:\Users\kille\Documents\GitHub\TFM-UPM\Practica\Prueba1_demo_v1.0\prueba1_demo.srcs\sources_1\new\audio_player.vhd:]
WARNING: [filemgmt 56-199] Attempt to get parsing info during refresh. "On-the-fly" syntax checking information may be incorrect. [C:\Users\kille\Documents\GitHub\TFM-UPM\Practica\Prueba1_demo_v1.0\prueba1_demo.srcs\sources_1\new\tas2110_i2c_ctrl.vhd:]
WARNING: [filemgmt 56-199] Attempt to get parsing info during refresh. "On-the-fly" syntax checking information may be incorrect. [C:\Users\kille\Documents\GitHub\TFM-UPM\Practica\Prueba1_demo_v1.0\prueba1_demo.srcs\sources_1\new\apa102_ctrl.vhd:]
WARNING: [filemgmt 56-199] Attempt to get parsing info during refresh. "On-the-fly" syntax checking information may be incorrect. [C:\Users\kille\Documents\GitHub\TFM-UPM\Practica\Prueba1_demo_v1.0\prueba1_demo.srcs\sources_1\new\apa102_ctrl.vhd:]
WARNING: [filemgmt 56-199] Attempt to get parsing info during refresh. "On-the-fly" syntax checking information may be incorrect. [C:\Users\kille\Documents\GitHub\TFM-UPM\Practica\Prueba1_demo_v1.0\prueba1_demo.srcs\sources_1\new\top_system.vhd:]
WARNING: [filemgmt 56-199] Attempt to get parsing info during refresh. "On-the-fly" syntax checking information may be incorrect. [C:\Users\kille\Documents\GitHub\TFM-UPM\Practica\Prueba1_demo_v1.0\prueba1_demo.srcs\sources_1\new\apa102_ctrl.vhd:]
WARNING: [filemgmt 56-199] Attempt to get parsing info during refresh. "On-the-fly" syntax checking information may be incorrect. [C:\Users\kille\Documents\GitHub\TFM-UPM\Practica\Prueba1_demo_v1.0\prueba1_demo.srcs\sources_1\new\i2s_transceiver.vhd:]
WARNING: [filemgmt 56-199] Attempt to get parsing info during refresh. "On-the-fly" syntax checking information may be incorrect. [C:\Users\kille\Documents\GitHub\TFM-UPM\Practica\Prueba1_demo_v1.0\prueba1_demo.srcs\sources_1\new\audio_player.vhd:]
WARNING: [filemgmt 56-199] Attempt to get parsing info during refresh. "On-the-fly" syntax checking information may be incorrect. [C:\Users\kille\Documents\GitHub\TFM-UPM\Practica\Prueba1_demo_v1.0\prueba1_demo.srcs\sources_1\new\tas2110_i2c_ctrl.vhd:]
WARNING: [filemgmt 56-199] Attempt to get parsing info during refresh. "On-the-fly" syntax checking information may be incorrect. [C:\Users\kille\Documents\GitHub\TFM-UPM\Practica\Prueba1_demo_v1.0\prueba1_demo.srcs\sources_1\new\audio_player.vhd:]
WARNING: [filemgmt 56-199] Attempt to get parsing info during refresh. "On-the-fly" syntax checking information may be incorrect. [C:\Users\kille\Documents\GitHub\TFM-UPM\Practica\Prueba1_demo_v1.0\prueba1_demo.srcs\sources_1\new\audio_player.vhd:]
WARNING: [filemgmt 56-199] Attempt to get parsing info during refresh. "On-the-fly" syntax checking information may be incorrect. [C:\Users\kille\Documents\GitHub\TFM-UPM\Practica\Prueba1_demo_v1.0\prueba1_demo.srcs\sources_1\new\top_system.vhd:]
WARNING: [filemgmt 56-199] Attempt to get parsing info during refresh. "On-the-fly" syntax checking information may be incorrect. [C:\Users\kille\Documents\GitHub\TFM-UPM\Practica\Prueba1_demo_v1.0\prueba1_demo.srcs\sources_1\new\apa102_ctrl.vhd:]
INFO: [Common 17-14] Message 'filemgmt 56-199' appears 100 times and further instances of the messages will be disabled. Use the Tcl command set_msg_config to change the current settings.
